timestamp,time,temperature,target_temp,kp,ki,kd,control_period,max_duty,pid_output,error,integral_error,derivative_error,heat_input,heat_loss
1759155757571,2025-09-29 22:22:37.571,25.15,30.0,1.0,0.08,0.05,100,100,7.05,5.0,25.0,1.0,0.106,0.06
1759155762571,2025-09-29 22:22:42.571,26.08,30.0,1.0,0.08,0.05,100,100,8.78,4.85,49.24,-0.03,0.132,0.063
1759155767571,2025-09-29 22:22:47.571,26.02,30.0,1.0,0.08,0.05,100,100,9.41,3.92,68.83,-0.19,0.141,0.082
1759155772571,2025-09-29 22:22:52.571,25.14,30.0,1.0,0.08,0.05,100,100,11.07,3.98,88.71,0.01,0.166,0.08
1759155777571,2025-09-29 22:22:57.571,25.21,30.0,1.0,0.08,0.05,100,100,12.87,4.86,100.0,0.18,0.193,0.063
1759155782571,2025-09-29 22:23:02.571,27.97,30.0,1.0,0.08,0.05,100,100,12.79,4.79,100.0,-0.01,0.192,0.064
1759155787571,2025-09-29 22:23:07.571,27.32,30.0,1.0,0.08,0.05,100,100,10.01,2.03,100.0,-0.55,0.15,0.119
1759155792571,2025-09-29 22:23:12.571,28.09,30.0,1.0,0.08,0.05,100,100,10.69,2.68,100.0,0.13,0.16,0.106
1759155797571,2025-09-29 22:23:17.571,26.03,30.0,1.0,0.08,0.05,100,100,9.91,1.91,100.0,-0.15,0.149,0.122
1759155802571,2025-09-29 22:23:22.571,25.59,30.0,1.0,0.08,0.05,100,100,11.99,3.97,100.0,0.41,0.18,0.081
1759155807571,2025-09-29 22:23:27.571,25.12,30.0,1.0,0.08,0.05,100,100,12.42,4.41,100.0,0.09,0.186,0.072
1759155812571,2025-09-29 22:23:32.571,27.81,30.0,1.0,0.08,0.05,100,100,12.88,4.88,100.0,0.09,0.193,0.062
1759155817571,2025-09-29 22:23:37.571,27.23,30.0,1.0,0.08,0.05,100,100,10.16,2.19,100.0,-0.54,0.152,0.116
1759155822571,2025-09-29 22:23:42.571,29.0,30.0,1.0,0.08,0.05,100,100,10.78,2.77,100.0,0.12,0.162,0.105
1759155827571,2025-09-29 22:23:47.571,29.36,30.0,1.0,0.08,0.05,100,100,8.98,1.0,100.0,-0.35,0.135,0.14
1759155832571,2025-09-29 22:23:52.571,28.93,30.0,1.0,0.08,0.05,100,100,8.64,0.64,100.0,-0.07,0.13,0.147
1759155837571,2025-09-29 22:23:57.571,30.64,30.0,1.0,0.08,0.05,100,100,9.07,1.07,100.0,0.09,0.136,0.139
1759155842571,2025-09-29 22:24:02.571,30.59,30.0,1.0,0.08,0.05,100,100,7.08,-0.64,96.79,-0.34,0.106,0.173
1759155847571,2025-09-29 22:24:07.571,30.72,30.0,1.0,0.08,0.05,100,100,6.92,-0.59,93.84,0.01,0.104,0.172
1759155852571,2025-09-29 22:24:12.571,29.21,30.0,1.0,0.08,0.05,100,100,6.49,-0.72,90.22,-0.03,0.097,0.174
1759155857571,2025-09-29 22:24:17.571,28.66,30.0,1.0,0.08,0.05,100,100,8.34,0.79,94.18,0.3,0.125,0.144
1759155862571,2025-09-29 22:24:22.571,27.63,30.0,1.0,0.08,0.05,100,100,9.35,1.34,100.0,0.11,0.14,0.133
1759155867571,2025-09-29 22:24:27.571,27.64,30.0,1.0,0.08,0.05,100,100,10.38,2.37,100.0,0.21,0.156,0.113
1759155872571,2025-09-29 22:24:32.571,27.97,30.0,1.0,0.08,0.05,100,100,10.36,2.36,100.0,-0.0,0.155,0.113
1759155877571,2025-09-29 22:24:37.571,26.57,30.0,1.0,0.08,0.05,100,100,10.02,2.03,100.0,-0.07,0.15,0.119
1759155882571,2025-09-29 22:24:42.571,24.95,30.0,1.0,0.08,0.05,100,100,11.45,3.43,100.0,0.28,0.172,0.091
1759155887571,2025-09-29 22:24:47.571,24.92,30.0,1.0,0.08,0.05,100,100,13.07,5.05,100.0,0.32,0.196,0.059
1759155892571,2025-09-29 22:24:52.571,25.68,30.0,1.0,0.08,0.05,100,100,13.08,5.08,100.0,0.01,0.196,0.058
1759155897571,2025-09-29 22:24:57.571,26.62,30.0,1.0,0.08,0.05,100,100,12.32,4.32,100.0,-0.15,0.185,0.074
1759155902571,2025-09-29 22:25:02.571,25.9,30.0,1.0,0.08,0.05,100,100,11.37,3.38,100.0,-0.19,0.171,0.092
1759155907571,2025-09-29 22:25:07.571,25.36,30.0,1.0,0.08,0.05,100,100,12.1,4.1,100.0,0.14,0.182,0.078
1759155912571,2025-09-29 22:25:12.571,23.92,30.0,1.0,0.08,0.05,100,100,12.64,4.64,100.0,0.11,0.19,0.067
1759155917571,2025-09-29 22:25:17.571,24.17,30.0,1.0,0.08,0.05,100,100,14.1,6.08,100.0,0.29,0.211,0.038
1759155922571,2025-09-29 22:25:22.571,21.91,30.0,1.0,0.08,0.05,100,100,13.83,5.83,100.0,-0.05,0.207,0.043
1759155927571,2025-09-29 22:25:27.571,22.95,30.0,1.0,0.08,0.05,100,100,16.11,8.09,100.0,0.45,0.242,-0.002
1759155932571,2025-09-29 22:25:32.571,21.16,30.0,1.0,0.08,0.05,100,100,15.04,7.05,100.0,-0.21,0.226,0.019
1759155937571,2025-09-29 22:25:37.571,20.91,30.0,1.0,0.08,0.05,100,100,16.86,8.84,100.0,0.36,0.253,-0.017
1759155942571,2025-09-29 22:25:42.571,18.17,30.0,1.0,0.08,0.05,100,100,17.09,9.09,100.0,0.05,0.256,-0.022
1759155947571,2025-09-29 22:25:47.571,20.85,30.0,1.0,0.08,0.05,100,100,19.86,11.83,100.0,0.55,0.298,-0.077
1759155952571,2025-09-29 22:25:52.571,22.53,30.0,1.0,0.08,0.05,100,100,17.12,9.15,100.0,-0.54,0.257,-0.023
1759155957571,2025-09-29 22:25:57.571,20.32,30.0,1.0,0.08,0.05,100,100,15.46,7.47,100.0,-0.33,0.232,0.011
1759155962571,2025-09-29 22:26:02.571,23.71,30.0,1.0,0.08,0.05,100,100,17.71,9.68,100.0,0.44,0.266,-0.034
1759155967571,2025-09-29 22:26:07.571,24.17,30.0,1.0,0.08,0.05,100,100,14.26,6.29,100.0,-0.68,0.214,0.034
1759155972571,2025-09-29 22:26:12.571,24.69,30.0,1.0,0.08,0.05,100,100,13.83,5.83,100.0,-0.09,0.207,0.043
1759155977571,2025-09-29 22:26:17.571,23.41,30.0,1.0,0.08,0.05,100,100,13.31,5.31,100.0,-0.1,0.2,0.054
1759155982571,2025-09-29 22:26:22.571,22.62,30.0,1.0,0.08,0.05,100,100,14.6,6.59,100.0,0.26,0.219,0.028
1759155987571,2025-09-29 22:26:27.571,25.17,30.0,1.0,0.08,0.05,100,100,15.39,7.38,100.0,0.16,0.231,0.012
1759155992571,2025-09-29 22:26:32.571,24.83,30.0,1.0,0.08,0.05,100,100,12.8,4.83,100.0,-0.51,0.192,0.063
1759155997571,2025-09-29 22:26:37.571,25.79,30.0,1.0,0.08,0.05,100,100,13.18,5.17,100.0,0.07,0.198,0.057
1759156002571,2025-09-29 22:26:42.571,23.48,30.0,1.0,0.08,0.05,100,100,12.2,4.21,100.0,-0.19,0.183,0.076
1759156007571,2025-09-29 22:26:47.571,21.31,30.0,1.0,0.08,0.05,100,100,14.55,6.52,100.0,0.46,0.218,0.03
1759156012571,2025-09-29 22:26:52.571,17.81,30.0,1.0,0.08,0.05,100,100,16.71,8.69,100.0,0.43,0.251,-0.014
1759156017571,2025-09-29 22:26:57.571,17.67,30.0,1.0,0.08,0.05,100,100,20.22,12.19,100.0,0.7,0.303,-0.084
1759156022571,2025-09-29 22:27:02.571,18.56,30.0,1.0,0.08,0.05,100,100,20.34,12.33,100.0,0.03,0.305,-0.087
1759156027571,2025-09-29 22:27:07.571,17.62,30.0,1.0,0.08,0.05,100,100,19.43,11.44,100.0,-0.18,0.291,-0.069
1759156032571,2025-09-29 22:27:12.571,18.47,30.0,1.0,0.08,0.05,100,100,20.39,12.38,100.0,0.19,0.306,-0.088
1759156037571,2025-09-29 22:27:17.571,18.96,30.0,1.0,0.08,0.05,100,100,19.52,11.53,100.0,-0.17,0.293,-0.071
1759156042571,2025-09-29 22:27:22.571,18.99,30.0,1.0,0.08,0.05,100,100,19.04,11.04,100.0,-0.1,0.286,-0.061
1759156047571,2025-09-29 22:27:27.571,20.15,30.0,1.0,0.08,0.05,100,100,19.01,11.01,100.0,-0.01,0.285,-0.06
1759156052571,2025-09-29 22:27:32.571,17.63,30.0,1.0,0.08,0.05,100,100,17.84,9.85,100.0,-0.23,0.268,-0.037
1759156057571,2025-09-29 22:27:37.571,17.01,30.0,1.0,0.08,0.05,100,100,20.39,12.37,100.0,0.5,0.306,-0.087
1759156062571,2025-09-29 22:27:42.571,16.82,30.0,1.0,0.08,0.05,100,100,21.0,12.99,100.0,0.13,0.315,-0.1
1759156067571,2025-09-29 22:27:47.571,17.49,30.0,1.0,0.08,0.05,100,100,21.18,13.18,100.0,0.04,0.318,-0.104
1759156072571,2025-09-29 22:27:52.571,19.89,30.0,1.0,0.08,0.05,100,100,20.5,12.51,100.0,-0.13,0.308,-0.09
1759156077571,2025-09-29 22:27:57.571,22.62,30.0,1.0,0.08,0.05,100,100,18.09,10.11,100.0,-0.48,0.271,-0.042
1759156082571,2025-09-29 22:28:02.571,20.91,30.0,1.0,0.08,0.05,100,100,15.35,7.38,100.0,-0.55,0.23,0.012
1759156087571,2025-09-29 22:28:07.571,22.12,30.0,1.0,0.08,0.05,100,100,17.1,9.09,100.0,0.34,0.257,-0.022
1759156092571,2025-09-29 22:28:12.571,22.66,30.0,1.0,0.08,0.05,100,100,15.87,7.88,100.0,-0.24,0.238,0.002
1759156097571,2025-09-29 22:28:17.571,20.94,30.0,1.0,0.08,0.05,100,100,15.34,7.34,100.0,-0.11,0.23,0.013
1759156102571,2025-09-29 22:28:22.571,20.6,30.0,1.0,0.08,0.05,100,100,17.08,9.06,100.0,0.34,0.256,-0.021
1759156107571,2025-09-29 22:28:27.571,20.68,30.0,1.0,0.08,0.05,100,100,17.41,9.4,100.0,0.07,0.261,-0.028
1759156112571,2025-09-29 22:28:32.571,19.32,30.0,1.0,0.08,0.05,100,100,17.31,9.32,100.0,-0.02,0.26,-0.026
1759156117571,2025-09-29 22:28:37.571,20.94,30.0,1.0,0.08,0.05,100,100,18.69,10.68,100.0,0.27,0.28,-0.054
1759156122571,2025-09-29 22:28:42.571,22.15,30.0,1.0,0.08,0.05,100,100,17.05,9.06,100.0,-0.32,0.256,-0.021
1759156127571,2025-09-29 22:28:47.571,23.41,30.0,1.0,0.08,0.05,100,100,15.84,7.85,100.0,-0.24,0.238,0.003
1759156132571,2025-09-29 22:28:52.571,22.35,30.0,1.0,0.08,0.05,100,100,14.58,6.59,100.0,-0.25,0.219,0.028
1759156137571,2025-09-29 22:28:57.571,21.68,30.0,1.0,0.08,0.05,100,100,15.66,7.65,100.0,0.21,0.235,0.007
1759156142571,2025-09-29 22:29:02.571,22.74,30.0,1.0,0.08,0.05,100,100,16.32,8.32,100.0,0.13,0.245,-0.006
1759156147571,2025-09-29 22:29:07.571,24.49,30.0,1.0,0.08,0.05,100,100,15.25,7.26,100.0,-0.21,0.229,0.015
1759156152571,2025-09-29 22:29:12.571,23.23,30.0,1.0,0.08,0.05,100,100,13.5,5.51,100.0,-0.35,0.202,0.05
1759156157571,2025-09-29 22:29:17.571,23.19,30.0,1.0,0.08,0.05,100,100,14.78,6.77,100.0,0.25,0.222,0.025
1759156162571,2025-09-29 22:29:22.571,21.71,30.0,1.0,0.08,0.05,100,100,14.81,6.81,100.0,0.01,0.222,0.024
1759156167571,2025-09-29 22:29:27.571,23.1,30.0,1.0,0.08,0.05,100,100,16.31,8.29,100.0,0.3,0.245,-0.006
1759156172571,2025-09-29 22:29:32.571,25.29,30.0,1.0,0.08,0.05,100,100,14.88,6.9,100.0,-0.28,0.223,0.022
1759156177571,2025-09-29 22:29:37.571,22.57,30.0,1.0,0.08,0.05,100,100,12.69,4.71,100.0,-0.44,0.19,0.066
1759156182571,2025-09-29 22:29:42.571,21.39,30.0,1.0,0.08,0.05,100,100,15.46,7.43,100.0,0.54,0.232,0.011
1759156187571,2025-09-29 22:29:47.571,22.99,30.0,1.0,0.08,0.05,100,100,16.63,8.61,100.0,0.24,0.249,-0.012
1759156192571,2025-09-29 22:29:52.571,19.76,30.0,1.0,0.08,0.05,100,100,15.0,7.01,100.0,-0.32,0.225,0.02
1759156197571,2025-09-29 22:29:57.571,19.32,30.0,1.0,0.08,0.05,100,100,18.28,10.24,100.0,0.65,0.274,-0.045
1759156202571,2025-09-29 22:30:02.571,19.33,30.0,1.0,0.08,0.05,100,100,18.69,10.68,100.0,0.09,0.28,-0.054
1759156207571,2025-09-29 22:30:07.571,20.2,30.0,1.0,0.08,0.05,100,100,18.67,10.67,100.0,-0.0,0.28,-0.053
1759156212571,2025-09-29 22:30:12.571,20.77,30.0,1.0,0.08,0.05,100,100,17.79,9.8,100.0,-0.17,0.267,-0.036
1759156217571,2025-09-29 22:30:17.571,20.62,30.0,1.0,0.08,0.05,100,100,17.22,9.23,100.0,-0.11,0.258,-0.025
1759156222571,2025-09-29 22:30:22.571,22.13,30.0,1.0,0.08,0.05,100,100,17.38,9.38,100.0,0.03,0.261,-0.028
1759156227571,2025-09-29 22:30:27.571,22.34,30.0,1.0,0.08,0.05,100,100,15.85,7.87,100.0,-0.3,0.238,0.003
1759156232571,2025-09-29 22:30:32.571,21.68,30.0,1.0,0.08,0.05,100,100,15.66,7.66,100.0,-0.04,0.235,0.007
1759156237571,2025-09-29 22:30:37.571,22.14,30.0,1.0,0.08,0.05,100,100,16.33,8.32,100.0,0.13,0.245,-0.006
1759156242571,2025-09-29 22:30:42.571,21.1,30.0,1.0,0.08,0.05,100,100,15.85,7.86,100.0,-0.09,0.238,0.003
1759156247571,2025-09-29 22:30:47.571,23.11,30.0,1.0,0.08,0.05,100,100,16.91,8.9,100.0,0.21,0.254,-0.018
1759156252571,2025-09-29 22:30:52.571,23.13,25.0,1.0,0.08,0.05,100,100,14.87,6.89,100.0,-0.4,0.223,0.022
1759156257571,2025-09-29 22:30:57.571,23.96,25.0,1.0,0.08,0.05,100,100,9.82,1.87,100.0,-1.0,0.147,0.023
1759156262571,2025-09-29 22:31:02.571,22.94,25.0,1.0,0.08,0.05,100,100,9.03,1.04,100.0,-0.17,0.135,0.039
1759156267571,2025-09-29 22:31:07.571,22.12,25.0,1.0,0.08,0.05,100,100,10.07,2.06,100.0,0.2,0.151,0.019
1759156272571,2025-09-29 22:31:12.571,20.38,25.0,1.0,0.08,0.05,100,100,10.89,2.88,100.0,0.17,0.163,0.002
1759156277571,2025-09-29 22:31:17.571,22.01,25.0,1.0,0.08,0.05,100,100,12.64,4.62,100.0,0.35,0.19,-0.032
1759156282571,2025-09-29 22:31:22.571,23.5,25.0,1.0,0.08,0.05,100,100,10.97,2.99,100.0,-0.33,0.165,0.0
1759156287571,2025-09-29 22:31:27.571,20.35,25.0,1.0,0.08,0.05,100,100,9.49,1.5,100.0,-0.3,0.142,0.03
1759156292571,2025-09-29 22:31:32.571,18.17,25.0,1.0,0.08,0.05,100,100,12.68,4.65,100.0,0.63,0.19,-0.033
1759156297571,2025-09-29 22:31:37.571,17.27,30.0,1.0,0.08,0.05,100,100,14.85,6.83,100.0,0.43,0.223,-0.077
1759156302571,2025-09-29 22:31:42.571,18.85,30.0,1.0,0.08,0.05,100,100,20.79,12.73,100.0,1.18,0.312,-0.095
1759156307571,2025-09-29 22:31:47.571,19.94,30.0,1.0,0.08,0.05,100,100,19.14,11.15,100.0,-0.32,0.287,-0.063
1759156312571,2025-09-29 22:31:52.571,19.01,30.0,1.0,0.08,0.05,100,100,18.05,10.06,100.0,-0.22,0.271,-0.041
1759156317571,2025-09-29 22:31:57.571,18.33,30.0,1.0,0.08,0.05,100,100,19.0,10.99,100.0,0.19,0.285,-0.06
1759156322571,2025-09-29 22:32:02.571,16.99,30.0,1.0,0.08,0.05,100,100,19.68,11.67,100.0,0.14,0.295,-0.073
1759156327571,2025-09-29 22:32:07.571,16.04,30.0,1.0,0.08,0.05,100,100,21.02,13.01,100.0,0.27,0.315,-0.1
1759156332571,2025-09-29 22:32:12.571,15.89,30.0,1.0,0.08,0.05,100,100,21.97,13.96,100.0,0.19,0.33,-0.119
1759156337571,2025-09-29 22:32:17.571,16.55,30.0,1.0,0.08,0.05,100,100,22.11,14.11,100.0,0.03,0.332,-0.122
1759156342571,2025-09-29 22:32:22.571,15.61,30.0,1.0,0.08,0.05,100,100,21.44,13.45,100.0,-0.13,0.322,-0.109
1759156347571,2025-09-29 22:32:27.571,17.51,30.0,1.0,0.08,0.05,100,100,22.4,14.39,100.0,0.19,0.336,-0.128
1759156352571,2025-09-29 22:32:32.571,17.17,30.0,1.0,0.08,0.05,100,100,20.47,12.49,100.0,-0.38,0.307,-0.09
1759156357571,2025-09-29 22:32:37.571,15.87,30.0,1.0,0.08,0.05,100,100,20.83,12.83,100.0,0.07,0.312,-0.097
1759156362571,2025-09-29 22:32:42.571,16.59,30.0,1.0,0.08,0.05,100,100,22.14,14.13,100.0,0.26,0.332,-0.123
1759156367571,2025-09-29 22:32:47.571,19.6,30.0,1.0,0.08,0.05,100,100,21.41,13.41,100.0,-0.14,0.321,-0.108
1759156372571,2025-09-29 22:32:52.571,18.17,30.0,1.0,0.08,0.05,100,100,18.37,10.4,100.0,-0.6,0.276,-0.048
1759156377571,2025-09-29 22:32:57.571,17.59,30.0,1.0,0.08,0.05,100,100,19.84,11.83,100.0,0.28,0.298,-0.077
1759156382571,2025-09-29 22:33:02.571,17.2,30.0,1.0,0.08,0.05,100,100,20.41,12.41,100.0,0.12,0.306,-0.088
1759156387571,2025-09-29 22:33:07.571,18.59,30.0,1.0,0.08,0.05,100,100,20.81,12.8,100.0,0.08,0.312,-0.096
1759156392571,2025-09-29 22:33:12.571,20.97,30.0,1.0,0.08,0.05,100,100,19.4,11.41,100.0,-0.28,0.291,-0.068
1759156397571,2025-09-29 22:33:17.571,20.97,30.0,1.0,0.08,0.05,100,100,17.01,9.03,100.0,-0.48,0.255,-0.021
1759156402571,2025-09-29 22:33:22.571,21.85,30.0,1.0,0.08,0.05,100,100,17.03,9.03,100.0,-0.0,0.255,-0.021
1759156407571,2025-09-29 22:33:27.571,23.61,30.0,1.0,0.08,0.05,100,100,16.14,8.15,100.0,-0.18,0.242,-0.003
1759156412571,2025-09-29 22:33:32.571,21.97,30.0,1.0,0.08,0.05,100,100,14.38,6.39,100.0,-0.35,0.216,0.032
1759156417571,2025-09-29 22:33:37.571,20.55,30.0,1.0,0.08,0.05,100,100,16.05,8.03,100.0,0.33,0.241,-0.001
1759156422571,2025-09-29 22:33:42.571,20.07,30.0,1.0,0.08,0.05,100,100,17.47,9.45,100.0,0.28,0.262,-0.029
1759156427571,2025-09-29 22:33:47.571,20.09,30.0,1.0,0.08,0.05,100,100,17.93,9.93,100.0,0.1,0.269,-0.039
1759156432571,2025-09-29 22:33:52.571,20.83,30.0,1.0,0.08,0.05,100,100,17.91,9.91,100.0,-0.0,0.269,-0.038
1759156437571,2025-09-29 22:33:57.571,22.77,30.0,1.0,0.08,0.05,100,100,17.16,9.17,100.0,-0.15,0.257,-0.023
1759156442571,2025-09-29 22:34:02.571,23.2,30.0,1.0,0.08,0.05,100,100,15.21,7.23,100.0,-0.39,0.228,0.015
1759156447571,2025-09-29 22:34:07.571,24.28,30.0,1.0,0.08,0.05,100,100,14.79,6.8,100.0,-0.09,0.222,0.024
1759156452571,2025-09-29 22:34:12.571,23.53,30.0,1.0,0.08,0.05,100,100,13.71,5.72,100.0,-0.21,0.206,0.046
1759156457571,2025-09-29 22:34:17.571,24.47,30.0,1.0,0.08,0.05,100,100,14.48,6.47,100.0,0.15,0.217,0.031
1759156462571,2025-09-29 22:34:22.571,25.77,30.0,1.0,0.08,0.05,100,100,13.52,5.53,100.0,-0.19,0.203,0.049
1759156467571,2025-09-29 22:34:27.571,25.46,30.0,1.0,0.08,0.05,100,100,12.22,4.23,100.0,-0.26,0.183,0.075
1759156472571,2025-09-29 22:34:32.571,24.35,30.0,1.0,0.08,0.05,100,100,12.54,4.54,100.0,0.06,0.188,0.069
1759156477571,2025-09-29 22:34:37.571,26.29,30.0,1.0,0.08,0.05,100,100,13.66,5.65,100.0,0.22,0.205,0.047
1759156482571,2025-09-29 22:34:42.571,26.87,30.0,1.0,0.08,0.05,100,100,11.69,3.71,100.0,-0.39,0.175,0.086
1759156487571,2025-09-29 22:34:47.571,29.46,30.0,1.0,0.08,0.05,100,100,11.12,3.13,100.0,-0.12,0.167,0.097
1759156492571,2025-09-29 22:34:52.571,27.46,30.0,1.0,0.08,0.05,100,100,8.52,0.54,100.0,-0.52,0.128,0.149
1759156497571,2025-09-29 22:34:57.571,26.44,30.0,1.0,0.08,0.05,100,100,10.56,2.54,100.0,0.4,0.158,0.109
1759156502571,2025-09-29 22:35:02.571,24.81,30.0,1.0,0.08,0.05,100,100,11.57,3.56,100.0,0.2,0.174,0.089
1759156507571,2025-09-29 22:35:07.571,26.55,30.0,1.0,0.08,0.05,100,100,13.21,5.19,100.0,0.33,0.198,0.056
1759156512571,2025-09-29 22:35:12.571,25.54,30.0,1.0,0.08,0.05,100,100,11.44,3.45,100.0,-0.35,0.172,0.091
1759156517571,2025-09-29 22:35:17.571,24.56,30.0,1.0,0.08,0.05,100,100,12.47,4.46,100.0,0.2,0.187,0.071
1759156522571,2025-09-29 22:35:22.571,25.44,30.0,1.0,0.08,0.05,100,100,13.45,5.44,100.0,0.2,0.202,0.051
1759156527571,2025-09-29 22:35:27.571,23.15,30.0,1.0,0.08,0.05,100,100,12.55,4.56,100.0,-0.18,0.188,0.069
1759156532571,2025-09-29 22:35:32.571,21.71,30.0,1.0,0.08,0.05,100,100,14.88,6.85,100.0,0.46,0.223,0.023
1759156537571,2025-09-29 22:35:37.571,22.63,30.0,1.0,0.08,0.05,100,100,16.31,8.29,100.0,0.29,0.245,-0.006
1759156542571,2025-09-29 22:35:42.571,23.1,30.0,1.0,0.08,0.05,100,100,15.36,7.37,100.0,-0.18,0.23,0.013
1759156547571,2025-09-29 22:35:47.571,20.75,30.0,1.0,0.08,0.05,100,100,14.9,6.9,100.0,-0.09,0.223,0.022
1759156552571,2025-09-29 22:35:52.571,23.2,30.0,1.0,0.08,0.05,100,100,17.27,9.25,100.0,0.47,0.259,-0.025
1759156557571,2025-09-29 22:35:57.571,22.07,30.0,1.0,0.08,0.05,100,100,14.77,6.8,100.0,-0.49,0.222,0.024
1759156562571,2025-09-29 22:36:02.571,19.36,30.0,1.0,0.08,0.05,100,100,15.94,7.93,100.0,0.23,0.239,0.001
1759156567571,2025-09-29 22:36:07.571,17.75,30.0,1.0,0.08,0.05,100,100,18.66,10.64,100.0,0.54,0.28,-0.053
1759156572571,2025-09-29 22:36:12.571,16.38,30.0,1.0,0.08,0.05,100,100,20.26,12.25,100.0,0.32,0.304,-0.085
1759156577571,2025-09-29 22:36:17.571,15.75,30.0,1.0,0.08,0.05,100,100,21.63,13.62,100.0,0.27,0.324,-0.112
1759156582571,2025-09-29 22:36:22.571,13.64,30.0,1.0,0.08,0.05,100,100,22.25,14.25,100.0,0.13,0.334,-0.125
1759156587571,2025-09-29 22:36:27.571,12.0,30.0,1.0,0.08,0.05,100,100,24.38,16.36,100.0,0.42,0.366,-0.167
1759156592571,2025-09-29 22:36:32.571,12.56,30.0,1.0,0.08,0.05,100,100,26.02,18.0,100.0,0.33,0.39,-0.2
1759156597571,2025-09-29 22:36:37.571,11.09,30.0,1.0,0.08,0.05,100,100,25.43,17.44,100.0,-0.11,0.381,-0.189
1759156602571,2025-09-29 22:36:42.571,9.21,30.0,1.0,0.08,0.05,100,100,26.92,18.91,100.0,0.29,0.404,-0.218
1759156607571,2025-09-29 22:36:47.571,8.92,30.0,1.0,0.08,0.05,100,100,28.81,20.79,100.0,0.38,0.432,-0.256
1759156612571,2025-09-29 22:36:52.571,8.85,30.0,1.0,0.08,0.05,100,100,29.09,21.08,100.0,0.06,0.436,-0.262
1759156617571,2025-09-29 22:36:57.571,8.54,30.0,1.0,0.08,0.05,100,100,29.15,21.15,100.0,0.01,0.437,-0.263
1759156622571,2025-09-29 22:37:02.571,8.28,30.0,1.0,0.08,0.05,100,100,29.47,21.46,100.0,0.06,0.442,-0.269
1759156627571,2025-09-29 22:37:07.571,8.82,30.0,1.0,0.08,0.05,100,100,29.72,21.72,100.0,0.05,0.446,-0.274
1759156632571,2025-09-29 22:37:12.571,9.26,30.0,1.0,0.08,0.05,100,100,29.17,21.18,100.0,-0.11,0.438,-0.264
1759156637571,2025-09-29 22:37:17.571,9.52,30.0,1.0,0.08,0.05,100,100,28.73,20.74,100.0,-0.09,0.431,-0.255
1759156642571,2025-09-29 22:37:22.571,6.57,30.0,1.0,0.08,0.05,100,100,28.48,20.48,100.0,-0.05,0.427,-0.25
1759156647571,2025-09-29 22:37:27.571,5.68,30.0,1.0,0.08,0.05,100,100,31.46,23.43,100.0,0.59,0.472,-0.309
1759156652571,2025-09-29 22:37:32.571,6.0,30.0,1.0,0.08,0.05,100,100,32.33,24.32,100.0,0.18,0.485,-0.326
1759156657571,2025-09-29 22:37:37.571,5.67,30.0,1.0,0.08,0.05,100,100,32.0,24.0,100.0,-0.06,0.48,-0.32
1759156662571,2025-09-29 22:37:42.571,6.93,30.0,1.0,0.08,0.05,100,100,32.33,24.33,100.0,0.06,0.485,-0.327
1759156667571,2025-09-29 22:37:47.571,7.81,30.0,1.0,0.08,0.05,100,100,31.06,23.07,100.0,-0.25,0.466,-0.301
1759156672571,2025-09-29 22:37:52.571,8.03,30.0,1.0,0.08,0.05,100,100,30.18,22.19,100.0,-0.18,0.453,-0.284
1759156677571,2025-09-29 22:37:57.571,5.94,30.0,1.0,0.08,0.05,100,100,29.97,21.97,100.0,-0.04,0.45,-0.279
1759156682571,2025-09-29 22:38:02.571,7.8,30.0,1.0,0.08,0.05,100,100,32.09,24.06,100.0,0.42,0.481,-0.321
1759156687571,2025-09-29 22:38:07.571,10.41,30.0,1.0,0.08,0.05,100,100,30.18,22.2,100.0,-0.37,0.453,-0.284
1759156692571,2025-09-29 22:38:12.571,11.98,30.0,1.0,0.08,0.05,100,100,27.56,19.59,100.0,-0.52,0.413,-0.232
1759156697571,2025-09-29 22:38:17.571,11.31,30.0,1.0,0.08,0.05,100,100,26.0,18.02,100.0,-0.31,0.39,-0.2
1759156702571,2025-09-29 22:38:22.571,10.46,30.0,1.0,0.08,0.05,100,100,26.7,18.69,100.0,0.14,0.4,-0.214
1759156707571,2025-09-29 22:38:27.571,10.25,30.0,1.0,0.08,0.05,100,100,27.55,19.54,100.0,0.17,0.413,-0.231
1759156712571,2025-09-29 22:38:32.571,10.76,30.0,1.0,0.08,0.05,100,100,27.75,19.75,100.0,0.04,0.416,-0.235
1759156717571,2025-09-29 22:38:37.571,8.9,30.0,1.0,0.08,0.05,100,100,27.24,19.24,100.0,-0.1,0.409,-0.225
1759156722571,2025-09-29 22:38:42.571,7.86,30.0,1.0,0.08,0.05,100,100,29.12,21.1,100.0,0.37,0.437,-0.262
1759156727571,2025-09-29 22:38:47.571,8.64,30.0,1.0,0.08,0.05,100,100,30.15,22.14,100.0,0.21,0.452,-0.283
1759156732571,2025-09-29 22:38:52.571,9.48,30.0,1.0,0.08,0.05,100,100,29.36,21.36,100.0,-0.15,0.44,-0.267
1759156737571,2025-09-29 22:38:57.571,10.18,30.0,1.0,0.08,0.05,100,100,28.52,20.52,100.0,-0.17,0.428,-0.25
1759156742571,2025-09-29 22:39:02.571,12.52,30.0,1.0,0.08,0.05,100,100,27.81,19.82,100.0,-0.14,0.417,-0.236
1759156747571,2025-09-29 22:39:07.571,14.66,30.0,1.0,0.08,0.05,100,100,25.46,17.48,100.0,-0.47,0.382,-0.19
1759156752571,2025-09-29 22:39:12.571,11.33,30.0,1.0,0.08,0.05,100,100,23.32,15.34,100.0,-0.43,0.35,-0.147
1759156757571,2025-09-29 22:39:17.571,11.17,30.0,1.0,0.08,0.05,100,100,26.7,18.67,100.0,0.67,0.401,-0.213
1759156762571,2025-09-29 22:39:22.571,10.41,30.0,1.0,0.08,0.05,100,100,26.83,18.83,100.0,0.03,0.402,-0.217
1759156767571,2025-09-29 22:39:27.571,9.94,25.0,1.0,0.08,0.05,100,100,27.59,19.59,100.0,0.15,0.414,-0.232
1759156772571,2025-09-29 22:39:32.571,9.09,25.0,1.0,0.08,0.05,100,100,23.01,15.06,100.0,-0.91,0.345,-0.241
1759156777571,2025-09-29 22:39:37.571,11.87,25.0,1.0,0.08,0.05,100,100,23.92,15.91,100.0,0.17,0.359,-0.258
1759156782571,2025-09-29 22:39:42.571,13.14,25.0,1.0,0.08,0.05,100,100,21.1,13.13,100.0,-0.56,0.316,-0.203
1759156787571,2025-09-29 22:39:47.571,12.1,25.0,1.0,0.08,0.05,100,100,19.85,11.86,100.0,-0.25,0.298,-0.177
1759156792571,2025-09-29 22:39:52.571,11.7,25.0,1.0,0.08,0.05,100,100,20.91,12.9,100.0,0.21,0.314,-0.198
1759156797571,2025-09-29 22:39:57.571,11.71,25.0,1.0,0.08,0.05,100,100,21.3,13.3,100.0,0.08,0.319,-0.206
1759156802571,2025-09-29 22:40:02.571,11.82,25.0,1.0,0.08,0.05,100,100,21.29,13.29,100.0,-0.0,0.319,-0.206
1759156807571,2025-09-29 22:40:07.571,13.79,25.0,1.0,0.08,0.05,100,100,21.18,13.18,100.0,-0.02,0.318,-0.204
1759156812571,2025-09-29 22:40:12.571,15.76,25.0,1.0,0.08,0.05,100,100,19.19,11.21,100.0,-0.39,0.288,-0.164
1759156817571,2025-09-29 22:40:17.571,15.05,25.0,1.0,0.08,0.05,100,100,17.22,9.24,100.0,-0.39,0.258,-0.125
1759156822571,2025-09-29 22:40:22.571,13.55,25.0,1.0,0.08,0.05,100,100,17.96,9.95,100.0,0.14,0.269,-0.139
1759156827571,2025-09-29 22:40:27.571,15.31,25.0,1.0,0.08,0.05,100,100,19.46,11.45,100.0,0.3,0.292,-0.169
1759156832571,2025-09-29 22:40:32.571,13.25,25.0,1.0,0.08,0.05,100,100,17.67,9.69,100.0,-0.35,0.265,-0.134
1759156837571,2025-09-29 22:40:37.571,14.04,25.0,1.0,0.08,0.05,100,100,19.77,11.75,100.0,0.41,0.297,-0.175
1759156842571,2025-09-29 22:40:42.571,14.39,25.0,1.0,0.08,0.05,100,100,18.95,10.96,100.0,-0.16,0.284,-0.159
1759156847571,2025-09-29 22:40:47.571,13.75,25.0,1.0,0.08,0.05,100,100,18.6,10.61,100.0,-0.07,0.279,-0.152
1759156852571,2025-09-29 22:40:52.571,16.63,25.0,1.0,0.08,0.05,100,100,19.26,11.25,100.0,0.13,0.289,-0.165
1759156857571,2025-09-29 22:40:57.571,16.45,25.0,1.0,0.08,0.05,100,100,16.34,8.37,100.0,-0.58,0.245,-0.107
1759156862571,2025-09-29 22:41:02.571,15.4,25.0,1.0,0.08,0.05,100,100,16.55,8.55,100.0,0.04,0.248,-0.111
1759156867571,2025-09-29 22:41:07.571,13.95,25.0,1.0,0.08,0.05,100,100,17.61,9.6,100.0,0.21,0.264,-0.132
1759156872571,2025-09-29 22:41:12.571,17.41,25.0,1.0,0.08,0.05,100,100,19.06,11.05,100.0,0.29,0.286,-0.161
1759156877571,2025-09-29 22:41:17.571,16.18,25.0,1.0,0.08,0.05,100,100,15.56,7.59,100.0,-0.69,0.233,-0.092
1759156882571,2025-09-29 22:41:22.571,15.45,25.0,1.0,0.08,0.05,100,100,16.83,8.82,100.0,0.24,0.252,-0.116
1759156887571,2025-09-29 22:41:27.571,13.33,25.0,1.0,0.08,0.05,100,100,17.56,9.55,100.0,0.15,0.263,-0.131
1759156892571,2025-09-29 22:41:32.571,11.65,25.0,1.0,0.08,0.05,100,100,19.69,11.67,100.0,0.42,0.295,-0.173
1759156897571,2025-09-29 22:41:37.571,12.6,25.0,1.0,0.08,0.05,100,100,21.37,13.35,100.0,0.34,0.321,-0.207
1759156902571,2025-09-29 22:41:42.571,11.41,25.0,1.0,0.08,0.05,100,100,20.39,12.4,100.0,-0.19,0.306,-0.188
1759156907571,2025-09-29 22:41:47.571,10.19,25.0,1.0,0.08,0.05,100,100,21.6,13.59,100.0,0.24,0.324,-0.212
1759156912571,2025-09-29 22:41:52.571,10.06,25.0,1.0,0.08,0.05,100,100,22.82,14.81,100.0,0.24,0.342,-0.236
1759156917571,2025-09-29 22:41:57.571,9.85,25.0,1.0,0.08,0.05,100,100,22.94,14.94,100.0,0.03,0.344,-0.239
1759156922571,2025-09-29 22:42:02.571,9.44,25.0,1.0,0.08,0.05,100,100,23.15,15.15,100.0,0.04,0.347,-0.243
1759156927571,2025-09-29 22:42:07.571,12.31,25.0,1.0,0.08,0.05,100,100,23.57,15.56,100.0,0.08,0.354,-0.251
1759156932571,2025-09-29 22:42:12.571,10.65,25.0,1.0,0.08,0.05,100,100,20.66,12.69,100.0,-0.57,0.31,-0.194
1759156937571,2025-09-29 22:42:17.571,13.23,25.0,1.0,0.08,0.05,100,100,22.37,14.35,100.0,0.33,0.336,-0.227
1759156942571,2025-09-29 22:42:22.571,12.8,25.0,1.0,0.08,0.05,100,100,19.74,11.77,100.0,-0.52,0.296,-0.175
1759156947571,2025-09-29 22:42:27.571,13.08,25.0,1.0,0.08,0.05,100,100,20.2,12.2,100.0,0.09,0.303,-0.184
1759156952571,2025-09-29 22:42:32.571,12.96,25.0,1.0,0.08,0.05,100,100,19.91,11.92,100.0,-0.06,0.299,-0.178
1759156957571,2025-09-29 22:42:37.571,14.12,25.0,1.0,0.08,0.05,100,100,20.04,12.04,100.0,0.03,0.301,-0.181
1759156962571,2025-09-29 22:42:42.571,13.52,25.0,1.0,0.08,0.05,100,100,18.87,10.88,100.0,-0.23,0.283,-0.158
1759156967571,2025-09-29 22:42:47.571,13.43,25.0,1.0,0.08,0.05,100,100,19.49,11.48,100.0,0.12,0.292,-0.17
1759156972571,2025-09-29 22:42:52.571,13.61,25.0,1.0,0.08,0.05,100,100,19.57,11.57,100.0,0.02,0.294,-0.171
1759156977571,2025-09-29 22:42:57.571,14.29,25.0,1.0,0.08,0.05,100,100,19.39,11.39,100.0,-0.04,0.291,-0.168
1759156982571,2025-09-29 22:43:02.571,14.52,25.0,1.0,0.08,0.05,100,100,18.71,10.71,100.0,-0.14,0.281,-0.154
1759156987571,2025-09-29 22:43:07.571,14.0,25.0,1.0,0.08,0.05,100,100,18.48,10.48,100.0,-0.05,0.277,-0.15
1759156992571,2025-09-29 22:43:12.571,13.61,25.0,1.0,0.08,0.05,100,100,19.01,11.0,100.0,0.1,0.285,-0.16
1759156997571,2025-09-29 22:43:17.571,11.96,25.0,1.0,0.08,0.05,100,100,19.39,11.39,100.0,0.08,0.291,-0.168
1759157002571,2025-09-29 22:43:22.571,14.33,25.0,1.0,0.08,0.05,100,100,21.05,13.04,100.0,0.33,0.316,-0.201
1759157007571,2025-09-29 22:43:27.571,15.21,25.0,1.0,0.08,0.05,100,100,18.64,10.67,100.0,-0.47,0.28,-0.153
1759157012571,2025-09-29 22:43:32.571,17.52,25.0,1.0,0.08,0.05,100,100,17.78,9.79,100.0,-0.18,0.267,-0.136
1759157017571,2025-09-29 22:43:37.571,17.31,25.0,1.0,0.08,0.05,100,100,15.46,7.48,100.0,-0.46,0.232,-0.09
1759157022571,2025-09-29 22:43:42.571,17.85,25.0,1.0,0.08,0.05,100,100,15.7,7.69,100.0,0.04,0.235,-0.094
1759157027571,2025-09-29 22:43:47.571,19.07,25.0,1.0,0.08,0.05,100,100,15.14,7.15,100.0,-0.11,0.227,-0.083
1759157032571,2025-09-29 22:43:52.571,18.28,25.0,1.0,0.08,0.05,100,100,13.92,5.93,100.0,-0.24,0.209,-0.059
1759157037571,2025-09-29 22:43:57.571,20.45,25.0,1.0,0.08,0.05,100,100,14.73,6.72,100.0,0.16,0.221,-0.074
1759157042571,2025-09-29 22:44:02.571,20.76,25.0,1.0,0.08,0.05,100,100,12.53,4.55,100.0,-0.44,0.188,-0.031
1759157047571,2025-09-29 22:44:07.571,23.73,25.0,1.0,0.08,0.05,100,100,12.24,4.24,100.0,-0.06,0.184,-0.025
1759157052571,2025-09-29 22:44:12.571,23.37,25.0,1.0,0.08,0.05,100,100,9.24,1.27,100.0,-0.6,0.139,0.035
1759157057571,2025-09-29 22:44:17.571,25.03,25.0,1.0,0.08,0.05,100,100,9.63,1.63,100.0,0.07,0.144,0.027
1759157062571,2025-09-29 22:44:22.571,26.57,25.0,1.0,0.08,0.05,100,100,7.95,-0.03,99.87,-0.33,0.119,0.061
1759157067571,2025-09-29 22:44:27.571,23.21,25.0,1.0,0.08,0.05,100,100,5.78,-1.57,92.04,-0.31,0.087,0.091
1759157072571,2025-09-29 22:44:32.571,24.89,25.0,1.0,0.08,0.05,100,100,9.83,1.79,100.0,0.67,0.147,0.024
1759157077571,2025-09-29 22:44:37.571,26.07,25.0,1.0,0.08,0.05,100,100,8.1,0.11,100.0,-0.34,0.121,0.058
1759157082571,2025-09-29 22:44:42.571,26.31,25.0,1.0,0.08,0.05,100,100,6.49,-1.07,94.65,-0.24,0.097,0.081
1759157087571,2025-09-29 22:44:47.571,25.55,25.0,1.0,0.08,0.05,100,100,5.74,-1.31,88.12,-0.05,0.086,0.086
1759157092571,2025-09-29 22:44:52.571,22.31,25.0,1.0,0.08,0.05,100,100,6.29,-0.55,85.36,0.15,0.094,0.071
1759157097571,2025-09-29 22:44:57.571,21.7,25.0,1.0,0.08,0.05,100,100,10.63,2.69,98.82,0.65,0.159,0.006
1759157102571,2025-09-29 22:45:02.571,22.71,25.0,1.0,0.08,0.05,100,100,11.3,3.3,100.0,0.12,0.17,-0.006
1759157107571,2025-09-29 22:45:07.571,23.45,25.0,1.0,0.08,0.05,100,100,10.28,2.29,100.0,-0.2,0.154,0.014
1759157112571,2025-09-29 22:45:12.571,23.07,25.0,1.0,0.08,0.05,100,100,9.55,1.55,100.0,-0.15,0.143,0.029
1759157117571,2025-09-29 22:45:17.571,21.32,25.0,1.0,0.08,0.05,100,100,9.94,1.93,100.0,0.08,0.149,0.021
1759157122571,2025-09-29 22:45:22.571,21.89,25.0,1.0,0.08,0.05,100,100,11.69,3.68,100.0,0.35,0.175,-0.014
1759157127571,2025-09-29 22:45:27.571,20.65,25.0,1.0,0.08,0.05,100,100,11.1,3.11,100.0,-0.11,0.167,-0.002
1759157132571,2025-09-29 22:45:32.571,20.44,25.0,1.0,0.08,0.05,100,100,12.36,4.35,100.0,0.25,0.185,-0.027
1759157137571,2025-09-29 22:45:37.571,20.79,25.0,1.0,0.08,0.05,100,100,12.56,4.56,100.0,0.04,0.188,-0.031
1759157142571,2025-09-29 22:45:42.571,21.43,25.0,1.0,0.08,0.05,100,100,12.21,4.21,100.0,-0.07,0.183,-0.024
1759157147571,2025-09-29 22:45:47.571,22.2,25.0,1.0,0.08,0.05,100,100,11.56,3.57,100.0,-0.13,0.173,-0.011
1759157152571,2025-09-29 22:45:52.571,22.85,25.0,1.0,0.08,0.05,100,100,10.79,2.8,100.0,-0.15,0.162,0.004
1759157157571,2025-09-29 22:45:57.571,25.62,25.0,1.0,0.08,0.05,100,100,10.14,2.15,100.0,-0.13,0.152,0.017
1759157162571,2025-09-29 22:46:02.571,24.62,25.0,1.0,0.08,0.05,100,100,7.11,-0.62,96.92,-0.55,0.107,0.072
1759157167571,2025-09-29 22:46:07.571,26.24,25.0,1.0,0.08,0.05,100,100,8.3,0.38,98.84,0.2,0.125,0.052
1759157172571,2025-09-29 22:46:12.571,25.75,25.0,1.0,0.08,0.05,100,100,6.16,-1.24,92.66,-0.32,0.092,0.085
1759157177571,2025-09-29 22:46:17.571,24.77,25.0,1.0,0.08,0.05,100,100,6.37,-0.75,88.92,0.1,0.096,0.075
1759157182571,2025-09-29 22:46:22.571,23.13,25.0,1.0,0.08,0.05,100,100,7.45,0.23,90.09,0.2,0.112,0.055
1759157187571,2025-09-29 22:46:27.571,20.82,25.0,1.0,0.08,0.05,100,100,9.84,1.87,99.43,0.33,0.148,0.023
1759157192571,2025-09-29 22:46:32.571,19.71,25.0,1.0,0.08,0.05,100,100,12.21,4.18,100.0,0.46,0.183,-0.024
1759157197571,2025-09-29 22:46:37.571,19.16,25.0,1.0,0.08,0.05,100,100,13.3,5.29,100.0,0.22,0.199,-0.046
1759157202571,2025-09-29 22:46:42.571,18.11,25.0,1.0,0.08,0.05,100,100,13.85,5.84,100.0,0.11,0.208,-0.057
1759157207571,2025-09-29 22:46:47.571,19.84,25.0,1.0,0.08,0.05,100,100,14.9,6.89,100.0,0.21,0.223,-0.078
1759157212571,2025-09-29 22:46:52.571,18.42,25.0,1.0,0.08,0.05,100,100,13.15,5.16,100.0,-0.34,0.197,-0.043
1759157217571,2025-09-29 22:46:57.571,21.36,25.0,1.0,0.08,0.05,100,100,14.59,6.58,100.0,0.28,0.219,-0.072
1759157222571,2025-09-29 22:47:02.571,20.76,25.0,1.0,0.08,0.05,100,100,11.61,3.64,100.0,-0.59,0.174,-0.013
1759157227571,2025-09-29 22:47:07.571,19.64,25.0,1.0,0.08,0.05,100,100,12.25,4.24,100.0,0.12,0.184,-0.025
1759157232571,2025-09-29 22:47:12.571,18.61,25.0,1.0,0.08,0.05,100,100,13.37,5.36,100.0,0.22,0.201,-0.047
1759157237571,2025-09-29 22:47:17.571,16.0,25.0,1.0,0.08,0.05,100,100,14.4,6.39,100.0,0.21,0.216,-0.068
1759157242571,2025-09-29 22:47:22.571,19.84,25.0,1.0,0.08,0.05,100,100,17.02,9.0,100.0,0.52,0.255,-0.12
1759157247571,2025-09-29 22:47:27.571,17.57,25.0,1.0,0.08,0.05,100,100,13.12,5.16,100.0,-0.77,0.197,-0.043
1759157252571,2025-09-29 22:47:32.571,20.43,25.0,1.0,0.08,0.05,100,100,15.45,7.43,100.0,0.45,0.232,-0.089
1759157257571,2025-09-29 22:47:37.571,18.68,25.0,1.0,0.08,0.05,100,100,12.54,4.57,100.0,-0.57,0.188,-0.031
1759157262571,2025-09-29 22:47:42.571,18.23,25.0,1.0,0.08,0.05,100,100,14.33,6.32,100.0,0.35,0.215,-0.066
1759157267571,2025-09-29 22:47:47.571,17.35,25.0,1.0,0.08,0.05,100,100,14.78,6.77,100.0,0.09,0.222,-0.075
1759157272571,2025-09-29 22:47:52.571,17.51,25.0,1.0,0.08,0.05,100,100,15.66,7.65,100.0,0.18,0.235,-0.093
1759157277571,2025-09-29 22:47:57.571,20.05,25.0,1.0,0.08,0.05,100,100,15.49,7.49,100.0,-0.03,0.232,-0.09
1759157282571,2025-09-29 22:48:02.571,19.53,25.0,1.0,0.08,0.05,100,100,12.92,4.95,100.0,-0.51,0.194,-0.039
1759157287571,2025-09-29 22:48:07.571,19.24,25.0,1.0,0.08,0.05,100,100,13.48,5.47,100.0,0.1,0.202,-0.049
1759157292571,2025-09-29 22:48:12.571,20.23,25.0,1.0,0.08,0.05,100,100,13.76,5.76,100.0,0.06,0.206,-0.055
1759157297571,2025-09-29 22:48:17.571,23.01,25.0,1.0,0.08,0.05,100,100,12.76,4.77,100.0,-0.2,0.191,-0.035
1759157302571,2025-09-29 22:48:22.571,22.72,25.0,1.0,0.08,0.05,100,100,9.96,1.99,100.0,-0.56,0.149,0.02
1759157307571,2025-09-29 22:48:27.571,24.66,25.0,1.0,0.08,0.05,100,100,10.28,2.28,100.0,0.06,0.154,0.014
1759157312571,2025-09-29 22:48:32.571,23.36,25.0,1.0,0.08,0.05,100,100,8.32,0.34,100.0,-0.39,0.125,0.053
1759157317571,2025-09-29 22:48:37.571,23.32,25.0,1.0,0.08,0.05,100,100,9.65,1.64,100.0,0.26,0.145,0.027
1759157322571,2025-09-29 22:48:42.571,25.55,25.0,1.0,0.08,0.05,100,100,9.68,1.68,100.0,0.01,0.145,0.026
1759157327571,2025-09-29 22:48:47.571,25.95,25.0,1.0,0.08,0.05,100,100,7.21,-0.55,97.27,-0.44,0.108,0.071
1759157332571,2025-09-29 22:48:52.571,26.8,25.0,1.0,0.08,0.05,100,100,6.44,-0.95,92.5,-0.08,0.097,0.079
1759157337571,2025-09-29 22:48:57.571,27.27,25.0,1.0,0.08,0.05,100,100,4.87,-1.8,83.49,-0.17,0.073,0.096
1759157342571,2025-09-29 22:49:02.571,23.56,25.0,1.0,0.08,0.05,100,100,3.49,-2.27,72.13,-0.09,0.052,0.105
1759157347571,2025-09-29 22:49:07.571,22.95,25.0,1.0,0.08,0.05,100,100,7.83,1.44,79.34,0.74,0.117,0.031
1759157352571,2025-09-29 22:49:12.571,22.86,25.0,1.0,0.08,0.05,100,100,9.23,2.05,89.6,0.12,0.138,0.019
1759157357571,2025-09-29 22:49:17.571,22.45,25.0,1.0,0.08,0.05,100,100,10.14,2.14,100.0,0.02,0.152,0.017
1759157362571,2025-09-29 22:49:22.571,23.41,25.0,1.0,0.08,0.05,100,100,10.55,2.55,100.0,0.08,0.158,0.009
1759157367571,2025-09-29 22:49:27.571,21.54,25.0,1.0,0.08,0.05,100,100,9.58,1.59,100.0,-0.19,0.144,0.028
1759157372571,2025-09-29 22:49:32.571,20.36,25.0,1.0,0.08,0.05,100,100,11.48,3.46,100.0,0.38,0.172,-0.009
1759157377571,2025-09-29 22:49:37.571,16.27,25.0,1.0,0.08,0.05,100,100,12.65,4.64,100.0,0.24,0.19,-0.033
1759157382571,2025-09-29 22:49:42.571,18.07,25.0,1.0,0.08,0.05,100,100,16.78,8.73,100.0,0.82,0.252,-0.115
1759157387571,2025-09-29 22:49:47.571,17.99,25.0,1.0,0.08,0.05,100,100,14.91,6.93,100.0,-0.36,0.224,-0.079
1759157392571,2025-09-29 22:49:52.571,17.63,25.0,1.0,0.08,0.05,100,100,15.01,7.01,100.0,0.02,0.225,-0.08
1759157397571,2025-09-29 22:49:57.571,18.53,25.0,1.0,0.08,0.05,100,100,15.37,7.37,100.0,0.07,0.231,-0.087
1759157402571,2025-09-29 22:50:02.571,15.25,25.0,1.0,0.08,0.05,100,100,14.46,6.47,100.0,-0.18,0.217,-0.069
1759157407571,2025-09-29 22:50:07.571,17.18,25.0,1.0,0.08,0.05,100,100,17.78,9.75,100.0,0.66,0.267,-0.135
1759157412571,2025-09-29 22:50:12.571,15.59,25.0,1.0,0.08,0.05,100,100,15.8,7.82,100.0,-0.39,0.237,-0.096
1759157417571,2025-09-29 22:50:17.571,17.47,25.0,1.0,0.08,0.05,100,100,17.42,9.41,100.0,0.32,0.261,-0.128
1759157422571,2025-09-29 22:50:22.571,17.75,25.0,1.0,0.08,0.05,100,100,15.51,7.53,100.0,-0.38,0.233,-0.091
1759157427571,2025-09-29 22:50:27.571,15.48,25.0,1.0,0.08,0.05,100,100,15.25,7.25,100.0,-0.05,0.229,-0.085
1759157432571,2025-09-29 22:50:32.571,15.27,25.0,1.0,0.08,0.05,100,100,17.54,9.52,100.0,0.45,0.263,-0.13
1759157437571,2025-09-29 22:50:37.571,15.92,25.0,1.0,0.08,0.05,100,100,17.73,9.73,100.0,0.04,0.266,-0.135
1759157442571,2025-09-29 22:50:42.571,16.61,25.0,1.0,0.08,0.05,100,100,17.08,9.08,100.0,-0.13,0.256,-0.122
1759157447571,2025-09-29 22:50:47.571,17.31,25.0,1.0,0.08,0.05,100,100,16.38,8.39,100.0,-0.14,0.246,-0.108
1759157452571,2025-09-29 22:50:52.571,15.53,25.0,1.0,0.08,0.05,100,100,15.68,7.69,100.0,-0.14,0.235,-0.094
1759157457571,2025-09-29 22:50:57.571,16.95,25.0,1.0,0.08,0.05,100,100,17.49,9.47,100.0,0.36,0.262,-0.129
1759157462571,2025-09-29 22:51:02.571,16.17,25.0,1.0,0.08,0.05,100,100,16.03,8.05,100.0,-0.28,0.241,-0.101
1759157467571,2025-09-29 22:51:07.571,14.57,25.0,1.0,0.08,0.05,100,100,16.83,8.83,100.0,0.16,0.253,-0.117
1759157472571,2025-09-29 22:51:12.571,14.22,25.0,1.0,0.08,0.05,100,100,18.44,10.43,100.0,0.32,0.277,-0.149
1759157477571,2025-09-29 22:51:17.571,15.1,25.0,1.0,0.08,0.05,100,100,18.78,10.78,100.0,0.07,0.282,-0.156
1759157482571,2025-09-29 22:51:22.571,15.37,25.0,1.0,0.08,0.05,100,100,17.89,9.9,100.0,-0.18,0.268,-0.138
1759157487571,2025-09-29 22:51:27.571,15.73,25.0,1.0,0.08,0.05,100,100,17.63,9.63,100.0,-0.05,0.264,-0.133
1759157492571,2025-09-29 22:51:32.571,14.91,25.0,1.0,0.08,0.05,100,100,17.27,9.27,100.0,-0.07,0.259,-0.125
1759157497571,2025-09-29 22:51:37.571,17.85,25.0,1.0,0.08,0.05,100,100,18.1,10.09,100.0,0.16,0.272,-0.142
1759157502571,2025-09-29 22:51:42.571,15.22,25.0,1.0,0.08,0.05,100,100,15.12,7.15,100.0,-0.59,0.227,-0.083
1759157507571,2025-09-29 22:51:47.571,15.08,25.0,1.0,0.08,0.05,100,100,17.8,9.78,100.0,0.53,0.267,-0.136
1759157512571,2025-09-29 22:51:52.571,16.11,25.0,1.0,0.08,0.05,100,100,17.92,9.92,100.0,0.03,0.269,-0.138
1759157517571,2025-09-29 22:51:57.571,16.02,25.0,1.0,0.08,0.05,100,100,16.88,8.89,100.0,-0.21,0.253,-0.118
1759157522571,2025-09-29 22:52:02.571,16.48,25.0,1.0,0.08,0.05,100,100,16.98,8.98,100.0,0.02,0.255,-0.12
1759157527571,2025-09-29 22:52:07.571,17.68,25.0,1.0,0.08,0.05,100,100,16.51,8.52,100.0,-0.09,0.248,-0.11
1759157532571,2025-09-29 22:52:12.571,17.8,25.0,1.0,0.08,0.05,100,100,15.31,7.32,100.0,-0.24,0.23,-0.086
1759157537571,2025-09-29 22:52:17.571,21.01,25.0,1.0,0.08,0.05,100,100,15.2,7.2,100.0,-0.02,0.228,-0.084
1759157542571,2025-09-29 22:52:22.571,20.42,25.0,1.0,0.08,0.05,100,100,11.96,3.99,100.0,-0.64,0.179,-0.02
1759157547571,2025-09-29 22:52:27.571,20.96,25.0,1.0,0.08,0.05,100,100,12.58,4.58,100.0,0.12,0.189,-0.032
1759157552571,2025-09-29 22:52:32.571,20.59,25.0,1.0,0.08,0.05,100,100,12.03,4.04,100.0,-0.11,0.18,-0.021
1759157557571,2025-09-29 22:52:37.571,20.44,25.0,1.0,0.08,0.05,100,100,12.41,4.41,100.0,0.07,0.186,-0.028
1759157562571,2025-09-29 22:52:42.571,21.39,25.0,1.0,0.08,0.05,100,100,12.56,4.56,100.0,0.03,0.188,-0.031
1759157567571,2025-09-29 22:52:47.571,18.52,25.0,1.0,0.08,0.05,100,100,11.6,3.61,100.0,-0.19,0.174,-0.012
1759157572571,2025-09-29 22:52:52.571,18.93,25.0,1.0,0.08,0.05,100,100,14.51,6.48,100.0,0.57,0.218,-0.07
1759157577571,2025-09-29 22:52:57.571,22.41,25.0,1.0,0.08,0.05,100,100,14.06,6.07,100.0,-0.08,0.211,-0.061
1759157582571,2025-09-29 22:53:02.571,22.96,25.0,1.0,0.08,0.05,100,100,10.56,2.59,100.0,-0.7,0.158,0.008
1759157587571,2025-09-29 22:53:07.571,22.48,25.0,1.0,0.08,0.05,100,100,10.04,2.04,100.0,-0.11,0.151,0.019
1759157592571,2025-09-29 22:53:12.571,22.19,25.0,1.0,0.08,0.05,100,100,10.52,2.52,100.0,0.09,0.158,0.01
1759157597571,2025-09-29 22:53:17.571,21.2,25.0,1.0,0.08,0.05,100,100,10.82,2.81,100.0,0.06,0.162,0.004
1759157602571,2025-09-29 22:53:22.571,22.91,25.0,1.0,0.08,0.05,100,100,11.81,3.8,100.0,0.2,0.177,-0.016
1759157607571,2025-09-29 22:53:27.571,19.87,25.0,1.0,0.08,0.05,100,100,10.07,2.09,100.0,-0.34,0.151,0.018
1759157612571,2025-09-29 22:53:32.571,18.95,25.0,1.0,0.08,0.05,100,100,13.16,5.13,100.0,0.61,0.197,-0.043
1759157617571,2025-09-29 22:53:37.571,19.95,25.0,1.0,0.08,0.05,100,100,14.06,6.05,100.0,0.18,0.211,-0.061
1759157622571,2025-09-29 22:53:42.571,19.37,25.0,1.0,0.08,0.05,100,100,13.04,5.05,100.0,-0.2,0.196,-0.041
1759157627571,2025-09-29 22:53:47.571,20.93,25.0,1.0,0.08,0.05,100,100,13.64,5.63,100.0,0.12,0.205,-0.053
1759157632571,2025-09-29 22:53:52.571,19.02,25.0,1.0,0.08,0.05,100,100,12.05,4.07,100.0,-0.31,0.181,-0.021
1759157637571,2025-09-29 22:53:57.571,19.07,25.0,1.0,0.08,0.05,100,100,14.0,5.98,100.0,0.38,0.21,-0.06
1759157642571,2025-09-29 22:54:02.571,18.61,25.0,1.0,0.08,0.05,100,100,13.93,5.93,100.0,-0.01,0.209,-0.059
1759157647571,2025-09-29 22:54:07.571,18.99,25.0,1.0,0.08,0.05,100,100,14.4,6.39,100.0,0.09,0.216,-0.068
1759157652571,2025-09-29 22:54:12.571,20.23,25.0,1.0,0.08,0.05,100,100,14.01,6.01,100.0,-0.08,0.21,-0.06
1759157657571,2025-09-29 22:54:17.571,20.15,25.0,1.0,0.08,0.05,100,100,12.76,4.77,100.0,-0.25,0.191,-0.035
1759157662571,2025-09-29 22:54:22.571,19.58,25.0,1.0,0.08,0.05,100,100,12.85,4.85,100.0,0.01,0.193,-0.037
1759157667571,2025-09-29 22:54:27.571,19.23,25.0,1.0,0.08,0.05,100,100,13.42,5.42,100.0,0.11,0.201,-0.048
1759157672571,2025-09-29 22:54:32.571,17.51,25.0,1.0,0.08,0.05,100,100,13.78,5.77,100.0,0.07,0.207,-0.055
1759157677571,2025-09-29 22:54:37.571,15.65,25.0,1.0,0.08,0.05,100,100,15.51,7.49,100.0,0.34,0.233,-0.09
1759157682571,2025-09-29 22:54:42.571,15.82,25.0,1.0,0.08,0.05,100,100,17.37,9.35,100.0,0.37,0.261,-0.127
1759157687571,2025-09-29 22:54:47.571,16.21,25.0,1.0,0.08,0.05,100,100,17.18,9.18,100.0,-0.03,0.258,-0.124
1759157692571,2025-09-29 22:54:52.571,17.3,25.0,1.0,0.08,0.05,100,100,16.79,8.79,100.0,-0.08,0.252,-0.116
1759157697571,2025-09-29 22:54:57.571,16.03,25.0,1.0,0.08,0.05,100,100,15.69,7.7,100.0,-0.22,0.235,-0.094
1759157702571,2025-09-29 22:55:02.571,15.98,25.0,1.0,0.08,0.05,100,100,16.98,8.97,100.0,0.25,0.255,-0.119
1759157707571,2025-09-29 22:55:07.571,14.25,25.0,1.0,0.08,0.05,100,100,17.02,9.02,100.0,0.01,0.255,-0.12
1759157712571,2025-09-29 22:55:12.571,16.15,25.0,1.0,0.08,0.05,100,100,18.76,10.75,100.0,0.35,0.281,-0.155
1759157717571,2025-09-29 22:55:17.571,17.14,25.0,1.0,0.08,0.05,100,100,16.83,8.85,100.0,-0.38,0.252,-0.117
1759157722571,2025-09-29 22:55:22.571,14.14,25.0,1.0,0.08,0.05,100,100,15.85,7.86,100.0,-0.2,0.238,-0.097
1759157727571,2025-09-29 22:55:27.571,15.26,25.0,1.0,0.08,0.05,100,100,18.89,10.86,100.0,0.6,0.283,-0.157
1759157732571,2025-09-29 22:55:32.571,14.86,25.0,1.0,0.08,0.05,100,100,17.73,9.74,100.0,-0.22,0.266,-0.135
1759157737571,2025-09-29 22:55:37.571,13.64,25.0,1.0,0.08,0.05,100,100,18.14,10.14,100.0,0.08,0.272,-0.143
1759157742571,2025-09-29 22:55:42.571,13.76,25.0,1.0,0.08,0.05,100,100,19.38,11.36,100.0,0.24,0.291,-0.167
1759157747571,2025-09-29 22:55:47.571,15.22,25.0,1.0,0.08,0.05,100,100,19.24,11.24,100.0,-0.02,0.289,-0.165
1759157752571,2025-09-29 22:55:52.571,16.22,25.0,1.0,0.08,0.05,100,100,17.76,9.78,100.0,-0.29,0.266,-0.136
1759157757571,2025-09-29 22:55:57.571,16.39,25.0,1.0,0.08,0.05,100,100,16.77,8.78,100.0,-0.2,0.252,-0.116
1759157762571,2025-09-29 22:56:02.571,16.19,25.0,1.0,0.08,0.05,100,100,16.61,8.61,100.0,-0.03,0.249,-0.112
1759157767571,2025-09-29 22:56:07.571,16.55,25.0,1.0,0.08,0.05,100,100,16.81,8.81,100.0,0.04,0.252,-0.116
1759157772571,2025-09-29 22:56:12.571,13.94,25.0,1.0,0.08,0.05,100,100,16.44,8.45,100.0,-0.07,0.247,-0.109
1759157777571,2025-09-29 22:56:17.571,13.03,25.0,1.0,0.08,0.05,100,100,19.08,11.06,100.0,0.52,0.286,-0.161
1759157782571,2025-09-29 22:56:22.571,11.81,25.0,1.0,0.08,0.05,100,100,19.98,11.97,100.0,0.18,0.3,-0.179
1759157787571,2025-09-29 22:56:27.571,10.57,25.0,1.0,0.08,0.05,100,100,21.2,13.19,100.0,0.24,0.318,-0.204
1759157792571,2025-09-29 22:56:32.571,5.67,25.0,1.0,0.08,0.05,100,100,22.44,14.43,100.0,0.25,0.337,-0.229
1759157797571,2025-09-29 22:56:37.571,7.17,25.0,1.0,0.08,0.05,100,100,27.38,19.33,100.0,0.98,0.411,-0.327
1759157802571,2025-09-29 22:56:42.571,9.88,25.0,1.0,0.08,0.05,100,100,25.81,17.83,100.0,-0.3,0.387,-0.297
1759157807571,2025-09-29 22:56:47.571,9.67,25.0,1.0,0.08,0.05,100,100,23.09,15.12,100.0,-0.54,0.346,-0.242
1759157812571,2025-09-29 22:56:52.571,8.04,25.0,1.0,0.08,0.05,100,100,23.33,15.33,100.0,0.04,0.35,-0.247
1759157817571,2025-09-29 22:56:57.571,7.62,25.0,1.0,0.08,0.05,100,100,24.97,16.96,100.0,0.33,0.375,-0.279
1759157822571,2025-09-29 22:57:02.571,8.72,25.0,1.0,0.08,0.05,100,100,25.38,17.38,100.0,0.08,0.381,-0.288
1759157827571,2025-09-29 22:57:07.571,8.93,25.0,1.0,0.08,0.05,100,100,24.27,16.28,100.0,-0.22,0.364,-0.266
1759157832571,2025-09-29 22:57:12.571,11.75,25.0,1.0,0.08,0.05,100,100,24.07,16.07,100.0,-0.04,0.361,-0.261
1759157837571,2025-09-29 22:57:17.571,14.19,25.0,1.0,0.08,0.05,100,100,21.22,13.25,100.0,-0.56,0.318,-0.205
1759157842571,2025-09-29 22:57:22.571,15.32,25.0,1.0,0.08,0.05,100,100,18.78,10.81,100.0,-0.49,0.282,-0.156
1759157847571,2025-09-29 22:57:27.571,12.14,25.0,1.0,0.08,0.05,100,100,17.67,9.68,100.0,-0.22,0.265,-0.134
1759157852571,2025-09-29 22:57:32.571,12.67,25.0,1.0,0.08,0.05,100,100,20.9,12.86,100.0,0.64,0.313,-0.197
1759157857571,2025-09-29 22:57:37.571,13.97,25.0,1.0,0.08,0.05,100,100,20.33,12.33,100.0,-0.11,0.305,-0.187
1759157862571,2025-09-29 22:57:42.571,15.4,25.0,1.0,0.08,0.05,100,100,19.01,11.03,100.0,-0.26,0.285,-0.161
1759157867571,2025-09-29 22:57:47.571,16.41,25.0,1.0,0.08,0.05,100,100,17.59,9.6,100.0,-0.28,0.264,-0.132
1759157872571,2025-09-29 22:57:52.571,13.71,25.0,1.0,0.08,0.05,100,100,16.58,8.59,100.0,-0.2,0.249,-0.112
1759157877571,2025-09-29 22:57:57.571,10.8,25.0,1.0,0.08,0.05,100,100,19.32,11.29,100.0,0.54,0.29,-0.166
1759157882571,2025-09-29 22:58:02.571,9.52,25.0,1.0,0.08,0.05,100,100,22.23,14.2,100.0,0.58,0.333,-0.224
1759157887571,2025-09-29 22:58:07.571,10.14,25.0,1.0,0.08,0.05,100,100,23.49,15.48,100.0,0.26,0.352,-0.25
1759157892571,2025-09-29 22:58:12.571,9.52,25.0,1.0,0.08,0.05,100,100,22.86,14.86,100.0,-0.12,0.343,-0.237
1759157897571,2025-09-29 22:58:17.571,7.99,25.0,1.0,0.08,0.05,100,100,23.48,15.48,100.0,0.12,0.352,-0.25
1759157902571,2025-09-29 22:58:22.571,8.47,25.0,1.0,0.08,0.05,100,100,25.02,17.01,100.0,0.31,0.375,-0.28
1759157907571,2025-09-29 22:58:27.571,8.56,25.0,1.0,0.08,0.05,100,100,24.53,16.53,100.0,-0.09,0.368,-0.271
1759157912571,2025-09-29 22:58:32.571,9.5,25.0,1.0,0.08,0.05,100,100,24.44,16.44,100.0,-0.02,0.367,-0.269
1759157917571,2025-09-29 22:58:37.571,8.75,25.0,1.0,0.08,0.05,100,100,23.49,15.5,100.0,-0.19,0.352,-0.25
1759157922571,2025-09-29 22:58:42.571,10.68,25.0,1.0,0.08,0.05,100,100,24.26,16.25,100.0,0.15,0.364,-0.265
1759157927571,2025-09-29 22:58:47.571,10.08,25.0,1.0,0.08,0.05,100,100,22.3,14.32,100.0,-0.39,0.334,-0.226
1759157932571,2025-09-29 22:58:52.571,8.22,25.0,1.0,0.08,0.05,100,100,22.93,14.92,100.0,0.12,0.344,-0.238
1759157937571,2025-09-29 22:58:57.571,10.2,25.0,1.0,0.08,0.05,100,100,24.8,16.78,100.0,0.37,0.372,-0.276
1759157942571,2025-09-29 22:59:02.571,9.7,25.0,1.0,0.08,0.05,100,100,22.78,14.8,100.0,-0.4,0.342,-0.236
1759157947571,2025-09-29 22:59:07.571,10.13,25.0,1.0,0.08,0.05,100,100,23.31,15.3,100.0,0.1,0.35,-0.246
1759157952571,2025-09-29 22:59:12.571,10.15,25.0,1.0,0.08,0.05,100,100,22.87,14.87,100.0,-0.09,0.343,-0.237
1759157957571,2025-09-29 22:59:17.571,11.72,25.0,1.0,0.08,0.05,100,100,22.85,14.85,100.0,-0.0,0.343,-0.237
1759157962571,2025-09-29 22:59:22.571,14.01,25.0,1.0,0.08,0.05,100,100,21.26,13.28,100.0,-0.32,0.319,-0.206
1759157967571,2025-09-29 22:59:27.571,13.4,25.0,1.0,0.08,0.05,100,100,18.97,10.99,100.0,-0.46,0.285,-0.16
1759157972571,2025-09-29 22:59:32.571,13.5,25.0,1.0,0.08,0.05,100,100,19.61,11.6,100.0,0.12,0.294,-0.172
1759157977571,2025-09-29 22:59:37.571,12.46,25.0,1.0,0.08,0.05,100,100,19.5,11.5,100.0,-0.02,0.293,-0.17
1759157982571,2025-09-29 22:59:42.571,8.89,25.0,1.0,0.08,0.05,100,100,20.55,12.54,100.0,0.21,0.308,-0.191
1759157987571,2025-09-29 22:59:47.571,10.53,25.0,1.0,0.08,0.05,100,100,24.15,16.11,100.0,0.71,0.362,-0.262
1759157992571,2025-09-29 22:59:52.571,11.24,25.0,1.0,0.08,0.05,100,100,22.45,14.47,100.0,-0.33,0.337,-0.229
1759157997571,2025-09-29 22:59:57.571,8.51,25.0,1.0,0.08,0.05,100,100,21.75,13.76,100.0,-0.14,0.326,-0.215
1759158002571,2025-09-29 23:00:02.571,8.5,25.0,1.0,0.08,0.05,100,100,24.52,16.49,100.0,0.55,0.368,-0.27
1759158007571,2025-09-29 23:00:07.571,7.36,25.0,1.0,0.08,0.05,100,100,24.5,16.5,100.0,0.0,0.367,-0.27
1759158012571,2025-09-29 23:00:12.571,8.76,25.0,1.0,0.08,0.05,100,100,25.65,17.64,100.0,0.23,0.385,-0.293
1759158017571,2025-09-29 23:00:17.571,10.41,25.0,1.0,0.08,0.05,100,100,24.23,16.24,100.0,-0.28,0.363,-0.265
1759158022571,2025-09-29 23:00:22.571,12.28,25.0,1.0,0.08,0.05,100,100,22.57,14.59,100.0,-0.33,0.339,-0.232
1759158027571,2025-09-29 23:00:27.571,9.94,25.0,1.0,0.08,0.05,100,100,20.7,12.72,100.0,-0.37,0.311,-0.194
1759158032571,2025-09-29 23:00:32.571,9.93,25.0,1.0,0.08,0.05,100,100,23.09,15.06,100.0,0.47,0.346,-0.241
1759158037571,2025-09-29 23:00:37.571,10.13,25.0,1.0,0.08,0.05,100,100,23.07,15.07,100.0,0.0,0.346,-0.241
1759158042571,2025-09-29 23:00:42.571,11.54,25.0,1.0,0.08,0.05,100,100,22.86,14.87,100.0,-0.04,0.343,-0.237
1759158047571,2025-09-29 23:00:47.571,9.18,25.0,1.0,0.08,0.05,100,100,21.45,13.46,100.0,-0.28,0.322,-0.209
1759158052571,2025-09-29 23:00:52.571,6.35,25.0,1.0,0.08,0.05,100,100,23.85,15.82,100.0,0.47,0.358,-0.256
1759158057571,2025-09-29 23:00:57.571,9.18,25.0,1.0,0.08,0.05,100,100,26.68,18.65,100.0,0.57,0.4,-0.313
1759158062571,2025-09-29 23:01:02.571,7.31,25.0,1.0,0.08,0.05,100,100,23.79,15.82,100.0,-0.57,0.357,-0.256
1759158067571,2025-09-29 23:01:07.571,9.95,25.0,1.0,0.08,0.05,100,100,25.71,17.69,100.0,0.37,0.386,-0.294
1759158072571,2025-09-29 23:01:12.571,10.8,25.0,1.0,0.08,0.05,100,100,23.02,15.05,100.0,-0.53,0.345,-0.241
1759158077571,2025-09-29 23:01:17.571,11.34,25.0,1.0,0.08,0.05,100,100,22.19,14.2,100.0,-0.17,0.333,-0.224
1759158082571,2025-09-29 23:01:22.571,13.97,25.0,1.0,0.08,0.05,100,100,21.65,13.66,100.0,-0.11,0.325,-0.213
1759158087571,2025-09-29 23:01:27.571,15.19,25.0,1.0,0.08,0.05,100,100,19.0,11.03,100.0,-0.53,0.285,-0.161
1759158092571,2025-09-29 23:01:32.571,15.48,25.0,1.0,0.08,0.05,100,100,17.79,9.81,100.0,-0.24,0.267,-0.136
1759158097571,2025-09-29 23:01:37.571,16.3,25.0,1.0,0.08,0.05,100,100,17.52,9.52,100.0,-0.06,0.263,-0.13
1759158102571,2025-09-29 23:01:42.571,17.28,25.0,1.0,0.08,0.05,100,100,16.69,8.7,100.0,-0.16,0.25,-0.114
1759158107571,2025-09-29 23:01:47.571,18.91,25.0,1.0,0.08,0.05,100,100,15.72,7.72,100.0,-0.19,0.236,-0.094
1759158112571,2025-09-29 23:01:52.571,16.31,25.0,1.0,0.08,0.05,100,100,14.07,6.09,100.0,-0.33,0.211,-0.062
1759158117571,2025-09-29 23:01:57.571,16.66,25.0,1.0,0.08,0.05,100,100,16.71,8.69,100.0,0.52,0.251,-0.114
1759158122571,2025-09-29 23:02:02.571,16.16,25.0,1.0,0.08,0.05,100,100,16.34,8.34,100.0,-0.07,0.245,-0.107
1759158127571,2025-09-29 23:02:07.571,16.51,25.0,1.0,0.08,0.05,100,100,16.84,8.84,100.0,0.1,0.253,-0.117
1759158132571,2025-09-29 23:02:12.571,16.74,25.0,1.0,0.08,0.05,100,100,16.48,8.49,100.0,-0.07,0.247,-0.11
1759158137571,2025-09-29 23:02:17.571,15.23,25.0,1.0,0.08,0.05,100,100,16.26,8.26,100.0,-0.04,0.244,-0.105
1759158142571,2025-09-29 23:02:22.571,14.86,25.0,1.0,0.08,0.05,100,100,17.78,9.77,100.0,0.3,0.267,-0.135
1759158147571,2025-09-29 23:02:27.571,15.92,25.0,1.0,0.08,0.05,100,100,18.15,10.14,100.0,0.08,0.272,-0.143
1759158152571,2025-09-29 23:02:32.571,17.98,25.0,1.0,0.08,0.05,100,100,17.07,9.08,100.0,-0.21,0.256,-0.122
1759158157571,2025-09-29 23:02:37.571,19.1,25.0,1.0,0.08,0.05,100,100,15.0,7.02,100.0,-0.41,0.225,-0.08
1759158162571,2025-09-29 23:02:42.571,18.27,25.0,1.0,0.08,0.05,100,100,13.89,5.9,100.0,-0.22,0.208,-0.058
1759158167571,2025-09-29 23:02:47.571,17.47,25.0,1.0,0.08,0.05,100,100,14.73,6.73,100.0,0.17,0.221,-0.075
1759158172571,2025-09-29 23:02:52.571,17.51,25.0,1.0,0.08,0.05,100,100,15.54,7.53,100.0,0.16,0.233,-0.091
1759158177571,2025-09-29 23:02:57.571,18.07,25.0,1.0,0.08,0.05,100,100,15.49,7.49,100.0,-0.01,0.232,-0.09
1759158182571,2025-09-29 23:03:02.571,17.32,25.0,1.0,0.08,0.05,100,100,14.92,6.93,100.0,-0.11,0.224,-0.079
1759158187571,2025-09-29 23:03:07.571,16.01,25.0,1.0,0.08,0.05,100,100,15.69,7.68,100.0,0.15,0.235,-0.094
1759158192571,2025-09-29 23:03:12.571,16.73,25.0,1.0,0.08,0.05,100,100,17.0,8.99,100.0,0.26,0.255,-0.12
1759158197571,2025-09-29 23:03:17.571,17.18,25.0,1.0,0.08,0.05,100,100,16.27,8.27,100.0,-0.14,0.244,-0.105
1759158202571,2025-09-29 23:03:22.571,16.58,25.0,1.0,0.08,0.05,100,100,15.82,7.82,100.0,-0.09,0.237,-0.096
1759158207571,2025-09-29 23:03:27.571,15.53,25.0,1.0,0.08,0.05,100,100,16.42,8.42,100.0,0.12,0.246,-0.108
1759158212571,2025-09-29 23:03:32.571,16.29,25.0,1.0,0.08,0.05,100,100,17.48,9.47,100.0,0.21,0.262,-0.129
1759158217571,2025-09-29 23:03:37.571,12.93,25.0,1.0,0.08,0.05,100,100,16.71,8.71,100.0,-0.15,0.251,-0.114
1759158222571,2025-09-29 23:03:42.571,13.4,25.0,1.0,0.08,0.05,100,100,20.1,12.07,100.0,0.67,0.301,-0.181
1759158227571,2025-09-29 23:03:47.571,14.21,25.0,1.0,0.08,0.05,100,100,19.6,11.6,100.0,-0.09,0.294,-0.172
1759158232571,2025-09-29 23:03:52.571,13.65,25.0,1.0,0.08,0.05,100,100,18.78,10.79,100.0,-0.16,0.282,-0.156
1759158237571,2025-09-29 23:03:57.571,14.07,25.0,1.0,0.08,0.05,100,100,19.35,11.35,100.0,0.11,0.29,-0.167
1759158242571,2025-09-29 23:04:02.571,11.37,25.0,1.0,0.08,0.05,100,100,18.93,10.93,100.0,-0.08,0.284,-0.159
1759158247571,2025-09-29 23:04:07.571,12.96,25.0,1.0,0.08,0.05,100,100,21.66,13.63,100.0,0.54,0.325,-0.213
1759158252571,2025-09-29 23:04:12.571,11.73,25.0,1.0,0.08,0.05,100,100,20.02,12.04,100.0,-0.32,0.3,-0.181
1759158257571,2025-09-29 23:04:17.571,9.14,25.0,1.0,0.08,0.05,100,100,21.28,13.27,100.0,0.25,0.319,-0.205
1759158262571,2025-09-29 23:04:22.571,10.2,25.0,1.0,0.08,0.05,100,100,23.89,15.86,100.0,0.52,0.358,-0.257
1759158267571,2025-09-29 23:04:27.571,10.53,25.0,1.0,0.08,0.05,100,100,22.79,14.8,100.0,-0.21,0.342,-0.236
1759158272571,2025-09-29 23:04:32.571,12.09,25.0,1.0,0.08,0.05,100,100,22.47,14.47,100.0,-0.07,0.337,-0.229
1759158277571,2025-09-29 23:04:37.571,11.29,25.0,1.0,0.08,0.05,100,100,20.9,12.91,100.0,-0.31,0.313,-0.198
1759158282571,2025-09-29 23:04:42.571,9.86,25.0,1.0,0.08,0.05,100,100,21.72,13.71,100.0,0.16,0.326,-0.214
1759158287571,2025-09-29 23:04:47.571,9.38,25.0,1.0,0.08,0.05,100,100,23.16,15.14,100.0,0.29,0.347,-0.243
1759158292571,2025-09-29 23:04:52.571,11.02,25.0,1.0,0.08,0.05,100,100,23.63,15.62,100.0,0.1,0.354,-0.252
1759158297571,2025-09-29 23:04:57.571,12.7,25.0,1.0,0.08,0.05,100,100,21.96,13.98,100.0,-0.33,0.329,-0.22
1759158302571,2025-09-29 23:05:02.571,12.54,25.0,1.0,0.08,0.05,100,100,20.28,12.3,100.0,-0.34,0.304,-0.186
1759158307571,2025-09-29 23:05:07.571,15.08,25.0,1.0,0.08,0.05,100,100,20.46,12.46,100.0,0.03,0.307,-0.189
1759158312571,2025-09-29 23:05:12.571,15.9,25.0,1.0,0.08,0.05,100,100,17.9,9.92,100.0,-0.51,0.268,-0.138
1759158317571,2025-09-29 23:05:17.571,13.48,25.0,1.0,0.08,0.05,100,100,17.1,9.1,100.0,-0.16,0.256,-0.122
1759158322571,2025-09-29 23:05:22.571,13.88,25.0,1.0,0.08,0.05,100,100,19.55,11.52,100.0,0.48,0.293,-0.17
1759158327571,2025-09-29 23:05:27.571,13.61,25.0,1.0,0.08,0.05,100,100,19.11,11.12,100.0,-0.08,0.287,-0.162
1759158332571,2025-09-29 23:05:32.571,13.81,25.0,1.0,0.08,0.05,100,100,19.39,11.39,100.0,0.05,0.291,-0.168
1759158337571,2025-09-29 23:05:37.571,14.81,25.0,1.0,0.08,0.05,100,100,19.19,11.19,100.0,-0.04,0.288,-0.164
1759158342571,2025-09-29 23:05:42.571,13.43,25.0,1.0,0.08,0.05,100,100,18.18,10.19,100.0,-0.2,0.273,-0.144
1759158347571,2025-09-29 23:05:47.571,12.58,25.0,1.0,0.08,0.05,100,100,19.58,11.57,100.0,0.28,0.294,-0.171
1759158352571,2025-09-29 23:05:52.571,12.57,25.0,1.0,0.08,0.05,100,100,20.43,12.42,100.0,0.17,0.306,-0.188
1759158357571,2025-09-29 23:05:57.571,13.07,25.0,1.0,0.08,0.05,100,100,20.43,12.43,100.0,0.0,0.306,-0.189
1759158362571,2025-09-29 23:06:02.571,13.62,28.0,1.0,0.08,0.05,100,100,19.93,11.93,100.0,-0.1,0.299,-0.179
1759158367571,2025-09-29 23:06:07.571,14.13,28.0,1.0,0.08,0.05,100,100,22.41,14.38,100.0,0.49,0.336,-0.168
1759158372571,2025-09-29 23:06:12.571,14.46,28.0,1.0,0.08,0.05,100,100,21.87,13.87,100.0,-0.1,0.328,-0.157
1759158377571,2025-09-29 23:06:17.571,15.25,28.0,1.0,0.08,0.05,100,100,21.54,13.54,100.0,-0.07,0.323,-0.151
1759158382571,2025-09-29 23:06:22.571,18.47,28.0,1.0,0.08,0.05,100,100,20.74,12.75,100.0,-0.16,0.311,-0.135
1759158387571,2025-09-29 23:06:27.571,19.02,28.0,1.0,0.08,0.05,100,100,17.5,9.53,100.0,-0.64,0.262,-0.071
1759158392571,2025-09-29 23:06:32.571,21.53,28.0,1.0,0.08,0.05,100,100,16.98,8.98,100.0,-0.11,0.255,-0.06
1759158397571,2025-09-29 23:06:37.571,20.4,28.0,1.0,0.08,0.05,100,100,14.45,6.47,100.0,-0.5,0.217,-0.009
1759158402571,2025-09-29 23:06:42.571,20.53,28.0,1.0,0.08,0.05,100,100,15.62,7.6,100.0,0.23,0.234,-0.032
1759158407571,2025-09-29 23:06:47.571,21.0,28.0,1.0,0.08,0.05,100,100,15.47,7.47,100.0,-0.03,0.232,-0.029
1759158412571,2025-09-29 23:06:52.571,22.35,28.0,1.0,0.08,0.05,100,100,15.0,7.0,100.0,-0.09,0.225,-0.02
1759158417571,2025-09-29 23:06:57.571,23.6,28.0,1.0,0.08,0.05,100,100,13.63,5.65,100.0,-0.27,0.205,0.007
1759158422571,2025-09-29 23:07:02.571,22.39,28.0,1.0,0.08,0.05,100,100,12.39,4.4,100.0,-0.25,0.186,0.032
1759158427571,2025-09-29 23:07:07.571,25.15,28.0,1.0,0.08,0.05,100,100,13.63,5.61,100.0,0.24,0.204,0.008
1759158432571,2025-09-29 23:07:12.571,26.15,28.0,1.0,0.08,0.05,100,100,10.82,2.85,100.0,-0.55,0.162,0.063
1759158437571,2025-09-29 23:07:17.571,26.21,28.0,1.0,0.08,0.05,100,100,9.84,1.85,100.0,-0.2,0.148,0.083
1759158442571,2025-09-29 23:07:22.571,23.81,28.0,1.0,0.08,0.05,100,100,9.79,1.79,100.0,-0.01,0.147,0.084
1759158447571,2025-09-29 23:07:27.571,22.22,28.0,1.0,0.08,0.05,100,100,12.21,4.19,100.0,0.48,0.183,0.036
1759158452571,2025-09-29 23:07:32.571,24.79,28.0,1.0,0.08,0.05,100,100,13.8,5.78,100.0,0.32,0.207,0.004
1759158457571,2025-09-29 23:07:37.571,24.88,28.0,1.0,0.08,0.05,100,100,11.18,3.21,100.0,-0.52,0.168,0.056
1759158462571,2025-09-29 23:07:42.571,23.39,28.0,1.0,0.08,0.05,100,100,11.12,3.12,100.0,-0.02,0.167,0.058
1759158467571,2025-09-29 23:07:47.571,25.08,28.0,1.0,0.08,0.05,100,100,12.62,4.61,100.0,0.3,0.189,0.028
1759158472571,2025-09-29 23:07:52.571,25.24,28.0,1.0,0.08,0.05,100,100,10.91,2.92,100.0,-0.34,0.164,0.062
1759158477571,2025-09-29 23:07:57.571,23.65,28.0,1.0,0.08,0.05,100,100,10.76,2.76,100.0,-0.03,0.161,0.065
1759158482571,2025-09-29 23:08:02.571,22.74,28.0,1.0,0.08,0.05,100,100,12.37,4.35,100.0,0.32,0.185,0.033
1759158487571,2025-09-29 23:08:07.571,23.5,28.0,1.0,0.08,0.05,100,100,13.27,5.26,100.0,0.18,0.199,0.015
1759158492571,2025-09-29 23:08:12.571,24.53,28.0,1.0,0.08,0.05,100,100,12.49,4.5,100.0,-0.15,0.187,0.03
1759158497571,2025-09-29 23:08:17.571,23.12,28.0,1.0,0.08,0.05,100,100,11.46,3.47,100.0,-0.21,0.172,0.051
1759158502571,2025-09-29 23:08:22.571,21.89,28.0,1.0,0.08,0.05,100,100,12.89,4.88,100.0,0.28,0.193,0.022
1759158507571,2025-09-29 23:08:27.571,22.99,28.0,1.0,0.08,0.05,100,100,14.12,6.11,100.0,0.25,0.212,-0.002
1759158512571,2025-09-29 23:08:32.571,23.1,28.0,1.0,0.08,0.05,100,100,12.99,5.01,100.0,-0.22,0.195,0.02
1759158517571,2025-09-29 23:08:37.571,21.06,28.0,1.0,0.08,0.05,100,100,12.9,4.9,100.0,-0.02,0.194,0.022
1759158522571,2025-09-29 23:08:42.571,20.82,28.0,1.0,0.08,0.05,100,100,14.96,6.94,100.0,0.41,0.224,-0.019
1759158527571,2025-09-29 23:08:47.571,20.6,28.0,1.0,0.08,0.05,100,100,15.19,7.18,100.0,0.05,0.228,-0.024
1759158532571,2025-09-29 23:08:52.571,20.7,28.0,1.0,0.08,0.05,100,100,15.4,7.4,100.0,0.04,0.231,-0.028
1759158537571,2025-09-29 23:08:57.571,22.3,28.0,1.0,0.08,0.05,100,100,15.3,7.3,100.0,-0.02,0.23,-0.026
1759158542571,2025-09-29 23:09:02.571,23.57,28.0,1.0,0.08,0.05,100,100,13.68,5.7,100.0,-0.32,0.205,0.006
1759158547571,2025-09-29 23:09:07.571,22.87,28.0,1.0,0.08,0.05,100,100,12.42,4.43,100.0,-0.25,0.186,0.031
1759158552571,2025-09-29 23:09:12.571,22.13,28.0,1.0,0.08,0.05,100,100,13.13,5.13,100.0,0.14,0.197,0.017
1759158557571,2025-09-29 23:09:17.571,24.49,28.0,1.0,0.08,0.05,100,100,13.88,5.87,100.0,0.15,0.208,0.003
1759158562571,2025-09-29 23:09:22.571,24.99,28.0,1.0,0.08,0.05,100,100,11.48,3.51,100.0,-0.47,0.172,0.05
1759158567571,2025-09-29 23:09:27.571,27.67,28.0,1.0,0.08,0.05,100,100,11.0,3.01,100.0,-0.1,0.165,0.06
1759158572571,2025-09-29 23:09:32.571,25.32,28.0,1.0,0.08,0.05,100,100,8.3,0.33,100.0,-0.54,0.125,0.113
1759158577571,2025-09-29 23:09:37.571,26.58,28.0,1.0,0.08,0.05,100,100,10.7,2.68,100.0,0.47,0.161,0.066
1759158582571,2025-09-29 23:09:42.571,24.71,28.0,1.0,0.08,0.05,100,100,9.41,1.42,100.0,-0.25,0.141,0.092
1759158587571,2025-09-29 23:09:47.571,23.14,28.0,1.0,0.08,0.05,100,100,11.31,3.29,100.0,0.37,0.17,0.054
1759158592571,2025-09-29 23:09:52.571,21.05,28.0,1.0,0.08,0.05,100,100,12.88,4.86,100.0,0.31,0.193,0.023
1759158597571,2025-09-29 23:09:57.571,20.51,28.0,1.0,0.08,0.05,100,100,14.97,6.95,100.0,0.42,0.225,-0.019
1759158602571,2025-09-29 23:10:02.571,18.26,28.0,1.0,0.08,0.05,100,100,15.5,7.49,100.0,0.11,0.232,-0.03
1759158607571,2025-09-29 23:10:07.571,18.17,28.0,1.0,0.08,0.05,100,100,17.76,9.74,100.0,0.45,0.266,-0.075
1759158612571,2025-09-29 23:10:12.571,18.11,28.0,1.0,0.08,0.05,100,100,17.83,9.83,100.0,0.02,0.267,-0.077
1759158617571,2025-09-29 23:10:17.571,17.83,28.0,1.0,0.08,0.05,100,100,17.89,9.89,100.0,0.01,0.268,-0.078
1759158622571,2025-09-29 23:10:22.571,20.3,28.0,1.0,0.08,0.05,100,100,18.18,10.17,100.0,0.06,0.273,-0.083
1759158627571,2025-09-29 23:10:27.571,23.3,28.0,1.0,0.08,0.05,100,100,15.68,7.7,100.0,-0.49,0.235,-0.034
1759158632571,2025-09-29 23:10:32.571,23.22,28.0,1.0,0.08,0.05,100,100,12.67,4.7,100.0,-0.6,0.19,0.026
1759158637571,2025-09-29 23:10:37.571,24.59,28.0,1.0,0.08,0.05,100,100,12.78,4.78,100.0,0.02,0.192,0.024
1759158642571,2025-09-29 23:10:42.571,25.79,28.0,1.0,0.08,0.05,100,100,11.39,3.41,100.0,-0.27,0.171,0.052
1759158647571,2025-09-29 23:10:47.571,24.49,28.0,1.0,0.08,0.05,100,100,10.2,2.21,100.0,-0.24,0.153,0.076
1759158652571,2025-09-29 23:10:52.571,24.47,28.0,1.0,0.08,0.05,100,100,11.52,3.51,100.0,0.26,0.173,0.05
1759158657571,2025-09-29 23:10:57.571,23.87,28.0,1.0,0.08,0.05,100,100,11.53,3.53,100.0,0.0,0.173,0.049
1759158662571,2025-09-29 23:11:02.571,23.26,28.0,1.0,0.08,0.05,100,100,12.14,4.13,100.0,0.12,0.182,0.037
1759158667571,2025-09-29 23:11:07.571,22.37,28.0,1.0,0.08,0.05,100,100,12.74,4.74,100.0,0.12,0.191,0.025
1759158672571,2025-09-29 23:11:12.571,22.44,28.0,1.0,0.08,0.05,100,100,13.64,5.63,100.0,0.18,0.205,0.007
1759158677571,2025-09-29 23:11:17.571,24.64,28.0,1.0,0.08,0.05,100,100,13.56,5.56,100.0,-0.01,0.203,0.009
1759158682571,2025-09-29 23:11:22.571,24.56,28.0,1.0,0.08,0.05,100,100,11.34,3.36,100.0,-0.44,0.17,0.053
1759158687571,2025-09-29 23:11:27.571,23.73,28.0,1.0,0.08,0.05,100,100,11.44,3.44,100.0,0.02,0.172,0.051
1759158692571,2025-09-29 23:11:32.571,22.45,28.0,1.0,0.08,0.05,100,100,12.28,4.27,100.0,0.17,0.184,0.035
1759158697571,2025-09-29 23:11:37.571,21.34,28.0,1.0,0.08,0.05,100,100,13.56,5.55,100.0,0.26,0.203,0.009
1759158702571,2025-09-29 23:11:42.571,22.54,28.0,1.0,0.08,0.05,100,100,14.67,6.66,100.0,0.22,0.22,-0.013
1759158707571,2025-09-29 23:11:47.571,21.01,28.0,1.0,0.08,0.05,100,100,13.45,5.46,100.0,-0.24,0.202,0.011
1759158712571,2025-09-29 23:11:52.571,19.9,28.0,1.0,0.08,0.05,100,100,15.0,6.99,100.0,0.31,0.225,-0.02
1759158717571,2025-09-29 23:11:57.571,20.55,28.0,1.0,0.08,0.05,100,100,16.11,8.1,100.0,0.22,0.242,-0.042
1759158722571,2025-09-29 23:12:02.571,20.76,28.0,1.0,0.08,0.05,100,100,15.45,7.45,100.0,-0.13,0.232,-0.029
1759158727571,2025-09-29 23:12:07.571,19.05,28.0,1.0,0.08,0.05,100,100,15.24,7.24,100.0,-0.04,0.229,-0.025
1759158732571,2025-09-29 23:12:12.571,18.13,28.0,1.0,0.08,0.05,100,100,16.96,8.95,100.0,0.34,0.254,-0.059
1759158737571,2025-09-29 23:12:17.571,20.38,28.0,1.0,0.08,0.05,100,100,17.88,9.87,100.0,0.18,0.268,-0.077
1759158742571,2025-09-29 23:12:22.571,20.67,28.0,1.0,0.08,0.05,100,100,15.59,7.62,100.0,-0.45,0.234,-0.032
1759158747571,2025-09-29 23:12:27.571,18.46,28.0,1.0,0.08,0.05,100,100,15.33,7.33,100.0,-0.06,0.23,-0.027
1759158752571,2025-09-29 23:12:32.571,15.33,28.0,1.0,0.08,0.05,100,100,17.56,9.54,100.0,0.44,0.263,-0.071
1759158757571,2025-09-29 23:12:37.571,15.65,28.0,1.0,0.08,0.05,100,100,20.7,12.67,100.0,0.63,0.31,-0.133
1759158762571,2025-09-29 23:12:42.571,16.72,28.0,1.0,0.08,0.05,100,100,20.35,12.35,100.0,-0.06,0.305,-0.127
1759158767571,2025-09-29 23:12:47.571,19.08,28.0,1.0,0.08,0.05,100,100,19.27,11.28,100.0,-0.21,0.289,-0.106
1759158772571,2025-09-29 23:12:52.571,18.55,28.0,1.0,0.08,0.05,100,100,16.9,8.92,100.0,-0.47,0.253,-0.058
1759158777571,2025-09-29 23:12:57.571,19.41,28.0,1.0,0.08,0.05,100,100,17.45,9.45,100.0,0.11,0.262,-0.069
1759158782571,2025-09-29 23:13:02.571,21.73,28.0,1.0,0.08,0.05,100,100,16.58,8.59,100.0,-0.17,0.249,-0.052
1759158787571,2025-09-29 23:13:07.571,21.61,28.0,1.0,0.08,0.05,100,100,14.25,6.27,100.0,-0.46,0.214,-0.005
1759158792571,2025-09-29 23:13:12.571,20.91,28.0,1.0,0.08,0.05,100,100,14.39,6.39,100.0,0.02,0.216,-0.008
1759158797571,2025-09-29 23:13:17.571,23.41,28.0,1.0,0.08,0.05,100,100,15.1,7.09,100.0,0.14,0.226,-0.022
1759158802571,2025-09-29 23:13:22.571,25.04,28.0,1.0,0.08,0.05,100,100,12.57,4.59,100.0,-0.5,0.188,0.028
1759158807571,2025-09-29 23:13:27.571,24.57,28.0,1.0,0.08,0.05,100,100,10.94,2.96,100.0,-0.33,0.164,0.061
1759158812571,2025-09-29 23:13:32.571,23.93,28.0,1.0,0.08,0.05,100,100,11.43,3.43,100.0,0.09,0.171,0.051
1759158817571,2025-09-29 23:13:37.571,21.89,28.0,1.0,0.08,0.05,100,100,12.07,4.07,100.0,0.13,0.181,0.039
1759158822571,2025-09-29 23:13:42.571,21.04,28.0,1.0,0.08,0.05,100,100,14.13,6.11,100.0,0.41,0.212,-0.002
1759158827571,2025-09-29 23:13:47.571,20.59,28.0,1.0,0.08,0.05,100,100,14.96,6.96,100.0,0.17,0.224,-0.019
1759158832571,2025-09-29 23:13:52.571,26.2,28.0,1.0,0.08,0.05,100,100,15.41,7.41,100.0,0.09,0.231,-0.028
1759158837571,2025-09-29 23:13:57.571,26.31,28.0,1.0,0.08,0.05,100,100,9.75,1.8,100.0,-1.12,0.146,0.084
1759158842571,2025-09-29 23:14:02.571,25.27,28.0,1.0,0.08,0.05,100,100,9.69,1.69,100.0,-0.02,0.145,0.086
1759158847571,2025-09-29 23:14:07.571,24.57,28.0,1.0,0.08,0.05,100,100,10.74,2.73,100.0,0.21,0.161,0.065
1759158852571,2025-09-29 23:14:12.571,22.07,28.0,1.0,0.08,0.05,100,100,11.44,3.43,100.0,0.14,0.172,0.051
1759158857571,2025-09-29 23:14:17.571,18.37,28.0,1.0,0.08,0.05,100,100,13.96,5.93,100.0,0.5,0.209,0.001
1759158862571,2025-09-29 23:14:22.571,19.46,28.0,1.0,0.08,0.05,100,100,17.66,9.63,100.0,0.74,0.265,-0.073
1759158867571,2025-09-29 23:14:27.571,18.78,28.0,1.0,0.08,0.05,100,100,16.53,8.54,100.0,-0.22,0.248,-0.051
1759158872571,2025-09-29 23:14:32.571,21.44,28.0,1.0,0.08,0.05,100,100,17.22,9.22,100.0,0.13,0.258,-0.064
1759158877571,2025-09-29 23:14:37.571,23.21,28.0,1.0,0.08,0.05,100,100,14.53,6.56,100.0,-0.53,0.218,-0.011
1759158882571,2025-09-29 23:14:42.571,22.16,28.0,1.0,0.08,0.05,100,100,12.78,4.79,100.0,-0.35,0.192,0.024
1759158887571,2025-09-29 23:14:47.571,22.24,28.0,1.0,0.08,0.05,100,100,13.85,5.84,100.0,0.21,0.208,0.003
1759158892571,2025-09-29 23:14:52.571,22.91,28.0,1.0,0.08,0.05,100,100,13.76,5.76,100.0,-0.02,0.206,0.005
1759158897571,2025-09-29 23:14:57.571,22.09,28.0,1.0,0.08,0.05,100,100,13.09,5.09,100.0,-0.13,0.196,0.018
1759158902571,2025-09-29 23:15:02.571,23.49,28.0,1.0,0.08,0.05,100,100,13.92,5.91,100.0,0.16,0.209,0.002
1759158907571,2025-09-29 23:15:07.571,22.16,28.0,1.0,0.08,0.05,100,100,12.49,4.51,100.0,-0.28,0.187,0.03
1759158912571,2025-09-29 23:15:12.571,21.52,28.0,1.0,0.08,0.05,100,100,13.85,5.84,100.0,0.27,0.208,0.003
1759158917571,2025-09-29 23:15:17.571,22.48,28.0,1.0,0.08,0.05,100,100,14.48,6.48,100.0,0.13,0.217,-0.01
1759158922571,2025-09-29 23:15:22.571,21.07,28.0,1.0,0.08,0.05,100,100,13.51,5.52,100.0,-0.19,0.203,0.01
1759158927571,2025-09-29 23:15:27.571,20.18,28.0,1.0,0.08,0.05,100,100,14.95,6.93,100.0,0.28,0.224,-0.019
1759158932571,2025-09-29 23:15:32.571,20.17,28.0,1.0,0.08,0.05,100,100,15.82,7.82,100.0,0.18,0.237,-0.036
1759158937571,2025-09-29 23:15:37.571,17.44,28.0,1.0,0.08,0.05,100,100,15.83,7.83,100.0,0.0,0.237,-0.037
1759158942571,2025-09-29 23:15:42.571,19.36,28.0,1.0,0.08,0.05,100,100,18.59,10.56,100.0,0.55,0.279,-0.091
1759158947571,2025-09-29 23:15:47.571,16.84,28.0,1.0,0.08,0.05,100,100,16.62,8.64,100.0,-0.38,0.249,-0.053
1759158952571,2025-09-29 23:15:52.571,16.47,28.0,1.0,0.08,0.05,100,100,19.18,11.16,100.0,0.5,0.288,-0.103
1759158957571,2025-09-29 23:15:57.571,14.44,28.0,1.0,0.08,0.05,100,100,19.53,11.53,100.0,0.07,0.293,-0.111
1759158962571,2025-09-29 23:16:02.571,15.28,28.0,1.0,0.08,0.05,100,100,21.59,13.56,100.0,0.41,0.324,-0.151
1759158967571,2025-09-29 23:16:07.571,15.69,28.0,1.0,0.08,0.05,100,100,20.71,12.72,100.0,-0.17,0.311,-0.134
1759158972571,2025-09-29 23:16:12.571,18.85,28.0,1.0,0.08,0.05,100,100,20.3,12.31,100.0,-0.08,0.305,-0.126
1759158977571,2025-09-29 23:16:17.571,20.72,28.0,1.0,0.08,0.05,100,100,17.11,9.15,100.0,-0.63,0.257,-0.063
1759158982571,2025-09-29 23:16:22.571,21.48,28.0,1.0,0.08,0.05,100,100,15.26,7.28,100.0,-0.37,0.229,-0.026
1759158987571,2025-09-29 23:16:27.571,23.13,28.0,1.0,0.08,0.05,100,100,14.51,6.52,100.0,-0.15,0.218,-0.01
1759158992571,2025-09-29 23:16:32.571,24.88,28.0,1.0,0.08,0.05,100,100,12.86,4.87,100.0,-0.33,0.193,0.023
1759158997571,2025-09-29 23:16:37.571,24.11,28.0,1.0,0.08,0.05,100,100,11.1,3.12,100.0,-0.35,0.166,0.058
1759159002571,2025-09-29 23:16:42.571,22.34,28.0,1.0,0.08,0.05,100,100,11.9,3.89,100.0,0.15,0.178,0.042
1759159007571,2025-09-29 23:16:47.571,20.21,28.0,1.0,0.08,0.05,100,100,13.68,5.66,100.0,0.35,0.205,0.007
1759159012571,2025-09-29 23:16:52.571,21.98,28.0,1.0,0.08,0.05,100,100,15.82,7.79,100.0,0.43,0.237,-0.036
1759159017571,2025-09-29 23:16:57.571,23.13,28.0,1.0,0.08,0.05,100,100,14.0,6.02,100.0,-0.36,0.21,-0.0
1759159022571,2025-09-29 23:17:02.571,21.64,28.0,1.0,0.08,0.05,100,100,12.86,4.87,100.0,-0.23,0.193,0.023
1759159027571,2025-09-29 23:17:07.571,20.82,28.0,1.0,0.08,0.05,100,100,14.38,6.36,100.0,0.3,0.216,-0.007
1759159032571,2025-09-29 23:17:12.571,21.37,28.0,1.0,0.08,0.05,100,100,15.19,7.18,100.0,0.16,0.228,-0.024
1759159037571,2025-09-29 23:17:17.571,20.31,28.0,1.0,0.08,0.05,100,100,14.62,6.63,100.0,-0.11,0.219,-0.013
1759159042571,2025-09-29 23:17:22.571,19.23,28.0,1.0,0.08,0.05,100,100,15.7,7.69,100.0,0.21,0.236,-0.034
1759159047571,2025-09-29 23:17:27.571,18.45,28.0,1.0,0.08,0.05,100,100,16.78,8.77,100.0,0.22,0.252,-0.055
1759159052571,2025-09-29 23:17:32.571,19.53,28.0,1.0,0.08,0.05,100,100,17.56,9.55,100.0,0.15,0.263,-0.071
1759159057571,2025-09-29 23:17:37.571,21.41,28.0,1.0,0.08,0.05,100,100,16.46,8.47,100.0,-0.22,0.247,-0.049
1759159062571,2025-09-29 23:17:42.571,20.17,28.0,1.0,0.08,0.05,100,100,14.58,6.59,100.0,-0.38,0.219,-0.012
1759159067571,2025-09-29 23:17:47.571,17.69,28.0,1.0,0.08,0.05,100,100,15.84,7.83,100.0,0.25,0.238,-0.037
1759159072571,2025-09-29 23:17:52.571,17.34,28.0,1.0,0.08,0.05,100,100,18.33,10.31,100.0,0.5,0.275,-0.086
1759159077571,2025-09-29 23:17:57.571,16.45,28.0,1.0,0.08,0.05,100,100,18.66,10.66,100.0,0.07,0.28,-0.093
1759159082571,2025-09-29 23:18:02.571,15.89,28.0,1.0,0.08,0.05,100,100,19.56,11.55,100.0,0.18,0.293,-0.111
1759159087571,2025-09-29 23:18:07.571,15.32,28.0,1.0,0.08,0.05,100,100,20.11,12.11,100.0,0.11,0.302,-0.122
1759159092571,2025-09-29 23:18:12.571,13.42,28.0,1.0,0.08,0.05,100,100,20.68,12.68,100.0,0.11,0.31,-0.134
1759159097571,2025-09-29 23:18:17.571,13.51,28.0,1.0,0.08,0.05,100,100,22.6,14.58,100.0,0.38,0.339,-0.172
1759159102571,2025-09-29 23:18:22.571,13.74,28.0,1.0,0.08,0.05,100,100,22.49,14.49,100.0,-0.02,0.337,-0.17
1759159107571,2025-09-29 23:18:27.571,12.84,28.0,1.0,0.08,0.05,100,100,22.26,14.26,100.0,-0.05,0.334,-0.165
1759159112571,2025-09-29 23:18:32.571,11.41,28.0,1.0,0.08,0.05,100,100,23.17,15.16,100.0,0.18,0.348,-0.183
1759159117571,2025-09-29 23:18:37.571,9.27,28.0,1.0,0.08,0.05,100,100,24.61,16.59,100.0,0.29,0.369,-0.212
1759159122571,2025-09-29 23:18:42.571,8.83,28.0,1.0,0.08,0.05,100,100,26.75,18.73,100.0,0.43,0.401,-0.255
1759159127571,2025-09-29 23:18:47.571,10.7,28.0,1.0,0.08,0.05,100,100,27.17,19.17,100.0,0.09,0.408,-0.263
1759159132571,2025-09-29 23:18:52.571,6.74,28.0,1.0,0.08,0.05,100,100,25.29,17.3,100.0,-0.37,0.379,-0.226
1759159137571,2025-09-29 23:18:57.571,6.68,28.0,1.0,0.08,0.05,100,100,29.3,21.26,100.0,0.79,0.439,-0.305
1759159142571,2025-09-29 23:19:02.571,4.89,28.0,1.0,0.08,0.05,100,100,29.32,21.32,100.0,0.01,0.44,-0.306
1759159147571,2025-09-29 23:19:07.571,4.78,28.0,1.0,0.08,0.05,100,100,31.13,23.11,100.0,0.36,0.467,-0.342
1759159152571,2025-09-29 23:19:12.571,2.49,28.0,1.0,0.08,0.05,100,100,31.22,23.22,100.0,0.02,0.468,-0.344
1759159157571,2025-09-29 23:19:17.571,3.16,28.0,1.0,0.08,0.05,100,100,33.53,25.51,100.0,0.46,0.503,-0.39
1759159162571,2025-09-29 23:19:22.571,2.53,28.0,1.0,0.08,0.05,100,100,32.83,24.84,100.0,-0.14,0.492,-0.377
1759159167571,2025-09-29 23:19:27.571,3.51,28.0,1.0,0.08,0.05,100,100,33.47,25.47,100.0,0.13,0.502,-0.389
1759159172571,2025-09-29 23:19:32.571,3.11,28.0,1.0,0.08,0.05,100,100,32.48,24.49,100.0,-0.2,0.487,-0.37
1759159177571,2025-09-29 23:19:37.571,2.62,28.0,1.0,0.08,0.05,100,100,32.9,24.89,100.0,0.08,0.493,-0.378
1759159182571,2025-09-29 23:19:42.571,2.69,28.0,1.0,0.08,0.05,100,100,33.38,25.38,100.0,0.1,0.501,-0.388
1759159187571,2025-09-29 23:19:47.571,1.64,28.0,1.0,0.08,0.05,100,100,33.31,25.31,100.0,-0.01,0.5,-0.386
1759159192571,2025-09-29 23:19:52.571,4.37,28.0,1.0,0.08,0.05,100,100,34.37,26.36,100.0,0.21,0.516,-0.407
1759159197571,2025-09-29 23:19:57.571,4.48,28.0,1.0,0.08,0.05,100,100,31.61,23.63,100.0,-0.55,0.474,-0.353
1759159202571,2025-09-29 23:20:02.571,3.63,28.0,1.0,0.08,0.05,100,100,31.52,23.52,100.0,-0.02,0.473,-0.35
1759159207571,2025-09-29 23:20:07.571,3.52,28.0,1.0,0.08,0.05,100,100,32.38,24.37,100.0,0.17,0.486,-0.367
1759159212571,2025-09-29 23:20:12.571,1.97,28.0,1.0,0.08,0.05,100,100,32.48,24.48,100.0,0.02,0.487,-0.37
1759159217571,2025-09-29 23:20:17.571,4.32,28.0,1.0,0.08,0.05,100,100,34.05,26.03,100.0,0.31,0.511,-0.401
1759159222571,2025-09-29 23:20:22.571,7.32,28.0,1.0,0.08,0.05,100,100,31.66,23.68,100.0,-0.47,0.475,-0.354
1759159227571,2025-09-29 23:20:27.571,7.63,28.0,1.0,0.08,0.05,100,100,28.65,20.68,100.0,-0.6,0.43,-0.294
1759159232571,2025-09-29 23:20:32.571,8.63,28.0,1.0,0.08,0.05,100,100,28.36,20.37,100.0,-0.06,0.425,-0.287
1759159237571,2025-09-29 23:20:37.571,7.55,28.0,1.0,0.08,0.05,100,100,27.36,19.37,100.0,-0.2,0.41,-0.267
1759159242571,2025-09-29 23:20:42.571,7.2,28.0,1.0,0.08,0.05,100,100,28.46,20.45,100.0,0.22,0.427,-0.289
1759159247571,2025-09-29 23:20:47.571,7.44,28.0,1.0,0.08,0.05,100,100,28.81,20.8,100.0,0.07,0.432,-0.296
1759159252571,2025-09-29 23:20:52.571,5.65,28.0,1.0,0.08,0.05,100,100,28.55,20.56,100.0,-0.05,0.428,-0.291
1759159257571,2025-09-29 23:20:57.571,6.69,28.0,1.0,0.08,0.05,100,100,30.37,22.35,100.0,0.36,0.455,-0.327
1759159262571,2025-09-29 23:21:02.571,5.73,28.0,1.0,0.08,0.05,100,100,29.3,21.31,100.0,-0.21,0.44,-0.306
1759159267571,2025-09-29 23:21:07.571,7.06,28.0,1.0,0.08,0.05,100,100,30.28,22.27,100.0,0.19,0.454,-0.325
1759159272571,2025-09-29 23:21:12.571,9.38,28.0,1.0,0.08,0.05,100,100,28.93,20.94,100.0,-0.27,0.434,-0.299
1759159277571,2025-09-29 23:21:17.571,9.58,28.0,1.0,0.08,0.05,100,100,26.6,18.62,100.0,-0.46,0.399,-0.252
1759159282571,2025-09-29 23:21:22.571,9.55,28.0,1.0,0.08,0.05,100,100,26.42,18.42,100.0,-0.04,0.396,-0.248
1759159287571,2025-09-29 23:21:27.571,12.85,28.0,1.0,0.08,0.05,100,100,26.45,18.45,100.0,0.01,0.397,-0.249
1759159292571,2025-09-29 23:21:32.571,12.64,28.0,1.0,0.08,0.05,100,100,23.12,15.15,100.0,-0.66,0.347,-0.183
1759159297571,2025-09-29 23:21:37.571,9.56,28.0,1.0,0.08,0.05,100,100,23.36,15.36,100.0,0.04,0.35,-0.187
1759159302571,2025-09-29 23:21:42.571,9.93,28.0,1.0,0.08,0.05,100,100,26.47,18.44,100.0,0.61,0.397,-0.249
1759159307571,2025-09-29 23:21:47.571,8.81,28.0,1.0,0.08,0.05,100,100,26.07,18.07,100.0,-0.07,0.391,-0.241
1759159312571,2025-09-29 23:21:52.571,10.04,28.0,1.0,0.08,0.05,100,100,27.2,19.19,100.0,0.22,0.408,-0.264
1759159317571,2025-09-29 23:21:57.571,10.63,28.0,1.0,0.08,0.05,100,100,25.95,17.96,100.0,-0.25,0.389,-0.239
1759159322571,2025-09-29 23:22:02.571,12.69,28.0,1.0,0.08,0.05,100,100,25.36,17.37,100.0,-0.12,0.38,-0.227
1759159327571,2025-09-29 23:22:07.571,14.76,28.0,1.0,0.08,0.05,100,100,23.29,15.31,100.0,-0.41,0.349,-0.186
1759159332571,2025-09-29 23:22:12.571,13.51,28.0,1.0,0.08,0.05,100,100,21.22,13.24,100.0,-0.41,0.318,-0.145
1759159337571,2025-09-29 23:22:17.571,14.49,28.0,1.0,0.08,0.05,100,100,22.5,14.49,100.0,0.25,0.338,-0.17
1759159342571,2025-09-29 23:22:22.571,15.93,28.0,1.0,0.08,0.05,100,100,21.5,13.51,100.0,-0.2,0.323,-0.15
1759159347571,2025-09-29 23:22:27.571,14.94,28.0,1.0,0.08,0.05,100,100,20.06,12.07,100.0,-0.29,0.301,-0.121
1759159352571,2025-09-29 23:22:32.571,12.35,28.0,1.0,0.08,0.05,100,100,21.07,13.06,100.0,0.2,0.316,-0.141
1759159357571,2025-09-29 23:22:37.571,13.93,28.0,1.0,0.08,0.05,100,100,23.67,15.65,100.0,0.52,0.355,-0.193
1759159362571,2025-09-29 23:22:42.571,16.13,28.0,1.0,0.08,0.05,100,100,22.05,14.07,100.0,-0.32,0.331,-0.161
1759159367571,2025-09-29 23:22:47.571,17.84,28.0,1.0,0.08,0.05,100,100,19.85,11.87,100.0,-0.44,0.298,-0.117
1759159372571,2025-09-29 23:22:52.571,17.18,28.0,1.0,0.08,0.05,100,100,18.14,10.16,100.0,-0.34,0.272,-0.083
1759159377571,2025-09-29 23:22:57.571,18.07,28.0,1.0,0.08,0.05,100,100,18.82,10.82,100.0,0.13,0.282,-0.096
1759159382571,2025-09-29 23:23:02.571,19.53,28.0,1.0,0.08,0.05,100,100,17.92,9.93,100.0,-0.18,0.269,-0.079
1759159387571,2025-09-29 23:23:07.571,19.2,28.0,1.0,0.08,0.05,100,100,16.45,8.47,100.0,-0.29,0.247,-0.049
1759159392571,2025-09-29 23:23:12.571,21.21,28.0,1.0,0.08,0.05,100,100,16.8,8.8,100.0,0.07,0.252,-0.056
1759159397571,2025-09-29 23:23:17.571,21.37,28.0,1.0,0.08,0.05,100,100,14.77,6.79,100.0,-0.4,0.222,-0.016
1759159402571,2025-09-29 23:23:22.571,21.05,28.0,1.0,0.08,0.05,100,100,14.63,6.63,100.0,-0.03,0.219,-0.013
1759159407571,2025-09-29 23:23:27.571,21.29,28.0,1.0,0.08,0.05,100,100,14.95,6.95,100.0,0.06,0.224,-0.019
1759159412571,2025-09-29 23:23:32.571,20.36,28.0,1.0,0.08,0.05,100,100,14.71,6.71,100.0,-0.05,0.221,-0.014
1759159417571,2025-09-29 23:23:37.571,21.66,28.0,1.0,0.08,0.05,100,100,15.65,7.64,100.0,0.19,0.235,-0.033
1759159422571,2025-09-29 23:23:42.571,22.22,28.0,1.0,0.08,0.05,100,100,14.33,6.34,100.0,-0.26,0.215,-0.007
1759159427571,2025-09-29 23:23:47.571,20.48,28.0,1.0,0.08,0.05,100,100,13.77,5.78,100.0,-0.11,0.207,0.004
1759159432571,2025-09-29 23:23:52.571,22.05,28.0,1.0,0.08,0.05,100,100,15.54,7.52,100.0,0.35,0.233,-0.03
1759159437571,2025-09-29 23:23:57.571,21.15,28.0,1.0,0.08,0.05,100,100,13.94,5.95,100.0,-0.31,0.209,0.001
1759159442571,2025-09-29 23:24:02.571,18.95,28.0,1.0,0.08,0.05,100,100,14.86,6.85,100.0,0.18,0.223,-0.017
1759159447571,2025-09-29 23:24:07.571,18.45,28.0,1.0,0.08,0.05,100,100,17.08,9.05,100.0,0.44,0.256,-0.061
1759159452571,2025-09-29 23:24:12.571,19.25,28.0,1.0,0.08,0.05,100,100,17.55,9.55,100.0,0.1,0.263,-0.071
1759159457571,2025-09-29 23:24:17.571,18.96,28.0,1.0,0.08,0.05,100,100,16.74,8.75,100.0,-0.16,0.251,-0.055
1759159462571,2025-09-29 23:24:22.571,21.2,28.0,1.0,0.08,0.05,100,100,17.04,9.04,100.0,0.06,0.256,-0.061
1759159467571,2025-09-29 23:24:27.571,19.39,28.0,1.0,0.08,0.05,100,100,14.78,6.8,100.0,-0.45,0.222,-0.016
1759159472571,2025-09-29 23:24:32.571,20.13,28.0,1.0,0.08,0.05,100,100,16.63,8.61,100.0,0.36,0.249,-0.052
1759159477571,2025-09-29 23:24:37.571,20.83,28.0,1.0,0.08,0.05,100,100,15.87,7.87,100.0,-0.15,0.238,-0.037
1759159482571,2025-09-29 23:24:42.571,22.98,28.0,1.0,0.08,0.05,100,100,15.16,7.17,100.0,-0.14,0.227,-0.023
1759159487571,2025-09-29 23:24:47.571,22.45,28.0,1.0,0.08,0.05,100,100,13.0,5.02,100.0,-0.43,0.195,0.02
1759159492571,2025-09-29 23:24:52.571,21.69,28.0,1.0,0.08,0.05,100,100,13.55,5.55,100.0,0.11,0.203,0.009
1759159497571,2025-09-29 23:24:57.571,23.71,28.0,1.0,0.08,0.05,100,100,14.31,6.31,100.0,0.15,0.215,-0.006
1759159502571,2025-09-29 23:25:02.571,23.22,28.0,1.0,0.08,0.05,100,100,12.27,4.29,100.0,-0.4,0.184,0.034
1759159507571,2025-09-29 23:25:07.571,23.57,28.0,1.0,0.08,0.05,100,100,12.78,4.78,100.0,0.1,0.192,0.024
1759159512571,2025-09-29 23:25:12.571,20.94,28.0,1.0,0.08,0.05,100,100,12.43,4.43,100.0,-0.07,0.186,0.031
1759159517571,2025-09-29 23:25:17.571,22.35,28.0,1.0,0.08,0.05,100,100,15.08,7.06,100.0,0.53,0.226,-0.021
1759159522571,2025-09-29 23:25:22.571,22.2,28.0,1.0,0.08,0.05,100,100,13.64,5.65,100.0,-0.28,0.205,0.007
1759159527571,2025-09-29 23:25:27.571,21.75,28.0,1.0,0.08,0.05,100,100,13.8,5.8,100.0,0.03,0.207,0.004
1759159532571,2025-09-29 23:25:32.571,23.43,28.0,1.0,0.08,0.05,100,100,14.25,6.25,100.0,0.09,0.214,-0.005
1759159537571,2025-09-29 23:25:37.571,23.13,28.0,1.0,0.08,0.05,100,100,12.55,4.57,100.0,-0.34,0.188,0.029
1759159542571,2025-09-29 23:25:42.571,22.66,28.0,1.0,0.08,0.05,100,100,12.88,4.87,100.0,0.06,0.193,0.023
1759159547571,2025-09-29 23:25:47.571,22.46,28.0,1.0,0.08,0.05,100,100,13.35,5.34,100.0,0.09,0.2,0.013
1759159552571,2025-09-29 23:25:52.571,23.82,28.0,1.0,0.08,0.05,100,100,13.54,5.54,100.0,0.04,0.203,0.009
1759159557571,2025-09-29 23:25:57.571,23.75,28.0,1.0,0.08,0.05,100,100,12.16,4.18,100.0,-0.27,0.182,0.036
1759159562571,2025-09-29 23:26:02.571,23.51,28.0,1.0,0.08,0.05,100,100,12.25,4.25,100.0,0.01,0.184,0.035
1759159567571,2025-09-29 23:26:07.571,28.18,28.0,1.0,0.08,0.05,100,100,12.49,4.49,100.0,0.05,0.187,0.03
1759159572571,2025-09-29 23:26:12.571,25.56,28.0,1.0,0.08,0.05,100,100,7.7,-0.18,99.08,-0.93,0.115,0.124
1759159577571,2025-09-29 23:26:17.571,25.03,28.0,1.0,0.08,0.05,100,100,10.47,2.44,100.0,0.53,0.157,0.071
1759159582571,2025-09-29 23:26:22.571,27.0,28.0,1.0,0.08,0.05,100,100,10.98,2.97,100.0,0.11,0.165,0.061
1759159587571,2025-09-29 23:26:27.571,29.46,28.0,1.0,0.08,0.05,100,100,8.98,1.0,100.0,-0.4,0.135,0.1
1759159592571,2025-09-29 23:26:32.571,32.77,28.0,1.0,0.08,0.05,100,100,5.93,-1.46,92.7,-0.49,0.089,0.149
1759159597571,2025-09-29 23:26:37.571,35.34,28.0,1.0,0.08,0.05,100,100,0.7,-4.77,68.84,-0.66,0.011,0.215
1759159602571,2025-09-29 23:26:42.571,34.86,28.0,1.0,0.08,0.05,100,100,-4.79,-7.34,32.15,-0.51,0.0,0.267
1759159607571,2025-09-29 23:26:47.571,33.59,28.0,1.0,0.08,0.05,100,100,-7.02,-6.86,-2.13,0.1,0.0,0.257
1759159612571,2025-09-29 23:26:52.571,30.64,28.0,1.0,0.08,0.05,100,100,-7.99,-5.59,-30.1,0.25,0.0,0.232
1759159617571,2025-09-29 23:26:57.571,28.29,28.0,1.0,0.08,0.05,100,100,-6.08,-2.64,-43.32,0.59,0.0,0.173
1759159622571,2025-09-29 23:27:02.571,30.81,28.0,1.0,0.08,0.05,100,100,-3.85,-0.29,-44.77,0.47,0.0,0.126
1759159627571,2025-09-29 23:27:07.571,29.29,28.0,1.0,0.08,0.05,100,100,-7.54,-2.81,-58.81,-0.5,0.0,0.176
1759159632571,2025-09-29 23:27:12.571,28.21,28.0,1.0,0.08,0.05,100,100,-6.5,-1.29,-65.26,0.3,0.0,0.146
1759159637571,2025-09-29 23:27:17.571,29.29,28.0,1.0,0.08,0.05,100,100,-5.51,-0.21,-66.32,0.22,0.0,0.124
1759159642571,2025-09-29 23:27:22.571,31.32,28.0,1.0,0.08,0.05,100,100,-7.13,-1.29,-72.79,-0.22,0.0,0.146
1759159647571,2025-09-29 23:27:27.571,32.31,28.0,1.0,0.08,0.05,100,100,-10.49,-3.32,-89.38,-0.41,0.0,0.186
1759159652571,2025-09-29 23:27:32.571,31.45,28.0,1.0,0.08,0.05,100,100,-12.32,-4.31,-100.0,-0.2,0.0,0.206
1759159657571,2025-09-29 23:27:37.571,31.13,28.0,1.0,0.08,0.05,100,100,-11.44,-3.45,-100.0,0.17,0.0,0.189
1759159662571,2025-09-29 23:27:42.571,30.27,28.0,1.0,0.08,0.05,100,100,-11.13,-3.13,-100.0,0.06,0.0,0.183
1759159667571,2025-09-29 23:27:47.571,28.48,28.0,1.0,0.08,0.05,100,100,-10.26,-2.27,-100.0,0.17,0.0,0.165
1759159672571,2025-09-29 23:27:52.571,28.77,28.0,1.0,0.08,0.05,100,100,-8.47,-0.48,-100.0,0.36,0.0,0.13
1759159677571,2025-09-29 23:27:57.571,28.3,28.0,1.0,0.08,0.05,100,100,-8.78,-0.77,-100.0,-0.06,0.0,0.135
1759159682571,2025-09-29 23:28:02.571,27.4,28.0,1.0,0.08,0.05,100,100,-8.3,-0.3,-100.0,0.09,0.0,0.126
1759159687571,2025-09-29 23:28:07.571,28.48,28.0,1.0,0.08,0.05,100,100,-7.15,0.6,-97.01,0.18,0.0,0.108
1759159692571,2025-09-29 23:28:12.571,27.15,28.0,1.0,0.08,0.05,100,100,-8.44,-0.48,-99.42,-0.22,0.0,0.13
1759159697571,2025-09-29 23:28:17.571,27.81,28.0,1.0,0.08,0.05,100,100,-6.75,0.85,-95.18,0.27,0.0,0.103
1759159702571,2025-09-29 23:28:22.571,26.45,28.0,1.0,0.08,0.05,100,100,-7.36,0.19,-94.24,-0.13,0.0,0.116
1759159707571,2025-09-29 23:28:27.571,28.67,28.0,1.0,0.08,0.05,100,100,-5.36,1.55,-86.52,0.27,0.0,0.089
1759159712571,2025-09-29 23:28:32.571,31.17,28.0,1.0,0.08,0.05,100,100,-7.88,-0.67,-89.85,-0.44,0.0,0.133
1759159717571,2025-09-29 23:28:37.571,31.47,28.0,1.0,0.08,0.05,100,100,-11.2,-3.17,-100.0,-0.5,0.0,0.183
1759159722571,2025-09-29 23:28:42.571,33.14,28.0,1.0,0.08,0.05,100,100,-11.47,-3.47,-100.0,-0.06,0.0,0.189
1759159727571,2025-09-29 23:28:47.571,33.97,28.0,1.0,0.08,0.05,100,100,-13.16,-5.14,-100.0,-0.33,0.0,0.223
1759159732571,2025-09-29 23:28:52.571,32.94,28.0,1.0,0.08,0.05,100,100,-13.98,-5.97,-100.0,-0.17,0.0,0.239
1759159737571,2025-09-29 23:28:57.571,33.3,28.0,1.0,0.08,0.05,100,100,-12.93,-4.94,-100.0,0.21,0.0,0.219
1759159742571,2025-09-29 23:29:02.571,34.65,28.0,1.0,0.08,0.05,100,100,-13.3,-5.3,-100.0,-0.07,0.0,0.226
1759159747571,2025-09-29 23:29:07.571,33.56,28.0,1.0,0.08,0.05,100,100,-14.66,-6.65,-100.0,-0.27,0.0,0.253
1759159752571,2025-09-29 23:29:12.571,31.14,28.0,1.0,0.08,0.05,100,100,-13.54,-5.56,-100.0,0.22,0.0,0.231
1759159757571,2025-09-29 23:29:17.571,32.26,28.0,1.0,0.08,0.05,100,100,-11.11,-3.14,-100.0,0.48,0.0,0.183
1759159762571,2025-09-29 23:29:22.571,32.01,28.0,1.0,0.08,0.05,100,100,-12.27,-4.26,-100.0,-0.22,0.0,0.205
1759159767571,2025-09-29 23:29:27.571,29.16,28.0,1.0,0.08,0.05,100,100,-12.01,-4.01,-100.0,0.05,0.0,0.2
1759159772571,2025-09-29 23:29:32.571,28.87,28.0,1.0,0.08,0.05,100,100,-9.13,-1.16,-100.0,0.57,0.0,0.143
1759159777571,2025-09-29 23:29:37.571,29.35,28.0,1.0,0.08,0.05,100,100,-8.86,-0.87,-100.0,0.06,0.0,0.137
1759159782571,2025-09-29 23:29:42.571,31.52,28.0,1.0,0.08,0.05,100,100,-9.35,-1.35,-100.0,-0.1,0.0,0.147
1759159787571,2025-09-29 23:29:47.571,31.34,28.0,1.0,0.08,0.05,100,100,-11.55,-3.52,-100.0,-0.44,0.0,0.19
1759159792571,2025-09-29 23:29:52.571,32.93,28.0,1.0,0.08,0.05,100,100,-11.34,-3.34,-100.0,0.04,0.0,0.187
1759159797571,2025-09-29 23:29:57.571,35.42,28.0,1.0,0.08,0.05,100,100,-12.95,-4.93,-100.0,-0.32,0.0,0.219
1759159802571,2025-09-29 23:30:02.571,35.46,28.0,1.0,0.08,0.05,100,100,-15.44,-7.42,-100.0,-0.5,0.0,0.268
1759159807571,2025-09-29 23:30:07.571,38.14,28.0,1.0,0.08,0.05,100,100,-15.46,-7.46,-100.0,-0.01,0.0,0.269
1759159812571,2025-09-29 23:30:12.571,38.18,28.0,1.0,0.08,0.05,100,100,-18.17,-10.14,-100.0,-0.54,0.0,0.323
1759159817571,2025-09-29 23:30:17.571,36.76,28.0,1.0,0.08,0.05,100,100,-18.18,-10.18,-100.0,-0.01,0.0,0.324
1759159822571,2025-09-29 23:30:22.571,38.43,28.0,1.0,0.08,0.05,100,100,-16.74,-8.76,-100.0,0.29,0.0,0.295
1759159827571,2025-09-29 23:30:27.571,36.69,28.0,1.0,0.08,0.05,100,100,-18.44,-10.43,-100.0,-0.33,0.0,0.329
1759159832571,2025-09-29 23:30:32.571,35.92,28.0,1.0,0.08,0.05,100,100,-16.67,-8.69,-100.0,0.35,0.0,0.294
1759159837571,2025-09-29 23:30:37.571,35.58,28.0,1.0,0.08,0.05,100,100,-15.91,-7.92,-100.0,0.15,0.0,0.278
1759159842571,2025-09-29 23:30:42.571,35.24,28.0,1.0,0.08,0.05,100,100,-15.57,-7.58,-100.0,0.07,0.0,0.272
1759159847571,2025-09-29 23:30:47.571,38.22,28.0,1.0,0.08,0.05,100,100,-15.24,-7.24,-100.0,0.07,0.0,0.265
1759159852571,2025-09-29 23:30:52.571,39.01,28.0,1.0,0.08,0.05,100,100,-18.25,-10.22,-100.0,-0.6,0.0,0.324
1759159857571,2025-09-29 23:30:57.571,38.54,28.0,1.0,0.08,0.05,100,100,-19.01,-11.01,-100.0,-0.16,0.0,0.34
1759159862571,2025-09-29 23:31:02.571,34.74,28.0,1.0,0.08,0.05,100,100,-18.54,-10.54,-100.0,0.09,0.0,0.331
1759159867571,2025-09-29 23:31:07.571,34.91,28.0,1.0,0.08,0.05,100,100,-14.7,-6.74,-100.0,0.76,0.0,0.255
1759159872571,2025-09-29 23:31:12.571,36.13,28.0,1.0,0.08,0.05,100,100,-14.91,-6.91,-100.0,-0.03,0.0,0.258
1759159877571,2025-09-29 23:31:17.571,36.76,28.0,1.0,0.08,0.05,100,100,-16.14,-8.13,-100.0,-0.24,0.0,0.283
1759159882571,2025-09-29 23:31:22.571,36.21,28.0,1.0,0.08,0.05,100,100,-16.76,-8.76,-100.0,-0.13,0.0,0.295
1759159887571,2025-09-29 23:31:27.571,37.9,28.0,1.0,0.08,0.05,100,100,-16.21,-8.21,-100.0,0.11,0.0,0.284
1759159892571,2025-09-29 23:31:32.571,37.57,30.0,1.0,0.08,0.05,100,100,-17.92,-9.9,-100.0,-0.34,0.0,0.318
1759159897571,2025-09-29 23:31:37.571,36.77,30.0,1.0,0.08,0.05,100,100,-15.55,-7.57,-100.0,0.46,0.0,0.311
1759159902571,2025-09-29 23:31:42.571,36.0,32.0,1.0,0.08,0.05,100,100,-14.76,-6.77,-100.0,0.16,0.0,0.295
1759159907571,2025-09-29 23:31:47.571,35.55,32.0,1.0,0.08,0.05,100,100,-11.97,-4.0,-100.0,0.55,0.0,0.28
1759159912571,2025-09-29 23:31:52.571,35.56,32.0,1.0,0.08,0.05,100,100,-11.54,-3.55,-100.0,0.09,0.0,0.271
1759159917571,2025-09-29 23:31:57.571,34.23,32.0,1.0,0.08,0.05,100,100,-11.56,-3.56,-100.0,-0.0,0.0,0.271
1759159922571,2025-09-29 23:32:02.571,33.28,32.0,1.0,0.08,0.05,100,100,-10.21,-2.23,-100.0,0.27,0.0,0.245
1759159927571,2025-09-29 23:32:07.571,35.57,32.0,1.0,0.08,0.05,100,100,-9.27,-1.28,-100.0,0.19,0.0,0.226
1759159932571,2025-09-29 23:32:12.571,36.31,32.0,1.0,0.08,0.05,100,100,-11.59,-3.57,-100.0,-0.46,0.0,0.271
1759159937571,2025-09-29 23:32:17.571,36.64,32.0,1.0,0.08,0.05,100,100,-12.32,-4.31,-100.0,-0.15,0.0,0.286
1759159942571,2025-09-29 23:32:22.571,36.32,32.0,1.0,0.08,0.05,100,100,-12.65,-4.64,-100.0,-0.07,0.0,0.293
1759159947571,2025-09-29 23:32:27.571,37.22,32.0,1.0,0.08,0.05,100,100,-12.32,-4.32,-100.0,0.06,0.0,0.286
1759159952571,2025-09-29 23:32:32.571,38.14,32.0,1.0,0.08,0.05,100,100,-13.23,-5.22,-100.0,-0.18,0.0,0.304
1759159957571,2025-09-29 23:32:37.571,38.28,32.0,1.0,0.08,0.05,100,100,-14.15,-6.14,-100.0,-0.18,0.0,0.323
1759159962571,2025-09-29 23:32:42.571,38.22,32.0,1.0,0.08,0.05,100,100,-14.28,-6.28,-100.0,-0.03,0.0,0.326
1759159967571,2025-09-29 23:32:47.571,35.96,32.0,1.0,0.08,0.05,100,100,-14.22,-6.22,-100.0,0.01,0.0,0.324
1759159972571,2025-09-29 23:32:52.571,34.57,32.0,1.0,0.08,0.05,100,100,-11.94,-3.96,-100.0,0.45,0.0,0.279
1759159977571,2025-09-29 23:32:57.571,32.88,32.0,1.0,0.08,0.05,100,100,-10.55,-2.57,-100.0,0.28,0.0,0.251
1759159982571,2025-09-29 23:33:02.571,32.54,32.0,1.0,0.08,0.05,100,100,-8.86,-0.88,-100.0,0.34,0.0,0.218
1759159987571,2025-09-29 23:33:07.571,29.73,32.0,1.0,0.08,0.05,100,100,-8.54,-0.54,-100.0,0.07,0.0,0.211
1759159992571,2025-09-29 23:33:12.571,32.86,32.0,1.0,0.08,0.05,100,100,-4.8,2.27,-88.66,0.56,0.0,0.155
1759159997571,2025-09-29 23:33:17.571,34.35,32.0,1.0,0.08,0.05,100,100,-8.33,-0.86,-92.98,-0.63,0.0,0.217
1759160002571,2025-09-29 23:33:22.571,36.77,32.0,1.0,0.08,0.05,100,100,-10.37,-2.35,-100.0,-0.3,0.0,0.247
1759160007571,2025-09-29 23:33:27.571,36.46,32.0,1.0,0.08,0.05,100,100,-12.8,-4.77,-100.0,-0.48,0.0,0.295
1759160012571,2025-09-29 23:33:32.571,37.54,32.0,1.0,0.08,0.05,100,100,-12.45,-4.46,-100.0,0.06,0.0,0.289
1759160017571,2025-09-29 23:33:37.571,38.81,32.0,1.0,0.08,0.05,100,100,-13.55,-5.54,-100.0,-0.22,0.0,0.311
1759160022571,2025-09-29 23:33:42.571,39.36,32.0,1.0,0.08,0.05,100,100,-14.82,-6.81,-100.0,-0.25,0.0,0.336
1759160027571,2025-09-29 23:33:47.571,38.18,32.0,1.0,0.08,0.05,100,100,-15.37,-7.36,-100.0,-0.11,0.0,0.347
1759160032571,2025-09-29 23:33:52.571,39.99,32.0,1.0,0.08,0.05,100,100,-14.17,-6.18,-100.0,0.24,0.0,0.324
1759160037571,2025-09-29 23:33:57.571,37.84,32.0,1.0,0.08,0.05,100,100,-16.01,-7.99,-100.0,-0.36,0.0,0.36
1759160042571,2025-09-29 23:34:02.571,37.19,32.0,1.0,0.08,0.05,100,100,-13.82,-5.84,-100.0,0.43,0.0,0.317
1759160047571,2025-09-29 23:34:07.571,34.32,32.0,1.0,0.08,0.05,100,100,-13.19,-5.19,-100.0,0.13,0.0,0.304
1759160052571,2025-09-29 23:34:12.571,36.34,32.0,1.0,0.08,0.05,100,100,-10.29,-2.32,-100.0,0.57,0.0,0.246
1759160057571,2025-09-29 23:34:17.571,38.46,32.0,1.0,0.08,0.05,100,100,-12.36,-4.34,-100.0,-0.4,0.0,0.287
1759160062571,2025-09-29 23:34:22.571,34.72,32.0,1.0,0.08,0.05,100,100,-14.48,-6.46,-100.0,-0.42,0.0,0.329
1759160067571,2025-09-29 23:34:27.571,35.26,32.0,1.0,0.08,0.05,100,100,-10.69,-2.72,-100.0,0.75,0.0,0.254
1759160072571,2025-09-29 23:34:32.571,34.17,32.0,1.0,0.08,0.05,100,100,-11.27,-3.26,-100.0,-0.11,0.0,0.265
1759160077571,2025-09-29 23:34:37.571,33.34,32.0,1.0,0.08,0.05,100,100,-10.16,-2.17,-100.0,0.22,0.0,0.243
1759160082571,2025-09-29 23:34:42.571,32.35,32.0,1.0,0.08,0.05,100,100,-9.33,-1.34,-100.0,0.17,0.0,0.227
1759160087571,2025-09-29 23:34:47.571,32.05,32.0,1.0,0.08,0.05,100,100,-8.34,-0.35,-100.0,0.2,0.0,0.207
1759160092571,2025-09-29 23:34:52.571,31.63,32.0,1.0,0.08,0.05,100,100,-8.05,-0.05,-100.0,0.06,0.0,0.201
1759160097571,2025-09-29 23:34:57.571,31.99,32.0,1.0,0.08,0.05,100,100,-7.47,0.37,-98.14,0.08,0.0,0.193
1759160102571,2025-09-29 23:35:02.571,31.31,32.0,1.0,0.08,0.05,100,100,-7.84,0.01,-98.1,-0.07,0.0,0.2
1759160107571,2025-09-29 23:35:07.571,32.71,32.0,1.0,0.08,0.05,100,100,-6.87,0.69,-94.63,0.14,0.0,0.186
1759160112571,2025-09-29 23:35:12.571,30.97,32.0,1.0,0.08,0.05,100,100,-8.58,-0.71,-98.17,-0.28,0.0,0.214
1759160117571,2025-09-29 23:35:17.571,31.82,32.0,1.0,0.08,0.05,100,100,-6.39,1.03,-93.01,0.35,0.0,0.179
1759160122571,2025-09-29 23:35:22.571,31.08,32.0,1.0,0.08,0.05,100,100,-7.2,0.18,-92.12,-0.17,0.0,0.196
1759160127571,2025-09-29 23:35:27.571,28.36,32.0,1.0,0.08,0.05,100,100,-6.08,0.92,-87.53,0.15,0.0,0.182
1759160132571,2025-09-29 23:35:32.571,28.6,32.0,1.0,0.08,0.05,100,100,-1.88,3.64,-69.34,0.54,0.0,0.127
1759160137571,2025-09-29 23:35:37.571,27.82,32.0,1.0,0.08,0.05,100,100,-0.79,3.4,-52.35,-0.05,0.0,0.132
1759160142571,2025-09-29 23:35:42.571,28.38,32.0,1.0,0.08,0.05,100,100,1.67,4.18,-31.44,0.16,0.025,0.116
1759160147571,2025-09-29 23:35:47.571,31.62,32.0,1.0,0.08,0.05,100,100,2.55,3.62,-13.32,-0.11,0.038,0.128
1759160152571,2025-09-29 23:35:52.571,33.7,32.0,1.0,0.08,0.05,100,100,-0.56,0.38,-11.4,-0.65,0.0,0.192
1759160157571,2025-09-29 23:35:57.571,33.02,32.0,1.0,0.08,0.05,100,100,-3.31,-1.7,-19.88,-0.42,0.0,0.234
1759160162571,2025-09-29 23:36:02.571,34.56,32.0,1.0,0.08,0.05,100,100,-3.01,-1.02,-24.97,0.14,0.0,0.22
1759160167571,2025-09-29 23:36:07.571,36.93,32.0,1.0,0.08,0.05,100,100,-5.59,-2.56,-37.76,-0.31,0.0,0.251
1759160172571,2025-09-29 23:36:12.571,36.99,32.0,1.0,0.08,0.05,100,100,-9.94,-4.93,-62.4,-0.47,0.0,0.299
1759160177571,2025-09-29 23:36:17.571,37.22,32.0,1.0,0.08,0.05,100,100,-11.98,-4.99,-87.34,-0.01,0.0,0.3
1759160182571,2025-09-29 23:36:22.571,35.09,40.0,1.0,0.08,0.05,100,100,-13.22,-5.22,-100.0,-0.05,0.0,0.304
1759160187571,2025-09-29 23:36:27.571,36.51,40.0,1.0,0.08,0.05,100,100,-1.02,4.91,-75.44,2.03,0.0,0.262
1759160192571,2025-09-29 23:36:32.571,40.19,40.0,1.0,0.08,0.05,100,100,-1.17,3.49,-58.01,-0.29,0.0,0.29
1759160197571,2025-09-29 23:36:37.571,37.91,40.0,1.0,0.08,0.05,100,100,-4.94,-0.19,-58.95,-0.73,0.0,0.364
1759160202571,2025-09-29 23:36:42.571,37.11,40.0,1.0,0.08,0.05,100,100,-1.77,2.09,-48.49,0.46,0.0,0.318
1759160207571,2025-09-29 23:36:47.571,36.0,40.0,1.0,0.08,0.05,100,100,0.18,2.89,-34.03,0.16,0.003,0.302
1759160212571,2025-09-29 23:36:52.571,39.26,40.0,1.0,0.08,0.05,100,100,2.89,4.0,-14.01,0.22,0.043,0.28
1759160217571,2025-09-29 23:36:57.571,36.44,40.0,1.0,0.08,0.05,100,100,-0.12,0.74,-10.3,-0.65,0.0,0.345
1759160222571,2025-09-29 23:37:02.571,36.86,40.0,1.0,0.08,0.05,100,100,4.19,3.56,7.5,0.56,0.063,0.289
1759160227571,2025-09-29 23:37:07.571,36.07,40.0,1.0,0.08,0.05,100,100,4.99,3.14,23.19,-0.08,0.075,0.297
1759160232571,2025-09-29 23:37:12.571,35.9,40.0,1.0,0.08,0.05,100,100,7.37,3.93,42.85,0.16,0.11,0.281
1759160237571,2025-09-29 23:37:17.571,37.43,40.0,1.0,0.08,0.05,100,100,9.17,4.1,63.36,0.03,0.138,0.278
1759160242571,2025-09-29 23:37:22.571,35.69,40.0,1.0,0.08,0.05,100,100,8.66,2.57,76.23,-0.31,0.13,0.309
1759160247571,2025-09-29 23:37:27.571,35.62,40.0,1.0,0.08,0.05,100,100,12.14,4.31,97.76,0.35,0.182,0.274
1759160252571,2025-09-29 23:37:32.571,35.31,40.0,1.0,0.08,0.05,100,100,12.38,4.38,100.0,0.02,0.186,0.272
1759160257571,2025-09-29 23:37:37.571,32.77,40.0,1.0,0.08,0.05,100,100,12.69,4.69,100.0,0.06,0.19,0.266
1759160262571,2025-09-29 23:37:42.571,32.4,40.0,1.0,0.08,0.05,100,100,15.26,7.23,100.0,0.51,0.229,0.215
1759160267571,2025-09-29 23:37:47.571,31.41,40.0,1.0,0.08,0.05,100,100,15.61,7.6,100.0,0.07,0.234,0.208
1759160272571,2025-09-29 23:37:52.571,29.18,40.0,1.0,0.08,0.05,100,100,16.6,8.59,100.0,0.2,0.249,0.188
1759160277571,2025-09-29 23:37:57.571,29.69,40.0,1.0,0.08,0.05,100,100,18.84,10.82,100.0,0.45,0.283,0.144
1759160282571,2025-09-29 23:38:02.571,29.42,40.0,1.0,0.08,0.05,100,100,18.3,10.31,100.0,-0.1,0.275,0.154
1759160287571,2025-09-29 23:38:07.571,30.84,40.0,1.0,0.08,0.05,100,100,18.59,10.58,100.0,0.06,0.279,0.148
1759160292571,2025-09-29 23:38:12.571,30.71,40.0,1.0,0.08,0.05,100,100,17.14,9.16,100.0,-0.29,0.257,0.177
1759160297571,2025-09-29 23:38:17.571,28.54,40.0,1.0,0.08,0.05,100,100,17.29,9.29,100.0,0.03,0.259,0.174
1759160302571,2025-09-29 23:38:22.571,30.63,40.0,1.0,0.08,0.05,100,100,19.49,11.46,100.0,0.44,0.292,0.131
1759160307571,2025-09-29 23:38:27.571,30.47,40.0,1.0,0.08,0.05,100,100,17.35,9.37,100.0,-0.42,0.26,0.173
1759160312571,2025-09-29 23:38:32.571,30.49,40.0,1.0,0.08,0.05,100,100,17.54,9.53,100.0,0.03,0.263,0.169
1759160317571,2025-09-29 23:38:37.571,30.32,40.0,1.0,0.08,0.05,100,100,17.51,9.51,100.0,-0.01,0.263,0.17
1759160322571,2025-09-29 23:38:42.571,32.18,40.0,1.0,0.08,0.05,100,100,17.68,9.68,100.0,0.03,0.265,0.166
1759160327571,2025-09-29 23:38:47.571,32.9,40.0,1.0,0.08,0.05,100,100,15.8,7.82,100.0,-0.37,0.237,0.204
1759160332571,2025-09-29 23:38:52.571,34.75,40.0,1.0,0.08,0.05,100,100,15.09,7.1,100.0,-0.14,0.226,0.218
1759160337571,2025-09-29 23:38:57.571,34.61,40.0,1.0,0.08,0.05,100,100,13.23,5.25,100.0,-0.37,0.199,0.255
1759160342571,2025-09-29 23:39:02.571,36.01,40.0,1.0,0.08,0.05,100,100,13.4,5.39,100.0,0.03,0.201,0.252
1759160347571,2025-09-29 23:39:07.571,33.94,40.0,1.0,0.08,0.05,100,100,11.98,3.99,100.0,-0.28,0.18,0.28
1759160352571,2025-09-29 23:39:12.571,32.47,40.0,1.0,0.08,0.05,100,100,14.08,6.06,100.0,0.41,0.211,0.239
1759160357571,2025-09-29 23:39:17.571,32.43,40.0,1.0,0.08,0.05,100,100,15.54,7.53,100.0,0.29,0.233,0.209
1759160362571,2025-09-29 23:39:22.571,33.1,40.0,1.0,0.08,0.05,100,100,15.57,7.57,100.0,0.01,0.234,0.209
1759160367571,2025-09-29 23:39:27.571,32.76,40.0,1.0,0.08,0.05,100,100,14.9,6.9,100.0,-0.13,0.223,0.222
1759160372571,2025-09-29 23:39:32.571,33.44,40.0,1.0,0.08,0.05,100,100,15.24,7.24,100.0,0.07,0.229,0.215
1759160377571,2025-09-29 23:39:37.571,32.51,40.0,1.0,0.08,0.05,100,100,14.56,6.56,100.0,-0.13,0.218,0.229
1759160382571,2025-09-29 23:39:42.571,33.94,40.0,1.0,0.08,0.05,100,100,15.5,7.49,100.0,0.19,0.233,0.21
1759160387571,2025-09-29 23:39:47.571,33.5,40.0,1.0,0.08,0.05,100,100,14.05,6.06,100.0,-0.29,0.211,0.239
1759160392571,2025-09-29 23:39:52.571,34.49,40.0,1.0,0.08,0.05,100,100,14.5,6.5,100.0,0.09,0.218,0.23
1759160397571,2025-09-29 23:39:57.571,34.76,40.0,1.0,0.08,0.05,100,100,13.5,5.51,100.0,-0.2,0.203,0.25
1759160402571,2025-09-29 23:40:02.571,33.03,40.0,1.0,0.08,0.05,100,100,13.24,5.24,100.0,-0.05,0.199,0.255
1759160407571,2025-09-29 23:40:07.571,32.82,40.0,1.0,0.08,0.05,100,100,14.99,6.97,100.0,0.35,0.225,0.221
1759160412571,2025-09-29 23:40:12.571,31.93,40.0,1.0,0.08,0.05,100,100,15.19,7.18,100.0,0.04,0.228,0.216
1759160417571,2025-09-29 23:40:17.571,33.04,40.0,1.0,0.08,0.05,100,100,16.08,8.07,100.0,0.18,0.241,0.199
1759160422571,2025-09-29 23:40:22.571,35.57,40.0,1.0,0.08,0.05,100,100,14.94,6.96,100.0,-0.22,0.224,0.221
1759160427571,2025-09-29 23:40:27.571,33.3,40.0,1.0,0.08,0.05,100,100,12.41,4.43,100.0,-0.5,0.186,0.271
1759160432571,2025-09-29 23:40:32.571,33.3,40.0,1.0,0.08,0.05,100,100,14.72,6.7,100.0,0.45,0.221,0.226
1759160437571,2025-09-29 23:40:37.571,33.25,40.0,1.0,0.08,0.05,100,100,14.7,6.7,100.0,0.0,0.22,0.226
1759160442571,2025-09-29 23:40:42.571,32.48,40.0,1.0,0.08,0.05,100,100,14.75,6.75,100.0,0.01,0.221,0.225
1759160447571,2025-09-29 23:40:47.571,33.51,40.0,1.0,0.08,0.05,100,100,15.53,7.52,100.0,0.15,0.233,0.21
1759160452571,2025-09-29 23:40:52.571,31.96,40.0,1.0,0.08,0.05,100,100,14.48,6.49,100.0,-0.2,0.217,0.23
1759160457571,2025-09-29 23:40:57.571,30.81,40.0,1.0,0.08,0.05,100,100,16.06,8.04,100.0,0.31,0.241,0.199
1759160462571,2025-09-29 23:41:02.571,26.95,40.0,1.0,0.08,0.05,100,100,17.2,9.19,100.0,0.23,0.258,0.176
1759160467571,2025-09-29 23:41:07.571,24.56,40.0,1.0,0.08,0.05,100,100,21.09,13.05,100.0,0.77,0.316,0.099
1759160472571,2025-09-29 23:41:12.571,22.77,40.0,1.0,0.08,0.05,100,100,23.47,15.44,100.0,0.48,0.352,0.051
1759160477571,2025-09-29 23:41:17.571,21.08,40.0,1.0,0.08,0.05,100,100,25.25,17.23,100.0,0.36,0.379,0.015
1759160482571,2025-09-29 23:41:22.571,17.66,40.0,1.0,0.08,0.05,100,100,26.93,18.92,100.0,0.34,0.404,-0.018
1759160487571,2025-09-29 23:41:27.571,17.54,40.0,1.0,0.08,0.05,100,100,30.38,22.34,100.0,0.69,0.456,-0.087
1759160492571,2025-09-29 23:41:32.571,15.63,40.0,1.0,0.08,0.05,100,100,30.46,22.46,100.0,0.02,0.457,-0.089
1759160497571,2025-09-29 23:41:37.571,14.33,40.0,1.0,0.08,0.05,100,100,32.39,24.37,100.0,0.38,0.486,-0.127
1759160502571,2025-09-29 23:41:42.571,14.22,40.0,1.0,0.08,0.05,100,100,33.68,25.67,100.0,0.26,0.505,-0.153
1759160507571,2025-09-29 23:41:47.571,14.11,40.0,1.0,0.08,0.05,100,100,33.78,25.78,100.0,0.02,0.507,-0.156
1759160512571,2025-09-29 23:41:52.571,15.53,40.0,1.0,0.08,0.05,100,100,33.89,25.89,100.0,0.02,0.508,-0.158
1759160517571,2025-09-29 23:41:57.571,19.62,40.0,1.0,0.08,0.05,100,100,32.46,24.47,100.0,-0.28,0.487,-0.129
1759160522571,2025-09-29 23:42:02.571,17.41,40.0,1.0,0.08,0.05,100,100,28.34,20.38,100.0,-0.82,0.425,-0.048
1759160527571,2025-09-29 23:42:07.571,17.26,40.0,1.0,0.08,0.05,100,100,30.61,22.59,100.0,0.44,0.459,-0.092
1759160532571,2025-09-29 23:42:12.571,16.72,40.0,1.0,0.08,0.05,100,100,30.74,22.74,100.0,0.03,0.461,-0.095
1759160537571,2025-09-29 23:42:17.571,18.06,40.0,1.0,0.08,0.05,100,100,31.29,23.28,100.0,0.11,0.469,-0.106
1759160542571,2025-09-29 23:42:22.571,18.42,40.0,1.0,0.08,0.05,100,100,29.92,21.94,100.0,-0.27,0.449,-0.079
1759160547571,2025-09-29 23:42:27.571,16.5,40.0,1.0,0.08,0.05,100,100,29.58,21.58,100.0,-0.07,0.444,-0.072
1759160552571,2025-09-29 23:42:32.571,17.01,40.0,1.0,0.08,0.05,100,100,31.52,23.5,100.0,0.38,0.473,-0.11
1759160557571,2025-09-29 23:42:37.571,18.7,40.0,1.0,0.08,0.05,100,100,30.98,22.99,100.0,-0.1,0.465,-0.1
1759160562571,2025-09-29 23:42:42.571,19.96,40.0,1.0,0.08,0.05,100,100,29.28,21.3,100.0,-0.34,0.439,-0.066
1759160567571,2025-09-29 23:42:47.571,19.37,40.0,1.0,0.08,0.05,100,100,28.02,20.04,100.0,-0.25,0.42,-0.041
1759160572571,2025-09-29 23:42:52.571,17.98,40.0,1.0,0.08,0.05,100,100,28.64,20.63,100.0,0.12,0.43,-0.053
1759160577571,2025-09-29 23:42:57.571,18.16,40.0,1.0,0.08,0.05,100,100,30.04,22.02,100.0,0.28,0.451,-0.08
1759160582571,2025-09-29 23:43:02.571,17.25,40.0,1.0,0.08,0.05,100,100,29.84,21.84,100.0,-0.04,0.448,-0.077
1759160587571,2025-09-29 23:43:07.571,19.11,40.0,1.0,0.08,0.05,100,100,30.76,22.75,100.0,0.18,0.461,-0.095
1759160592571,2025-09-29 23:43:12.571,20.01,40.0,1.0,0.08,0.05,100,100,28.87,20.89,100.0,-0.37,0.433,-0.058
1759160597571,2025-09-29 23:43:17.571,20.72,40.0,1.0,0.08,0.05,100,100,27.98,19.99,100.0,-0.18,0.42,-0.04
1759160602571,2025-09-29 23:43:22.571,21.6,40.0,1.0,0.08,0.05,100,100,27.27,19.28,100.0,-0.14,0.409,-0.026
1759160607571,2025-09-29 23:43:27.571,20.56,40.0,1.0,0.08,0.05,100,100,26.39,18.4,100.0,-0.18,0.396,-0.008
1759160612571,2025-09-29 23:43:32.571,19.63,40.0,1.0,0.08,0.05,100,100,27.45,19.44,100.0,0.21,0.412,-0.029
1759160617571,2025-09-29 23:43:37.571,22.67,40.0,1.0,0.08,0.05,100,100,28.38,20.37,100.0,0.19,0.426,-0.047
1759160622571,2025-09-29 23:43:42.571,22.59,40.0,1.0,0.08,0.05,100,100,25.3,17.33,100.0,-0.61,0.38,0.013
1759160627571,2025-09-29 23:43:47.571,22.85,40.0,1.0,0.08,0.05,100,100,25.41,17.41,100.0,0.02,0.381,0.012
1759160632571,2025-09-29 23:43:52.571,23.81,40.0,1.0,0.08,0.05,100,100,25.15,17.15,100.0,-0.05,0.377,0.017
1759160637571,2025-09-29 23:43:57.571,22.8,40.0,1.0,0.08,0.05,100,100,24.18,16.19,100.0,-0.19,0.363,0.036
1759160642571,2025-09-29 23:44:02.571,20.68,40.0,1.0,0.08,0.05,100,100,25.21,17.2,100.0,0.2,0.378,0.016
1759160647571,2025-09-29 23:44:07.571,20.5,40.0,1.0,0.08,0.05,100,100,27.35,19.32,100.0,0.42,0.41,-0.026
1759160652571,2025-09-29 23:44:12.571,20.68,40.0,1.0,0.08,0.05,100,100,27.51,19.5,100.0,0.04,0.413,-0.03
1759160657571,2025-09-29 23:44:17.571,18.96,40.0,1.0,0.08,0.05,100,100,27.32,19.32,100.0,-0.04,0.41,-0.026
1759160662571,2025-09-29 23:44:22.571,18.32,40.0,1.0,0.08,0.05,100,100,29.05,21.04,100.0,0.34,0.436,-0.061
1759160667571,2025-09-29 23:44:27.571,18.48,40.0,1.0,0.08,0.05,100,100,29.69,21.68,100.0,0.13,0.445,-0.074
1759160672571,2025-09-29 23:44:32.571,17.24,40.0,1.0,0.08,0.05,100,100,29.52,21.52,100.0,-0.03,0.443,-0.07
1759160677571,2025-09-29 23:44:37.571,20.26,40.0,1.0,0.08,0.05,100,100,30.77,22.76,100.0,0.25,0.462,-0.095
1759160682571,2025-09-29 23:44:42.571,20.43,40.0,1.0,0.08,0.05,100,100,27.71,19.74,100.0,-0.6,0.416,-0.035
1759160687571,2025-09-29 23:44:47.571,23.16,40.0,1.0,0.08,0.05,100,100,27.57,19.57,100.0,-0.03,0.414,-0.031
1759160692571,2025-09-29 23:44:52.571,23.01,40.0,1.0,0.08,0.05,100,100,24.81,16.84,100.0,-0.55,0.372,0.023
1759160697571,2025-09-29 23:44:57.571,23.93,40.0,1.0,0.08,0.05,100,100,25.0,16.99,100.0,0.03,0.375,0.02
1759160702571,2025-09-29 23:45:02.571,22.23,40.0,1.0,0.08,0.05,100,100,24.06,16.07,100.0,-0.18,0.361,0.039
1759160707571,2025-09-29 23:45:07.571,23.87,40.0,1.0,0.08,0.05,100,100,25.79,17.77,100.0,0.34,0.387,0.005
1759160712571,2025-09-29 23:45:12.571,24.97,40.0,1.0,0.08,0.05,100,100,24.11,16.13,100.0,-0.33,0.362,0.037
1759160717571,2025-09-29 23:45:17.571,25.77,40.0,1.0,0.08,0.05,100,100,23.02,15.03,100.0,-0.22,0.345,0.059
1759160722571,2025-09-29 23:45:22.571,25.38,40.0,1.0,0.08,0.05,100,100,22.22,14.23,100.0,-0.16,0.333,0.075
1759160727571,2025-09-29 23:45:27.571,25.54,40.0,1.0,0.08,0.05,100,100,22.63,14.62,100.0,0.08,0.339,0.068
1759160732571,2025-09-29 23:45:32.571,25.13,40.0,1.0,0.08,0.05,100,100,22.46,14.46,100.0,-0.03,0.337,0.071
1759160737571,2025-09-29 23:45:37.571,25.26,40.0,1.0,0.08,0.05,100,100,22.88,14.87,100.0,0.08,0.343,0.063
1759160742571,2025-09-29 23:45:42.571,26.25,40.0,1.0,0.08,0.05,100,100,22.74,14.74,100.0,-0.03,0.341,0.065
1759160747571,2025-09-29 23:45:47.571,24.19,40.0,1.0,0.08,0.05,100,100,21.74,13.75,100.0,-0.2,0.326,0.085
1759160752571,2025-09-29 23:45:52.571,24.4,40.0,1.0,0.08,0.05,100,100,23.83,15.81,100.0,0.41,0.358,0.044
1759160757571,2025-09-29 23:45:57.571,24.57,40.0,1.0,0.08,0.05,100,100,23.6,15.6,100.0,-0.04,0.354,0.048
1759160762571,2025-09-29 23:46:02.571,21.15,40.0,1.0,0.08,0.05,100,100,23.43,15.43,100.0,-0.03,0.351,0.051
1759160767571,2025-09-29 23:46:07.571,21.17,40.0,1.0,0.08,0.05,100,100,26.89,18.85,100.0,0.68,0.403,-0.017
1759160772571,2025-09-29 23:46:12.571,24.07,40.0,1.0,0.08,0.05,100,100,26.83,18.83,100.0,-0.0,0.402,-0.017
1759160777571,2025-09-29 23:46:17.571,24.39,40.0,1.0,0.08,0.05,100,100,23.9,15.93,100.0,-0.58,0.358,0.041
1759160782571,2025-09-29 23:46:22.571,25.9,40.0,1.0,0.08,0.05,100,100,23.6,15.61,100.0,-0.06,0.354,0.048
1759160787571,2025-09-29 23:46:27.571,26.91,40.0,1.0,0.08,0.05,100,100,22.09,14.1,100.0,-0.3,0.331,0.078
1759160792571,2025-09-29 23:46:32.571,29.02,40.0,1.0,0.08,0.05,100,100,21.08,13.09,100.0,-0.2,0.316,0.098
1759160797571,2025-09-29 23:46:37.571,28.47,40.0,1.0,0.08,0.05,100,100,18.96,10.98,100.0,-0.42,0.284,0.14
1759160802571,2025-09-29 23:46:42.571,28.68,40.0,1.0,0.08,0.05,100,100,19.53,11.53,100.0,0.11,0.293,0.129
1759160807571,2025-09-29 23:46:47.571,26.29,40.0,1.0,0.08,0.05,100,100,19.32,11.32,100.0,-0.04,0.29,0.134
1759160812571,2025-09-29 23:46:52.571,27.88,40.0,1.0,0.08,0.05,100,100,21.74,13.71,100.0,0.48,0.326,0.086
1759160817571,2025-09-29 23:46:57.571,28.72,40.0,1.0,0.08,0.05,100,100,20.1,12.12,100.0,-0.32,0.302,0.118
1759160822571,2025-09-29 23:47:02.571,32.46,40.0,1.0,0.08,0.05,100,100,19.27,11.28,100.0,-0.17,0.289,0.134
1759160827571,2025-09-29 23:47:07.571,32.12,40.0,1.0,0.08,0.05,100,100,15.5,7.54,100.0,-0.75,0.233,0.209
1759160832571,2025-09-29 23:47:12.571,31.4,40.0,1.0,0.08,0.05,100,100,15.88,7.88,100.0,0.07,0.238,0.202
1759160837571,2025-09-29 23:47:17.571,34.09,40.0,1.0,0.08,0.05,100,100,16.6,8.6,100.0,0.14,0.249,0.188
1759160842571,2025-09-29 23:47:22.571,32.22,40.0,1.0,0.08,0.05,100,100,13.89,5.91,100.0,-0.54,0.208,0.242
1759160847571,2025-09-29 23:47:27.571,31.64,40.0,1.0,0.08,0.05,100,100,15.8,7.78,100.0,0.37,0.237,0.204
1759160852571,2025-09-29 23:47:32.571,32.12,40.0,1.0,0.08,0.05,100,100,16.36,8.36,100.0,0.12,0.245,0.193
1759160857571,2025-09-29 23:47:37.571,32.32,40.0,1.0,0.08,0.05,100,100,15.87,7.88,100.0,-0.1,0.238,0.202
1759160862571,2025-09-29 23:47:42.571,30.89,40.0,1.0,0.08,0.05,100,100,15.68,7.68,100.0,-0.04,0.235,0.206
1759160867571,2025-09-29 23:47:47.571,30.72,40.0,1.0,0.08,0.05,100,100,17.12,9.11,100.0,0.29,0.257,0.178
1759160872571,2025-09-29 23:47:52.571,30.97,40.0,1.0,0.08,0.05,100,100,17.28,9.28,100.0,0.03,0.259,0.174
1759160877571,2025-09-29 23:47:57.571,31.45,40.0,1.0,0.08,0.05,100,100,17.02,9.03,100.0,-0.05,0.255,0.179
1759160882571,2025-09-29 23:48:02.571,30.44,40.0,1.0,0.08,0.05,100,100,16.54,8.55,100.0,-0.1,0.248,0.189
1759160887571,2025-09-29 23:48:07.571,33.93,40.0,1.0,0.08,0.05,100,100,17.57,9.56,100.0,0.2,0.264,0.169
1759160892571,2025-09-29 23:48:12.571,35.81,40.0,1.0,0.08,0.05,100,100,14.04,6.07,100.0,-0.7,0.211,0.239
1759160897571,2025-09-29 23:48:17.571,35.04,40.0,1.0,0.08,0.05,100,100,12.17,4.19,100.0,-0.38,0.183,0.276
1759160902571,2025-09-29 23:48:22.571,34.53,40.0,1.0,0.08,0.05,100,100,12.97,4.96,100.0,0.15,0.195,0.261
1759160907571,2025-09-29 23:48:27.571,36.67,40.0,1.0,0.08,0.05,100,100,13.47,5.47,100.0,0.1,0.202,0.251
1759160912571,2025-09-29 23:48:32.571,35.43,40.0,1.0,0.08,0.05,100,100,11.3,3.33,100.0,-0.43,0.17,0.293
1759160917571,2025-09-29 23:48:37.571,34.76,40.0,1.0,0.08,0.05,100,100,12.59,4.57,100.0,0.25,0.189,0.269
1759160922571,2025-09-29 23:48:42.571,35.88,40.0,1.0,0.08,0.05,100,100,13.24,5.24,100.0,0.13,0.199,0.255
1759160927571,2025-09-29 23:48:47.571,36.32,40.0,1.0,0.08,0.05,100,100,12.11,4.12,100.0,-0.22,0.182,0.278
1759160932571,2025-09-29 23:48:52.571,34.22,40.0,1.0,0.08,0.05,100,100,11.68,3.68,100.0,-0.09,0.175,0.286
1759160937571,2025-09-29 23:48:57.571,32.0,40.0,1.0,0.08,0.05,100,100,13.8,5.78,100.0,0.42,0.207,0.244
1759160942571,2025-09-29 23:49:02.571,33.15,40.0,1.0,0.08,0.05,100,100,16.02,8.0,100.0,0.44,0.24,0.2
1759160947571,2025-09-29 23:49:07.571,31.66,40.0,1.0,0.08,0.05,100,100,14.84,6.85,100.0,-0.23,0.223,0.223
1759160952571,2025-09-29 23:49:12.571,32.5,40.0,1.0,0.08,0.05,100,100,16.35,8.34,100.0,0.3,0.245,0.193
1759160957571,2025-09-29 23:49:17.571,31.16,40.0,1.0,0.08,0.05,100,100,15.49,7.5,100.0,-0.17,0.232,0.21
1759160962571,2025-09-29 23:49:22.571,30.18,40.0,1.0,0.08,0.05,100,100,16.86,8.84,100.0,0.27,0.253,0.183
1759160967571,2025-09-29 23:49:27.571,31.27,40.0,1.0,0.08,0.05,100,100,17.83,9.82,100.0,0.2,0.267,0.164
1759160972571,2025-09-29 23:49:32.571,31.01,40.0,1.0,0.08,0.05,100,100,16.72,8.73,100.0,-0.22,0.251,0.185
1759160977571,2025-09-29 23:49:37.571,31.82,40.0,1.0,0.08,0.05,100,100,16.99,8.99,100.0,0.05,0.255,0.18
1759160982571,2025-09-29 23:49:42.571,32.0,40.0,1.0,0.08,0.05,100,100,16.17,8.18,100.0,-0.16,0.243,0.196
1759160987571,2025-09-29 23:49:47.571,32.94,40.0,1.0,0.08,0.05,100,100,15.99,8.0,100.0,-0.04,0.24,0.2
1759160992571,2025-09-29 23:49:52.571,35.15,40.0,1.0,0.08,0.05,100,100,15.06,7.06,100.0,-0.19,0.226,0.219
1759160997571,2025-09-29 23:49:57.571,36.19,40.0,1.0,0.08,0.05,100,100,12.83,4.85,100.0,-0.44,0.192,0.263
1759161002571,2025-09-29 23:50:02.571,35.86,40.0,1.0,0.08,0.05,100,100,11.8,3.81,100.0,-0.21,0.177,0.284
1759161007571,2025-09-29 23:50:07.571,36.8,40.0,1.0,0.08,0.05,100,100,12.14,4.14,100.0,0.06,0.182,0.277
1759161012571,2025-09-29 23:50:12.571,36.47,40.0,1.0,0.08,0.05,100,100,11.19,3.2,100.0,-0.19,0.168,0.296
1759161017571,2025-09-29 23:50:17.571,40.02,40.0,1.0,0.08,0.05,100,100,11.53,3.53,100.0,0.07,0.173,0.289
1759161022571,2025-09-29 23:50:22.571,40.37,40.0,1.0,0.08,0.05,100,100,7.94,-0.02,99.91,-0.71,0.119,0.36
1759161027571,2025-09-29 23:50:27.571,41.74,40.0,1.0,0.08,0.05,100,100,7.47,-0.37,98.06,-0.07,0.112,0.367
1759161032571,2025-09-29 23:50:32.571,41.97,40.0,1.0,0.08,0.05,100,100,5.39,-1.74,89.34,-0.27,0.081,0.395
1759161037571,2025-09-29 23:50:37.571,42.83,40.0,1.0,0.08,0.05,100,100,4.38,-1.97,79.48,-0.05,0.066,0.399
1759161042571,2025-09-29 23:50:42.571,41.26,40.0,1.0,0.08,0.05,100,100,2.39,-2.83,65.33,-0.17,0.036,0.417
1759161047571,2025-09-29 23:50:47.571,41.18,40.0,1.0,0.08,0.05,100,100,3.47,-1.26,59.01,0.31,0.052,0.385
1759161052571,2025-09-29 23:50:52.571,41.65,40.0,1.0,0.08,0.05,100,100,3.07,-1.18,53.1,0.02,0.046,0.384
1759161057571,2025-09-29 23:50:57.571,40.6,40.0,1.0,0.08,0.05,100,100,1.94,-1.65,44.86,-0.09,0.029,0.393
1759161062571,2025-09-29 23:51:02.571,40.17,40.0,1.0,0.08,0.05,100,100,2.76,-0.6,41.87,0.21,0.041,0.372
1759161067571,2025-09-29 23:51:07.571,41.76,40.0,1.0,0.08,0.05,100,100,3.11,-0.17,41.0,0.09,0.047,0.363
1759161072571,2025-09-29 23:51:12.571,42.94,40.0,1.0,0.08,0.05,100,100,0.8,-1.76,32.19,-0.32,0.012,0.395
1759161077571,2025-09-29 23:51:17.571,42.71,40.0,1.0,0.08,0.05,100,100,-1.55,-2.94,17.49,-0.24,0.0,0.419
1759161082571,2025-09-29 23:51:22.571,42.89,40.0,1.0,0.08,0.05,100,100,-2.39,-2.71,3.97,0.05,0.0,0.414
1759161087571,2025-09-29 23:51:27.571,44.44,40.0,1.0,0.08,0.05,100,100,-3.73,-2.89,-10.48,-0.04,0.0,0.418
1759161092571,2025-09-29 23:51:32.571,42.54,40.0,1.0,0.08,0.05,100,100,-7.07,-4.44,-32.7,-0.31,0.0,0.449
1759161097571,2025-09-29 23:51:37.571,42.61,40.0,1.0,0.08,0.05,100,100,-6.15,-2.54,-45.37,0.38,0.0,0.411
1759161102571,2025-09-29 23:51:42.571,43.03,40.0,1.0,0.08,0.05,100,100,-7.29,-2.61,-58.43,-0.02,0.0,0.412
1759161107571,2025-09-29 23:51:47.571,43.67,40.0,1.0,0.08,0.05,100,100,-8.92,-3.03,-73.56,-0.08,0.0,0.421
1759161112571,2025-09-29 23:51:52.571,41.32,40.0,1.0,0.08,0.05,100,100,-11.04,-3.67,-91.93,-0.13,0.0,0.433
1759161117571,2025-09-29 23:51:57.571,41.73,40.0,1.0,0.08,0.05,100,100,-9.18,-1.32,-98.53,0.47,0.0,0.386
1759161122571,2025-09-29 23:52:02.571,41.89,40.0,1.0,0.08,0.05,100,100,-9.74,-1.73,-100.0,-0.08,0.0,0.395
1759161127571,2025-09-29 23:52:07.571,41.08,40.0,1.0,0.08,0.05,100,100,-9.9,-1.89,-100.0,-0.03,0.0,0.398
1759161132571,2025-09-29 23:52:12.571,41.7,40.0,1.0,0.08,0.05,100,100,-9.08,-1.08,-100.0,0.16,0.0,0.382
1759161137571,2025-09-29 23:52:17.571,43.17,40.0,1.0,0.08,0.05,100,100,-9.71,-1.7,-100.0,-0.12,0.0,0.394
1759161142571,2025-09-29 23:52:22.571,40.75,40.0,1.0,0.08,0.05,100,100,-11.18,-3.17,-100.0,-0.29,0.0,0.423
1759161147571,2025-09-29 23:52:27.571,39.16,40.0,1.0,0.08,0.05,100,100,-8.73,-0.75,-100.0,0.48,0.0,0.375
1759161152571,2025-09-29 23:52:32.571,39.62,40.0,1.0,0.08,0.05,100,100,-6.8,0.84,-95.79,0.32,0.0,0.343
1759161157571,2025-09-29 23:52:37.571,40.21,40.0,1.0,0.08,0.05,100,100,-7.14,0.38,-93.9,-0.09,0.0,0.352
1759161162571,2025-09-29 23:52:42.571,39.88,40.0,1.0,0.08,0.05,100,100,-7.82,-0.21,-94.97,-0.12,0.0,0.364
1759161167571,2025-09-29 23:52:47.571,40.5,40.0,1.0,0.08,0.05,100,100,-7.42,0.12,-94.36,0.07,0.0,0.358
1759161172571,2025-09-29 23:52:52.571,42.06,40.0,1.0,0.08,0.05,100,100,-8.25,-0.5,-96.84,-0.12,0.0,0.37
1759161177571,2025-09-29 23:52:57.571,41.63,40.0,1.0,0.08,0.05,100,100,-10.07,-2.06,-100.0,-0.31,0.0,0.401
1759161182571,2025-09-29 23:53:02.571,42.19,40.0,1.0,0.08,0.05,100,100,-9.62,-1.63,-100.0,0.09,0.0,0.393
1759161187571,2025-09-29 23:53:07.571,42.9,40.0,1.0,0.08,0.05,100,100,-10.19,-2.19,-100.0,-0.11,0.0,0.404
1759161192571,2025-09-29 23:53:12.571,42.52,40.0,1.0,0.08,0.05,100,100,-10.91,-2.9,-100.0,-0.14,0.0,0.418
1759161197571,2025-09-29 23:53:17.571,44.9,40.0,1.0,0.08,0.05,100,100,-10.51,-2.52,-100.0,0.08,0.0,0.41
1759161202571,2025-09-29 23:53:22.571,45.64,40.0,1.0,0.08,0.05,100,100,-12.92,-4.9,-100.0,-0.48,0.0,0.458
1759161207571,2025-09-29 23:53:27.571,45.1,40.0,1.0,0.08,0.05,100,100,-13.64,-5.64,-100.0,-0.15,0.0,0.473
1759161212571,2025-09-29 23:53:32.571,44.82,32.0,1.0,0.08,0.05,100,100,-13.1,-5.1,-100.0,0.11,0.0,0.462
1759161217571,2025-09-29 23:53:37.571,42.72,32.0,1.0,0.08,0.05,100,100,-20.9,-12.82,-100.0,-1.54,0.0,0.456
1759161222571,2025-09-29 23:53:42.571,40.9,32.0,1.0,0.08,0.05,100,100,-18.7,-10.72,-100.0,0.42,0.0,0.414
1759161227571,2025-09-29 23:53:47.571,45.14,32.0,1.0,0.08,0.05,100,100,-16.88,-8.9,-100.0,0.36,0.0,0.378
1759161232571,2025-09-29 23:53:52.571,43.89,32.0,1.0,0.08,0.05,100,100,-21.18,-13.14,-100.0,-0.85,0.0,0.463
1759161237571,2025-09-29 23:53:57.571,42.73,32.0,1.0,0.08,0.05,100,100,-19.88,-11.89,-100.0,0.25,0.0,0.438
1759161242571,2025-09-29 23:54:02.571,43.3,32.0,1.0,0.08,0.05,100,100,-18.72,-10.73,-100.0,0.23,0.0,0.415
1759161247571,2025-09-29 23:54:07.571,42.55,32.0,1.0,0.08,0.05,100,100,-19.31,-11.3,-100.0,-0.11,0.0,0.426
1759161252571,2025-09-29 23:54:12.571,45.41,32.0,1.0,0.08,0.05,100,100,-18.55,-10.55,-100.0,0.15,0.0,0.411
1759161257571,2025-09-29 23:54:17.571,47.83,32.0,1.0,0.08,0.05,100,100,-21.44,-13.41,-100.0,-0.57,0.0,0.468
1759161262571,2025-09-29 23:54:22.571,48.38,32.0,1.0,0.08,0.05,100,100,-23.85,-15.83,-100.0,-0.48,0.0,0.517
1759161267571,2025-09-29 23:54:27.571,45.12,32.0,1.0,0.08,0.05,100,100,-24.39,-16.38,-100.0,-0.11,0.0,0.528
1759161272571,2025-09-29 23:54:32.571,45.15,32.0,1.0,0.08,0.05,100,100,-21.09,-13.12,-100.0,0.65,0.0,0.462
1759161277571,2025-09-29 23:54:37.571,45.1,32.0,1.0,0.08,0.05,100,100,-21.15,-13.15,-100.0,-0.01,0.0,0.463
1759161282571,2025-09-29 23:54:42.571,47.36,32.0,1.0,0.08,0.05,100,100,-21.1,-13.1,-100.0,0.01,0.0,0.462
1759161287571,2025-09-29 23:54:47.571,48.81,32.0,1.0,0.08,0.05,100,100,-23.38,-15.36,-100.0,-0.45,0.0,0.507
1759161292571,2025-09-29 23:54:52.571,48.07,32.0,1.0,0.08,0.05,100,100,-24.82,-16.81,-100.0,-0.29,0.0,0.536
1759161297571,2025-09-29 23:54:57.571,49.85,32.0,1.0,0.08,0.05,100,100,-24.06,-16.07,-100.0,0.15,0.0,0.521
1759161302571,2025-09-29 23:55:02.571,48.26,32.0,1.0,0.08,0.05,100,100,-25.87,-17.85,-100.0,-0.36,0.0,0.557
1759161307571,2025-09-29 23:55:07.571,51.75,32.0,1.0,0.08,0.05,100,100,-24.24,-16.26,-100.0,0.32,0.0,0.525
1759161312571,2025-09-29 23:55:12.571,54.39,32.0,1.0,0.08,0.05,100,100,-27.78,-19.75,-100.0,-0.7,0.0,0.595
1759161317571,2025-09-29 23:55:17.571,56.2,32.0,1.0,0.08,0.05,100,100,-30.42,-22.39,-100.0,-0.53,0.0,0.648
1759161322571,2025-09-29 23:55:22.571,52.91,32.0,1.0,0.08,0.05,100,100,-32.22,-24.2,-100.0,-0.36,0.0,0.684
1759161327571,2025-09-29 23:55:27.571,53.87,32.0,1.0,0.08,0.05,100,100,-28.88,-20.91,-100.0,0.66,0.0,0.618
1759161332571,2025-09-29 23:55:32.571,53.03,32.0,1.0,0.08,0.05,100,100,-29.88,-21.87,-100.0,-0.19,0.0,0.637
1759161337571,2025-09-29 23:55:37.571,53.66,32.0,1.0,0.08,0.05,100,100,-29.02,-21.03,-100.0,0.17,0.0,0.621
1759161342571,2025-09-29 23:55:42.571,53.91,32.0,1.0,0.08,0.05,100,100,-29.67,-21.66,-100.0,-0.13,0.0,0.633
1759161347571,2025-09-29 23:55:47.571,55.21,32.0,1.0,0.08,0.05,100,100,-29.91,-21.91,-100.0,-0.05,0.0,0.638
1759161352571,2025-09-29 23:55:52.571,53.85,32.0,1.0,0.08,0.05,100,100,-31.22,-23.21,-100.0,-0.26,0.0,0.664
1759161357571,2025-09-29 23:55:57.571,52.39,32.0,1.0,0.08,0.05,100,100,-29.84,-21.85,-100.0,0.27,0.0,0.637
1759161362571,2025-09-29 23:56:02.571,53.5,32.0,1.0,0.08,0.05,100,100,-28.38,-20.39,-100.0,0.29,0.0,0.608
1759161367571,2025-09-29 23:56:07.571,53.12,32.0,1.0,0.08,0.05,100,100,-29.51,-21.5,-100.0,-0.22,0.0,0.63
1759161372571,2025-09-29 23:56:12.571,54.09,32.0,1.0,0.08,0.05,100,100,-29.12,-21.12,-100.0,0.08,0.0,0.622
1759161377571,2025-09-29 23:56:17.571,54.49,32.0,1.0,0.08,0.05,100,100,-30.1,-22.09,-100.0,-0.19,0.0,0.642
1759161382571,2025-09-29 23:56:22.571,52.35,32.0,1.0,0.08,0.05,100,100,-30.5,-22.49,-100.0,-0.08,0.0,0.65
1759161387571,2025-09-29 23:56:27.571,51.05,32.0,1.0,0.08,0.05,100,100,-28.33,-20.35,-100.0,0.43,0.0,0.607
1759161392571,2025-09-29 23:56:32.571,50.02,32.0,1.0,0.08,0.05,100,100,-27.04,-19.05,-100.0,0.26,0.0,0.581
1759161397571,2025-09-29 23:56:37.571,48.37,32.0,1.0,0.08,0.05,100,100,-26.01,-18.02,-100.0,0.21,0.0,0.56
1759161402571,2025-09-29 23:56:42.571,49.74,32.0,1.0,0.08,0.05,100,100,-24.35,-16.37,-100.0,0.33,0.0,0.527
1759161407571,2025-09-29 23:56:47.571,48.96,32.0,1.0,0.08,0.05,100,100,-25.76,-17.74,-100.0,-0.28,0.0,0.555
1759161412571,2025-09-29 23:56:52.571,45.98,32.0,1.0,0.08,0.05,100,100,-24.96,-16.96,-100.0,0.16,0.0,0.539
1759161417571,2025-09-29 23:56:57.571,45.46,32.0,1.0,0.08,0.05,100,100,-21.95,-13.98,-100.0,0.6,0.0,0.48
1759161422571,2025-09-29 23:57:02.571,45.62,32.0,1.0,0.08,0.05,100,100,-21.45,-13.46,-100.0,0.1,0.0,0.469
1759161427571,2025-09-29 23:57:07.571,46.18,32.0,1.0,0.08,0.05,100,100,-21.63,-13.62,-100.0,-0.03,0.0,0.472
1759161432571,2025-09-29 23:57:12.571,46.24,32.0,1.0,0.08,0.05,100,100,-22.18,-14.18,-100.0,-0.11,0.0,0.484
1759161437571,2025-09-29 23:57:17.571,47.43,32.0,1.0,0.08,0.05,100,100,-22.24,-14.24,-100.0,-0.01,0.0,0.485
1759161442571,2025-09-29 23:57:22.571,47.49,32.0,1.0,0.08,0.05,100,100,-23.45,-15.43,-100.0,-0.24,0.0,0.509
1759161447571,2025-09-29 23:57:27.571,48.08,32.0,1.0,0.08,0.05,100,100,-23.49,-15.49,-100.0,-0.01,0.0,0.51
1759161452571,2025-09-29 23:57:32.571,46.29,32.0,1.0,0.08,0.05,100,100,-24.09,-16.08,-100.0,-0.12,0.0,0.522
1759161457571,2025-09-29 23:57:37.571,43.36,32.0,1.0,0.08,0.05,100,100,-22.27,-14.29,-100.0,0.36,0.0,0.486
1759161462571,2025-09-29 23:57:42.571,41.85,32.0,1.0,0.08,0.05,100,100,-19.33,-11.36,-100.0,0.59,0.0,0.427
1759161467571,2025-09-29 23:57:47.571,37.43,32.0,1.0,0.08,0.05,100,100,-17.84,-9.85,-100.0,0.3,0.0,0.397
1759161472571,2025-09-29 23:57:52.571,38.88,32.0,1.0,0.08,0.05,100,100,-13.39,-5.43,-100.0,0.88,0.0,0.309
1759161477571,2025-09-29 23:57:57.571,42.06,32.0,1.0,0.08,0.05,100,100,-14.9,-6.88,-100.0,-0.29,0.0,0.338
1759161482571,2025-09-29 23:58:02.571,40.47,32.0,1.0,0.08,0.05,100,100,-18.09,-10.06,-100.0,-0.63,0.0,0.401
1759161487571,2025-09-29 23:58:07.571,41.09,32.0,1.0,0.08,0.05,100,100,-16.45,-8.47,-100.0,0.32,0.0,0.369
1759161492571,2025-09-29 23:58:12.571,38.24,32.0,1.0,0.08,0.05,100,100,-17.1,-9.09,-100.0,-0.12,0.0,0.382
1759161497571,2025-09-29 23:58:17.571,36.8,32.0,1.0,0.08,0.05,100,100,-14.22,-6.24,-100.0,0.57,0.0,0.325
1759161502571,2025-09-29 23:58:22.571,38.58,32.0,1.0,0.08,0.05,100,100,-12.79,-4.8,-100.0,0.29,0.0,0.296
1759161507571,2025-09-29 23:58:27.571,38.68,32.0,1.0,0.08,0.05,100,100,-14.6,-6.58,-100.0,-0.36,0.0,0.332
1759161512571,2025-09-29 23:58:32.571,40.06,32.0,1.0,0.08,0.05,100,100,-14.68,-6.68,-100.0,-0.02,0.0,0.334
1759161517571,2025-09-29 23:58:37.571,41.35,32.0,1.0,0.08,0.05,100,100,-16.08,-8.06,-100.0,-0.28,0.0,0.361
1759161522571,2025-09-29 23:58:42.571,40.84,32.0,1.0,0.08,0.05,100,100,-17.36,-9.35,-100.0,-0.26,0.0,0.387
1759161527571,2025-09-29 23:58:47.571,42.69,32.0,1.0,0.08,0.05,100,100,-16.84,-8.84,-100.0,0.1,0.0,0.377
1759161532571,2025-09-29 23:58:52.571,40.67,32.0,1.0,0.08,0.05,100,100,-18.71,-10.69,-100.0,-0.37,0.0,0.414
1759161537571,2025-09-29 23:58:57.571,41.11,32.0,1.0,0.08,0.05,100,100,-16.65,-8.67,-100.0,0.4,0.0,0.373
1759161542571,2025-09-29 23:59:02.571,41.29,32.0,1.0,0.08,0.05,100,100,-17.11,-9.11,-100.0,-0.09,0.0,0.382
1759161547571,2025-09-29 23:59:07.571,40.22,32.0,1.0,0.08,0.05,100,100,-17.29,-9.29,-100.0,-0.04,0.0,0.386
1759161552571,2025-09-29 23:59:12.571,40.76,32.0,1.0,0.08,0.05,100,100,-16.21,-8.22,-100.0,0.21,0.0,0.364
1759161557571,2025-09-29 23:59:17.571,42.34,32.0,1.0,0.08,0.05,100,100,-16.76,-8.76,-100.0,-0.11,0.0,0.375
1759161562571,2025-09-29 23:59:22.571,42.74,32.0,1.0,0.08,0.05,100,100,-18.36,-10.34,-100.0,-0.32,0.0,0.407
1759161567571,2025-09-29 23:59:27.571,41.93,32.0,1.0,0.08,0.05,100,100,-18.74,-10.74,-100.0,-0.08,0.0,0.415
1759161572571,2025-09-29 23:59:32.571,42.08,32.0,1.0,0.08,0.05,100,100,-17.92,-9.93,-100.0,0.16,0.0,0.399
1759161577571,2025-09-29 23:59:37.571,37.73,32.0,1.0,0.08,0.05,100,100,-18.09,-10.08,-100.0,-0.03,0.0,0.402
1759161582571,2025-09-29 23:59:42.571,36.04,32.0,1.0,0.08,0.05,100,100,-13.68,-5.73,-100.0,0.87,0.0,0.315
1759161587571,2025-09-29 23:59:47.571,36.18,32.0,1.0,0.08,0.05,100,100,-12.02,-4.04,-100.0,0.34,0.0,0.281
1759161592571,2025-09-29 23:59:52.571,36.7,32.0,1.0,0.08,0.05,100,100,-12.18,-4.18,-100.0,-0.03,0.0,0.284
1759161597571,2025-09-29 23:59:57.571,38.27,32.0,1.0,0.08,0.05,100,100,-12.71,-4.7,-100.0,-0.1,0.0,0.294
1759161602571,2025-09-30 00:00:02.571,38.13,32.0,1.0,0.08,0.05,100,100,-14.28,-6.27,-100.0,-0.31,0.0,0.325
1759161607571,2025-09-30 00:00:07.571,36.55,32.0,1.0,0.08,0.05,100,100,-14.13,-6.13,-100.0,0.03,0.0,0.323
1759161612571,2025-09-30 00:00:12.571,34.82,32.0,1.0,0.08,0.05,100,100,-12.54,-4.55,-100.0,0.32,0.0,0.291
1759161617571,2025-09-30 00:00:17.571,31.74,32.0,1.0,0.08,0.05,100,100,-10.8,-2.82,-100.0,0.35,0.0,0.256
1759161622571,2025-09-30 00:00:22.571,32.83,32.0,1.0,0.08,0.05,100,100,-7.61,0.26,-98.7,0.62,0.0,0.195
1759161627571,2025-09-30 00:00:27.571,31.89,32.0,1.0,0.08,0.05,100,100,-8.84,-0.83,-100.0,-0.22,0.0,0.217
1759161632571,2025-09-30 00:00:32.571,32.85,32.0,1.0,0.08,0.05,100,100,-7.84,0.11,-99.46,0.19,0.0,0.198
1759161637571,2025-09-30 00:00:37.571,33.28,32.0,1.0,0.08,0.05,100,100,-8.86,-0.85,-100.0,-0.19,0.0,0.217
1759161642571,2025-09-30 00:00:42.571,32.15,32.0,1.0,0.08,0.05,100,100,-9.29,-1.28,-100.0,-0.09,0.0,0.226
1759161647571,2025-09-30 00:00:47.571,32.36,32.0,1.0,0.08,0.05,100,100,-8.14,-0.15,-100.0,0.23,0.0,0.203
1759161652571,2025-09-30 00:00:52.571,32.25,32.0,1.0,0.08,0.05,100,100,-8.36,-0.36,-100.0,-0.04,0.0,0.207
1759161657571,2025-09-30 00:00:57.571,29.61,32.0,1.0,0.08,0.05,100,100,-8.25,-0.25,-100.0,0.02,0.0,0.205
1759161662571,2025-09-30 00:01:02.571,27.02,32.0,1.0,0.08,0.05,100,100,-4.63,2.39,-88.07,0.53,0.0,0.152
1759161667571,2025-09-30 00:01:07.571,26.85,32.0,1.0,0.08,0.05,100,100,-0.05,4.98,-63.16,0.52,0.0,0.1
1759161672571,2025-09-30 00:01:12.571,27.87,32.0,1.0,0.08,0.05,100,100,2.16,5.15,-37.42,0.03,0.032,0.097
1759161677571,2025-09-30 00:01:17.571,25.51,32.0,1.0,0.08,0.05,100,100,2.77,4.13,-16.79,-0.2,0.042,0.117
1759161682571,2025-09-30 00:01:22.571,24.33,32.0,1.0,0.08,0.05,100,100,7.77,6.49,15.68,0.47,0.117,0.07
1759161687571,2025-09-30 00:01:27.571,24.89,32.0,1.0,0.08,0.05,100,100,12.01,7.67,54.04,0.24,0.18,0.047
1759161692571,2025-09-30 00:01:32.571,25.31,32.0,1.0,0.08,0.05,100,100,14.27,7.11,89.59,-0.11,0.214,0.058
1759161697571,2025-09-30 00:01:37.571,26.2,32.0,1.0,0.08,0.05,100,100,14.69,6.69,100.0,-0.08,0.22,0.066
1759161702571,2025-09-30 00:01:42.571,28.21,32.0,1.0,0.08,0.05,100,100,13.79,5.8,100.0,-0.18,0.207,0.084
1759161707571,2025-09-30 00:01:47.571,30.32,32.0,1.0,0.08,0.05,100,100,11.77,3.79,100.0,-0.4,0.176,0.124
1759161712571,2025-09-30 00:01:52.571,30.94,32.0,1.0,0.08,0.05,100,100,9.65,1.68,100.0,-0.42,0.145,0.166
1759161717571,2025-09-30 00:01:57.571,29.49,32.0,1.0,0.08,0.05,100,100,9.05,1.06,100.0,-0.12,0.136,0.179
1759161722571,2025-09-30 00:02:02.571,28.16,32.0,1.0,0.08,0.05,100,100,10.53,2.51,100.0,0.29,0.158,0.15
1759161727571,2025-09-30 00:02:07.571,30.3,32.0,1.0,0.08,0.05,100,100,11.85,3.84,100.0,0.27,0.178,0.123
1759161732571,2025-09-30 00:02:12.571,29.53,32.0,1.0,0.08,0.05,100,100,9.68,1.7,100.0,-0.43,0.145,0.166
1759161737571,2025-09-30 00:02:17.571,30.66,32.0,1.0,0.08,0.05,100,100,10.48,2.47,100.0,0.15,0.157,0.151
1759161742571,2025-09-30 00:02:22.571,31.49,32.0,1.0,0.08,0.05,100,100,9.33,1.34,100.0,-0.23,0.14,0.173
1759161747571,2025-09-30 00:02:27.571,31.58,32.0,1.0,0.08,0.05,100,100,8.5,0.51,100.0,-0.17,0.128,0.19
1759161752571,2025-09-30 00:02:32.571,30.64,32.0,1.0,0.08,0.05,100,100,8.42,0.42,100.0,-0.02,0.126,0.192
1759161757571,2025-09-30 00:02:37.571,31.29,32.0,1.0,0.08,0.05,100,100,9.37,1.36,100.0,0.19,0.141,0.173
1759161762571,2025-09-30 00:02:42.571,33.38,32.0,1.0,0.08,0.05,100,100,8.7,0.71,100.0,-0.13,0.13,0.186
1759161767571,2025-09-30 00:02:47.571,31.57,32.0,1.0,0.08,0.05,100,100,6.05,-1.38,93.11,-0.42,0.091,0.228
1759161772571,2025-09-30 00:02:52.571,31.78,32.0,1.0,0.08,0.05,100,100,8.07,0.43,95.26,0.36,0.121,0.191
1759161777571,2025-09-30 00:02:57.571,30.46,32.0,1.0,0.08,0.05,100,100,7.92,0.22,96.34,-0.04,0.119,0.196
1759161782571,2025-09-30 00:03:02.571,31.04,32.0,1.0,0.08,0.05,100,100,9.55,1.54,100.0,0.27,0.143,0.169
1759161787571,2025-09-30 00:03:07.571,31.53,32.0,1.0,0.08,0.05,100,100,8.96,0.96,100.0,-0.12,0.134,0.181
1759161792571,2025-09-30 00:03:12.571,28.9,32.0,1.0,0.08,0.05,100,100,8.46,0.47,100.0,-0.1,0.127,0.191
1759161797571,2025-09-30 00:03:17.571,29.1,32.0,1.0,0.08,0.05,100,100,11.13,3.1,100.0,0.53,0.167,0.138
1759161802571,2025-09-30 00:03:22.571,28.34,32.0,1.0,0.08,0.05,100,100,10.9,2.9,100.0,-0.04,0.163,0.142
1759161807571,2025-09-30 00:03:27.571,30.16,32.0,1.0,0.08,0.05,100,100,11.66,3.66,100.0,0.15,0.175,0.127
1759161812571,2025-09-30 00:03:32.571,30.12,32.0,1.0,0.08,0.05,100,100,9.82,1.84,100.0,-0.36,0.147,0.163
1759161817571,2025-09-30 00:03:37.571,29.61,32.0,1.0,0.08,0.05,100,100,9.88,1.88,100.0,0.01,0.148,0.162
1759161822571,2025-09-30 00:03:42.571,31.0,32.0,1.0,0.08,0.05,100,100,10.4,2.39,100.0,0.1,0.156,0.152
1759161827571,2025-09-30 00:03:47.571,30.2,32.0,1.0,0.08,0.05,100,100,8.98,1.0,100.0,-0.28,0.135,0.18
1759161832571,2025-09-30 00:03:52.571,31.9,32.0,1.0,0.08,0.05,100,100,9.81,1.8,100.0,0.16,0.147,0.164
1759161837571,2025-09-30 00:03:57.571,29.78,32.0,1.0,0.08,0.05,100,100,8.08,0.1,100.0,-0.34,0.121,0.198
1759161842571,2025-09-30 00:04:02.571,30.52,32.0,1.0,0.08,0.05,100,100,10.24,2.22,100.0,0.42,0.154,0.156
1759161847571,2025-09-30 00:04:07.571,31.97,32.0,1.0,0.08,0.05,100,100,9.47,1.48,100.0,-0.15,0.142,0.17
1759161852571,2025-09-30 00:04:12.571,31.79,32.0,1.0,0.08,0.05,100,100,8.01,0.03,100.0,-0.29,0.12,0.199
1759161857571,2025-09-30 00:04:17.571,32.27,32.0,1.0,0.08,0.05,100,100,8.21,0.21,100.0,0.04,0.123,0.196
1759161862571,2025-09-30 00:04:22.571,34.13,32.0,1.0,0.08,0.05,100,100,7.62,-0.27,98.65,-0.1,0.114,0.205
1759161867571,2025-09-30 00:04:27.571,35.44,32.0,1.0,0.08,0.05,100,100,4.89,-2.13,88.01,-0.37,0.073,0.243
1759161872571,2025-09-30 00:04:32.571,36.44,32.0,1.0,0.08,0.05,100,100,2.22,-3.44,70.83,-0.26,0.033,0.269
1759161877571,2025-09-30 00:04:37.571,35.85,32.0,1.0,0.08,0.05,100,100,-0.55,-4.44,48.65,-0.2,0.0,0.289
1759161882571,2025-09-30 00:04:42.571,39.47,32.0,1.0,0.08,0.05,100,100,-1.5,-3.85,29.38,0.12,0.0,0.277
1759161887571,2025-09-30 00:04:47.571,38.97,32.0,1.0,0.08,0.05,100,100,-8.15,-7.47,-7.99,-0.72,0.0,0.349
1759161892571,2025-09-30 00:04:52.571,39.87,32.0,1.0,0.08,0.05,100,100,-10.39,-6.97,-42.84,0.1,0.0,0.339
1759161897571,2025-09-30 00:04:57.571,42.36,32.0,1.0,0.08,0.05,100,100,-14.45,-7.87,-82.19,-0.18,0.0,0.357
1759161902571,2025-09-30 00:05:02.571,41.91,32.0,1.0,0.08,0.05,100,100,-18.39,-10.36,-100.0,-0.5,0.0,0.407
1759161907571,2025-09-30 00:05:07.571,41.36,32.0,1.0,0.08,0.05,100,100,-17.91,-9.91,-100.0,0.09,0.0,0.398
1759161912571,2025-09-30 00:05:12.571,41.9,32.0,1.0,0.08,0.05,100,100,-17.35,-9.36,-100.0,0.11,0.0,0.387
1759161917571,2025-09-30 00:05:17.571,43.12,32.0,1.0,0.08,0.05,100,100,-17.9,-9.9,-100.0,-0.11,0.0,0.398
1759161922571,2025-09-30 00:05:22.571,42.24,32.0,1.0,0.08,0.05,100,100,-19.14,-11.12,-100.0,-0.25,0.0,0.422
1759161927571,2025-09-30 00:05:27.571,41.51,32.0,1.0,0.08,0.05,100,100,-18.24,-10.24,-100.0,0.18,0.0,0.405
1759161932571,2025-09-30 00:05:32.571,42.61,32.0,1.0,0.08,0.05,100,100,-17.5,-9.51,-100.0,0.15,0.0,0.39
1759161937571,2025-09-30 00:05:37.571,42.61,32.0,1.0,0.08,0.05,100,100,-18.62,-10.61,-100.0,-0.22,0.0,0.412
1759161942571,2025-09-30 00:05:42.571,42.41,32.0,1.0,0.08,0.05,100,100,-18.61,-10.61,-100.0,0.0,0.0,0.412
1759161947571,2025-09-30 00:05:47.571,42.91,32.0,1.0,0.08,0.05,100,100,-18.41,-10.41,-100.0,0.04,0.0,0.408
1759161952571,2025-09-30 00:05:52.571,41.01,32.0,1.0,0.08,0.05,100,100,-18.91,-10.91,-100.0,-0.1,0.0,0.418
1759161957571,2025-09-30 00:05:57.571,40.7,32.0,1.0,0.08,0.05,100,100,-16.99,-9.01,-100.0,0.38,0.0,0.38
1759161962571,2025-09-30 00:06:02.571,43.05,32.0,1.0,0.08,0.05,100,100,-16.7,-8.7,-100.0,0.06,0.0,0.374
1759161967571,2025-09-30 00:06:07.571,42.9,32.0,1.0,0.08,0.05,100,100,-19.07,-11.05,-100.0,-0.47,0.0,0.421
1759161972571,2025-09-30 00:06:12.571,43.47,32.0,1.0,0.08,0.05,100,100,-18.9,-10.9,-100.0,0.03,0.0,0.418
1759161977571,2025-09-30 00:06:17.571,45.06,32.0,1.0,0.08,0.05,100,100,-19.47,-11.47,-100.0,-0.11,0.0,0.429
1759161982571,2025-09-30 00:06:22.571,43.63,32.0,1.0,0.08,0.05,100,100,-21.08,-13.06,-100.0,-0.32,0.0,0.461
1759161987571,2025-09-30 00:06:27.571,42.95,32.0,1.0,0.08,0.05,100,100,-19.62,-11.63,-100.0,0.29,0.0,0.433
1759161992571,2025-09-30 00:06:32.571,42.37,32.0,1.0,0.08,0.05,100,100,-18.94,-10.95,-100.0,0.14,0.0,0.419
1759161997571,2025-09-30 00:06:37.571,42.46,32.0,1.0,0.08,0.05,100,100,-18.36,-10.37,-100.0,0.12,0.0,0.407
1759162002571,2025-09-30 00:06:42.571,40.53,32.0,1.0,0.08,0.05,100,100,-18.46,-10.46,-100.0,-0.02,0.0,0.409
1759162007571,2025-09-30 00:06:47.571,42.34,32.0,1.0,0.08,0.05,100,100,-16.51,-8.53,-100.0,0.39,0.0,0.371
1759162012571,2025-09-30 00:06:52.571,41.49,32.0,1.0,0.08,0.05,100,100,-18.36,-10.34,-100.0,-0.36,0.0,0.407
1759162017571,2025-09-30 00:06:57.571,40.54,32.0,1.0,0.08,0.05,100,100,-17.48,-9.49,-100.0,0.17,0.0,0.39
1759162022571,2025-09-30 00:07:02.571,38.85,32.0,1.0,0.08,0.05,100,100,-16.53,-8.54,-100.0,0.19,0.0,0.371
1759162027571,2025-09-30 00:07:07.571,39.29,32.0,1.0,0.08,0.05,100,100,-14.83,-6.85,-100.0,0.34,0.0,0.337
1759162032571,2025-09-30 00:07:12.571,41.68,32.0,1.0,0.08,0.05,100,100,-15.3,-7.29,-100.0,-0.09,0.0,0.346
1759162037571,2025-09-30 00:07:17.571,41.29,32.0,1.0,0.08,0.05,100,100,-17.71,-9.68,-100.0,-0.48,0.0,0.394
1759162042571,2025-09-30 00:07:22.571,42.58,32.0,1.0,0.08,0.05,100,100,-17.28,-9.29,-100.0,0.08,0.0,0.386
1759162047571,2025-09-30 00:07:27.571,43.09,32.0,1.0,0.08,0.05,100,100,-18.6,-10.58,-100.0,-0.26,0.0,0.412
1759162052571,2025-09-30 00:07:32.571,45.39,32.0,1.0,0.08,0.05,100,100,-19.1,-11.09,-100.0,-0.1,0.0,0.422
1759162057571,2025-09-30 00:07:37.571,44.21,32.0,1.0,0.08,0.05,100,100,-21.41,-13.39,-100.0,-0.46,0.0,0.468
1759162062571,2025-09-30 00:07:42.571,43.48,32.0,1.0,0.08,0.05,100,100,-20.2,-12.21,-100.0,0.24,0.0,0.444
1759162067571,2025-09-30 00:07:47.571,42.08,32.0,1.0,0.08,0.05,100,100,-19.47,-11.48,-100.0,0.15,0.0,0.43
1759162072571,2025-09-30 00:07:52.571,45.8,32.0,1.0,0.08,0.05,100,100,-18.07,-10.08,-100.0,0.28,0.0,0.402
1759162077571,2025-09-30 00:07:57.571,48.28,32.0,1.0,0.08,0.05,100,100,-21.84,-13.8,-100.0,-0.74,0.0,0.476
1759162082571,2025-09-30 00:08:02.571,48.48,32.0,1.0,0.08,0.05,100,100,-24.31,-16.28,-100.0,-0.5,0.0,0.526
1759162087571,2025-09-30 00:08:07.571,47.28,32.0,1.0,0.08,0.05,100,100,-24.49,-16.48,-100.0,-0.04,0.0,0.53
1759162092571,2025-09-30 00:08:12.571,45.81,32.0,1.0,0.08,0.05,100,100,-23.26,-15.28,-100.0,0.24,0.0,0.506
1759162097571,2025-09-30 00:08:17.571,46.2,32.0,1.0,0.08,0.05,100,100,-21.8,-13.81,-100.0,0.29,0.0,0.476
1759162102571,2025-09-30 00:08:22.571,46.3,32.0,1.0,0.08,0.05,100,100,-22.21,-14.2,-100.0,-0.08,0.0,0.484
1759162107571,2025-09-30 00:08:27.571,45.77,32.0,1.0,0.08,0.05,100,100,-22.3,-14.3,-100.0,-0.02,0.0,0.486
1759162112571,2025-09-30 00:08:32.571,46.19,32.0,1.0,0.08,0.05,100,100,-21.77,-13.77,-100.0,0.11,0.0,0.475
1759162117571,2025-09-30 00:08:37.571,45.38,32.0,1.0,0.08,0.05,100,100,-22.2,-14.19,-100.0,-0.08,0.0,0.484
1759162122571,2025-09-30 00:08:42.571,43.51,32.0,1.0,0.08,0.05,100,100,-21.37,-13.38,-100.0,0.16,0.0,0.468
1759162127571,2025-09-30 00:08:47.571,44.43,32.0,1.0,0.08,0.05,100,100,-19.5,-11.51,-100.0,0.37,0.0,0.43
1759162132571,2025-09-30 00:08:52.571,41.65,32.0,1.0,0.08,0.05,100,100,-20.44,-12.43,-100.0,-0.18,0.0,0.449
1759162137571,2025-09-30 00:08:57.571,43.68,32.0,1.0,0.08,0.05,100,100,-17.63,-9.65,-100.0,0.55,0.0,0.393
1759162142571,2025-09-30 00:09:02.571,46.73,32.0,1.0,0.08,0.05,100,100,-19.7,-11.68,-100.0,-0.4,0.0,0.434
1759162147571,2025-09-30 00:09:07.571,46.52,32.0,1.0,0.08,0.05,100,100,-22.76,-14.73,-100.0,-0.61,0.0,0.495
1759162152571,2025-09-30 00:09:12.571,45.79,32.0,1.0,0.08,0.05,100,100,-22.52,-14.52,-100.0,0.04,0.0,0.49
1759162157571,2025-09-30 00:09:17.571,43.1,32.0,1.0,0.08,0.05,100,100,-21.78,-13.79,-100.0,0.15,0.0,0.476
1759162162571,2025-09-30 00:09:22.571,42.42,32.0,1.0,0.08,0.05,100,100,-19.07,-11.1,-100.0,0.54,0.0,0.422
1759162167571,2025-09-30 00:09:27.571,42.77,32.0,1.0,0.08,0.05,100,100,-18.41,-10.42,-100.0,0.14,0.0,0.408
1759162172571,2025-09-30 00:09:32.571,41.29,32.0,1.0,0.08,0.05,100,100,-18.78,-10.77,-100.0,-0.07,0.0,0.415
1759162177571,2025-09-30 00:09:37.571,40.81,32.0,1.0,0.08,0.05,100,100,-17.28,-9.29,-100.0,0.3,0.0,0.386
1759162182571,2025-09-30 00:09:42.571,39.33,32.0,1.0,0.08,0.05,100,100,-16.8,-8.81,-100.0,0.1,0.0,0.376
1759162187571,2025-09-30 00:09:47.571,39.21,32.0,1.0,0.08,0.05,100,100,-15.32,-7.33,-100.0,0.29,0.0,0.347
1759162192571,2025-09-30 00:09:52.571,39.26,32.0,1.0,0.08,0.05,100,100,-15.21,-7.21,-100.0,0.02,0.0,0.344
1759162197571,2025-09-30 00:09:57.571,38.19,32.0,1.0,0.08,0.05,100,100,-15.26,-7.26,-100.0,-0.01,0.0,0.345
1759162202571,2025-09-30 00:10:02.571,37.65,32.0,1.0,0.08,0.05,100,100,-14.18,-6.19,-100.0,0.21,0.0,0.324
1759162207571,2025-09-30 00:10:07.571,35.23,32.0,1.0,0.08,0.05,100,100,-13.65,-5.65,-100.0,0.11,0.0,0.313
1759162212571,2025-09-30 00:10:12.571,35.2,32.0,1.0,0.08,0.05,100,100,-11.21,-3.23,-100.0,0.48,0.0,0.265
1759162217571,2025-09-30 00:10:17.571,33.72,32.0,1.0,0.08,0.05,100,100,-11.2,-3.2,-100.0,0.01,0.0,0.264
1759162222571,2025-09-30 00:10:22.571,32.71,32.0,1.0,0.08,0.05,100,100,-9.71,-1.72,-100.0,0.29,0.0,0.234
1759162227571,2025-09-30 00:10:27.571,34.12,32.0,1.0,0.08,0.05,100,100,-8.7,-0.71,-100.0,0.2,0.0,0.214
1759162232571,2025-09-30 00:10:32.571,35.27,32.0,1.0,0.08,0.05,100,100,-10.14,-2.12,-100.0,-0.28,0.0,0.242
1759162237571,2025-09-30 00:10:37.571,34.84,32.0,1.0,0.08,0.05,100,100,-11.28,-3.27,-100.0,-0.23,0.0,0.265
1759162242571,2025-09-30 00:10:42.571,35.39,32.0,1.0,0.08,0.05,100,100,-10.83,-2.84,-100.0,0.09,0.0,0.257
1759162247571,2025-09-30 00:10:47.571,33.34,32.0,1.0,0.08,0.05,100,100,-11.4,-3.39,-100.0,-0.11,0.0,0.268
1759162252571,2025-09-30 00:10:52.571,31.53,32.0,1.0,0.08,0.05,100,100,-9.32,-1.34,-100.0,0.41,0.0,0.227
1759162257571,2025-09-30 00:10:57.571,33.46,32.0,1.0,0.08,0.05,100,100,-7.32,0.47,-97.64,0.36,0.0,0.191
1759162262571,2025-09-30 00:11:02.571,33.95,32.0,1.0,0.08,0.05,100,100,-9.48,-1.46,-100.0,-0.39,0.0,0.229
1759162267571,2025-09-30 00:11:07.571,34.87,32.0,1.0,0.08,0.05,100,100,-9.95,-1.95,-100.0,-0.1,0.0,0.239
1759162272571,2025-09-30 00:11:12.571,36.29,32.0,1.0,0.08,0.05,100,100,-10.88,-2.87,-100.0,-0.18,0.0,0.257
1759162277571,2025-09-30 00:11:17.571,37.92,32.0,1.0,0.08,0.05,100,100,-12.3,-4.29,-100.0,-0.28,0.0,0.286
1759162282571,2025-09-30 00:11:22.571,36.96,32.0,1.0,0.08,0.05,100,100,-13.94,-5.92,-100.0,-0.33,0.0,0.318
1759162287571,2025-09-30 00:11:27.571,38.63,32.0,1.0,0.08,0.05,100,100,-12.95,-4.96,-100.0,0.19,0.0,0.299
1759162292571,2025-09-30 00:11:32.571,37.47,32.0,1.0,0.08,0.05,100,100,-14.64,-6.63,-100.0,-0.33,0.0,0.333
1759162297571,2025-09-30 00:11:37.571,36.44,32.0,1.0,0.08,0.05,100,100,-13.46,-5.47,-100.0,0.23,0.0,0.309
1759162302571,2025-09-30 00:11:42.571,34.18,32.0,1.0,0.08,0.05,100,100,-12.43,-4.44,-100.0,0.21,0.0,0.289
1759162307571,2025-09-30 00:11:47.571,35.59,32.0,1.0,0.08,0.05,100,100,-10.16,-2.18,-100.0,0.45,0.0,0.244
1759162312571,2025-09-30 00:11:52.571,35.91,32.0,1.0,0.08,0.05,100,100,-11.61,-3.59,-100.0,-0.28,0.0,0.272
1759162317571,2025-09-30 00:11:57.571,35.2,32.0,1.0,0.08,0.05,100,100,-11.91,-3.91,-100.0,-0.06,0.0,0.278
1759162322571,2025-09-30 00:12:02.571,35.58,32.0,1.0,0.08,0.05,100,100,-11.19,-3.2,-100.0,0.14,0.0,0.264
1759162327571,2025-09-30 00:12:07.571,33.63,32.0,1.0,0.08,0.05,100,100,-11.58,-3.58,-100.0,-0.08,0.0,0.272
1759162332571,2025-09-30 00:12:12.571,36.63,32.0,1.0,0.08,0.05,100,100,-9.61,-1.63,-100.0,0.39,0.0,0.233
1759162337571,2025-09-30 00:12:17.571,37.44,32.0,1.0,0.08,0.05,100,100,-12.66,-4.63,-100.0,-0.6,0.0,0.293
1759162342571,2025-09-30 00:12:22.571,39.62,32.0,1.0,0.08,0.05,100,100,-13.45,-5.44,-100.0,-0.16,0.0,0.309
1759162347571,2025-09-30 00:12:27.571,36.93,32.0,1.0,0.08,0.05,100,100,-15.64,-7.62,-100.0,-0.44,0.0,0.352
1759162352571,2025-09-30 00:12:32.571,36.24,32.0,1.0,0.08,0.05,100,100,-12.9,-4.93,-100.0,0.54,0.0,0.299
1759162357571,2025-09-30 00:12:37.571,37.16,32.0,1.0,0.08,0.05,100,100,-12.23,-4.24,-100.0,0.14,0.0,0.285
1759162362571,2025-09-30 00:12:42.571,36.97,32.0,1.0,0.08,0.05,100,100,-13.17,-5.16,-100.0,-0.18,0.0,0.303
1759162367571,2025-09-30 00:12:47.571,35.24,32.0,1.0,0.08,0.05,100,100,-12.97,-4.97,-100.0,0.04,0.0,0.299
1759162372571,2025-09-30 00:12:52.571,33.46,32.0,1.0,0.08,0.05,100,100,-11.23,-3.24,-100.0,0.35,0.0,0.265
1759162377571,2025-09-30 00:12:57.571,33.3,32.0,1.0,0.08,0.05,100,100,-9.44,-1.46,-100.0,0.36,0.0,0.229
1759162382571,2025-09-30 00:13:02.571,32.59,32.0,1.0,0.08,0.05,100,100,-9.29,-1.3,-100.0,0.03,0.0,0.226
1759162387571,2025-09-30 00:13:07.571,31.82,32.0,1.0,0.08,0.05,100,100,-8.58,-0.59,-100.0,0.14,0.0,0.212
1759162392571,2025-09-30 00:13:12.571,31.41,32.0,1.0,0.08,0.05,100,100,-7.73,0.18,-99.08,0.15,0.0,0.196
1759162397571,2025-09-30 00:13:17.571,31.99,32.0,1.0,0.08,0.05,100,100,-7.1,0.59,-96.15,0.08,0.0,0.188
1759162402571,2025-09-30 00:13:22.571,34.75,32.0,1.0,0.08,0.05,100,100,-7.69,0.01,-96.12,-0.12,0.0,0.2
1759162407571,2025-09-30 00:13:27.571,34.31,32.0,1.0,0.08,0.05,100,100,-10.78,-2.75,-100.0,-0.55,0.0,0.255
1759162412571,2025-09-30 00:13:32.571,34.44,32.0,1.0,0.08,0.05,100,100,-10.31,-2.31,-100.0,0.09,0.0,0.246
1759162417571,2025-09-30 00:13:37.571,37.26,32.0,1.0,0.08,0.05,100,100,-10.44,-2.44,-100.0,-0.03,0.0,0.249
1759162422571,2025-09-30 00:13:42.571,37.55,32.0,1.0,0.08,0.05,100,100,-13.29,-5.26,-100.0,-0.56,0.0,0.305
1759162427571,2025-09-30 00:13:47.571,36.0,32.0,1.0,0.08,0.05,100,100,-13.55,-5.55,-100.0,-0.06,0.0,0.311
1759162432571,2025-09-30 00:13:52.571,35.39,32.0,1.0,0.08,0.05,100,100,-11.99,-4.0,-100.0,0.31,0.0,0.28
1759162437571,2025-09-30 00:13:57.571,36.18,32.0,1.0,0.08,0.05,100,100,-11.38,-3.39,-100.0,0.12,0.0,0.268
1759162442571,2025-09-30 00:14:02.571,36.34,32.0,1.0,0.08,0.05,100,100,-12.19,-4.18,-100.0,-0.16,0.0,0.284
1759162447571,2025-09-30 00:14:07.571,35.96,32.0,1.0,0.08,0.05,100,100,-12.34,-4.34,-100.0,-0.03,0.0,0.287
1759162452571,2025-09-30 00:14:12.571,36.05,32.0,1.0,0.08,0.05,100,100,-11.95,-3.96,-100.0,0.08,0.0,0.279
1759162457571,2025-09-30 00:14:17.571,34.8,32.0,1.0,0.08,0.05,100,100,-12.06,-4.05,-100.0,-0.02,0.0,0.281
1759162462571,2025-09-30 00:14:22.571,34.16,32.0,1.0,0.08,0.05,100,100,-10.79,-2.8,-100.0,0.25,0.0,0.256
1759162467571,2025-09-30 00:14:27.571,33.27,32.0,1.0,0.08,0.05,100,100,-10.15,-2.16,-100.0,0.13,0.0,0.243
1759162472571,2025-09-30 00:14:32.571,34.0,32.0,1.0,0.08,0.05,100,100,-9.26,-1.27,-100.0,0.18,0.0,0.225
1759162477571,2025-09-30 00:14:37.571,32.89,32.0,1.0,0.08,0.05,100,100,-10.01,-2.0,-100.0,-0.15,0.0,0.24
1759162482571,2025-09-30 00:14:42.571,33.47,32.0,1.0,0.08,0.05,100,100,-8.87,-0.89,-100.0,0.22,0.0,0.218
1759162487571,2025-09-30 00:14:47.571,31.79,32.0,1.0,0.08,0.05,100,100,-9.48,-1.47,-100.0,-0.12,0.0,0.229
1759162492571,2025-09-30 00:14:52.571,33.72,32.0,1.0,0.08,0.05,100,100,-7.69,0.21,-98.97,0.34,0.0,0.196
1759162497571,2025-09-30 00:14:57.571,36.08,32.0,1.0,0.08,0.05,100,100,-9.74,-1.72,-100.0,-0.39,0.0,0.234
1759162502571,2025-09-30 00:15:02.571,36.55,32.0,1.0,0.08,0.05,100,100,-12.11,-4.08,-100.0,-0.47,0.0,0.282
1759162507571,2025-09-30 00:15:07.571,36.53,32.0,1.0,0.08,0.05,100,100,-12.56,-4.55,-100.0,-0.09,0.0,0.291
1759162512571,2025-09-30 00:15:12.571,36.21,32.0,1.0,0.08,0.05,100,100,-12.53,-4.53,-100.0,0.0,0.0,0.291
1759162517571,2025-09-30 00:15:17.571,36.32,32.0,1.0,0.08,0.05,100,100,-12.21,-4.21,-100.0,0.06,0.0,0.284
1759162522571,2025-09-30 00:15:22.571,36.16,32.0,1.0,0.08,0.05,100,100,-12.33,-4.32,-100.0,-0.02,0.0,0.286
1759162527571,2025-09-30 00:15:27.571,35.91,32.0,1.0,0.08,0.05,100,100,-12.15,-4.16,-100.0,0.03,0.0,0.283
1759162532571,2025-09-30 00:15:32.571,35.2,32.0,1.0,0.08,0.05,100,100,-11.91,-3.91,-100.0,0.05,0.0,0.278
1759162537571,2025-09-30 00:15:37.571,34.56,32.0,1.0,0.08,0.05,100,100,-11.19,-3.2,-100.0,0.14,0.0,0.264
1759162542571,2025-09-30 00:15:42.571,36.46,32.0,1.0,0.08,0.05,100,100,-10.55,-2.56,-100.0,0.13,0.0,0.251
1759162547571,2025-09-30 00:15:47.571,38.99,32.0,1.0,0.08,0.05,100,100,-12.48,-4.46,-100.0,-0.38,0.0,0.289
1759162552571,2025-09-30 00:15:52.571,41.96,32.0,1.0,0.08,0.05,100,100,-15.02,-6.99,-100.0,-0.51,0.0,0.34
1759162557571,2025-09-30 00:15:57.571,42.11,32.0,1.0,0.08,0.05,100,100,-17.99,-9.96,-100.0,-0.59,0.0,0.399
1759162562571,2025-09-30 00:16:02.571,43.77,32.0,1.0,0.08,0.05,100,100,-18.11,-10.11,-100.0,-0.03,0.0,0.402
1759162567571,2025-09-30 00:16:07.571,44.35,32.0,1.0,0.08,0.05,100,100,-19.79,-11.77,-100.0,-0.33,0.0,0.435
1759162572571,2025-09-30 00:16:12.571,46.03,32.0,1.0,0.08,0.05,100,100,-20.36,-12.35,-100.0,-0.12,0.0,0.447
1759162577571,2025-09-30 00:16:17.571,45.49,32.0,1.0,0.08,0.05,100,100,-22.05,-14.03,-100.0,-0.34,0.0,0.481
1759162582571,2025-09-30 00:16:22.571,46.65,32.0,1.0,0.08,0.05,100,100,-21.48,-13.49,-100.0,0.11,0.0,0.47
1759162587571,2025-09-30 00:16:27.571,47.75,32.0,1.0,0.08,0.05,100,100,-22.66,-14.65,-100.0,-0.23,0.0,0.493
1759162592571,2025-09-30 00:16:32.571,49.82,32.0,1.0,0.08,0.05,100,100,-23.76,-15.75,-100.0,-0.22,0.0,0.515
1759162597571,2025-09-30 00:16:37.571,49.47,32.0,1.0,0.08,0.05,100,100,-25.84,-17.82,-100.0,-0.41,0.0,0.556
1759162602571,2025-09-30 00:16:42.571,49.66,32.0,1.0,0.08,0.05,100,100,-25.46,-17.47,-100.0,0.07,0.0,0.549
1759162607571,2025-09-30 00:16:47.571,49.94,32.0,1.0,0.08,0.05,100,100,-25.66,-17.66,-100.0,-0.04,0.0,0.553
1759162612571,2025-09-30 00:16:52.571,49.7,32.0,1.0,0.08,0.05,100,100,-25.94,-17.94,-100.0,-0.06,0.0,0.559
1759162617571,2025-09-30 00:16:57.571,51.81,32.0,1.0,0.08,0.05,100,100,-25.69,-17.7,-100.0,0.05,0.0,0.554
1759162622571,2025-09-30 00:17:02.571,50.75,32.0,1.0,0.08,0.05,100,100,-27.83,-19.81,-100.0,-0.42,0.0,0.596
1759162627571,2025-09-30 00:17:07.571,50.73,32.0,1.0,0.08,0.05,100,100,-26.74,-18.75,-100.0,0.21,0.0,0.575
1759162632571,2025-09-30 00:17:12.571,50.8,32.0,1.0,0.08,0.05,100,100,-26.73,-18.73,-100.0,0.0,0.0,0.575
1759162637571,2025-09-30 00:17:17.571,50.05,32.0,1.0,0.08,0.05,100,100,-26.8,-18.8,-100.0,-0.01,0.0,0.576
1759162642571,2025-09-30 00:17:22.571,50.34,32.0,1.0,0.08,0.05,100,100,-26.05,-18.05,-100.0,0.15,0.0,0.561
1759162647571,2025-09-30 00:17:27.571,53.46,32.0,1.0,0.08,0.05,100,100,-26.35,-18.34,-100.0,-0.06,0.0,0.567
1759162652571,2025-09-30 00:17:32.571,54.76,32.0,1.0,0.08,0.05,100,100,-29.49,-21.46,-100.0,-0.62,0.0,0.629
1759162657571,2025-09-30 00:17:37.571,55.71,32.0,1.0,0.08,0.05,100,100,-30.77,-22.76,-100.0,-0.26,0.0,0.655
1759162662571,2025-09-30 00:17:42.571,58.61,32.0,1.0,0.08,0.05,100,100,-31.72,-23.71,-100.0,-0.19,0.0,0.674
1759162667571,2025-09-30 00:17:47.571,63.61,32.0,1.0,0.08,0.05,100,100,-34.64,-26.61,-100.0,-0.58,0.0,0.732
1759162672571,2025-09-30 00:17:52.571,63.12,32.0,1.0,0.08,0.05,100,100,-39.66,-31.61,-100.0,-1.0,0.0,0.832
1759162677571,2025-09-30 00:17:57.571,64.94,32.0,1.0,0.08,0.05,100,100,-39.12,-31.12,-100.0,0.1,0.0,0.822
1759162682571,2025-09-30 00:18:02.571,66.57,32.0,1.0,0.08,0.05,100,100,-40.96,-32.94,-100.0,-0.36,0.0,0.859
1759162687571,2025-09-30 00:18:07.571,63.26,32.0,1.0,0.08,0.05,100,100,-42.58,-34.57,-100.0,-0.33,0.0,0.891
1759162692571,2025-09-30 00:18:12.571,62.92,32.0,1.0,0.08,0.05,100,100,-39.23,-31.26,-100.0,0.66,0.0,0.825
1759162697571,2025-09-30 00:18:17.571,63.82,32.0,1.0,0.08,0.05,100,100,-38.92,-30.92,-100.0,0.07,0.0,0.818
1759162702571,2025-09-30 00:18:22.571,62.46,32.0,1.0,0.08,0.05,100,100,-39.82,-31.82,-100.0,-0.18,0.0,0.836
1759162707571,2025-09-30 00:18:27.571,61.69,32.0,1.0,0.08,0.05,100,100,-38.45,-30.46,-100.0,0.27,0.0,0.809
1759162712571,2025-09-30 00:18:32.571,60.18,32.0,1.0,0.08,0.05,100,100,-37.68,-29.69,-100.0,0.15,0.0,0.794
1759162717571,2025-09-30 00:18:37.571,60.66,32.0,1.0,0.08,0.05,100,100,-36.17,-28.18,-100.0,0.3,0.0,0.764
1759162722571,2025-09-30 00:18:42.571,62.85,32.0,1.0,0.08,0.05,100,100,-36.66,-28.66,-100.0,-0.1,0.0,0.773
1759162727571,2025-09-30 00:18:47.571,60.97,32.0,1.0,0.08,0.05,100,100,-38.87,-30.85,-100.0,-0.44,0.0,0.817
1759162732571,2025-09-30 00:18:52.571,59.92,32.0,1.0,0.08,0.05,100,100,-36.95,-28.97,-100.0,0.38,0.0,0.779
1759162737571,2025-09-30 00:18:57.571,61.71,32.0,1.0,0.08,0.05,100,100,-35.91,-27.92,-100.0,0.21,0.0,0.758
1759162742571,2025-09-30 00:19:02.571,60.08,32.0,1.0,0.08,0.05,100,100,-37.72,-29.71,-100.0,-0.36,0.0,0.794
1759162747571,2025-09-30 00:19:07.571,59.32,32.0,1.0,0.08,0.05,100,100,-36.06,-28.08,-100.0,0.33,0.0,0.762
1759162752571,2025-09-30 00:19:12.571,59.34,32.0,1.0,0.08,0.05,100,100,-35.32,-27.32,-100.0,0.15,0.0,0.746
1759162757571,2025-09-30 00:19:17.571,58.38,32.0,1.0,0.08,0.05,100,100,-35.34,-27.34,-100.0,-0.0,0.0,0.747
1759162762571,2025-09-30 00:19:22.571,58.54,32.0,1.0,0.08,0.05,100,100,-34.37,-26.38,-100.0,0.19,0.0,0.728
1759162767571,2025-09-30 00:19:27.571,57.73,32.0,1.0,0.08,0.05,100,100,-34.54,-26.54,-100.0,-0.03,0.0,0.731
1759162772571,2025-09-30 00:19:32.571,56.82,32.0,1.0,0.08,0.05,100,100,-33.72,-25.73,-100.0,0.16,0.0,0.715
1759162777571,2025-09-30 00:19:37.571,54.51,32.0,1.0,0.08,0.05,100,100,-32.81,-24.82,-100.0,0.18,0.0,0.696
1759162782571,2025-09-30 00:19:42.571,55.74,32.0,1.0,0.08,0.05,100,100,-30.49,-22.51,-100.0,0.46,0.0,0.65
1759162787571,2025-09-30 00:19:47.571,53.64,32.0,1.0,0.08,0.05,100,100,-31.75,-23.74,-100.0,-0.24,0.0,0.675
1759162792571,2025-09-30 00:19:52.571,56.05,32.0,1.0,0.08,0.05,100,100,-29.62,-21.64,-100.0,0.42,0.0,0.633
1759162797571,2025-09-30 00:19:57.571,54.79,32.0,1.0,0.08,0.05,100,100,-32.07,-24.05,-100.0,-0.48,0.0,0.681
1759162802571,2025-09-30 00:20:02.571,56.94,32.0,1.0,0.08,0.05,100,100,-30.78,-22.79,-100.0,0.25,0.0,0.656
1759162807571,2025-09-30 00:20:07.571,57.54,32.0,1.0,0.08,0.05,100,100,-32.96,-24.94,-100.0,-0.43,0.0,0.699
1759162812571,2025-09-30 00:20:12.571,55.9,32.0,1.0,0.08,0.05,100,100,-33.55,-25.54,-100.0,-0.12,0.0,0.711
1759162817571,2025-09-30 00:20:17.571,53.33,32.0,1.0,0.08,0.05,100,100,-31.89,-23.9,-100.0,0.33,0.0,0.678
1759162822571,2025-09-30 00:20:22.571,56.16,32.0,1.0,0.08,0.05,100,100,-29.31,-21.33,-100.0,0.51,0.0,0.627
1759162827571,2025-09-30 00:20:27.571,55.18,32.0,1.0,0.08,0.05,100,100,-32.18,-24.16,-100.0,-0.56,0.0,0.683
1759162832571,2025-09-30 00:20:32.571,53.05,32.0,1.0,0.08,0.05,100,100,-31.17,-23.18,-100.0,0.2,0.0,0.664
1759162837571,2025-09-30 00:20:37.571,54.83,32.0,1.0,0.08,0.05,100,100,-29.03,-21.05,-100.0,0.42,0.0,0.621
1759162842571,2025-09-30 00:20:42.571,54.51,32.0,1.0,0.08,0.05,100,100,-30.85,-22.83,-100.0,-0.36,0.0,0.657
1759162847571,2025-09-30 00:20:47.571,56.34,32.0,1.0,0.08,0.05,100,100,-30.51,-22.51,-100.0,0.06,0.0,0.65
1759162852571,2025-09-30 00:20:52.571,55.69,32.0,1.0,0.08,0.05,100,100,-32.36,-24.34,-100.0,-0.37,0.0,0.687
1759162857571,2025-09-30 00:20:57.571,55.57,32.0,1.0,0.08,0.05,100,100,-31.68,-23.69,-100.0,0.13,0.0,0.674
1759162862571,2025-09-30 00:21:02.571,55.8,32.0,1.0,0.08,0.05,100,100,-31.57,-23.57,-100.0,0.02,0.0,0.671
1759162867571,2025-09-30 00:21:07.571,56.57,32.0,1.0,0.08,0.05,100,100,-31.8,-23.8,-100.0,-0.05,0.0,0.676
1759162872571,2025-09-30 00:21:12.571,56.8,32.0,1.0,0.08,0.05,100,100,-32.57,-24.57,-100.0,-0.15,0.0,0.691
1759162877571,2025-09-30 00:21:17.571,58.03,32.0,1.0,0.08,0.05,100,100,-32.8,-24.8,-100.0,-0.05,0.0,0.696
1759162882571,2025-09-30 00:21:22.571,56.45,32.0,1.0,0.08,0.05,100,100,-34.04,-26.03,-100.0,-0.25,0.0,0.721
1759162887571,2025-09-30 00:21:27.571,56.55,32.0,1.0,0.08,0.05,100,100,-32.44,-24.45,-100.0,0.32,0.0,0.689
1759162892571,2025-09-30 00:21:32.571,57.44,32.0,1.0,0.08,0.05,100,100,-32.55,-24.55,-100.0,-0.02,0.0,0.691
1759162897571,2025-09-30 00:21:37.571,55.95,32.0,1.0,0.08,0.05,100,100,-33.45,-25.44,-100.0,-0.18,0.0,0.709
1759162902571,2025-09-30 00:21:42.571,58.37,32.0,1.0,0.08,0.05,100,100,-31.94,-23.95,-100.0,0.3,0.0,0.679
1759162907571,2025-09-30 00:21:47.571,57.19,32.0,1.0,0.08,0.05,100,100,-34.39,-26.37,-100.0,-0.48,0.0,0.727
1759162912571,2025-09-30 00:21:52.571,57.15,32.0,1.0,0.08,0.05,100,100,-33.18,-25.19,-100.0,0.24,0.0,0.704
1759162917571,2025-09-30 00:21:57.571,58.61,32.0,1.0,0.08,0.05,100,100,-33.15,-25.15,-100.0,0.01,0.0,0.703
1759162922571,2025-09-30 00:22:02.571,57.29,32.0,1.0,0.08,0.05,100,100,-34.62,-26.61,-100.0,-0.29,0.0,0.732
1759162927571,2025-09-30 00:22:07.571,56.41,32.0,1.0,0.08,0.05,100,100,-33.28,-25.29,-100.0,0.26,0.0,0.706
1759162932571,2025-09-30 00:22:12.571,56.34,32.0,1.0,0.08,0.05,100,100,-32.4,-24.41,-100.0,0.18,0.0,0.688
1759162937571,2025-09-30 00:22:17.571,53.85,32.0,1.0,0.08,0.05,100,100,-32.34,-24.34,-100.0,0.01,0.0,0.687
1759162942571,2025-09-30 00:22:22.571,57.54,32.0,1.0,0.08,0.05,100,100,-29.83,-21.85,-100.0,0.5,0.0,0.637
1759162947571,2025-09-30 00:22:27.571,55.97,32.0,1.0,0.08,0.05,100,100,-33.58,-25.54,-100.0,-0.74,0.0,0.711
1759162952571,2025-09-30 00:22:32.571,57.01,32.0,1.0,0.08,0.05,100,100,-31.96,-23.97,-100.0,0.31,0.0,0.679
1759162957571,2025-09-30 00:22:37.571,58.56,32.0,1.0,0.08,0.05,100,100,-33.02,-25.01,-100.0,-0.21,0.0,0.7
1759162962571,2025-09-30 00:22:42.571,59.28,32.0,1.0,0.08,0.05,100,100,-34.57,-26.56,-100.0,-0.31,0.0,0.731
1759162967571,2025-09-30 00:22:47.571,58.58,32.0,1.0,0.08,0.05,100,100,-35.28,-27.28,-100.0,-0.14,0.0,0.746
1759162972571,2025-09-30 00:22:52.571,59.17,32.0,1.0,0.08,0.05,100,100,-34.58,-26.58,-100.0,0.14,0.0,0.732
1759162977571,2025-09-30 00:22:57.571,59.43,32.0,1.0,0.08,0.05,100,100,-35.18,-27.17,-100.0,-0.12,0.0,0.743
1759162982571,2025-09-30 00:23:02.571,58.59,32.0,1.0,0.08,0.05,100,100,-35.44,-27.43,-100.0,-0.05,0.0,0.749
1759162987571,2025-09-30 00:23:07.571,60.21,32.0,1.0,0.08,0.05,100,100,-34.58,-26.59,-100.0,0.17,0.0,0.732
1759162992571,2025-09-30 00:23:12.571,59.78,32.0,1.0,0.08,0.05,100,100,-36.23,-28.21,-100.0,-0.32,0.0,0.764
1759162997571,2025-09-30 00:23:17.571,62.14,32.0,1.0,0.08,0.05,100,100,-35.77,-27.78,-100.0,0.09,0.0,0.756
1759163002571,2025-09-30 00:23:22.571,61.15,32.0,1.0,0.08,0.05,100,100,-38.17,-30.14,-100.0,-0.47,0.0,0.803
1759163007571,2025-09-30 00:23:27.571,61.58,32.0,1.0,0.08,0.05,100,100,-37.14,-29.15,-100.0,0.2,0.0,0.783
1759163012571,2025-09-30 00:23:32.571,62.68,32.0,1.0,0.08,0.05,100,100,-37.58,-29.58,-100.0,-0.08,0.0,0.792
1759163017571,2025-09-30 00:23:37.571,62.51,32.0,1.0,0.08,0.05,100,100,-38.7,-30.68,-100.0,-0.22,0.0,0.814
1759163022571,2025-09-30 00:23:42.571,60.66,32.0,1.0,0.08,0.05,100,100,-38.5,-30.51,-100.0,0.04,0.0,0.81
1759163027571,2025-09-30 00:23:47.571,59.88,32.0,1.0,0.08,0.05,100,100,-36.64,-28.66,-100.0,0.37,0.0,0.773
1759163032571,2025-09-30 00:23:52.571,58.16,32.0,1.0,0.08,0.05,100,100,-35.87,-27.88,-100.0,0.16,0.0,0.758
1759163037571,2025-09-30 00:23:57.571,59.16,32.0,1.0,0.08,0.05,100,100,-34.14,-26.16,-100.0,0.34,0.0,0.723
1759163042571,2025-09-30 00:24:02.571,58.78,32.0,1.0,0.08,0.05,100,100,-35.17,-27.16,-100.0,-0.2,0.0,0.743
1759163047571,2025-09-30 00:24:07.571,56.21,32.0,1.0,0.08,0.05,100,100,-34.78,-26.78,-100.0,0.07,0.0,0.736
1759163052571,2025-09-30 00:24:12.571,54.04,32.0,1.0,0.08,0.05,100,100,-32.19,-24.21,-100.0,0.51,0.0,0.684
1759163057571,2025-09-30 00:24:17.571,54.87,32.0,1.0,0.08,0.05,100,100,-30.01,-22.04,-100.0,0.43,0.0,0.641
1759163062571,2025-09-30 00:24:22.571,54.32,32.0,1.0,0.08,0.05,100,100,-30.88,-22.87,-100.0,-0.17,0.0,0.657
1759163067571,2025-09-30 00:24:27.571,58.93,32.0,1.0,0.08,0.05,100,100,-30.31,-22.32,-100.0,0.11,0.0,0.646
1759163072571,2025-09-30 00:24:32.571,59.15,32.0,1.0,0.08,0.05,100,100,-34.98,-26.93,-100.0,-0.92,0.0,0.739
1759163077571,2025-09-30 00:24:37.571,60.24,32.0,1.0,0.08,0.05,100,100,-35.15,-27.15,-100.0,-0.04,0.0,0.743
1759163082571,2025-09-30 00:24:42.571,59.7,32.0,1.0,0.08,0.05,100,100,-36.25,-28.24,-100.0,-0.22,0.0,0.765
1759163087571,2025-09-30 00:24:47.571,60.66,32.0,1.0,0.08,0.05,100,100,-35.7,-27.7,-100.0,0.11,0.0,0.754
1759163092571,2025-09-30 00:24:52.571,61.03,32.0,1.0,0.08,0.05,100,100,-36.66,-28.66,-100.0,-0.19,0.0,0.773
1759163097571,2025-09-30 00:24:57.571,57.94,32.0,1.0,0.08,0.05,100,100,-37.04,-29.03,-100.0,-0.08,0.0,0.781
1759163102571,2025-09-30 00:25:02.571,54.69,32.0,1.0,0.08,0.05,100,100,-33.91,-25.94,-100.0,0.62,0.0,0.719
1759163107571,2025-09-30 00:25:07.571,54.78,32.0,1.0,0.08,0.05,100,100,-30.66,-22.69,-100.0,0.65,0.0,0.654
1759163112571,2025-09-30 00:25:12.571,51.87,32.0,1.0,0.08,0.05,100,100,-30.78,-22.78,-100.0,-0.02,0.0,0.656
1759163117571,2025-09-30 00:25:17.571,52.43,32.0,1.0,0.08,0.05,100,100,-27.84,-19.87,-100.0,0.58,0.0,0.597
1759163122571,2025-09-30 00:25:22.571,48.73,32.0,1.0,0.08,0.05,100,100,-28.43,-20.43,-100.0,-0.11,0.0,0.609
1759163127571,2025-09-30 00:25:27.571,48.27,32.0,1.0,0.08,0.05,100,100,-24.69,-16.73,-100.0,0.74,0.0,0.535
1759163132571,2025-09-30 00:25:32.571,45.12,32.0,1.0,0.08,0.05,100,100,-24.26,-16.27,-100.0,0.09,0.0,0.525
1759163137571,2025-09-30 00:25:37.571,43.75,32.0,1.0,0.08,0.05,100,100,-21.09,-13.12,-100.0,0.63,0.0,0.462
1759163142571,2025-09-30 00:25:42.571,42.3,32.0,1.0,0.08,0.05,100,100,-19.74,-11.75,-100.0,0.27,0.0,0.435
1759163147571,2025-09-30 00:25:47.571,43.6,32.0,1.0,0.08,0.05,100,100,-18.29,-10.3,-100.0,0.29,0.0,0.406
1759163152571,2025-09-30 00:25:52.571,41.77,32.0,1.0,0.08,0.05,100,100,-19.61,-11.6,-100.0,-0.26,0.0,0.432
1759163157571,2025-09-30 00:25:57.571,39.41,32.0,1.0,0.08,0.05,100,100,-17.75,-9.77,-100.0,0.37,0.0,0.395
1759163162571,2025-09-30 00:26:02.571,40.48,32.0,1.0,0.08,0.05,100,100,-15.38,-7.41,-100.0,0.47,0.0,0.348
1759163167571,2025-09-30 00:26:07.571,39.83,32.0,1.0,0.08,0.05,100,100,-16.49,-8.48,-100.0,-0.22,0.0,0.37
1759163172571,2025-09-30 00:26:12.571,38.0,32.0,1.0,0.08,0.05,100,100,-15.82,-7.83,-100.0,0.13,0.0,0.357
1759163177571,2025-09-30 00:26:17.571,37.09,32.0,1.0,0.08,0.05,100,100,-13.98,-6.0,-100.0,0.37,0.0,0.32
1759163182571,2025-09-30 00:26:22.571,37.83,32.0,1.0,0.08,0.05,100,100,-13.09,-5.09,-100.0,0.18,0.0,0.302
1759163187571,2025-09-30 00:26:27.571,37.65,32.0,1.0,0.08,0.05,100,100,-13.83,-5.83,-100.0,-0.15,0.0,0.317
1759163192571,2025-09-30 00:26:32.571,37.94,32.0,1.0,0.08,0.05,100,100,-13.65,-5.65,-100.0,0.03,0.0,0.313
1759163197571,2025-09-30 00:26:37.571,37.49,32.0,1.0,0.08,0.05,100,100,-13.94,-5.94,-100.0,-0.06,0.0,0.319
1759163202571,2025-09-30 00:26:42.571,39.3,32.0,1.0,0.08,0.05,100,100,-13.49,-5.49,-100.0,0.09,0.0,0.31
1759163207571,2025-09-30 00:26:47.571,43.36,32.0,1.0,0.08,0.05,100,100,-15.32,-7.3,-100.0,-0.36,0.0,0.346
1759163212571,2025-09-30 00:26:52.571,44.98,32.0,1.0,0.08,0.05,100,100,-19.4,-11.36,-100.0,-0.81,0.0,0.427
1759163217571,2025-09-30 00:26:57.571,46.38,32.0,1.0,0.08,0.05,100,100,-20.99,-12.98,-100.0,-0.32,0.0,0.46
1759163222571,2025-09-30 00:27:02.571,45.02,32.0,1.0,0.08,0.05,100,100,-22.4,-14.38,-100.0,-0.28,0.0,0.488
1759163227571,2025-09-30 00:27:07.571,44.44,32.0,1.0,0.08,0.05,100,100,-21.01,-13.02,-100.0,0.27,0.0,0.46
1759163232571,2025-09-30 00:27:12.571,44.29,32.0,1.0,0.08,0.05,100,100,-20.43,-12.44,-100.0,0.12,0.0,0.449
1759163237571,2025-09-30 00:27:17.571,45.44,32.0,1.0,0.08,0.05,100,100,-20.29,-12.29,-100.0,0.03,0.0,0.446
1759163242571,2025-09-30 00:27:22.571,46.12,32.0,1.0,0.08,0.05,100,100,-21.46,-13.44,-100.0,-0.23,0.0,0.469
1759163247571,2025-09-30 00:27:27.571,44.44,32.0,1.0,0.08,0.05,100,100,-22.13,-14.12,-100.0,-0.14,0.0,0.482
1759163252571,2025-09-30 00:27:32.571,43.09,32.0,1.0,0.08,0.05,100,100,-20.42,-12.44,-100.0,0.34,0.0,0.449
1759163257571,2025-09-30 00:27:37.571,42.26,32.0,1.0,0.08,0.05,100,100,-19.07,-11.09,-100.0,0.27,0.0,0.422
1759163262571,2025-09-30 00:27:42.571,43.41,32.0,1.0,0.08,0.05,100,100,-18.26,-10.26,-100.0,0.16,0.0,0.405
1759163267571,2025-09-30 00:27:47.571,43.3,32.0,1.0,0.08,0.05,100,100,-19.43,-11.41,-100.0,-0.23,0.0,0.428
1759163272571,2025-09-30 00:27:52.571,41.23,32.0,1.0,0.08,0.05,100,100,-19.29,-11.3,-100.0,0.02,0.0,0.426
1759163277571,2025-09-30 00:27:57.571,40.97,32.0,1.0,0.08,0.05,100,100,-17.21,-9.23,-100.0,0.41,0.0,0.385
1759163282571,2025-09-30 00:28:02.571,40.03,32.0,1.0,0.08,0.05,100,100,-16.96,-8.97,-100.0,0.05,0.0,0.379
1759163287571,2025-09-30 00:28:07.571,39.82,32.0,1.0,0.08,0.05,100,100,-16.02,-8.03,-100.0,0.19,0.0,0.361
1759163292571,2025-09-30 00:28:12.571,40.38,32.0,1.0,0.08,0.05,100,100,-15.81,-7.82,-100.0,0.04,0.0,0.356
1759163297571,2025-09-30 00:28:17.571,40.64,32.0,1.0,0.08,0.05,100,100,-16.39,-8.38,-100.0,-0.11,0.0,0.368
1759163302571,2025-09-30 00:28:22.571,41.86,32.0,1.0,0.08,0.05,100,100,-16.65,-8.64,-100.0,-0.05,0.0,0.373
1759163307571,2025-09-30 00:28:27.571,39.47,32.0,1.0,0.08,0.05,100,100,-17.87,-9.86,-100.0,-0.24,0.0,0.397
1759163312571,2025-09-30 00:28:32.571,41.73,32.0,1.0,0.08,0.05,100,100,-15.45,-7.47,-100.0,0.48,0.0,0.349
1759163317571,2025-09-30 00:28:37.571,39.04,32.0,1.0,0.08,0.05,100,100,-17.76,-9.73,-100.0,-0.45,0.0,0.395
1759163322571,2025-09-30 00:28:42.571,41.56,32.0,1.0,0.08,0.05,100,100,-15.01,-7.04,-100.0,0.54,0.0,0.341
1759163327571,2025-09-30 00:28:47.571,41.97,32.0,1.0,0.08,0.05,100,100,-17.59,-9.56,-100.0,-0.5,0.0,0.391
1759163332571,2025-09-30 00:28:52.571,42.6,32.0,1.0,0.08,0.05,100,100,-17.98,-9.97,-100.0,-0.08,0.0,0.399
1759163337571,2025-09-30 00:28:57.571,43.2,32.0,1.0,0.08,0.05,100,100,-18.6,-10.6,-100.0,-0.12,0.0,0.412
1759163342571,2025-09-30 00:29:02.571,44.42,32.0,1.0,0.08,0.05,100,100,-19.21,-11.2,-100.0,-0.12,0.0,0.424
1759163347571,2025-09-30 00:29:07.571,42.7,32.0,1.0,0.08,0.05,100,100,-20.43,-12.42,-100.0,-0.24,0.0,0.448
1759163352571,2025-09-30 00:29:12.571,44.16,32.0,1.0,0.08,0.05,100,100,-18.69,-10.7,-100.0,0.34,0.0,0.414
1759163357571,2025-09-30 00:29:17.571,43.36,32.0,1.0,0.08,0.05,100,100,-20.18,-12.16,-100.0,-0.29,0.0,0.443
1759163362571,2025-09-30 00:29:22.571,42.09,32.0,1.0,0.08,0.05,100,100,-19.35,-11.36,-100.0,0.16,0.0,0.427
1759163367571,2025-09-30 00:29:27.571,45.35,32.0,1.0,0.08,0.05,100,100,-18.07,-10.09,-100.0,0.25,0.0,0.402
1759163372571,2025-09-30 00:29:32.571,45.72,32.0,1.0,0.08,0.05,100,100,-21.38,-13.35,-100.0,-0.65,0.0,0.467
1759163377571,2025-09-30 00:29:37.571,47.15,32.0,1.0,0.08,0.05,100,100,-21.73,-13.72,-100.0,-0.07,0.0,0.474
1759163382571,2025-09-30 00:29:42.571,48.46,32.0,1.0,0.08,0.05,100,100,-23.17,-15.15,-100.0,-0.29,0.0,0.503
1759163387571,2025-09-30 00:29:47.571,50.12,32.0,1.0,0.08,0.05,100,100,-24.48,-16.46,-100.0,-0.26,0.0,0.529
1759163392571,2025-09-30 00:29:52.571,49.03,32.0,1.0,0.08,0.05,100,100,-26.14,-18.12,-100.0,-0.33,0.0,0.562
1759163397571,2025-09-30 00:29:57.571,51.16,32.0,1.0,0.08,0.05,100,100,-25.02,-17.03,-100.0,0.22,0.0,0.541
1759163402571,2025-09-30 00:30:02.571,51.84,32.0,1.0,0.08,0.05,100,100,-27.18,-19.16,-100.0,-0.43,0.0,0.583
1759163407571,2025-09-30 00:30:07.571,54.06,32.0,1.0,0.08,0.05,100,100,-27.85,-19.84,-100.0,-0.14,0.0,0.597
1759163412571,2025-09-30 00:30:12.571,52.75,32.0,1.0,0.08,0.05,100,100,-30.08,-22.06,-100.0,-0.44,0.0,0.641
1759163417571,2025-09-30 00:30:17.571,52.55,32.0,1.0,0.08,0.05,100,100,-28.74,-20.75,-100.0,0.26,0.0,0.615
1759163422571,2025-09-30 00:30:22.571,53.45,32.0,1.0,0.08,0.05,100,100,-28.55,-20.55,-100.0,0.04,0.0,0.611
1759163427571,2025-09-30 00:30:27.571,52.98,32.0,1.0,0.08,0.05,100,100,-29.45,-21.45,-100.0,-0.18,0.0,0.629
1759163432571,2025-09-30 00:30:32.571,54.72,32.0,1.0,0.08,0.05,100,100,-28.98,-20.98,-100.0,0.09,0.0,0.62
1759163437571,2025-09-30 00:30:37.571,55.7,32.0,1.0,0.08,0.05,100,100,-30.74,-22.72,-100.0,-0.35,0.0,0.654
1759163442571,2025-09-30 00:30:42.571,53.46,32.0,1.0,0.08,0.05,100,100,-31.71,-23.7,-100.0,-0.19,0.0,0.674
1759163447571,2025-09-30 00:30:47.571,54.37,32.0,1.0,0.08,0.05,100,100,-29.44,-21.46,-100.0,0.45,0.0,0.629
1759163452571,2025-09-30 00:30:52.571,55.57,32.0,1.0,0.08,0.05,100,100,-30.37,-22.37,-100.0,-0.18,0.0,0.647
1759163457571,2025-09-30 00:30:57.571,53.85,32.0,1.0,0.08,0.05,100,100,-31.58,-23.57,-100.0,-0.24,0.0,0.671
1759163462571,2025-09-30 00:31:02.571,53.02,32.0,1.0,0.08,0.05,100,100,-29.83,-21.85,-100.0,0.34,0.0,0.637
1759163467571,2025-09-30 00:31:07.571,52.88,32.0,1.0,0.08,0.05,100,100,-29.01,-21.02,-100.0,0.17,0.0,0.62
1759163472571,2025-09-30 00:31:12.571,53.38,32.0,1.0,0.08,0.05,100,100,-28.88,-20.88,-100.0,0.03,0.0,0.618
1759163477571,2025-09-30 00:31:17.571,51.88,32.0,1.0,0.08,0.05,100,100,-29.39,-21.38,-100.0,-0.1,0.0,0.628
1759163482571,2025-09-30 00:31:22.571,51.91,32.0,1.0,0.08,0.05,100,100,-27.87,-19.88,-100.0,0.3,0.0,0.598
1759163487571,2025-09-30 00:31:27.571,51.35,32.0,1.0,0.08,0.05,100,100,-27.91,-19.91,-100.0,-0.01,0.0,0.598
1759163492571,2025-09-30 00:31:32.571,52.16,32.0,1.0,0.08,0.05,100,100,-27.35,-19.35,-100.0,0.11,0.0,0.587
1759163497571,2025-09-30 00:31:37.571,51.52,32.0,1.0,0.08,0.05,100,100,-28.17,-20.16,-100.0,-0.16,0.0,0.603
1759163502571,2025-09-30 00:31:42.571,48.83,32.0,1.0,0.08,0.05,100,100,-27.52,-19.52,-100.0,0.13,0.0,0.59
1759163507571,2025-09-30 00:31:47.571,50.27,32.0,1.0,0.08,0.05,100,100,-24.8,-16.83,-100.0,0.54,0.0,0.537
1759163512571,2025-09-30 00:31:52.571,51.42,32.0,1.0,0.08,0.05,100,100,-26.29,-18.27,-100.0,-0.29,0.0,0.565
1759163517571,2025-09-30 00:31:57.571,50.34,32.0,1.0,0.08,0.05,100,100,-27.44,-19.42,-100.0,-0.23,0.0,0.588
1759163522571,2025-09-30 00:32:02.571,50.58,32.0,1.0,0.08,0.05,100,100,-26.33,-18.34,-100.0,0.22,0.0,0.567
1759163527571,2025-09-30 00:32:07.571,49.62,32.0,1.0,0.08,0.05,100,100,-26.59,-18.58,-100.0,-0.05,0.0,0.572
1759163532571,2025-09-30 00:32:12.571,48.85,32.0,1.0,0.08,0.05,100,100,-25.61,-17.62,-100.0,0.19,0.0,0.552
1759163537571,2025-09-30 00:32:17.571,48.32,32.0,1.0,0.08,0.05,100,100,-24.84,-16.85,-100.0,0.15,0.0,0.537
1759163542571,2025-09-30 00:32:22.571,48.23,32.0,1.0,0.08,0.05,100,100,-24.32,-16.32,-100.0,0.11,0.0,0.526
1759163547571,2025-09-30 00:32:27.571,46.69,32.0,1.0,0.08,0.05,100,100,-24.23,-16.23,-100.0,0.02,0.0,0.525
1759163552571,2025-09-30 00:32:32.571,46.01,32.0,1.0,0.08,0.05,100,100,-22.68,-14.69,-100.0,0.31,0.0,0.494
1759163557571,2025-09-30 00:32:37.571,46.56,32.0,1.0,0.08,0.05,100,100,-22.0,-14.01,-100.0,0.14,0.0,0.48
1759163562571,2025-09-30 00:32:42.571,45.14,32.0,1.0,0.08,0.05,100,100,-22.56,-14.56,-100.0,-0.11,0.0,0.491
1759163567571,2025-09-30 00:32:47.571,45.86,32.0,1.0,0.08,0.05,100,100,-21.12,-13.14,-100.0,0.28,0.0,0.463
1759163572571,2025-09-30 00:32:52.571,45.75,32.0,1.0,0.08,0.05,100,100,-21.86,-13.86,-100.0,-0.14,0.0,0.477
1759163577571,2025-09-30 00:32:57.571,46.41,32.0,1.0,0.08,0.05,100,100,-21.75,-13.75,-100.0,0.02,0.0,0.475
1759163582571,2025-09-30 00:33:02.571,47.11,32.0,1.0,0.08,0.05,100,100,-22.41,-14.41,-100.0,-0.13,0.0,0.488
1759163587571,2025-09-30 00:33:07.571,44.48,32.0,1.0,0.08,0.05,100,100,-23.11,-15.11,-100.0,-0.14,0.0,0.502
1759163592571,2025-09-30 00:33:12.571,42.94,32.0,1.0,0.08,0.05,100,100,-20.45,-12.48,-100.0,0.53,0.0,0.45
1759163597571,2025-09-30 00:33:17.571,41.69,32.0,1.0,0.08,0.05,100,100,-18.93,-10.94,-100.0,0.31,0.0,0.419
1759163602571,2025-09-30 00:33:22.571,42.42,32.0,1.0,0.08,0.05,100,100,-17.68,-9.69,-100.0,0.25,0.0,0.394
1759163607571,2025-09-30 00:33:27.571,41.94,32.0,1.0,0.08,0.05,100,100,-18.43,-10.42,-100.0,-0.15,0.0,0.408
1759163612571,2025-09-30 00:33:32.571,42.61,32.0,1.0,0.08,0.05,100,100,-17.94,-9.94,-100.0,0.1,0.0,0.399
1759163617571,2025-09-30 00:33:37.571,41.47,32.0,1.0,0.08,0.05,100,100,-18.62,-10.61,-100.0,-0.13,0.0,0.412
1759163622571,2025-09-30 00:33:42.571,41.45,32.0,1.0,0.08,0.05,100,100,-17.46,-9.47,-100.0,0.23,0.0,0.389
1759163627571,2025-09-30 00:33:47.571,43.07,32.0,1.0,0.08,0.05,100,100,-17.45,-9.45,-100.0,0.0,0.0,0.389
1759163632571,2025-09-30 00:33:52.571,43.9,32.0,1.0,0.08,0.05,100,100,-19.09,-11.07,-100.0,-0.33,0.0,0.421
1759163637571,2025-09-30 00:33:57.571,44.49,32.0,1.0,0.08,0.05,100,100,-19.91,-11.9,-100.0,-0.17,0.0,0.438
1759163642571,2025-09-30 00:34:02.571,46.13,32.0,1.0,0.08,0.05,100,100,-20.5,-12.49,-100.0,-0.12,0.0,0.45
1759163647571,2025-09-30 00:34:07.571,44.44,32.0,1.0,0.08,0.05,100,100,-22.15,-14.13,-100.0,-0.33,0.0,0.483
1759163652571,2025-09-30 00:34:12.571,43.62,32.0,1.0,0.08,0.05,100,100,-20.42,-12.44,-100.0,0.34,0.0,0.449
1759163657571,2025-09-30 00:34:17.571,45.48,32.0,1.0,0.08,0.05,100,100,-19.61,-11.62,-100.0,0.16,0.0,0.432
1759163662571,2025-09-30 00:34:22.571,46.77,32.0,1.0,0.08,0.05,100,100,-21.5,-13.48,-100.0,-0.37,0.0,0.47
1759163667571,2025-09-30 00:34:27.571,45.04,32.0,1.0,0.08,0.05,100,100,-22.79,-14.77,-100.0,-0.26,0.0,0.495
1759163672571,2025-09-30 00:34:32.571,44.5,32.0,1.0,0.08,0.05,100,100,-21.02,-13.04,-100.0,0.35,0.0,0.461
1759163677571,2025-09-30 00:34:37.571,44.49,32.0,1.0,0.08,0.05,100,100,-20.49,-12.5,-100.0,0.11,0.0,0.45
1759163682571,2025-09-30 00:34:42.571,47.81,32.0,1.0,0.08,0.05,100,100,-20.49,-12.49,-100.0,0.0,0.0,0.45
1759163687571,2025-09-30 00:34:47.571,47.77,32.0,1.0,0.08,0.05,100,100,-23.85,-15.81,-100.0,-0.66,0.0,0.516
1759163692571,2025-09-30 00:34:52.571,50.47,32.0,1.0,0.08,0.05,100,100,-23.77,-15.77,-100.0,0.01,0.0,0.515
1759163697571,2025-09-30 00:34:57.571,49.65,32.0,1.0,0.08,0.05,100,100,-26.5,-18.47,-100.0,-0.54,0.0,0.569
1759163702571,2025-09-30 00:35:02.571,53.01,32.0,1.0,0.08,0.05,100,100,-25.64,-17.65,-100.0,0.16,0.0,0.553
1759163707571,2025-09-30 00:35:07.571,51.07,32.0,1.0,0.08,0.05,100,100,-29.05,-21.01,-100.0,-0.67,0.0,0.62
1759163712571,2025-09-30 00:35:12.571,52.46,32.0,1.0,0.08,0.05,100,100,-27.05,-19.07,-100.0,0.39,0.0,0.581
1759163717571,2025-09-30 00:35:17.571,51.96,32.0,1.0,0.08,0.05,100,100,-28.47,-20.46,-100.0,-0.28,0.0,0.609
1759163722571,2025-09-30 00:35:22.571,52.43,32.0,1.0,0.08,0.05,100,100,-27.95,-19.96,-100.0,0.1,0.0,0.599
1759163727571,2025-09-30 00:35:27.571,51.1,32.0,1.0,0.08,0.05,100,100,-28.43,-20.43,-100.0,-0.09,0.0,0.609
1759163732571,2025-09-30 00:35:32.571,48.6,32.0,1.0,0.08,0.05,100,100,-27.09,-19.1,-100.0,0.26,0.0,0.582
1759163737571,2025-09-30 00:35:37.571,47.94,32.0,1.0,0.08,0.05,100,100,-24.58,-16.6,-100.0,0.5,0.0,0.532
1759163742571,2025-09-30 00:35:42.571,48.13,32.0,1.0,0.08,0.05,100,100,-23.94,-15.94,-100.0,0.13,0.0,0.519
1759163747571,2025-09-30 00:35:47.571,45.7,32.0,1.0,0.08,0.05,100,100,-24.13,-16.13,-100.0,-0.04,0.0,0.523
1759163752571,2025-09-30 00:35:52.571,46.62,32.0,1.0,0.08,0.05,100,100,-21.68,-13.7,-100.0,0.48,0.0,0.474
1759163757571,2025-09-30 00:35:57.571,45.72,32.0,1.0,0.08,0.05,100,100,-22.63,-14.62,-100.0,-0.18,0.0,0.492
1759163762571,2025-09-30 00:36:02.571,45.62,32.0,1.0,0.08,0.05,100,100,-21.71,-13.72,-100.0,0.18,0.0,0.474
1759163767571,2025-09-30 00:36:07.571,45.49,32.0,1.0,0.08,0.05,100,100,-21.62,-13.62,-100.0,0.02,0.0,0.472
1759163772571,2025-09-30 00:36:12.571,46.58,32.0,1.0,0.08,0.05,100,100,-21.49,-13.49,-100.0,0.03,0.0,0.47
1759163777571,2025-09-30 00:36:17.571,46.12,32.0,1.0,0.08,0.05,100,100,-22.59,-14.58,-100.0,-0.22,0.0,0.492
1759163782571,2025-09-30 00:36:22.571,49.98,32.0,1.0,0.08,0.05,100,100,-22.11,-14.12,-100.0,0.09,0.0,0.482
1759163787571,2025-09-30 00:36:27.571,49.12,32.0,1.0,0.08,0.05,100,100,-26.02,-17.98,-100.0,-0.77,0.0,0.56
1759163792571,2025-09-30 00:36:32.571,50.9,32.0,1.0,0.08,0.05,100,100,-25.11,-17.12,-100.0,0.17,0.0,0.542
1759163797571,2025-09-30 00:36:37.571,53.89,32.0,1.0,0.08,0.05,100,100,-26.92,-18.9,-100.0,-0.36,0.0,0.578
1759163802571,2025-09-30 00:36:42.571,54.24,32.0,1.0,0.08,0.05,100,100,-29.92,-21.89,-100.0,-0.6,0.0,0.638
1759163807571,2025-09-30 00:36:47.571,54.55,32.0,1.0,0.08,0.05,100,100,-30.24,-22.24,-100.0,-0.07,0.0,0.645
1759163812571,2025-09-30 00:36:52.571,54.73,32.0,1.0,0.08,0.05,100,100,-30.55,-22.55,-100.0,-0.06,0.0,0.651
1759163817571,2025-09-30 00:36:57.571,56.18,32.0,1.0,0.08,0.05,100,100,-30.73,-22.73,-100.0,-0.04,0.0,0.655
1759163822571,2025-09-30 00:37:02.571,57.88,32.0,1.0,0.08,0.05,100,100,-32.2,-24.18,-100.0,-0.29,0.0,0.684
1759163827571,2025-09-30 00:37:07.571,54.44,32.0,1.0,0.08,0.05,100,100,-33.9,-25.88,-100.0,-0.34,0.0,0.718
1759163832571,2025-09-30 00:37:12.571,51.23,32.0,1.0,0.08,0.05,100,100,-30.4,-22.44,-100.0,0.69,0.0,0.649
1759163837571,2025-09-30 00:37:17.571,52.2,32.0,1.0,0.08,0.05,100,100,-27.2,-19.23,-100.0,0.64,0.0,0.585
1759163842571,2025-09-30 00:37:22.571,48.6,32.0,1.0,0.08,0.05,100,100,-28.21,-20.2,-100.0,-0.19,0.0,0.604
1759163847571,2025-09-30 00:37:27.571,49.19,32.0,1.0,0.08,0.05,100,100,-24.56,-16.6,-100.0,0.72,0.0,0.532
1759163852571,2025-09-30 00:37:32.571,48.22,32.0,1.0,0.08,0.05,100,100,-25.19,-17.19,-100.0,-0.12,0.0,0.544
1759163857571,2025-09-30 00:37:37.571,47.36,32.0,1.0,0.08,0.05,100,100,-24.21,-16.22,-100.0,0.19,0.0,0.524
1759163862571,2025-09-30 00:37:42.571,48.26,32.0,1.0,0.08,0.05,100,100,-23.35,-15.36,-100.0,0.17,0.0,0.507
1759163867571,2025-09-30 00:37:47.571,49.75,32.0,1.0,0.08,0.05,100,100,-24.27,-16.26,-100.0,-0.18,0.0,0.525
1759163872571,2025-09-30 00:37:52.571,51.48,32.0,1.0,0.08,0.05,100,100,-25.77,-17.75,-100.0,-0.3,0.0,0.555
1759163877571,2025-09-30 00:37:57.571,51.5,32.0,1.0,0.08,0.05,100,100,-27.5,-19.48,-100.0,-0.35,0.0,0.59
1759163882571,2025-09-30 00:38:02.571,53.88,32.0,1.0,0.08,0.05,100,100,-27.5,-19.5,-100.0,-0.0,0.0,0.59
1759163887571,2025-09-30 00:38:07.571,55.21,32.0,1.0,0.08,0.05,100,100,-29.9,-21.88,-100.0,-0.47,0.0,0.638
1759163892571,2025-09-30 00:38:12.571,56.47,32.0,1.0,0.08,0.05,100,100,-31.22,-23.21,-100.0,-0.27,0.0,0.664
1759163897571,2025-09-30 00:38:17.571,57.36,32.0,1.0,0.08,0.05,100,100,-32.48,-24.47,-100.0,-0.25,0.0,0.689
1759163902571,2025-09-30 00:38:22.571,54.71,32.0,1.0,0.08,0.05,100,100,-33.37,-25.36,-100.0,-0.18,0.0,0.707
1759163907571,2025-09-30 00:38:27.571,50.71,32.0,1.0,0.08,0.05,100,100,-30.69,-22.71,-100.0,0.53,0.0,0.654
1759163912571,2025-09-30 00:38:32.571,50.42,32.0,1.0,0.08,0.05,100,100,-26.67,-18.71,-100.0,0.8,0.0,0.574
1759163917571,2025-09-30 00:38:37.571,51.87,32.0,1.0,0.08,0.05,100,100,-26.42,-18.42,-100.0,0.06,0.0,0.568
1759163922571,2025-09-30 00:38:42.571,51.35,32.0,1.0,0.08,0.05,100,100,-27.88,-19.87,-100.0,-0.29,0.0,0.597
1759163927571,2025-09-30 00:38:47.571,50.82,32.0,1.0,0.08,0.05,100,100,-27.34,-19.35,-100.0,0.1,0.0,0.587
1759163932571,2025-09-30 00:38:52.571,52.38,32.0,1.0,0.08,0.05,100,100,-26.82,-18.82,-100.0,0.11,0.0,0.576
1759163937571,2025-09-30 00:38:57.571,52.9,32.0,1.0,0.08,0.05,100,100,-28.39,-20.38,-100.0,-0.31,0.0,0.608
1759163942571,2025-09-30 00:39:02.571,53.55,32.0,1.0,0.08,0.05,100,100,-28.91,-20.9,-100.0,-0.11,0.0,0.618
1759163947571,2025-09-30 00:39:07.571,52.92,32.0,1.0,0.08,0.05,100,100,-29.56,-21.55,-100.0,-0.13,0.0,0.631
1759163952571,2025-09-30 00:39:12.571,51.78,32.0,1.0,0.08,0.05,100,100,-28.92,-20.92,-100.0,0.13,0.0,0.618
1759163957571,2025-09-30 00:39:17.571,51.29,32.0,1.0,0.08,0.05,100,100,-27.77,-19.78,-100.0,0.23,0.0,0.596
1759163962571,2025-09-30 00:39:22.571,51.78,32.0,1.0,0.08,0.05,100,100,-27.29,-19.29,-100.0,0.1,0.0,0.586
1759163967571,2025-09-30 00:39:27.571,53.0,32.0,1.0,0.08,0.05,100,100,-27.78,-19.78,-100.0,-0.1,0.0,0.596
1759163972571,2025-09-30 00:39:32.571,53.74,32.0,1.0,0.08,0.05,100,100,-29.01,-21.0,-100.0,-0.24,0.0,0.62
1759163977571,2025-09-30 00:39:37.571,55.39,32.0,1.0,0.08,0.05,100,100,-29.75,-21.74,-100.0,-0.15,0.0,0.635
1759163982571,2025-09-30 00:39:42.571,55.28,32.0,1.0,0.08,0.05,100,100,-31.41,-23.39,-100.0,-0.33,0.0,0.668
1759163987571,2025-09-30 00:39:47.571,54.76,32.0,1.0,0.08,0.05,100,100,-31.28,-23.28,-100.0,0.02,0.0,0.666
1759163992571,2025-09-30 00:39:52.571,55.59,32.0,1.0,0.08,0.05,100,100,-30.76,-22.76,-100.0,0.1,0.0,0.655
1759163997571,2025-09-30 00:39:57.571,53.31,32.0,1.0,0.08,0.05,100,100,-31.59,-23.59,-100.0,-0.16,0.0,0.672
1759164002571,2025-09-30 00:40:02.571,55.77,32.0,1.0,0.08,0.05,100,100,-29.29,-21.31,-100.0,0.46,0.0,0.626
1759164007571,2025-09-30 00:40:07.571,58.4,32.0,1.0,0.08,0.05,100,100,-31.79,-23.77,-100.0,-0.49,0.0,0.675
1759164012571,2025-09-30 00:40:12.571,55.4,32.0,1.0,0.08,0.05,100,100,-34.43,-26.4,-100.0,-0.53,0.0,0.728
1759164017571,2025-09-30 00:40:17.571,55.51,32.0,1.0,0.08,0.05,100,100,-31.37,-23.4,-100.0,0.6,0.0,0.668
1759164022571,2025-09-30 00:40:22.571,58.82,32.0,1.0,0.08,0.05,100,100,-31.51,-23.51,-100.0,-0.02,0.0,0.67
1759164027571,2025-09-30 00:40:27.571,57.39,32.0,1.0,0.08,0.05,100,100,-34.86,-26.82,-100.0,-0.66,0.0,0.736
1759164032571,2025-09-30 00:40:32.571,58.76,32.0,1.0,0.08,0.05,100,100,-33.37,-25.39,-100.0,0.29,0.0,0.708
1759164037571,2025-09-30 00:40:37.571,55.9,32.0,1.0,0.08,0.05,100,100,-34.78,-26.76,-100.0,-0.27,0.0,0.735
1759164042571,2025-09-30 00:40:42.571,55.63,32.0,1.0,0.08,0.05,100,100,-31.87,-23.9,-100.0,0.57,0.0,0.678
1759164047571,2025-09-30 00:40:47.571,56.09,32.0,1.0,0.08,0.05,100,100,-31.62,-23.63,-100.0,0.05,0.0,0.673
1759164052571,2025-09-30 00:40:52.571,55.74,32.0,1.0,0.08,0.05,100,100,-32.1,-24.09,-100.0,-0.09,0.0,0.682
1759164057571,2025-09-30 00:40:57.571,53.5,32.0,1.0,0.08,0.05,100,100,-31.74,-23.74,-100.0,0.07,0.0,0.675
1759164062571,2025-09-30 00:41:02.571,52.99,32.0,1.0,0.08,0.05,100,100,-29.48,-21.5,-100.0,0.45,0.0,0.63
1759164067571,2025-09-30 00:41:07.571,55.66,32.0,1.0,0.08,0.05,100,100,-28.98,-20.99,-100.0,0.1,0.0,0.62
1759164072571,2025-09-30 00:41:12.571,54.37,32.0,1.0,0.08,0.05,100,100,-31.69,-23.66,-100.0,-0.53,0.0,0.673
1759164077571,2025-09-30 00:41:17.571,56.44,32.0,1.0,0.08,0.05,100,100,-30.36,-22.37,-100.0,0.26,0.0,0.647
1759164082571,2025-09-30 00:41:22.571,55.69,32.0,1.0,0.08,0.05,100,100,-32.46,-24.44,-100.0,-0.41,0.0,0.689
1759164087571,2025-09-30 00:41:27.571,54.52,32.0,1.0,0.08,0.05,100,100,-31.68,-23.69,-100.0,0.15,0.0,0.674
1759164092571,2025-09-30 00:41:32.571,56.43,32.0,1.0,0.08,0.05,100,100,-30.51,-22.52,-100.0,0.23,0.0,0.65
1759164097571,2025-09-30 00:41:37.571,56.09,32.0,1.0,0.08,0.05,100,100,-32.45,-24.43,-100.0,-0.38,0.0,0.689
1759164102571,2025-09-30 00:41:42.571,54.56,32.0,1.0,0.08,0.05,100,100,-32.09,-24.09,-100.0,0.07,0.0,0.682
1759164107571,2025-09-30 00:41:47.571,55.39,32.0,1.0,0.08,0.05,100,100,-30.54,-22.56,-100.0,0.31,0.0,0.651
1759164112571,2025-09-30 00:41:52.571,55.45,32.0,1.0,0.08,0.05,100,100,-31.4,-23.39,-100.0,-0.17,0.0,0.668
1759164117571,2025-09-30 00:41:57.571,53.72,32.0,1.0,0.08,0.05,100,100,-31.45,-23.45,-100.0,-0.01,0.0,0.669
1759164122571,2025-09-30 00:42:02.571,55.57,32.0,1.0,0.08,0.05,100,100,-29.7,-21.72,-100.0,0.35,0.0,0.634
1759164127571,2025-09-30 00:42:07.571,56.59,32.0,1.0,0.08,0.05,100,100,-31.59,-23.57,-100.0,-0.37,0.0,0.671
1759164132571,2025-09-30 00:42:12.571,53.76,32.0,1.0,0.08,0.05,100,100,-32.6,-24.59,-100.0,-0.2,0.0,0.692
1759164137571,2025-09-30 00:42:17.571,52.8,32.0,1.0,0.08,0.05,100,100,-29.73,-21.76,-100.0,0.57,0.0,0.635
1759164142571,2025-09-30 00:42:22.571,55.59,32.0,1.0,0.08,0.05,100,100,-28.79,-20.8,-100.0,0.19,0.0,0.616
1759164147571,2025-09-30 00:42:27.571,56.38,32.0,1.0,0.08,0.05,100,100,-31.62,-23.59,-100.0,-0.56,0.0,0.672
1759164152571,2025-09-30 00:42:32.571,54.22,32.0,1.0,0.08,0.05,100,100,-32.39,-24.38,-100.0,-0.16,0.0,0.688
1759164157571,2025-09-30 00:42:37.571,57.87,32.0,1.0,0.08,0.05,100,100,-30.19,-22.22,-100.0,0.43,0.0,0.644
1759164162571,2025-09-30 00:42:42.571,58.34,32.0,1.0,0.08,0.05,100,100,-33.91,-25.87,-100.0,-0.73,0.0,0.717
1759164167571,2025-09-30 00:42:47.571,58.04,32.0,1.0,0.08,0.05,100,100,-34.34,-26.34,-100.0,-0.09,0.0,0.727
1759164172571,2025-09-30 00:42:52.571,60.02,32.0,1.0,0.08,0.05,100,100,-34.04,-26.04,-100.0,0.06,0.0,0.721
1759164177571,2025-09-30 00:42:57.571,58.8,32.0,1.0,0.08,0.05,100,100,-36.04,-28.02,-100.0,-0.4,0.0,0.76
1759164182571,2025-09-30 00:43:02.571,58.43,32.0,1.0,0.08,0.05,100,100,-34.78,-26.8,-100.0,0.25,0.0,0.736
1759164187571,2025-09-30 00:43:07.571,58.65,32.0,1.0,0.08,0.05,100,100,-34.42,-26.43,-100.0,0.07,0.0,0.729
1759164192571,2025-09-30 00:43:12.571,57.95,32.0,1.0,0.08,0.05,100,100,-34.65,-26.65,-100.0,-0.04,0.0,0.733
1759164197571,2025-09-30 00:43:17.571,58.51,32.0,1.0,0.08,0.05,100,100,-33.94,-25.95,-100.0,0.14,0.0,0.719
1759164202571,2025-09-30 00:43:22.571,56.5,32.0,1.0,0.08,0.05,100,100,-34.52,-26.51,-100.0,-0.11,0.0,0.73
1759164207571,2025-09-30 00:43:27.571,56.75,32.0,1.0,0.08,0.05,100,100,-32.48,-24.5,-100.0,0.4,0.0,0.69
1759164212571,2025-09-30 00:43:32.571,55.67,32.0,1.0,0.08,0.05,100,100,-32.76,-24.75,-100.0,-0.05,0.0,0.695
1759164217571,2025-09-30 00:43:37.571,52.58,32.0,1.0,0.08,0.05,100,100,-31.66,-23.67,-100.0,0.22,0.0,0.673
1759164222571,2025-09-30 00:43:42.571,53.17,32.0,1.0,0.08,0.05,100,100,-28.55,-20.58,-100.0,0.62,0.0,0.612
1759164227571,2025-09-30 00:43:47.571,52.95,32.0,1.0,0.08,0.05,100,100,-29.17,-21.17,-100.0,-0.12,0.0,0.623
1759164232571,2025-09-30 00:43:52.571,52.06,32.0,1.0,0.08,0.05,100,100,-28.95,-20.95,-100.0,0.04,0.0,0.619
1759164237571,2025-09-30 00:43:57.571,52.18,32.0,1.0,0.08,0.05,100,100,-28.05,-20.06,-100.0,0.18,0.0,0.601
1759164242571,2025-09-30 00:44:02.571,50.82,32.0,1.0,0.08,0.05,100,100,-28.18,-20.18,-100.0,-0.02,0.0,0.604
1759164247571,2025-09-30 00:44:07.571,52.06,32.0,1.0,0.08,0.05,100,100,-26.81,-18.82,-100.0,0.27,0.0,0.576
1759164252571,2025-09-30 00:44:12.571,54.7,32.0,1.0,0.08,0.05,100,100,-28.08,-20.06,-100.0,-0.25,0.0,0.601
1759164257571,2025-09-30 00:44:17.571,52.61,32.0,1.0,0.08,0.05,100,100,-30.73,-22.7,-100.0,-0.53,0.0,0.654
1759164262571,2025-09-30 00:44:22.571,52.22,32.0,1.0,0.08,0.05,100,100,-28.59,-20.61,-100.0,0.42,0.0,0.612
1759164267571,2025-09-30 00:44:27.571,52.59,32.0,1.0,0.08,0.05,100,100,-28.22,-20.22,-100.0,0.08,0.0,0.604
1759164272571,2025-09-30 00:44:32.571,52.62,32.0,1.0,0.08,0.05,100,100,-28.59,-20.59,-100.0,-0.07,0.0,0.612
1759164277571,2025-09-30 00:44:37.571,53.14,32.0,1.0,0.08,0.05,100,100,-28.62,-20.62,-100.0,-0.01,0.0,0.612
1759164282571,2025-09-30 00:44:42.571,54.22,32.0,1.0,0.08,0.05,100,100,-29.14,-21.14,-100.0,-0.1,0.0,0.623
1759164287571,2025-09-30 00:44:47.571,56.71,32.0,1.0,0.08,0.05,100,100,-30.23,-22.22,-100.0,-0.22,0.0,0.644
1759164292571,2025-09-30 00:44:52.571,55.39,32.0,1.0,0.08,0.05,100,100,-32.73,-24.71,-100.0,-0.5,0.0,0.694
1759164297571,2025-09-30 00:44:57.571,56.33,32.0,1.0,0.08,0.05,100,100,-31.38,-23.39,-100.0,0.26,0.0,0.668
1759164302571,2025-09-30 00:45:02.571,55.55,32.0,1.0,0.08,0.05,100,100,-32.34,-24.33,-100.0,-0.19,0.0,0.687
1759164307571,2025-09-30 00:45:07.571,57.13,32.0,1.0,0.08,0.05,100,100,-31.54,-23.55,-100.0,0.16,0.0,0.671
1759164312571,2025-09-30 00:45:12.571,56.73,32.0,1.0,0.08,0.05,100,100,-33.14,-25.13,-100.0,-0.32,0.0,0.703
1759164317571,2025-09-30 00:45:17.571,54.76,32.0,1.0,0.08,0.05,100,100,-32.72,-24.73,-100.0,0.08,0.0,0.695
1759164322571,2025-09-30 00:45:22.571,54.39,32.0,1.0,0.08,0.05,100,100,-30.75,-22.76,-100.0,0.39,0.0,0.655
1759164327571,2025-09-30 00:45:27.571,50.41,32.0,1.0,0.08,0.05,100,100,-30.39,-22.39,-100.0,0.07,0.0,0.648
1759164332571,2025-09-30 00:45:32.571,46.54,32.0,1.0,0.08,0.05,100,100,-26.37,-18.41,-100.0,0.8,0.0,0.568
1759164337571,2025-09-30 00:45:37.571,46.38,32.0,1.0,0.08,0.05,100,100,-22.5,-14.54,-100.0,0.77,0.0,0.491
1759164342571,2025-09-30 00:45:42.571,47.24,32.0,1.0,0.08,0.05,100,100,-22.37,-14.38,-100.0,0.03,0.0,0.488
1759164347571,2025-09-30 00:45:47.571,46.28,32.0,1.0,0.08,0.05,100,100,-23.25,-15.24,-100.0,-0.17,0.0,0.505
1759164352571,2025-09-30 00:45:52.571,44.46,32.0,1.0,0.08,0.05,100,100,-22.27,-14.28,-100.0,0.19,0.0,0.486
1759164357571,2025-09-30 00:45:57.571,46.06,32.0,1.0,0.08,0.05,100,100,-20.44,-12.46,-100.0,0.36,0.0,0.449
1759164362571,2025-09-30 00:46:02.571,45.16,32.0,1.0,0.08,0.05,100,100,-22.07,-14.06,-100.0,-0.32,0.0,0.481
1759164367571,2025-09-30 00:46:07.571,42.81,32.0,1.0,0.08,0.05,100,100,-21.15,-13.16,-100.0,0.18,0.0,0.463
1759164372571,2025-09-30 00:46:12.571,42.47,32.0,1.0,0.08,0.05,100,100,-18.79,-10.81,-100.0,0.47,0.0,0.416
1759164377571,2025-09-30 00:46:17.571,41.76,32.0,1.0,0.08,0.05,100,100,-18.47,-10.47,-100.0,0.07,0.0,0.409
1759164382571,2025-09-30 00:46:22.571,40.1,32.0,1.0,0.08,0.05,100,100,-17.75,-9.76,-100.0,0.14,0.0,0.395
1759164387571,2025-09-30 00:46:27.571,41.7,32.0,1.0,0.08,0.05,100,100,-16.09,-8.1,-100.0,0.33,0.0,0.362
1759164392571,2025-09-30 00:46:32.571,42.39,32.0,1.0,0.08,0.05,100,100,-17.71,-9.7,-100.0,-0.32,0.0,0.394
1759164397571,2025-09-30 00:46:37.571,41.09,32.0,1.0,0.08,0.05,100,100,-18.4,-10.39,-100.0,-0.14,0.0,0.408
1759164402571,2025-09-30 00:46:42.571,41.31,32.0,1.0,0.08,0.05,100,100,-17.08,-9.09,-100.0,0.26,0.0,0.382
1759164407571,2025-09-30 00:46:47.571,40.56,32.0,1.0,0.08,0.05,100,100,-17.31,-9.31,-100.0,-0.04,0.0,0.386
1759164412571,2025-09-30 00:46:52.571,43.73,32.0,1.0,0.08,0.05,100,100,-16.55,-8.56,-100.0,0.15,0.0,0.371
1759164417571,2025-09-30 00:46:57.571,44.06,32.0,1.0,0.08,0.05,100,100,-19.76,-11.73,-100.0,-0.63,0.0,0.435
1759164422571,2025-09-30 00:47:02.571,42.94,32.0,1.0,0.08,0.05,100,100,-20.06,-12.06,-100.0,-0.07,0.0,0.441
1759164427571,2025-09-30 00:47:07.571,46.98,32.0,1.0,0.08,0.05,100,100,-18.93,-10.94,-100.0,0.22,0.0,0.419
1759164432571,2025-09-30 00:47:12.571,45.74,32.0,1.0,0.08,0.05,100,100,-23.02,-14.98,-100.0,-0.81,0.0,0.5
1759164437571,2025-09-30 00:47:17.571,46.82,32.0,1.0,0.08,0.05,100,100,-21.73,-13.74,-100.0,0.25,0.0,0.475
1759164442571,2025-09-30 00:47:22.571,43.2,32.0,1.0,0.08,0.05,100,100,-22.83,-14.82,-100.0,-0.22,0.0,0.496
1759164447571,2025-09-30 00:47:27.571,44.75,32.0,1.0,0.08,0.05,100,100,-19.16,-11.2,-100.0,0.72,0.0,0.424
1759164452571,2025-09-30 00:47:32.571,42.66,32.0,1.0,0.08,0.05,100,100,-20.77,-12.75,-100.0,-0.31,0.0,0.455
1759164457571,2025-09-30 00:47:37.571,45.17,32.0,1.0,0.08,0.05,100,100,-18.64,-10.66,-100.0,0.42,0.0,0.413
1759164462571,2025-09-30 00:47:42.571,46.54,32.0,1.0,0.08,0.05,100,100,-21.19,-13.17,-100.0,-0.5,0.0,0.463
1759164467571,2025-09-30 00:47:47.571,43.76,32.0,1.0,0.08,0.05,100,100,-22.55,-14.54,-100.0,-0.27,0.0,0.491
1759164472571,2025-09-30 00:47:52.571,43.6,32.0,1.0,0.08,0.05,100,100,-19.74,-11.76,-100.0,0.55,0.0,0.435
1759164477571,2025-09-30 00:47:57.571,42.66,32.0,1.0,0.08,0.05,100,100,-19.59,-11.6,-100.0,0.03,0.0,0.432
1759164482571,2025-09-30 00:48:02.571,42.77,32.0,1.0,0.08,0.05,100,100,-18.65,-10.66,-100.0,0.19,0.0,0.413
1759164487571,2025-09-30 00:48:07.571,41.9,32.0,1.0,0.08,0.05,100,100,-18.78,-10.77,-100.0,-0.02,0.0,0.415
1759164492571,2025-09-30 00:48:12.571,40.35,32.0,1.0,0.08,0.05,100,100,-17.89,-9.9,-100.0,0.17,0.0,0.398
1759164497571,2025-09-30 00:48:17.571,39.06,32.0,1.0,0.08,0.05,100,100,-16.33,-8.35,-100.0,0.31,0.0,0.367
1759164502571,2025-09-30 00:48:22.571,37.79,32.0,1.0,0.08,0.05,100,100,-15.05,-7.06,-100.0,0.26,0.0,0.341
1759164507571,2025-09-30 00:48:27.571,38.15,32.0,1.0,0.08,0.05,100,100,-13.78,-5.79,-100.0,0.25,0.0,0.316
1759164512571,2025-09-30 00:48:32.571,39.15,32.0,1.0,0.08,0.05,100,100,-14.16,-6.15,-100.0,-0.07,0.0,0.323
1759164517571,2025-09-30 00:48:37.571,37.46,32.0,1.0,0.08,0.05,100,100,-15.16,-7.15,-100.0,-0.2,0.0,0.343
1759164522571,2025-09-30 00:48:42.571,35.34,32.0,1.0,0.08,0.05,100,100,-13.44,-5.46,-100.0,0.34,0.0,0.309
1759164527571,2025-09-30 00:48:47.571,34.64,32.0,1.0,0.08,0.05,100,100,-11.32,-3.34,-100.0,0.42,0.0,0.267
1759164532571,2025-09-30 00:48:52.571,34.25,32.0,1.0,0.08,0.05,100,100,-10.63,-2.64,-100.0,0.14,0.0,0.253
1759164537571,2025-09-30 00:48:57.571,34.76,32.0,1.0,0.08,0.05,100,100,-10.25,-2.25,-100.0,0.08,0.0,0.245
1759164542571,2025-09-30 00:49:02.571,38.1,32.0,1.0,0.08,0.05,100,100,-10.76,-2.76,-100.0,-0.1,0.0,0.255
1759164547571,2025-09-30 00:49:07.571,33.79,32.0,1.0,0.08,0.05,100,100,-14.13,-6.1,-100.0,-0.67,0.0,0.322
1759164552571,2025-09-30 00:49:12.571,31.26,32.0,1.0,0.08,0.05,100,100,-9.75,-1.79,-100.0,0.86,0.0,0.236
1759164557571,2025-09-30 00:49:17.571,33.62,32.0,1.0,0.08,0.05,100,100,-6.93,0.74,-96.28,0.51,0.0,0.185
1759164562571,2025-09-30 00:49:22.571,33.51,32.0,1.0,0.08,0.05,100,100,-9.64,-1.62,-100.0,-0.47,0.0,0.232
1759164567571,2025-09-30 00:49:27.571,36.91,32.0,1.0,0.08,0.05,100,100,-9.51,-1.51,-100.0,0.02,0.0,0.23
1759164572571,2025-09-30 00:49:32.571,33.38,32.0,1.0,0.08,0.05,100,100,-12.95,-4.91,-100.0,-0.68,0.0,0.298
1759164577571,2025-09-30 00:49:37.571,32.55,32.0,1.0,0.08,0.05,100,100,-9.35,-1.38,-100.0,0.71,0.0,0.228
1759164582571,2025-09-30 00:49:42.571,30.92,32.0,1.0,0.08,0.05,100,100,-8.54,-0.55,-100.0,0.17,0.0,0.211
1759164587571,2025-09-30 00:49:47.571,30.91,32.0,1.0,0.08,0.05,100,100,-6.47,1.08,-94.6,0.33,0.0,0.178
1759164592571,2025-09-30 00:49:52.571,29.96,32.0,1.0,0.08,0.05,100,100,-6.04,1.09,-89.16,0.0,0.0,0.178
1759164597571,2025-09-30 00:49:57.571,31.86,32.0,1.0,0.08,0.05,100,100,-4.26,2.04,-78.94,0.19,0.0,0.159
1759164602571,2025-09-30 00:50:02.571,30.18,32.0,1.0,0.08,0.05,100,100,-6.14,0.14,-78.23,-0.38,0.0,0.197
1759164607571,2025-09-30 00:50:07.571,31.81,32.0,1.0,0.08,0.05,100,100,-3.69,1.82,-69.11,0.34,0.0,0.164
1759164612571,2025-09-30 00:50:12.571,33.19,32.0,1.0,0.08,0.05,100,100,-5.29,0.19,-68.18,-0.33,0.0,0.196
1759164617571,2025-09-30 00:50:17.571,33.82,32.0,1.0,0.08,0.05,100,100,-7.14,-1.19,-74.14,-0.28,0.0,0.224
1759164622571,2025-09-30 00:50:22.571,34.4,32.0,1.0,0.08,0.05,100,100,-8.48,-1.82,-83.23,-0.13,0.0,0.236
1759164627571,2025-09-30 00:50:27.571,34.56,32.0,1.0,0.08,0.05,100,100,-10.03,-2.4,-95.25,-0.12,0.0,0.248
1759164632571,2025-09-30 00:50:32.571,35.52,32.0,1.0,0.08,0.05,100,100,-10.56,-2.56,-100.0,-0.03,0.0,0.251
1759164637571,2025-09-30 00:50:37.571,35.54,32.0,1.0,0.08,0.05,100,100,-11.53,-3.52,-100.0,-0.19,0.0,0.27
1759164642571,2025-09-30 00:50:42.571,35.99,32.0,1.0,0.08,0.05,100,100,-11.54,-3.54,-100.0,-0.01,0.0,0.271
1759164647571,2025-09-30 00:50:47.571,35.53,32.0,1.0,0.08,0.05,100,100,-11.99,-3.99,-100.0,-0.09,0.0,0.28
1759164652571,2025-09-30 00:50:52.571,34.03,32.0,1.0,0.08,0.05,100,100,-11.53,-3.53,-100.0,0.09,0.0,0.271
1759164657571,2025-09-30 00:50:57.571,32.0,32.0,1.0,0.08,0.05,100,100,-10.02,-2.03,-100.0,0.3,0.0,0.241
1759164662571,2025-09-30 00:51:02.571,32.11,32.0,1.0,0.08,0.05,100,100,-7.97,0.0,-99.98,0.41,0.0,0.2
1759164667571,2025-09-30 00:51:07.571,31.29,32.0,1.0,0.08,0.05,100,100,-8.12,-0.11,-100.0,-0.02,0.0,0.202
1759164672571,2025-09-30 00:51:12.571,33.24,32.0,1.0,0.08,0.05,100,100,-7.0,0.71,-96.45,0.16,0.0,0.186
1759164677571,2025-09-30 00:51:17.571,31.24,32.0,1.0,0.08,0.05,100,100,-9.26,-1.24,-100.0,-0.39,0.0,0.225
1759164682571,2025-09-30 00:51:22.571,30.29,32.0,1.0,0.08,0.05,100,100,-6.92,0.76,-96.2,0.4,0.0,0.185
1759164687571,2025-09-30 00:51:27.571,29.91,32.0,1.0,0.08,0.05,100,100,-5.29,1.71,-87.65,0.19,0.0,0.166
1759164692571,2025-09-30 00:51:32.571,30.75,32.0,1.0,0.08,0.05,100,100,-4.08,2.09,-77.18,0.08,0.0,0.158
1759164697571,2025-09-30 00:51:37.571,28.3,32.0,1.0,0.08,0.05,100,100,-4.43,1.25,-70.91,-0.17,0.0,0.175
1759164702571,2025-09-30 00:51:42.571,28.67,32.0,1.0,0.08,0.05,100,100,-0.46,3.7,-52.4,0.49,0.0,0.126
1759164707571,2025-09-30 00:51:47.571,29.16,32.0,1.0,0.08,0.05,100,100,0.46,3.33,-35.77,-0.08,0.007,0.133
1759164712571,2025-09-30 00:51:52.571,30.35,32.0,1.0,0.08,0.05,100,100,1.11,2.84,-21.56,-0.1,0.017,0.143
1759164717571,2025-09-30 00:51:57.571,29.68,32.0,1.0,0.08,0.05,100,100,0.58,1.65,-13.3,-0.24,0.009,0.167
1759164722571,2025-09-30 00:52:02.571,28.91,32.0,1.0,0.08,0.05,100,100,2.19,2.32,-1.71,0.13,0.033,0.154
1759164727571,2025-09-30 00:52:07.571,29.9,32.0,1.0,0.08,0.05,100,100,4.2,3.09,13.74,0.15,0.063,0.138
1759164732571,2025-09-30 00:52:12.571,28.11,32.0,1.0,0.08,0.05,100,100,4.03,2.1,24.25,-0.2,0.06,0.158
1759164737571,2025-09-30 00:52:17.571,29.48,32.0,1.0,0.08,0.05,100,100,7.4,3.89,43.7,0.36,0.111,0.122
1759164742571,2025-09-30 00:52:22.571,29.92,32.0,1.0,0.08,0.05,100,100,7.01,2.52,56.3,-0.27,0.105,0.15
1759164747571,2025-09-30 00:52:27.571,30.46,32.0,1.0,0.08,0.05,100,100,7.41,2.08,66.69,-0.09,0.111,0.158
1759164752571,2025-09-30 00:52:32.571,29.32,32.0,1.0,0.08,0.05,100,100,7.48,1.54,74.38,-0.11,0.112,0.169
1759164757571,2025-09-30 00:52:37.571,30.83,32.0,1.0,0.08,0.05,100,100,9.71,2.68,87.77,0.23,0.146,0.146
1759164762571,2025-09-30 00:52:42.571,30.64,32.0,1.0,0.08,0.05,100,100,8.65,1.17,93.62,-0.3,0.13,0.177
1759164767571,2025-09-30 00:52:47.571,32.86,32.0,1.0,0.08,0.05,100,100,9.36,1.36,100.0,0.04,0.14,0.173
1759164772571,2025-09-30 00:52:52.571,33.54,32.0,1.0,0.08,0.05,100,100,6.78,-0.86,95.72,-0.44,0.102,0.217
1759164777571,2025-09-30 00:52:57.571,34.34,32.0,1.0,0.08,0.05,100,100,5.49,-1.54,88.01,-0.14,0.082,0.231
1759164782571,2025-09-30 00:53:02.571,36.15,32.0,1.0,0.08,0.05,100,100,3.76,-2.34,76.34,-0.16,0.056,0.247
1759164787571,2025-09-30 00:53:07.571,37.77,32.0,1.0,0.08,0.05,100,100,0.28,-4.15,55.6,-0.36,0.004,0.283
1759164792571,2025-09-30 00:53:12.571,37.05,32.0,1.0,0.08,0.05,100,100,-3.65,-5.77,26.74,-0.33,0.0,0.315
1759164797571,2025-09-30 00:53:17.571,35.64,32.0,1.0,0.08,0.05,100,100,-4.92,-5.05,1.49,0.14,0.0,0.301
1759164802571,2025-09-30 00:53:22.571,32.98,32.0,1.0,0.08,0.05,100,100,-4.96,-3.64,-16.7,0.28,0.0,0.273
1759164807571,2025-09-30 00:53:27.571,32.09,32.0,1.0,0.08,0.05,100,100,-2.68,-0.98,-21.61,0.53,0.0,0.22
1759164812571,2025-09-30 00:53:32.571,30.5,32.0,1.0,0.08,0.05,100,100,-1.85,-0.09,-22.07,0.18,0.0,0.202
1759164817571,2025-09-30 00:53:37.571,30.22,32.0,1.0,0.08,0.05,100,100,0.35,1.5,-14.59,0.32,0.005,0.17
1759164822571,2025-09-30 00:53:42.571,31.1,32.0,1.0,0.08,0.05,100,100,1.33,1.78,-5.69,0.06,0.02,0.164
1759164827571,2025-09-30 00:53:47.571,31.79,32.0,1.0,0.08,0.05,100,100,0.8,0.9,-1.17,-0.18,0.012,0.182
1759164832571,2025-09-30 00:53:52.571,32.72,32.0,1.0,0.08,0.05,100,100,0.19,0.21,-0.14,-0.14,0.003,0.196
1759164837571,2025-09-30 00:53:57.571,37.49,32.0,1.0,0.08,0.05,100,100,-1.03,-0.72,-3.76,-0.19,0.0,0.214
1759164842571,2025-09-30 00:54:02.571,38.87,32.0,1.0,0.08,0.05,100,100,-8.04,-5.49,-31.21,-0.95,0.0,0.31
1759164847571,2025-09-30 00:54:07.571,37.86,32.0,1.0,0.08,0.05,100,100,-12.13,-6.87,-65.56,-0.28,0.0,0.337
1759164852571,2025-09-30 00:54:12.571,38.5,32.0,1.0,0.08,0.05,100,100,-13.45,-5.86,-94.88,0.2,0.0,0.317
1759164857571,2025-09-30 00:54:17.571,36.86,32.0,1.0,0.08,0.05,100,100,-14.51,-6.5,-100.0,-0.13,0.0,0.33
1759164862571,2025-09-30 00:54:22.571,35.4,32.0,1.0,0.08,0.05,100,100,-12.84,-4.86,-100.0,0.33,0.0,0.297
1759164867571,2025-09-30 00:54:27.571,35.36,32.0,1.0,0.08,0.05,100,100,-11.38,-3.4,-100.0,0.29,0.0,0.268
1759164872571,2025-09-30 00:54:32.571,35.74,32.0,1.0,0.08,0.05,100,100,-11.36,-3.36,-100.0,0.01,0.0,0.267
1759164877571,2025-09-30 00:54:37.571,37.43,32.0,1.0,0.08,0.05,100,100,-11.74,-3.74,-100.0,-0.08,0.0,0.275
1759164882571,2025-09-30 00:54:42.571,39.43,32.0,1.0,0.08,0.05,100,100,-13.44,-5.43,-100.0,-0.34,0.0,0.309
1759164887571,2025-09-30 00:54:47.571,38.73,32.0,1.0,0.08,0.05,100,100,-15.45,-7.43,-100.0,-0.4,0.0,0.349
1759164892571,2025-09-30 00:54:52.571,40.79,32.0,1.0,0.08,0.05,100,100,-14.72,-6.73,-100.0,0.14,0.0,0.335
1759164897571,2025-09-30 00:54:57.571,40.19,32.0,1.0,0.08,0.05,100,100,-16.81,-8.79,-100.0,-0.41,0.0,0.376
1759164902571,2025-09-30 00:55:02.571,37.7,32.0,1.0,0.08,0.05,100,100,-16.18,-8.19,-100.0,0.12,0.0,0.364
1759164907571,2025-09-30 00:55:07.571,38.07,32.0,1.0,0.08,0.05,100,100,-13.68,-5.7,-100.0,0.5,0.0,0.314
1759164912571,2025-09-30 00:55:12.571,37.25,32.0,1.0,0.08,0.05,100,100,-14.07,-6.07,-100.0,-0.07,0.0,0.321
1759164917571,2025-09-30 00:55:17.571,35.42,32.0,1.0,0.08,0.05,100,100,-13.24,-5.25,-100.0,0.16,0.0,0.305
1759164922571,2025-09-30 00:55:22.571,35.6,32.0,1.0,0.08,0.05,100,100,-11.4,-3.42,-100.0,0.37,0.0,0.268
1759164927571,2025-09-30 00:55:27.571,35.43,32.0,1.0,0.08,0.05,100,100,-11.6,-3.6,-100.0,-0.04,0.0,0.272
1759164932571,2025-09-30 00:55:32.571,34.55,32.0,1.0,0.08,0.05,100,100,-11.42,-3.43,-100.0,0.03,0.0,0.269
1759164937571,2025-09-30 00:55:37.571,34.17,32.0,1.0,0.08,0.05,100,100,-10.54,-2.55,-100.0,0.18,0.0,0.251
1759164942571,2025-09-30 00:55:42.571,32.91,32.0,1.0,0.08,0.05,100,100,-10.17,-2.17,-100.0,0.08,0.0,0.243
1759164947571,2025-09-30 00:55:47.571,35.18,32.0,1.0,0.08,0.05,100,100,-8.89,-0.91,-100.0,0.25,0.0,0.218
1759164952571,2025-09-30 00:55:52.571,34.93,32.0,1.0,0.08,0.05,100,100,-11.2,-3.18,-100.0,-0.45,0.0,0.264
1759164957571,2025-09-30 00:55:57.571,39.11,32.0,1.0,0.08,0.05,100,100,-10.93,-2.93,-100.0,0.05,0.0,0.259
1759164962571,2025-09-30 00:56:02.571,38.7,32.0,1.0,0.08,0.05,100,100,-15.15,-7.11,-100.0,-0.83,0.0,0.342
1759164967571,2025-09-30 00:56:07.571,39.26,32.0,1.0,0.08,0.05,100,100,-14.7,-6.7,-100.0,0.08,0.0,0.334
1759164972571,2025-09-30 00:56:12.571,38.57,32.0,1.0,0.08,0.05,100,100,-15.27,-7.26,-100.0,-0.11,0.0,0.345
1759164977571,2025-09-30 00:56:17.571,41.04,32.0,1.0,0.08,0.05,100,100,-14.56,-6.57,-100.0,0.14,0.0,0.331
1759164982571,2025-09-30 00:56:22.571,42.4,32.0,1.0,0.08,0.05,100,100,-17.06,-9.04,-100.0,-0.49,0.0,0.381
1759164987571,2025-09-30 00:56:27.571,43.22,32.0,1.0,0.08,0.05,100,100,-18.41,-10.4,-100.0,-0.27,0.0,0.408
1759164992571,2025-09-30 00:56:32.571,43.91,32.0,1.0,0.08,0.05,100,100,-19.22,-11.22,-100.0,-0.16,0.0,0.424
1759164997571,2025-09-30 00:56:37.571,42.92,32.0,1.0,0.08,0.05,100,100,-19.91,-11.91,-100.0,-0.14,0.0,0.438
1759165002571,2025-09-30 00:56:42.571,43.02,32.0,1.0,0.08,0.05,100,100,-18.91,-10.92,-100.0,0.2,0.0,0.418
1759165007571,2025-09-30 00:56:47.571,42.56,32.0,1.0,0.08,0.05,100,100,-19.03,-11.02,-100.0,-0.02,0.0,0.42
1759165012571,2025-09-30 00:56:52.571,42.44,32.0,1.0,0.08,0.05,100,100,-18.55,-10.56,-100.0,0.09,0.0,0.411
1759165017571,2025-09-30 00:56:57.571,41.82,32.0,1.0,0.08,0.05,100,100,-18.44,-10.44,-100.0,0.02,0.0,0.409
1759165022571,2025-09-30 00:57:02.571,46.21,32.0,1.0,0.08,0.05,100,100,-17.82,-9.82,-100.0,0.12,0.0,0.396
1759165027571,2025-09-30 00:57:07.571,48.94,32.0,1.0,0.08,0.05,100,100,-22.25,-14.21,-100.0,-0.88,0.0,0.484
1759165032571,2025-09-30 00:57:12.571,48.6,32.0,1.0,0.08,0.05,100,100,-24.97,-16.94,-100.0,-0.55,0.0,0.539
1759165037571,2025-09-30 00:57:17.571,48.92,32.0,1.0,0.08,0.05,100,100,-24.6,-16.6,-100.0,0.07,0.0,0.532
1759165042571,2025-09-30 00:57:22.571,48.11,32.0,1.0,0.08,0.05,100,100,-24.92,-16.92,-100.0,-0.06,0.0,0.538
1759165047571,2025-09-30 00:57:27.571,47.86,32.0,1.0,0.08,0.05,100,100,-24.1,-16.11,-100.0,0.16,0.0,0.522
1759165052571,2025-09-30 00:57:32.571,45.01,32.0,1.0,0.08,0.05,100,100,-23.86,-15.86,-100.0,0.05,0.0,0.517
1759165057571,2025-09-30 00:57:37.571,43.95,32.0,1.0,0.08,0.05,100,100,-20.98,-13.01,-100.0,0.57,0.0,0.46
1759165062571,2025-09-30 00:57:42.571,45.07,32.0,1.0,0.08,0.05,100,100,-19.94,-11.95,-100.0,0.21,0.0,0.439
1759165067571,2025-09-30 00:57:47.571,46.13,32.0,1.0,0.08,0.05,100,100,-21.08,-13.07,-100.0,-0.22,0.0,0.461
1759165072571,2025-09-30 00:57:52.571,45.43,32.0,1.0,0.08,0.05,100,100,-22.14,-14.13,-100.0,-0.21,0.0,0.483
1759165077571,2025-09-30 00:57:57.571,41.4,32.0,1.0,0.08,0.05,100,100,-21.42,-13.43,-100.0,0.14,0.0,0.469
1759165082571,2025-09-30 00:58:02.571,40.9,32.0,1.0,0.08,0.05,100,100,-17.36,-9.4,-100.0,0.81,0.0,0.388
1759165087571,2025-09-30 00:58:07.571,40.59,32.0,1.0,0.08,0.05,100,100,-16.9,-8.9,-100.0,0.1,0.0,0.378
1759165092571,2025-09-30 00:58:12.571,40.81,32.0,1.0,0.08,0.05,100,100,-16.59,-8.59,-100.0,0.06,0.0,0.372
1759165097571,2025-09-30 00:58:17.571,41.38,32.0,1.0,0.08,0.05,100,100,-16.81,-8.81,-100.0,-0.04,0.0,0.376
1759165102571,2025-09-30 00:58:22.571,41.16,32.0,1.0,0.08,0.05,100,100,-17.38,-9.38,-100.0,-0.11,0.0,0.388
1759165107571,2025-09-30 00:58:27.571,38.77,32.0,1.0,0.08,0.05,100,100,-17.16,-9.16,-100.0,0.04,0.0,0.383
1759165112571,2025-09-30 00:58:32.571,39.93,32.0,1.0,0.08,0.05,100,100,-14.75,-6.77,-100.0,0.48,0.0,0.335
1759165117571,2025-09-30 00:58:37.571,39.75,32.0,1.0,0.08,0.05,100,100,-15.94,-7.93,-100.0,-0.23,0.0,0.359
1759165122571,2025-09-30 00:58:42.571,40.77,32.0,1.0,0.08,0.05,100,100,-15.75,-7.75,-100.0,0.03,0.0,0.355
1759165127571,2025-09-30 00:58:47.571,39.7,32.0,1.0,0.08,0.05,100,100,-16.78,-8.77,-100.0,-0.2,0.0,0.375
1759165132571,2025-09-30 00:58:52.571,40.39,32.0,1.0,0.08,0.05,100,100,-15.69,-7.7,-100.0,0.21,0.0,0.354
1759165137571,2025-09-30 00:58:57.571,41.91,32.0,1.0,0.08,0.05,100,100,-16.4,-8.39,-100.0,-0.14,0.0,0.368
1759165142571,2025-09-30 00:59:02.571,42.47,32.0,1.0,0.08,0.05,100,100,-17.92,-9.91,-100.0,-0.3,0.0,0.398
1759165147571,2025-09-30 00:59:07.571,43.11,32.0,1.0,0.08,0.05,100,100,-18.48,-10.47,-100.0,-0.11,0.0,0.409
1759165152571,2025-09-30 00:59:12.571,42.24,32.0,1.0,0.08,0.05,100,100,-19.12,-11.11,-100.0,-0.13,0.0,0.422
1759165157571,2025-09-30 00:59:17.571,37.37,32.0,1.0,0.08,0.05,100,100,-18.23,-10.24,-100.0,0.18,0.0,0.405
1759165162571,2025-09-30 00:59:22.571,36.59,32.0,1.0,0.08,0.05,100,100,-13.32,-5.37,-100.0,0.97,0.0,0.307
1759165167571,2025-09-30 00:59:27.571,38.6,32.0,1.0,0.08,0.05,100,100,-12.58,-4.59,-100.0,0.16,0.0,0.292
1759165172571,2025-09-30 00:59:32.571,39.1,32.0,1.0,0.08,0.05,100,100,-14.62,-6.6,-100.0,-0.4,0.0,0.332
1759165177571,2025-09-30 00:59:37.571,39.8,32.0,1.0,0.08,0.05,100,100,-15.1,-7.1,-100.0,-0.1,0.0,0.342
1759165182571,2025-09-30 00:59:42.571,41.44,32.0,1.0,0.08,0.05,100,100,-15.8,-7.8,-100.0,-0.14,0.0,0.356
1759165187571,2025-09-30 00:59:47.571,36.55,32.0,1.0,0.08,0.05,100,100,-17.45,-9.44,-100.0,-0.33,0.0,0.389
1759165192571,2025-09-30 00:59:52.571,36.23,32.0,1.0,0.08,0.05,100,100,-12.51,-4.55,-100.0,0.98,0.0,0.291
1759165197571,2025-09-30 00:59:57.571,37.34,32.0,1.0,0.08,0.05,100,100,-12.23,-4.23,-100.0,0.06,0.0,0.285
1759165202571,2025-09-30 01:00:02.571,39.54,32.0,1.0,0.08,0.05,100,100,-13.35,-5.34,-100.0,-0.22,0.0,0.307
1759165207571,2025-09-30 01:00:07.571,42.04,32.0,1.0,0.08,0.05,100,100,-15.56,-7.54,-100.0,-0.44,0.0,0.351
1759165212571,2025-09-30 01:00:12.571,40.97,32.0,1.0,0.08,0.05,100,100,-18.06,-10.04,-100.0,-0.5,0.0,0.401
1759165217571,2025-09-30 01:00:17.571,42.35,32.0,1.0,0.08,0.05,100,100,-16.96,-8.97,-100.0,0.21,0.0,0.379
1759165222571,2025-09-30 01:00:22.571,42.69,32.0,1.0,0.08,0.05,100,100,-18.37,-10.35,-100.0,-0.28,0.0,0.407
1759165227571,2025-09-30 01:00:27.571,43.96,32.0,1.0,0.08,0.05,100,100,-18.69,-10.69,-100.0,-0.07,0.0,0.414
1759165232571,2025-09-30 01:00:32.571,43.12,32.0,1.0,0.08,0.05,100,100,-19.97,-11.96,-100.0,-0.25,0.0,0.439
1759165237571,2025-09-30 01:00:37.571,44.21,32.0,1.0,0.08,0.05,100,100,-19.11,-11.12,-100.0,0.17,0.0,0.422
1759165242571,2025-09-30 01:00:42.571,45.53,32.0,1.0,0.08,0.05,100,100,-20.22,-12.21,-100.0,-0.22,0.0,0.444
1759165247571,2025-09-30 01:00:47.571,44.77,32.0,1.0,0.08,0.05,100,100,-21.55,-13.53,-100.0,-0.26,0.0,0.471
1759165252571,2025-09-30 01:00:52.571,42.85,32.0,1.0,0.08,0.05,100,100,-20.76,-12.77,-100.0,0.15,0.0,0.455
1759165257571,2025-09-30 01:00:57.571,40.69,32.0,1.0,0.08,0.05,100,100,-18.83,-10.85,-100.0,0.38,0.0,0.417
1759165262571,2025-09-30 01:01:02.571,39.0,32.0,1.0,0.08,0.05,100,100,-16.67,-8.69,-100.0,0.43,0.0,0.374
1759165267571,2025-09-30 01:01:07.571,39.03,32.0,1.0,0.08,0.05,100,100,-14.98,-7.0,-100.0,0.34,0.0,0.34
1759165272571,2025-09-30 01:01:12.571,40.84,32.0,1.0,0.08,0.05,100,100,-15.03,-7.03,-100.0,-0.01,0.0,0.341
1759165277571,2025-09-30 01:01:17.571,41.64,32.0,1.0,0.08,0.05,100,100,-16.86,-8.84,-100.0,-0.36,0.0,0.377
1759165282571,2025-09-30 01:01:22.571,39.75,32.0,1.0,0.08,0.05,100,100,-17.64,-9.64,-100.0,-0.16,0.0,0.393
1759165287571,2025-09-30 01:01:27.571,40.16,32.0,1.0,0.08,0.05,100,100,-15.73,-7.75,-100.0,0.38,0.0,0.355
1759165292571,2025-09-30 01:01:32.571,38.28,32.0,1.0,0.08,0.05,100,100,-16.17,-8.16,-100.0,-0.08,0.0,0.363
1759165297571,2025-09-30 01:01:37.571,40.43,32.0,1.0,0.08,0.05,100,100,-14.26,-6.28,-100.0,0.38,0.0,0.326
1759165302571,2025-09-30 01:01:42.571,41.23,32.0,1.0,0.08,0.05,100,100,-16.45,-8.43,-100.0,-0.43,0.0,0.369
1759165307571,2025-09-30 01:01:47.571,42.33,32.0,1.0,0.08,0.05,100,100,-17.24,-9.23,-100.0,-0.16,0.0,0.385
1759165312571,2025-09-30 01:01:52.571,44.1,32.0,1.0,0.08,0.05,100,100,-18.34,-10.33,-100.0,-0.22,0.0,0.407
1759165317571,2025-09-30 01:01:57.571,42.96,32.0,1.0,0.08,0.05,100,100,-20.12,-12.1,-100.0,-0.35,0.0,0.442
1759165322571,2025-09-30 01:02:02.571,47.11,32.0,1.0,0.08,0.05,100,100,-18.95,-10.96,-100.0,0.23,0.0,0.419
1759165327571,2025-09-30 01:02:07.571,42.08,32.0,1.0,0.08,0.05,100,100,-23.15,-15.11,-100.0,-0.83,0.0,0.502
1759165332571,2025-09-30 01:02:12.571,42.71,32.0,1.0,0.08,0.05,100,100,-18.03,-10.08,-100.0,1.01,0.0,0.402
1759165337571,2025-09-30 01:02:17.571,41.5,32.0,1.0,0.08,0.05,100,100,-18.72,-10.71,-100.0,-0.13,0.0,0.414
1759165342571,2025-09-30 01:02:22.571,41.69,32.0,1.0,0.08,0.05,100,100,-17.49,-9.5,-100.0,0.24,0.0,0.39
1759165347571,2025-09-30 01:02:27.571,40.87,32.0,1.0,0.08,0.05,100,100,-17.69,-9.69,-100.0,-0.04,0.0,0.394
1759165352571,2025-09-30 01:02:32.571,38.3,32.0,1.0,0.08,0.05,100,100,-16.86,-8.87,-100.0,0.16,0.0,0.377
1759165357571,2025-09-30 01:02:37.571,36.99,32.0,1.0,0.08,0.05,100,100,-14.27,-6.3,-100.0,0.52,0.0,0.326
1759165362571,2025-09-30 01:02:42.571,36.12,25.0,1.0,0.08,0.05,100,100,-12.97,-4.99,-100.0,0.26,0.0,0.3
1759165367571,2025-09-30 01:02:47.571,36.01,25.0,1.0,0.08,0.05,100,100,-19.19,-11.12,-100.0,-1.23,0.0,0.282
1759165372571,2025-09-30 01:02:52.571,35.34,25.0,1.0,0.08,0.05,100,100,-19.0,-11.01,-100.0,0.02,0.0,0.28
1759165377571,2025-09-30 01:02:57.571,38.37,25.0,1.0,0.08,0.05,100,100,-18.33,-10.34,-100.0,0.13,0.0,0.267
1759165382571,2025-09-30 01:03:02.571,38.35,25.0,1.0,0.08,0.05,100,100,-21.4,-13.37,-100.0,-0.61,0.0,0.327
1759165387571,2025-09-30 01:03:07.571,37.3,25.0,1.0,0.08,0.05,100,100,-21.35,-13.35,-100.0,0.0,0.0,0.327
1759165392571,2025-09-30 01:03:12.571,35.6,30.0,1.0,0.08,0.05,100,100,-20.29,-12.3,-100.0,0.21,0.0,0.306
1759165397571,2025-09-30 01:03:17.571,32.35,30.0,1.0,0.08,0.05,100,100,-13.53,-5.6,-100.0,1.34,0.0,0.272
1759165402571,2025-09-30 01:03:22.571,33.79,30.0,1.0,0.08,0.05,100,100,-10.32,-2.35,-100.0,0.65,0.0,0.207
1759165407571,2025-09-30 01:03:27.571,34.45,30.0,1.0,0.08,0.05,100,100,-11.8,-3.79,-100.0,-0.29,0.0,0.236
1759165412571,2025-09-30 01:03:32.571,34.13,25.0,1.0,0.08,0.05,100,100,-12.46,-4.45,-100.0,-0.13,0.0,0.249
1759165417571,2025-09-30 01:03:37.571,31.48,25.0,1.0,0.08,0.05,100,100,-17.18,-9.13,-100.0,-0.94,0.0,0.243
1759165422571,2025-09-30 01:03:42.571,35.11,25.0,1.0,0.08,0.05,100,100,-14.45,-6.48,-100.0,0.53,0.0,0.19
1759165427571,2025-09-30 01:03:47.571,37.59,25.0,1.0,0.08,0.05,100,100,-18.15,-10.11,-100.0,-0.73,0.0,0.262
1759165432571,2025-09-30 01:03:52.571,39.42,25.0,1.0,0.08,0.05,100,100,-20.62,-12.59,-100.0,-0.5,0.0,0.312
1759165437571,2025-09-30 01:03:57.571,39.69,25.0,1.0,0.08,0.05,100,100,-22.44,-14.42,-100.0,-0.37,0.0,0.348
1759165442571,2025-09-30 01:04:02.571,39.26,25.0,1.0,0.08,0.05,100,100,-22.69,-14.69,-100.0,-0.05,0.0,0.354
1759165447571,2025-09-30 01:04:07.571,38.56,25.0,1.0,0.08,0.05,100,100,-22.26,-14.26,-100.0,0.09,0.0,0.345
1759165452571,2025-09-30 01:04:12.571,36.81,25.0,1.0,0.08,0.05,100,100,-21.55,-13.56,-100.0,0.14,0.0,0.331
1759165457571,2025-09-30 01:04:17.571,37.16,25.0,1.0,0.08,0.05,100,100,-19.8,-11.81,-100.0,0.35,0.0,0.296
1759165462571,2025-09-30 01:04:22.571,39.4,25.0,1.0,0.08,0.05,100,100,-20.16,-12.16,-100.0,-0.07,0.0,0.303
1759165467571,2025-09-30 01:04:27.571,39.39,25.0,1.0,0.08,0.05,100,100,-22.43,-14.4,-100.0,-0.45,0.0,0.348
1759165472571,2025-09-30 01:04:32.571,39.3,25.0,1.0,0.08,0.05,100,100,-22.39,-14.39,-100.0,0.0,0.0,0.348
1759165477571,2025-09-30 01:04:37.571,38.8,25.0,1.0,0.08,0.05,100,100,-22.3,-14.3,-100.0,0.02,0.0,0.346
1759165482571,2025-09-30 01:04:42.571,39.16,25.0,1.0,0.08,0.05,100,100,-21.79,-13.8,-100.0,0.1,0.0,0.336
1759165487571,2025-09-30 01:04:47.571,39.39,25.0,1.0,0.08,0.05,100,100,-22.16,-14.16,-100.0,-0.07,0.0,0.343
1759165492571,2025-09-30 01:04:52.571,41.18,25.0,1.0,0.08,0.05,100,100,-22.39,-14.39,-100.0,-0.05,0.0,0.348
1759165497571,2025-09-30 01:04:57.571,44.12,25.0,1.0,0.08,0.05,100,100,-24.2,-16.18,-100.0,-0.36,0.0,0.384
1759165502571,2025-09-30 01:05:02.571,43.16,25.0,1.0,0.08,0.05,100,100,-27.15,-19.12,-100.0,-0.59,0.0,0.442
1759165507571,2025-09-30 01:05:07.571,43.23,25.0,1.0,0.08,0.05,100,100,-26.15,-18.16,-100.0,0.19,0.0,0.423
1759165512571,2025-09-30 01:05:12.571,44.28,25.0,1.0,0.08,0.05,100,100,-26.23,-18.23,-100.0,-0.01,0.0,0.425
1759165517571,2025-09-30 01:05:17.571,45.08,25.0,1.0,0.08,0.05,100,100,-27.29,-19.28,-100.0,-0.21,0.0,0.446
1759165522571,2025-09-30 01:05:22.571,45.38,25.0,1.0,0.08,0.05,100,100,-28.09,-20.08,-100.0,-0.16,0.0,0.462
1759165527571,2025-09-30 01:05:27.571,45.09,25.0,1.0,0.08,0.05,100,100,-28.39,-20.38,-100.0,-0.06,0.0,0.468
1759165532571,2025-09-30 01:05:32.571,44.67,25.0,1.0,0.08,0.05,100,100,-28.08,-20.09,-100.0,0.06,0.0,0.462
1759165537571,2025-09-30 01:05:37.571,45.65,25.0,1.0,0.08,0.05,100,100,-27.67,-19.67,-100.0,0.08,0.0,0.453
1759165542571,2025-09-30 01:05:42.571,43.33,25.0,1.0,0.08,0.05,100,100,-28.66,-20.65,-100.0,-0.2,0.0,0.473
1759165547571,2025-09-30 01:05:47.571,45.56,25.0,1.0,0.08,0.05,100,100,-26.3,-18.33,-100.0,0.46,0.0,0.427
1759165552571,2025-09-30 01:05:52.571,45.18,25.0,1.0,0.08,0.05,100,100,-28.58,-20.56,-100.0,-0.45,0.0,0.471
1759165557571,2025-09-30 01:05:57.571,45.38,25.0,1.0,0.08,0.05,100,100,-28.17,-20.18,-100.0,0.08,0.0,0.464
1759165562571,2025-09-30 01:06:02.571,49.54,25.0,1.0,0.08,0.05,100,100,-28.38,-20.38,-100.0,-0.04,0.0,0.468
1759165567571,2025-09-30 01:06:07.571,47.56,25.0,1.0,0.08,0.05,100,100,-32.58,-24.54,-100.0,-0.83,0.0,0.551
1759165572571,2025-09-30 01:06:12.571,47.4,25.0,1.0,0.08,0.05,100,100,-30.54,-22.56,-100.0,0.4,0.0,0.511
1759165577571,2025-09-30 01:06:17.571,44.03,25.0,1.0,0.08,0.05,100,100,-30.4,-22.4,-100.0,0.03,0.0,0.508
1759165582571,2025-09-30 01:06:22.571,42.67,25.0,1.0,0.08,0.05,100,100,-27.0,-19.03,-100.0,0.67,0.0,0.441
1759165587571,2025-09-30 01:06:27.571,40.62,25.0,1.0,0.08,0.05,100,100,-25.65,-17.67,-100.0,0.27,0.0,0.413
1759165592571,2025-09-30 01:06:32.571,42.86,25.0,1.0,0.08,0.05,100,100,-23.6,-15.62,-100.0,0.41,0.0,0.372
1759165597571,2025-09-30 01:06:37.571,42.04,25.0,1.0,0.08,0.05,100,100,-25.88,-17.86,-100.0,-0.45,0.0,0.417
1759165602571,2025-09-30 01:06:42.571,41.53,25.0,1.0,0.08,0.05,100,100,-25.03,-17.04,-100.0,0.16,0.0,0.401
1759165607571,2025-09-30 01:06:47.571,41.8,25.0,1.0,0.08,0.05,100,100,-24.52,-16.53,-100.0,0.1,0.0,0.391
1759165612571,2025-09-30 01:06:52.571,41.91,25.0,1.0,0.08,0.05,100,100,-24.81,-16.8,-100.0,-0.05,0.0,0.396
1759165617571,2025-09-30 01:06:57.571,43.03,25.0,1.0,0.08,0.05,100,100,-24.91,-16.91,-100.0,-0.02,0.0,0.398
1759165622571,2025-09-30 01:07:02.571,45.0,25.0,1.0,0.08,0.05,100,100,-26.04,-18.03,-100.0,-0.22,0.0,0.421
1759165627571,2025-09-30 01:07:07.571,46.29,25.0,1.0,0.08,0.05,100,100,-28.02,-20.0,-100.0,-0.39,0.0,0.46
1759165632571,2025-09-30 01:07:12.571,45.96,25.0,1.0,0.08,0.05,100,100,-29.3,-21.29,-100.0,-0.26,0.0,0.486
1759165637571,2025-09-30 01:07:17.571,46.47,25.0,1.0,0.08,0.05,100,100,-28.96,-20.96,-100.0,0.07,0.0,0.479
1759165642571,2025-09-30 01:07:22.571,44.06,25.0,1.0,0.08,0.05,100,100,-29.47,-21.47,-100.0,-0.1,0.0,0.489
1759165647571,2025-09-30 01:07:27.571,43.94,25.0,1.0,0.08,0.05,100,100,-27.04,-19.06,-100.0,0.48,0.0,0.441
1759165652571,2025-09-30 01:07:32.571,42.68,25.0,1.0,0.08,0.05,100,100,-26.94,-18.94,-100.0,0.02,0.0,0.439
1759165657571,2025-09-30 01:07:37.571,43.67,25.0,1.0,0.08,0.05,100,100,-25.67,-17.68,-100.0,0.25,0.0,0.414
1759165662571,2025-09-30 01:07:42.571,42.79,25.0,1.0,0.08,0.05,100,100,-26.68,-18.67,-100.0,-0.2,0.0,0.433
1759165667571,2025-09-30 01:07:47.571,45.58,25.0,1.0,0.08,0.05,100,100,-25.79,-17.79,-100.0,0.18,0.0,0.416
1759165672571,2025-09-30 01:07:52.571,43.74,25.0,1.0,0.08,0.05,100,100,-28.61,-20.58,-100.0,-0.56,0.0,0.472
1759165677571,2025-09-30 01:07:57.571,42.6,25.0,1.0,0.08,0.05,100,100,-26.72,-18.74,-100.0,0.37,0.0,0.435
1759165682571,2025-09-30 01:08:02.571,42.68,25.0,1.0,0.08,0.05,100,100,-25.59,-17.6,-100.0,0.23,0.0,0.412
1759165687571,2025-09-30 01:08:07.571,39.81,25.0,1.0,0.08,0.05,100,100,-25.68,-17.68,-100.0,-0.02,0.0,0.414
1759165692571,2025-09-30 01:08:12.571,40.15,25.0,1.0,0.08,0.05,100,100,-22.78,-14.81,-100.0,0.57,0.0,0.356
1759165697571,2025-09-30 01:08:17.571,43.34,25.0,1.0,0.08,0.05,100,100,-23.16,-15.15,-100.0,-0.07,0.0,0.363
1759165702571,2025-09-30 01:08:22.571,41.68,25.0,1.0,0.08,0.05,100,100,-26.37,-18.34,-100.0,-0.64,0.0,0.427
1759165707571,2025-09-30 01:08:27.571,40.62,25.0,1.0,0.08,0.05,100,100,-24.66,-16.68,-100.0,0.33,0.0,0.394
1759165712571,2025-09-30 01:08:32.571,40.19,25.0,1.0,0.08,0.05,100,100,-23.61,-15.62,-100.0,0.21,0.0,0.372
1759165717571,2025-09-30 01:08:37.571,44.94,25.0,1.0,0.08,0.05,100,100,-23.19,-15.19,-100.0,0.09,0.0,0.364
1759165722571,2025-09-30 01:08:42.571,48.02,25.0,1.0,0.08,0.05,100,100,-27.99,-19.94,-100.0,-0.95,0.0,0.459
1759165727571,2025-09-30 01:08:47.571,50.54,25.0,1.0,0.08,0.05,100,100,-31.06,-23.02,-100.0,-0.62,0.0,0.52
1759165732571,2025-09-30 01:08:52.571,49.64,25.0,1.0,0.08,0.05,100,100,-33.57,-25.54,-100.0,-0.5,0.0,0.571
1759165737571,2025-09-30 01:08:57.571,50.69,25.0,1.0,0.08,0.05,100,100,-32.63,-24.64,-100.0,0.18,0.0,0.553
1759165742571,2025-09-30 01:09:02.571,50.97,25.0,1.0,0.08,0.05,100,100,-33.7,-25.69,-100.0,-0.21,0.0,0.574
1759165747571,2025-09-30 01:09:07.571,51.9,25.0,1.0,0.08,0.05,100,100,-33.97,-25.97,-100.0,-0.06,0.0,0.579
1759165752571,2025-09-30 01:09:12.571,51.15,40.0,1.0,0.08,0.05,100,100,-34.91,-26.9,-100.0,-0.19,0.0,0.598
1759165757571,2025-09-30 01:09:17.571,50.08,40.0,1.0,0.08,0.05,100,100,-18.99,-11.15,-100.0,3.15,0.0,0.583
1759165762571,2025-09-30 01:09:22.571,50.14,40.0,1.0,0.08,0.05,100,100,-18.07,-10.08,-100.0,0.21,0.0,0.562
1759165767571,2025-09-30 01:09:27.571,50.36,40.0,1.0,0.08,0.05,100,100,-18.14,-10.14,-100.0,-0.01,0.0,0.563
1759165772571,2025-09-30 01:09:32.571,51.18,40.0,1.0,0.08,0.05,100,100,-18.36,-10.36,-100.0,-0.05,0.0,0.567
1759165777571,2025-09-30 01:09:37.571,50.67,40.0,1.0,0.08,0.05,100,100,-19.19,-11.18,-100.0,-0.16,0.0,0.584
1759165782571,2025-09-30 01:09:42.571,49.38,40.0,1.0,0.08,0.05,100,100,-18.67,-10.67,-100.0,0.1,0.0,0.573
1759165787571,2025-09-30 01:09:47.571,48.05,40.0,1.0,0.08,0.05,100,100,-17.37,-9.38,-100.0,0.26,0.0,0.548
1759165792571,2025-09-30 01:09:52.571,48.54,40.0,1.0,0.08,0.05,100,100,-16.03,-8.05,-100.0,0.27,0.0,0.521
1759165797571,2025-09-30 01:09:57.571,48.17,40.0,1.0,0.08,0.05,100,100,-16.54,-8.54,-100.0,-0.1,0.0,0.531
1759165802571,2025-09-30 01:10:02.571,47.93,40.0,1.0,0.08,0.05,100,100,-16.16,-8.17,-100.0,0.07,0.0,0.523
1759165807571,2025-09-30 01:10:07.571,50.48,40.0,1.0,0.08,0.05,100,100,-15.92,-7.93,-100.0,0.05,0.0,0.519
1759165812571,2025-09-30 01:10:12.571,49.51,40.0,1.0,0.08,0.05,100,100,-18.51,-10.48,-100.0,-0.51,0.0,0.57
1759165817571,2025-09-30 01:10:17.571,46.92,40.0,1.0,0.08,0.05,100,100,-17.5,-9.51,-100.0,0.19,0.0,0.55
1759165822571,2025-09-30 01:10:22.571,45.77,40.0,1.0,0.08,0.05,100,100,-14.89,-6.92,-100.0,0.52,0.0,0.498
1759165827571,2025-09-30 01:10:27.571,45.08,40.0,1.0,0.08,0.05,100,100,-13.76,-5.77,-100.0,0.23,0.0,0.475
1759165832571,2025-09-30 01:10:32.571,42.98,40.0,1.0,0.08,0.05,100,100,-13.07,-5.08,-100.0,0.14,0.0,0.462
1759165837571,2025-09-30 01:10:37.571,42.27,40.0,1.0,0.08,0.05,100,100,-10.96,-2.98,-100.0,0.42,0.0,0.42
1759165842571,2025-09-30 01:10:42.571,41.87,40.0,1.0,0.08,0.05,100,100,-10.27,-2.27,-100.0,0.14,0.0,0.405
1759165847571,2025-09-30 01:10:47.571,41.54,40.0,1.0,0.08,0.05,100,100,-9.87,-1.87,-100.0,0.08,0.0,0.397
1759165852571,2025-09-30 01:10:52.571,40.46,40.0,1.0,0.08,0.05,100,100,-9.54,-1.54,-100.0,0.07,0.0,0.391
1759165857571,2025-09-30 01:10:57.571,39.4,40.0,1.0,0.08,0.05,100,100,-8.45,-0.46,-100.0,0.22,0.0,0.369
1759165862571,2025-09-30 01:11:02.571,40.92,40.0,1.0,0.08,0.05,100,100,-7.15,0.6,-97.01,0.21,0.0,0.348
1759165867571,2025-09-30 01:11:07.571,40.06,40.0,1.0,0.08,0.05,100,100,-8.94,-0.92,-100.0,-0.3,0.0,0.378
1759165872571,2025-09-30 01:11:12.571,38.66,40.0,1.0,0.08,0.05,100,100,-8.05,-0.06,-100.0,0.17,0.0,0.361
1759165877571,2025-09-30 01:11:17.571,39.21,40.0,1.0,0.08,0.05,100,100,-6.11,1.34,-93.3,0.28,0.0,0.333
1759165882571,2025-09-30 01:11:22.571,38.78,40.0,1.0,0.08,0.05,100,100,-6.37,0.79,-89.38,-0.11,0.0,0.344
1759165887571,2025-09-30 01:11:27.571,37.9,40.0,1.0,0.08,0.05,100,100,-5.44,1.22,-83.27,0.09,0.0,0.336
1759165892571,2025-09-30 01:11:32.571,38.06,40.0,1.0,0.08,0.05,100,100,-3.72,2.1,-72.79,0.17,0.0,0.318
1759165897571,2025-09-30 01:11:37.571,38.4,40.0,1.0,0.08,0.05,100,100,-3.11,1.94,-63.09,-0.03,0.0,0.321
1759165902571,2025-09-30 01:11:42.571,39.03,40.0,1.0,0.08,0.05,100,100,-2.82,1.6,-55.11,-0.07,0.0,0.328
1759165907571,2025-09-30 01:11:47.571,38.33,40.0,1.0,0.08,0.05,100,100,-3.06,0.97,-50.28,-0.13,0.0,0.341
1759165912571,2025-09-30 01:11:52.571,38.74,40.0,1.0,0.08,0.05,100,100,-1.68,1.67,-41.94,0.14,0.0,0.327
1759165917571,2025-09-30 01:11:57.571,39.77,40.0,1.0,0.08,0.05,100,100,-1.6,1.26,-35.66,-0.08,0.0,0.335
1759165922571,2025-09-30 01:12:02.571,37.18,40.0,1.0,0.08,0.05,100,100,-2.54,0.23,-34.49,-0.2,0.0,0.355
1759165927571,2025-09-30 01:12:07.571,36.19,40.0,1.0,0.08,0.05,100,100,1.22,2.82,-20.38,0.52,0.018,0.304
1759165932571,2025-09-30 01:12:12.571,33.36,40.0,1.0,0.08,0.05,100,100,3.72,3.81,-1.32,0.2,0.056,0.284
1759165937571,2025-09-30 01:12:17.571,33.99,40.0,1.0,0.08,0.05,100,100,9.22,6.64,31.89,0.57,0.138,0.227
1759165942571,2025-09-30 01:12:22.571,31.99,40.0,1.0,0.08,0.05,100,100,10.96,6.01,61.94,-0.13,0.164,0.24
1759165947571,2025-09-30 01:12:27.571,33.3,40.0,1.0,0.08,0.05,100,100,16.03,8.01,100.0,0.4,0.241,0.2
1759165952571,2025-09-30 01:12:32.571,34.52,40.0,1.0,0.08,0.05,100,100,14.69,6.7,100.0,-0.26,0.22,0.226
1759165957571,2025-09-30 01:12:37.571,35.75,40.0,1.0,0.08,0.05,100,100,13.46,5.48,100.0,-0.25,0.202,0.25
1759165962571,2025-09-30 01:12:42.571,36.32,40.0,1.0,0.08,0.05,100,100,12.24,4.25,100.0,-0.25,0.184,0.275
1759165967571,2025-09-30 01:12:47.571,34.37,40.0,1.0,0.08,0.05,100,100,11.67,3.68,100.0,-0.11,0.175,0.286
1759165972571,2025-09-30 01:12:52.571,35.27,40.0,1.0,0.08,0.05,100,100,13.65,5.63,100.0,0.39,0.205,0.247
1759165977571,2025-09-30 01:12:57.571,33.77,40.0,1.0,0.08,0.05,100,100,12.72,4.73,100.0,-0.18,0.191,0.265
1759165982571,2025-09-30 01:13:02.571,33.27,40.0,1.0,0.08,0.05,100,100,14.25,6.23,100.0,0.3,0.214,0.235
1759165987571,2025-09-30 01:13:07.571,32.94,40.0,1.0,0.08,0.05,100,100,14.73,6.73,100.0,0.1,0.221,0.225
1759165992571,2025-09-30 01:13:12.571,33.52,40.0,1.0,0.08,0.05,100,100,15.07,7.06,100.0,0.07,0.226,0.219
1759165997571,2025-09-30 01:13:17.571,33.1,40.0,1.0,0.08,0.05,100,100,14.48,6.48,100.0,-0.12,0.217,0.23
1759166002571,2025-09-30 01:13:22.571,32.6,40.0,1.0,0.08,0.05,100,100,14.9,6.9,100.0,0.08,0.224,0.222
1759166007571,2025-09-30 01:13:27.571,31.25,40.0,1.0,0.08,0.05,100,100,15.41,7.4,100.0,0.1,0.231,0.212
1759166012571,2025-09-30 01:13:32.571,33.15,40.0,1.0,0.08,0.05,100,100,16.77,8.75,100.0,0.27,0.252,0.185
1759166017571,2025-09-30 01:13:37.571,31.59,40.0,1.0,0.08,0.05,100,100,14.83,6.85,100.0,-0.38,0.222,0.223
1759166022571,2025-09-30 01:13:42.571,29.52,40.0,1.0,0.08,0.05,100,100,16.43,8.41,100.0,0.31,0.246,0.192
1759166027571,2025-09-30 01:13:47.571,29.0,40.0,1.0,0.08,0.05,100,100,18.5,10.48,100.0,0.41,0.277,0.15
1759166032571,2025-09-30 01:13:52.571,28.84,40.0,1.0,0.08,0.05,100,100,19.0,11.0,100.0,0.1,0.285,0.14
1759166037571,2025-09-30 01:13:57.571,29.84,40.0,1.0,0.08,0.05,100,100,19.17,11.16,100.0,0.03,0.287,0.137
1759166042571,2025-09-30 01:14:02.571,28.77,40.0,1.0,0.08,0.05,100,100,18.15,10.16,100.0,-0.2,0.272,0.157
1759166047571,2025-09-30 01:14:07.571,28.95,40.0,1.0,0.08,0.05,100,100,19.24,11.23,100.0,0.21,0.289,0.135
1759166052571,2025-09-30 01:14:12.571,28.18,40.0,1.0,0.08,0.05,100,100,19.05,11.05,100.0,-0.04,0.286,0.139
1759166057571,2025-09-30 01:14:17.571,28.4,40.0,1.0,0.08,0.05,100,100,19.82,11.82,100.0,0.15,0.297,0.124
1759166062571,2025-09-30 01:14:22.571,30.17,40.0,1.0,0.08,0.05,100,100,19.6,11.6,100.0,-0.04,0.294,0.128
1759166067571,2025-09-30 01:14:27.571,31.52,40.0,1.0,0.08,0.05,100,100,17.82,9.83,100.0,-0.35,0.267,0.163
1759166072571,2025-09-30 01:14:32.571,31.81,40.0,1.0,0.08,0.05,100,100,16.47,8.48,100.0,-0.27,0.247,0.19
1759166077571,2025-09-30 01:14:37.571,32.26,40.0,1.0,0.08,0.05,100,100,16.19,8.19,100.0,-0.06,0.243,0.196
1759166082571,2025-09-30 01:14:42.571,32.81,40.0,1.0,0.08,0.05,100,100,15.74,7.74,100.0,-0.09,0.236,0.205
1759166087571,2025-09-30 01:14:47.571,37.12,40.0,1.0,0.08,0.05,100,100,15.18,7.19,100.0,-0.11,0.228,0.216
1759166092571,2025-09-30 01:14:52.571,36.77,40.0,1.0,0.08,0.05,100,100,10.84,2.88,100.0,-0.86,0.163,0.302
1759166097571,2025-09-30 01:14:57.571,35.95,40.0,1.0,0.08,0.05,100,100,11.24,3.23,100.0,0.07,0.169,0.295
1759166102571,2025-09-30 01:15:02.571,36.76,40.0,1.0,0.08,0.05,100,100,12.06,4.05,100.0,0.16,0.181,0.279
1759166107571,2025-09-30 01:15:07.571,36.0,40.0,1.0,0.08,0.05,100,100,11.23,3.24,100.0,-0.16,0.169,0.295
1759166112571,2025-09-30 01:15:12.571,35.5,40.0,1.0,0.08,0.05,100,100,12.0,4.0,100.0,0.15,0.18,0.28
1759166117571,2025-09-30 01:15:17.571,35.62,40.0,1.0,0.08,0.05,100,100,12.51,4.5,100.0,0.1,0.188,0.27
1759166122571,2025-09-30 01:15:22.571,35.94,40.0,1.0,0.08,0.05,100,100,12.38,4.38,100.0,-0.02,0.186,0.272
1759166127571,2025-09-30 01:15:27.571,34.01,40.0,1.0,0.08,0.05,100,100,12.05,4.06,100.0,-0.06,0.181,0.279
1759166132571,2025-09-30 01:15:32.571,33.45,40.0,1.0,0.08,0.05,100,100,14.01,5.99,100.0,0.39,0.21,0.24
1759166137571,2025-09-30 01:15:37.571,36.11,40.0,1.0,0.08,0.05,100,100,14.56,6.55,100.0,0.11,0.218,0.229
1759166142571,2025-09-30 01:15:42.571,36.35,40.0,1.0,0.08,0.05,100,100,11.86,3.89,100.0,-0.53,0.178,0.282
1759166147571,2025-09-30 01:15:47.571,36.57,40.0,1.0,0.08,0.05,100,100,11.65,3.65,100.0,-0.05,0.175,0.287
1759166152571,2025-09-30 01:15:52.571,35.93,40.0,1.0,0.08,0.05,100,100,11.43,3.43,100.0,-0.04,0.171,0.291
1759166157571,2025-09-30 01:15:57.571,37.81,25.0,1.0,0.08,0.05,100,100,12.08,4.07,100.0,0.13,0.181,0.279
1759166162571,2025-09-30 01:16:02.571,37.67,25.0,1.0,0.08,0.05,100,100,-10.1,-12.81,35.94,-3.38,0.0,0.316
1759166167571,2025-09-30 01:16:07.571,39.66,25.0,1.0,0.08,0.05,100,100,-14.86,-12.67,-27.42,0.03,0.0,0.313
1759166172571,2025-09-30 01:16:12.571,37.74,25.0,1.0,0.08,0.05,100,100,-22.68,-14.66,-100.0,-0.4,0.0,0.353
1759166177571,2025-09-30 01:16:17.571,37.77,25.0,1.0,0.08,0.05,100,100,-20.72,-12.74,-100.0,0.38,0.0,0.315
1759166182571,2025-09-30 01:16:22.571,38.08,25.0,1.0,0.08,0.05,100,100,-20.77,-12.77,-100.0,-0.01,0.0,0.315
1759166187571,2025-09-30 01:16:27.571,38.38,25.0,1.0,0.08,0.05,100,100,-21.08,-13.08,-100.0,-0.06,0.0,0.322
1759166192571,2025-09-30 01:16:32.571,38.79,25.0,1.0,0.08,0.05,100,100,-21.38,-13.38,-100.0,-0.06,0.0,0.328
1759166197571,2025-09-30 01:16:37.571,38.14,25.0,1.0,0.08,0.05,100,100,-21.8,-13.79,-100.0,-0.08,0.0,0.336
1759166202571,2025-09-30 01:16:42.571,37.1,25.0,1.0,0.08,0.05,100,100,-21.14,-13.14,-100.0,0.13,0.0,0.323
1759166207571,2025-09-30 01:16:47.571,37.48,25.0,1.0,0.08,0.05,100,100,-20.09,-12.1,-100.0,0.21,0.0,0.302
1759166212571,2025-09-30 01:16:52.571,39.31,25.0,1.0,0.08,0.05,100,100,-20.49,-12.48,-100.0,-0.08,0.0,0.31
1759166217571,2025-09-30 01:16:57.571,40.18,25.0,1.0,0.08,0.05,100,100,-22.33,-14.31,-100.0,-0.37,0.0,0.346
1759166222571,2025-09-30 01:17:02.571,39.59,25.0,1.0,0.08,0.05,100,100,-23.19,-15.18,-100.0,-0.17,0.0,0.364
1759166227571,2025-09-30 01:17:07.571,39.37,25.0,1.0,0.08,0.05,100,100,-22.59,-14.59,-100.0,0.12,0.0,0.352
1759166232571,2025-09-30 01:17:12.571,39.48,25.0,1.0,0.08,0.05,100,100,-22.37,-14.37,-100.0,0.04,0.0,0.347
1759166237571,2025-09-30 01:17:17.571,40.83,25.0,1.0,0.08,0.05,100,100,-22.48,-14.48,-100.0,-0.02,0.0,0.35
1759166242571,2025-09-30 01:17:22.571,38.13,25.0,1.0,0.08,0.05,100,100,-23.84,-15.83,-100.0,-0.27,0.0,0.377
1759166247571,2025-09-30 01:17:27.571,37.96,25.0,1.0,0.08,0.05,100,100,-21.1,-13.13,-100.0,0.54,0.0,0.323
1759166252571,2025-09-30 01:17:32.571,36.33,25.0,1.0,0.08,0.05,100,100,-20.96,-12.96,-100.0,0.03,0.0,0.319
1759166257571,2025-09-30 01:17:37.571,33.31,25.0,1.0,0.08,0.05,100,100,-19.32,-11.33,-100.0,0.32,0.0,0.287
1759166262571,2025-09-30 01:17:42.571,32.39,25.0,1.0,0.08,0.05,100,100,-16.28,-8.31,-100.0,0.6,0.0,0.226
1759166267571,2025-09-30 01:17:47.571,33.2,25.0,1.0,0.08,0.05,100,100,-15.38,-7.39,-100.0,0.18,0.0,0.208
1759166272571,2025-09-30 01:17:52.571,35.46,25.0,1.0,0.08,0.05,100,100,-16.21,-8.2,-100.0,-0.16,0.0,0.224
1759166277571,2025-09-30 01:17:57.571,36.85,25.0,1.0,0.08,0.05,100,100,-18.48,-10.46,-100.0,-0.45,0.0,0.269
1759166282571,2025-09-30 01:18:02.571,37.97,25.0,1.0,0.08,0.05,100,100,-19.87,-11.85,-100.0,-0.28,0.0,0.297
1759166287571,2025-09-30 01:18:07.571,36.11,25.0,1.0,0.08,0.05,100,100,-20.98,-12.97,-100.0,-0.22,0.0,0.319
1759166292571,2025-09-30 01:18:12.571,38.37,25.0,1.0,0.08,0.05,100,100,-19.1,-11.11,-100.0,0.37,0.0,0.282
1759166297571,2025-09-30 01:18:17.571,36.66,25.0,1.0,0.08,0.05,100,100,-21.4,-13.37,-100.0,-0.45,0.0,0.327
1759166302571,2025-09-30 01:18:22.571,34.31,25.0,1.0,0.08,0.05,100,100,-19.64,-11.66,-100.0,0.34,0.0,0.293
1759166307571,2025-09-30 01:18:27.571,32.3,25.0,1.0,0.08,0.05,100,100,-17.28,-9.31,-100.0,0.47,0.0,0.246
1759166312571,2025-09-30 01:18:32.571,30.08,25.0,1.0,0.08,0.05,100,100,-15.28,-7.3,-100.0,0.4,0.0,0.206
1759166317571,2025-09-30 01:18:37.571,29.51,25.0,1.0,0.08,0.05,100,100,-13.05,-5.08,-100.0,0.44,0.0,0.162
1759166322571,2025-09-30 01:18:42.571,29.89,25.0,1.0,0.08,0.05,100,100,-12.5,-4.51,-100.0,0.11,0.0,0.15
1759166327571,2025-09-30 01:18:47.571,29.79,25.0,1.0,0.08,0.05,100,100,-12.89,-4.89,-100.0,-0.08,0.0,0.158
1759166332571,2025-09-30 01:18:52.571,33.44,25.0,1.0,0.08,0.05,100,100,-12.79,-4.79,-100.0,0.02,0.0,0.156
1759166337571,2025-09-30 01:18:57.571,31.52,25.0,1.0,0.08,0.05,100,100,-16.47,-8.44,-100.0,-0.73,0.0,0.229
1759166342571,2025-09-30 01:19:02.571,32.29,25.0,1.0,0.08,0.05,100,100,-14.5,-6.52,-100.0,0.38,0.0,0.19
1759166347571,2025-09-30 01:19:07.571,35.58,25.0,1.0,0.08,0.05,100,100,-15.3,-7.29,-100.0,-0.15,0.0,0.206
1759166352571,2025-09-30 01:19:12.571,34.5,32.0,1.0,0.08,0.05,100,100,-18.61,-10.58,-100.0,-0.66,0.0,0.272
1759166357571,2025-09-30 01:19:17.571,31.79,32.0,1.0,0.08,0.05,100,100,-10.42,-2.5,-100.0,1.62,0.0,0.25
1759166362571,2025-09-30 01:19:22.571,30.31,32.0,1.0,0.08,0.05,100,100,-7.68,0.21,-98.95,0.54,0.0,0.196
1759166367571,2025-09-30 01:19:27.571,29.72,32.0,1.0,0.08,0.05,100,100,-5.53,1.69,-90.5,0.3,0.0,0.166
1759166372571,2025-09-30 01:19:32.571,31.87,32.0,1.0,0.08,0.05,100,100,-4.04,2.28,-79.1,0.12,0.0,0.154
1759166377571,2025-09-30 01:19:37.571,32.87,32.0,1.0,0.08,0.05,100,100,-6.17,0.13,-78.47,-0.43,0.0,0.197
1759166382571,2025-09-30 01:19:42.571,31.45,32.0,1.0,0.08,0.05,100,100,-7.51,-0.87,-82.83,-0.2,0.0,0.217
1759166387571,2025-09-30 01:19:47.571,32.46,32.0,1.0,0.08,0.05,100,100,-5.84,0.55,-80.09,0.28,0.0,0.189
1759166392571,2025-09-30 01:19:52.571,31.55,32.0,1.0,0.08,0.05,100,100,-7.06,-0.46,-82.38,-0.2,0.0,0.209
1759166397571,2025-09-30 01:19:57.571,33.7,32.0,1.0,0.08,0.05,100,100,-5.94,0.45,-80.11,0.18,0.0,0.191
1759166402571,2025-09-30 01:20:02.571,33.05,32.0,1.0,0.08,0.05,100,100,-8.81,-1.7,-88.62,-0.43,0.0,0.234
1759166407571,2025-09-30 01:20:07.571,31.29,32.0,1.0,0.08,0.05,100,100,-8.55,-1.05,-93.87,0.13,0.0,0.221
1759166412571,2025-09-30 01:20:12.571,29.82,32.0,1.0,0.08,0.05,100,100,-6.5,0.71,-90.33,0.35,0.0,0.186
1759166417571,2025-09-30 01:20:17.571,30.48,32.0,1.0,0.08,0.05,100,100,-4.16,2.18,-79.42,0.29,0.0,0.156
1759166422571,2025-09-30 01:20:22.571,31.49,32.0,1.0,0.08,0.05,100,100,-4.23,1.52,-71.8,-0.13,0.0,0.17
1759166427571,2025-09-30 01:20:27.571,33.34,32.0,1.0,0.08,0.05,100,100,-5.04,0.51,-69.25,-0.2,0.0,0.19
1759166432571,2025-09-30 01:20:32.571,36.32,32.0,1.0,0.08,0.05,100,100,-7.44,-1.34,-75.96,-0.37,0.0,0.227
1759166437571,2025-09-30 01:20:37.571,36.82,32.0,1.0,0.08,0.05,100,100,-12.16,-4.32,-97.57,-0.6,0.0,0.286
1759166442571,2025-09-30 01:20:42.571,37.83,32.0,1.0,0.08,0.05,100,100,-12.83,-4.82,-100.0,-0.1,0.0,0.296
1759166447571,2025-09-30 01:20:47.571,37.68,32.0,1.0,0.08,0.05,100,100,-13.84,-5.83,-100.0,-0.2,0.0,0.317
1759166452571,2025-09-30 01:20:52.571,36.52,32.0,1.0,0.08,0.05,100,100,-13.68,-5.68,-100.0,0.03,0.0,0.314
1759166457571,2025-09-30 01:20:57.571,37.56,32.0,1.0,0.08,0.05,100,100,-12.5,-4.52,-100.0,0.23,0.0,0.29
1759166462571,2025-09-30 01:21:02.571,34.82,32.0,1.0,0.08,0.05,100,100,-13.57,-5.56,-100.0,-0.21,0.0,0.311
1759166467571,2025-09-30 01:21:07.571,36.17,32.0,1.0,0.08,0.05,100,100,-10.8,-2.82,-100.0,0.55,0.0,0.256
1759166472571,2025-09-30 01:21:12.571,37.16,32.0,1.0,0.08,0.05,100,100,-12.19,-4.17,-100.0,-0.27,0.0,0.283
1759166477571,2025-09-30 01:21:17.571,37.52,32.0,1.0,0.08,0.05,100,100,-13.17,-5.16,-100.0,-0.2,0.0,0.303
1759166482571,2025-09-30 01:21:22.571,39.86,32.0,1.0,0.08,0.05,100,100,-13.52,-5.52,-100.0,-0.07,0.0,0.31
1759166487571,2025-09-30 01:21:27.571,39.54,32.0,1.0,0.08,0.05,100,100,-15.88,-7.86,-100.0,-0.47,0.0,0.357
1759166492571,2025-09-30 01:21:32.571,42.06,32.0,1.0,0.08,0.05,100,100,-15.53,-7.54,-100.0,0.07,0.0,0.351
1759166497571,2025-09-30 01:21:37.571,43.73,32.0,1.0,0.08,0.05,100,100,-18.08,-10.06,-100.0,-0.5,0.0,0.401
1759166502571,2025-09-30 01:21:42.571,44.91,32.0,1.0,0.08,0.05,100,100,-19.75,-11.73,-100.0,-0.33,0.0,0.435
1759166507571,2025-09-30 01:21:47.571,45.75,32.0,1.0,0.08,0.05,100,100,-20.92,-12.91,-100.0,-0.24,0.0,0.458
1759166512571,2025-09-30 01:21:52.571,46.44,32.0,1.0,0.08,0.05,100,100,-21.76,-13.75,-100.0,-0.17,0.0,0.475
1759166517571,2025-09-30 01:21:57.571,45.77,32.0,1.0,0.08,0.05,100,100,-22.44,-14.44,-100.0,-0.14,0.0,0.489
1759166522571,2025-09-30 01:22:02.571,48.0,32.0,1.0,0.08,0.05,100,100,-21.77,-13.77,-100.0,0.13,0.0,0.475
1759166527571,2025-09-30 01:22:07.571,50.05,32.0,1.0,0.08,0.05,100,100,-24.03,-16.0,-100.0,-0.45,0.0,0.52
1759166532571,2025-09-30 01:22:12.571,49.33,32.0,1.0,0.08,0.05,100,100,-26.07,-18.05,-100.0,-0.41,0.0,0.561
1759166537571,2025-09-30 01:22:17.571,50.91,32.0,1.0,0.08,0.05,100,100,-25.33,-17.33,-100.0,0.14,0.0,0.547
1759166542571,2025-09-30 01:22:22.571,49.71,32.0,1.0,0.08,0.05,100,100,-26.93,-18.91,-100.0,-0.32,0.0,0.578
1759166547571,2025-09-30 01:22:27.571,49.84,32.0,1.0,0.08,0.05,100,100,-25.69,-17.71,-100.0,0.24,0.0,0.554
1759166552571,2025-09-30 01:22:32.571,47.91,32.0,1.0,0.08,0.05,100,100,-25.84,-17.84,-100.0,-0.03,0.0,0.557
1759166557571,2025-09-30 01:22:37.571,47.88,32.0,1.0,0.08,0.05,100,100,-23.89,-15.91,-100.0,0.39,0.0,0.518
1759166562571,2025-09-30 01:22:42.571,46.85,32.0,1.0,0.08,0.05,100,100,-23.88,-15.88,-100.0,0.01,0.0,0.518
1759166567571,2025-09-30 01:22:47.571,49.32,32.0,1.0,0.08,0.05,100,100,-22.84,-14.85,-100.0,0.21,0.0,0.497
1759166572571,2025-09-30 01:22:52.571,49.26,32.0,1.0,0.08,0.05,100,100,-25.35,-17.32,-100.0,-0.5,0.0,0.546
1759166577571,2025-09-30 01:22:57.571,48.42,32.0,1.0,0.08,0.05,100,100,-25.26,-17.26,-100.0,0.01,0.0,0.545
1759166582571,2025-09-30 01:23:02.571,45.35,32.0,1.0,0.08,0.05,100,100,-24.41,-16.42,-100.0,0.17,0.0,0.528
1759166587571,2025-09-30 01:23:07.571,46.36,32.0,1.0,0.08,0.05,100,100,-21.32,-13.35,-100.0,0.61,0.0,0.467
1759166592571,2025-09-30 01:23:12.571,48.75,32.0,1.0,0.08,0.05,100,100,-22.37,-14.36,-100.0,-0.2,0.0,0.487
1759166597571,2025-09-30 01:23:17.571,51.25,32.0,1.0,0.08,0.05,100,100,-24.77,-16.75,-100.0,-0.48,0.0,0.535
1759166602571,2025-09-30 01:23:22.571,51.34,32.0,1.0,0.08,0.05,100,100,-27.28,-19.25,-100.0,-0.5,0.0,0.585
1759166607571,2025-09-30 01:23:27.571,52.57,32.0,1.0,0.08,0.05,100,100,-27.34,-19.34,-100.0,-0.02,0.0,0.587
1759166612571,2025-09-30 01:23:32.571,53.66,32.0,1.0,0.08,0.05,100,100,-28.58,-20.57,-100.0,-0.25,0.0,0.611
1759166617571,2025-09-30 01:23:37.571,54.43,32.0,1.0,0.08,0.05,100,100,-29.68,-21.66,-100.0,-0.22,0.0,0.633
1759166622571,2025-09-30 01:23:42.571,50.83,32.0,1.0,0.08,0.05,100,100,-30.44,-22.43,-100.0,-0.15,0.0,0.649
1759166627571,2025-09-30 01:23:47.571,50.75,32.0,1.0,0.08,0.05,100,100,-26.79,-18.83,-100.0,0.72,0.0,0.577
1759166632571,2025-09-30 01:23:52.571,53.51,32.0,1.0,0.08,0.05,100,100,-26.75,-18.75,-100.0,0.02,0.0,0.575
1759166637571,2025-09-30 01:23:57.571,55.41,32.0,1.0,0.08,0.05,100,100,-29.54,-21.51,-100.0,-0.55,0.0,0.63
1759166642571,2025-09-30 01:24:02.571,56.25,32.0,1.0,0.08,0.05,100,100,-31.43,-23.41,-100.0,-0.38,0.0,0.668
1759166647571,2025-09-30 01:24:07.571,55.29,32.0,1.0,0.08,0.05,100,100,-32.26,-24.25,-100.0,-0.17,0.0,0.685
1759166652571,2025-09-30 01:24:12.571,55.8,32.0,1.0,0.08,0.05,100,100,-31.28,-23.29,-100.0,0.19,0.0,0.666
1759166657571,2025-09-30 01:24:17.571,54.45,32.0,1.0,0.08,0.05,100,100,-31.81,-23.8,-100.0,-0.1,0.0,0.676
1759166662571,2025-09-30 01:24:22.571,54.38,32.0,1.0,0.08,0.05,100,100,-30.44,-22.45,-100.0,0.27,0.0,0.649
1759166667571,2025-09-30 01:24:27.571,53.68,32.0,1.0,0.08,0.05,100,100,-30.38,-22.38,-100.0,0.02,0.0,0.648
1759166672571,2025-09-30 01:24:32.571,52.01,32.0,1.0,0.08,0.05,100,100,-29.67,-21.68,-100.0,0.14,0.0,0.634
1759166677571,2025-09-30 01:24:37.571,53.69,32.0,1.0,0.08,0.05,100,100,-27.99,-20.01,-100.0,0.33,0.0,0.6
1759166682571,2025-09-30 01:24:42.571,53.36,32.0,1.0,0.08,0.05,100,100,-29.71,-21.69,-100.0,-0.34,0.0,0.634
1759166687571,2025-09-30 01:24:47.571,53.3,32.0,1.0,0.08,0.05,100,100,-29.36,-21.36,-100.0,0.07,0.0,0.627
1759166692571,2025-09-30 01:24:52.571,54.6,32.0,1.0,0.08,0.05,100,100,-29.3,-21.3,-100.0,0.01,0.0,0.626
1759166697571,2025-09-30 01:24:57.571,54.7,32.0,1.0,0.08,0.05,100,100,-30.61,-22.6,-100.0,-0.26,0.0,0.652
1759166702571,2025-09-30 01:25:02.571,54.48,32.0,1.0,0.08,0.05,100,100,-30.7,-22.7,-100.0,-0.02,0.0,0.654
1759166707571,2025-09-30 01:25:07.571,53.68,32.0,1.0,0.08,0.05,100,100,-30.48,-22.48,-100.0,0.04,0.0,0.65
1759166712571,2025-09-30 01:25:12.571,51.59,32.0,1.0,0.08,0.05,100,100,-29.67,-21.68,-100.0,0.16,0.0,0.634
1759166717571,2025-09-30 01:25:17.571,50.28,32.0,1.0,0.08,0.05,100,100,-27.57,-19.59,-100.0,0.42,0.0,0.592
1759166722571,2025-09-30 01:25:22.571,48.27,32.0,1.0,0.08,0.05,100,100,-26.26,-18.28,-100.0,0.26,0.0,0.566
1759166727571,2025-09-30 01:25:27.571,46.38,32.0,1.0,0.08,0.05,100,100,-24.25,-16.27,-100.0,0.4,0.0,0.525
1759166732571,2025-09-30 01:25:32.571,47.5,32.0,1.0,0.08,0.05,100,100,-22.36,-14.38,-100.0,0.38,0.0,0.488
1759166737571,2025-09-30 01:25:37.571,47.53,32.0,1.0,0.08,0.05,100,100,-23.51,-15.5,-100.0,-0.22,0.0,0.51
1759166742571,2025-09-30 01:25:42.571,45.93,32.0,1.0,0.08,0.05,100,100,-23.53,-15.53,-100.0,-0.01,0.0,0.511
1759166747571,2025-09-30 01:25:47.571,47.34,32.0,1.0,0.08,0.05,100,100,-21.91,-13.93,-100.0,0.32,0.0,0.479
1759166752571,2025-09-30 01:25:52.571,49.38,32.0,1.0,0.08,0.05,100,100,-23.35,-15.34,-100.0,-0.28,0.0,0.507
1759166757571,2025-09-30 01:25:57.571,50.81,32.0,1.0,0.08,0.05,100,100,-25.4,-17.38,-100.0,-0.41,0.0,0.548
1759166762571,2025-09-30 01:26:02.571,49.68,32.0,1.0,0.08,0.05,100,100,-26.83,-18.81,-100.0,-0.29,0.0,0.576
1759166767571,2025-09-30 01:26:07.571,48.56,32.0,1.0,0.08,0.05,100,100,-25.66,-17.68,-100.0,0.23,0.0,0.554
1759166772571,2025-09-30 01:26:12.571,49.0,32.0,1.0,0.08,0.05,100,100,-24.55,-16.56,-100.0,0.22,0.0,0.531
1759166777571,2025-09-30 01:26:17.571,47.72,32.0,1.0,0.08,0.05,100,100,-25.01,-17.0,-100.0,-0.09,0.0,0.54
1759166782571,2025-09-30 01:26:22.571,46.32,32.0,1.0,0.08,0.05,100,100,-23.71,-15.72,-100.0,0.26,0.0,0.514
1759166787571,2025-09-30 01:26:27.571,45.67,32.0,1.0,0.08,0.05,100,100,-22.31,-14.32,-100.0,0.28,0.0,0.486
1759166792571,2025-09-30 01:26:32.571,46.18,32.0,1.0,0.08,0.05,100,100,-21.66,-13.67,-100.0,0.13,0.0,0.473
1759166797571,2025-09-30 01:26:37.571,43.9,32.0,1.0,0.08,0.05,100,100,-22.18,-14.18,-100.0,-0.1,0.0,0.484
1759166802571,2025-09-30 01:26:42.571,43.87,32.0,1.0,0.08,0.05,100,100,-19.88,-11.9,-100.0,0.46,0.0,0.438
1759166807571,2025-09-30 01:26:47.571,42.79,32.0,1.0,0.08,0.05,100,100,-19.87,-11.87,-100.0,0.01,0.0,0.437
1759166812571,2025-09-30 01:26:52.571,42.54,32.0,1.0,0.08,0.05,100,100,-18.77,-10.79,-100.0,0.22,0.0,0.416
1759166817571,2025-09-30 01:26:57.571,42.04,32.0,1.0,0.08,0.05,100,100,-18.53,-10.54,-100.0,0.05,0.0,0.411
1759166822571,2025-09-30 01:27:02.571,42.62,32.0,1.0,0.08,0.05,100,100,-18.03,-10.04,-100.0,0.1,0.0,0.401
1759166827571,2025-09-30 01:27:07.571,41.9,32.0,1.0,0.08,0.05,100,100,-18.63,-10.62,-100.0,-0.12,0.0,0.412
1759166832571,2025-09-30 01:27:12.571,42.84,32.0,1.0,0.08,0.05,100,100,-17.9,-9.9,-100.0,0.14,0.0,0.398
1759166837571,2025-09-30 01:27:17.571,41.81,32.0,1.0,0.08,0.05,100,100,-18.85,-10.84,-100.0,-0.19,0.0,0.417
1759166842571,2025-09-30 01:27:22.571,44.16,32.0,1.0,0.08,0.05,100,100,-17.8,-9.81,-100.0,0.21,0.0,0.396
1759166847571,2025-09-30 01:27:27.571,41.5,32.0,1.0,0.08,0.05,100,100,-20.18,-12.16,-100.0,-0.47,0.0,0.443
1759166852571,2025-09-30 01:27:32.571,40.01,40.0,1.0,0.08,0.05,100,100,-17.48,-9.5,-100.0,0.53,0.0,0.39
1759166857571,2025-09-30 01:27:37.571,40.48,40.0,1.0,0.08,0.05,100,100,-7.91,-0.01,-100.0,1.9,0.0,0.36
1759166862571,2025-09-30 01:27:42.571,38.76,40.0,1.0,0.08,0.05,100,100,-8.49,-0.48,-100.0,-0.1,0.0,0.37
1759166867571,2025-09-30 01:27:47.571,38.4,40.0,1.0,0.08,0.05,100,100,-6.25,1.24,-93.82,0.34,0.0,0.335
1759166872571,2025-09-30 01:27:52.571,39.15,40.0,1.0,0.08,0.05,100,100,-5.26,1.6,-85.81,0.07,0.0,0.328
1759166877571,2025-09-30 01:27:57.571,37.95,40.0,1.0,0.08,0.05,100,100,-5.69,0.85,-81.57,-0.15,0.0,0.343
1759166882571,2025-09-30 01:28:02.571,38.11,40.0,1.0,0.08,0.05,100,100,-3.64,2.05,-71.31,0.24,0.0,0.319
1759166887571,2025-09-30 01:28:07.571,39.46,40.0,1.0,0.08,0.05,100,100,-3.06,1.89,-61.87,-0.03,0.0,0.322
1759166892571,2025-09-30 01:28:12.571,40.73,40.0,1.0,0.08,0.05,100,100,-4.2,0.54,-59.15,-0.27,0.0,0.349
1759166897571,2025-09-30 01:28:17.571,40.93,40.0,1.0,0.08,0.05,100,100,-5.76,-0.73,-62.79,-0.25,0.0,0.375
1759166902571,2025-09-30 01:28:22.571,41.47,40.0,1.0,0.08,0.05,100,100,-6.32,-0.93,-67.42,-0.04,0.0,0.379
1759166907571,2025-09-30 01:28:27.571,40.12,40.0,1.0,0.08,0.05,100,100,-7.45,-1.47,-74.76,-0.11,0.0,0.389
1759166912571,2025-09-30 01:28:32.571,40.02,40.0,1.0,0.08,0.05,100,100,-6.14,-0.12,-75.37,0.27,0.0,0.362
1759166917571,2025-09-30 01:28:37.571,42.25,40.0,1.0,0.08,0.05,100,100,-6.06,-0.02,-75.47,0.02,0.0,0.36
1759166922571,2025-09-30 01:28:42.571,41.19,40.0,1.0,0.08,0.05,100,100,-9.21,-2.25,-86.74,-0.45,0.0,0.405
1759166927571,2025-09-30 01:28:47.571,40.58,40.0,1.0,0.08,0.05,100,100,-8.59,-1.19,-92.69,0.21,0.0,0.384
1759166932571,2025-09-30 01:28:52.571,41.53,40.0,1.0,0.08,0.05,100,100,-8.22,-0.58,-95.59,0.12,0.0,0.372
1759166937571,2025-09-30 01:28:57.571,40.7,40.0,1.0,0.08,0.05,100,100,-9.54,-1.53,-100.0,-0.19,0.0,0.391
1759166942571,2025-09-30 01:29:02.571,40.75,40.0,1.0,0.08,0.05,100,100,-8.69,-0.7,-100.0,0.17,0.0,0.374
1759166947571,2025-09-30 01:29:07.571,39.37,40.0,1.0,0.08,0.05,100,100,-8.75,-0.75,-100.0,-0.01,0.0,0.375
1759166952571,2025-09-30 01:29:12.571,40.09,40.0,1.0,0.08,0.05,100,100,-7.11,0.63,-96.86,0.28,0.0,0.347
1759166957571,2025-09-30 01:29:17.571,40.52,40.0,1.0,0.08,0.05,100,100,-7.88,-0.09,-97.3,-0.14,0.0,0.362
1759166962571,2025-09-30 01:29:22.571,42.04,40.0,1.0,0.08,0.05,100,100,-8.52,-0.52,-99.92,-0.09,0.0,0.37
1759166967571,2025-09-30 01:29:27.571,39.34,40.0,1.0,0.08,0.05,100,100,-10.05,-2.04,-100.0,-0.3,0.0,0.401
1759166972571,2025-09-30 01:29:32.571,40.68,40.0,1.0,0.08,0.05,100,100,-7.05,0.66,-96.69,0.54,0.0,0.347
1759166977571,2025-09-30 01:29:37.571,40.41,40.0,1.0,0.08,0.05,100,100,-8.69,-0.68,-100.0,-0.27,0.0,0.374
1759166982571,2025-09-30 01:29:42.571,43.13,40.0,1.0,0.08,0.05,100,100,-8.41,-0.41,-100.0,0.05,0.0,0.368
1759166987571,2025-09-30 01:29:47.571,43.08,40.0,1.0,0.08,0.05,100,100,-11.16,-3.13,-100.0,-0.54,0.0,0.423
1759166992571,2025-09-30 01:29:52.571,44.46,40.0,1.0,0.08,0.05,100,100,-11.08,-3.08,-100.0,0.01,0.0,0.422
1759166997571,2025-09-30 01:29:57.571,45.21,40.0,1.0,0.08,0.05,100,100,-12.47,-4.46,-100.0,-0.28,0.0,0.449
1759167002571,2025-09-30 01:30:02.571,41.97,40.0,1.0,0.08,0.05,100,100,-13.21,-5.21,-100.0,-0.15,0.0,0.464
1759167007571,2025-09-30 01:30:07.571,42.51,40.0,1.0,0.08,0.05,100,100,-9.94,-1.97,-100.0,0.65,0.0,0.399
1759167012571,2025-09-30 01:30:12.571,43.55,40.0,1.0,0.08,0.05,100,100,-10.51,-2.51,-100.0,-0.11,0.0,0.41
1759167017571,2025-09-30 01:30:17.571,43.41,40.0,1.0,0.08,0.05,100,100,-11.56,-3.55,-100.0,-0.21,0.0,0.431
1759167022571,2025-09-30 01:30:22.571,43.42,40.0,1.0,0.08,0.05,100,100,-11.41,-3.41,-100.0,0.03,0.0,0.428
1759167027571,2025-09-30 01:30:27.571,42.31,40.0,1.0,0.08,0.05,100,100,-11.42,-3.42,-100.0,-0.0,0.0,0.428
1759167032571,2025-09-30 01:30:32.571,42.36,40.0,1.0,0.08,0.05,100,100,-10.3,-2.31,-100.0,0.22,0.0,0.406
1759167037571,2025-09-30 01:30:37.571,41.92,40.0,1.0,0.08,0.05,100,100,-10.36,-2.36,-100.0,-0.01,0.0,0.407
1759167042571,2025-09-30 01:30:42.571,41.03,40.0,1.0,0.08,0.05,100,100,-9.92,-1.92,-100.0,0.09,0.0,0.398
1759167047571,2025-09-30 01:30:47.571,41.79,40.0,1.0,0.08,0.05,100,100,-9.02,-1.03,-100.0,0.18,0.0,0.381
1759167052571,2025-09-30 01:30:52.571,42.07,40.0,1.0,0.08,0.05,100,100,-9.79,-1.79,-100.0,-0.15,0.0,0.396
1759167057571,2025-09-30 01:30:57.571,43.91,40.0,1.0,0.08,0.05,100,100,-10.07,-2.07,-100.0,-0.06,0.0,0.401
1759167062571,2025-09-30 01:31:02.571,42.48,40.0,1.0,0.08,0.05,100,100,-11.93,-3.91,-100.0,-0.37,0.0,0.438
1759167067571,2025-09-30 01:31:07.571,44.73,40.0,1.0,0.08,0.05,100,100,-10.47,-2.48,-100.0,0.29,0.0,0.41
1759167072571,2025-09-30 01:31:12.571,43.53,40.0,1.0,0.08,0.05,100,100,-12.75,-4.73,-100.0,-0.45,0.0,0.455
1759167077571,2025-09-30 01:31:17.571,45.08,40.0,1.0,0.08,0.05,100,100,-11.52,-3.53,-100.0,0.24,0.0,0.431
1759167082571,2025-09-30 01:31:22.571,41.73,40.0,1.0,0.08,0.05,100,100,-13.1,-5.08,-100.0,-0.31,0.0,0.462
1759167087571,2025-09-30 01:31:27.571,42.51,40.0,1.0,0.08,0.05,100,100,-9.69,-1.73,-100.0,0.67,0.0,0.395
1759167092571,2025-09-30 01:31:32.571,41.89,40.0,1.0,0.08,0.05,100,100,-10.52,-2.51,-100.0,-0.16,0.0,0.41
1759167097571,2025-09-30 01:31:37.571,42.24,40.0,1.0,0.08,0.05,100,100,-9.89,-1.89,-100.0,0.12,0.0,0.398
1759167102571,2025-09-30 01:31:42.571,42.55,40.0,1.0,0.08,0.05,100,100,-10.24,-2.24,-100.0,-0.07,0.0,0.405
1759167107571,2025-09-30 01:31:47.571,44.29,40.0,1.0,0.08,0.05,100,100,-10.55,-2.55,-100.0,-0.06,0.0,0.411
1759167112571,2025-09-30 01:31:52.571,44.47,40.0,1.0,0.08,0.05,100,100,-12.31,-4.29,-100.0,-0.35,0.0,0.446
1759167117571,2025-09-30 01:31:57.571,44.09,40.0,1.0,0.08,0.05,100,100,-12.47,-4.47,-100.0,-0.04,0.0,0.449
1759167122571,2025-09-30 01:32:02.571,43.87,40.0,1.0,0.08,0.05,100,100,-12.08,-4.09,-100.0,0.08,0.0,0.442
1759167127571,2025-09-30 01:32:07.571,44.41,40.0,1.0,0.08,0.05,100,100,-11.87,-3.87,-100.0,0.04,0.0,0.437
1759167132571,2025-09-30 01:32:12.571,43.31,40.0,1.0,0.08,0.05,100,100,-12.42,-4.41,-100.0,-0.11,0.0,0.448
1759167137571,2025-09-30 01:32:17.571,43.33,40.0,1.0,0.08,0.05,100,100,-11.29,-3.31,-100.0,0.22,0.0,0.426
1759167142571,2025-09-30 01:32:22.571,42.14,40.0,1.0,0.08,0.05,100,100,-11.33,-3.33,-100.0,-0.0,0.0,0.427
1759167147571,2025-09-30 01:32:27.571,39.5,40.0,1.0,0.08,0.05,100,100,-10.13,-2.14,-100.0,0.24,0.0,0.403
1759167152571,2025-09-30 01:32:32.571,38.39,40.0,1.0,0.08,0.05,100,100,-7.28,0.5,-97.52,0.53,0.0,0.35
1759167157571,2025-09-30 01:32:37.571,36.91,40.0,1.0,0.08,0.05,100,100,-5.54,1.61,-89.48,0.22,0.0,0.328
1759167162571,2025-09-30 01:32:42.571,33.84,40.0,1.0,0.08,0.05,100,100,-2.82,3.09,-74.05,0.3,0.0,0.298
1759167167571,2025-09-30 01:32:47.571,34.25,40.0,1.0,0.08,0.05,100,100,2.73,6.16,-43.24,0.62,0.041,0.237
1759167172571,2025-09-30 01:32:52.571,33.12,40.0,1.0,0.08,0.05,100,100,4.59,5.75,-14.49,-0.08,0.069,0.245
1759167177571,2025-09-30 01:32:57.571,32.83,40.0,1.0,0.08,0.05,100,100,8.49,6.88,19.92,0.23,0.127,0.222
1759167182571,2025-09-30 01:33:02.571,33.41,40.0,1.0,0.08,0.05,100,100,11.64,7.17,55.78,0.06,0.175,0.217
1759167187571,2025-09-30 01:33:07.571,34.68,40.0,1.0,0.08,0.05,100,100,13.68,6.59,88.72,-0.12,0.205,0.228
1759167192571,2025-09-30 01:33:12.571,33.34,40.0,1.0,0.08,0.05,100,100,13.31,5.32,100.0,-0.25,0.2,0.254
1759167197571,2025-09-30 01:33:17.571,31.37,40.0,1.0,0.08,0.05,100,100,14.68,6.66,100.0,0.27,0.22,0.227
1759167202571,2025-09-30 01:33:22.571,30.58,40.0,1.0,0.08,0.05,100,100,16.65,8.63,100.0,0.39,0.25,0.187
1759167207571,2025-09-30 01:33:27.571,32.25,40.0,1.0,0.08,0.05,100,100,17.43,9.42,100.0,0.16,0.261,0.172
1759167212571,2025-09-30 01:33:32.571,33.48,40.0,1.0,0.08,0.05,100,100,15.73,7.75,100.0,-0.33,0.236,0.205
1759167217571,2025-09-30 01:33:37.571,32.45,40.0,1.0,0.08,0.05,100,100,14.51,6.52,100.0,-0.25,0.218,0.23
1759167222571,2025-09-30 01:33:42.571,33.47,40.0,1.0,0.08,0.05,100,100,15.56,7.55,100.0,0.21,0.233,0.209
1759167227571,2025-09-30 01:33:47.571,31.8,40.0,1.0,0.08,0.05,100,100,14.52,6.53,100.0,-0.2,0.218,0.229
1759167232571,2025-09-30 01:33:52.571,30.19,32.0,1.0,0.08,0.05,100,100,16.22,8.2,100.0,0.33,0.243,0.196
1759167237571,2025-09-30 01:33:57.571,29.6,32.0,1.0,0.08,0.05,100,100,9.74,1.81,100.0,-1.28,0.146,0.164
1759167242571,2025-09-30 01:34:02.571,27.76,32.0,1.0,0.08,0.05,100,100,10.41,2.4,100.0,0.12,0.156,0.152
1759167247571,2025-09-30 01:34:07.571,26.42,32.0,1.0,0.08,0.05,100,100,12.26,4.24,100.0,0.37,0.184,0.115
1759167252571,2025-09-30 01:34:12.571,25.09,32.0,1.0,0.08,0.05,100,100,13.59,5.58,100.0,0.27,0.204,0.088
1759167257571,2025-09-30 01:34:17.571,22.52,32.0,1.0,0.08,0.05,100,100,14.92,6.91,100.0,0.27,0.224,0.062
1759167262571,2025-09-30 01:34:22.571,24.9,32.0,1.0,0.08,0.05,100,100,17.51,9.48,100.0,0.51,0.263,0.01
1759167267571,2025-09-30 01:34:27.571,23.39,32.0,1.0,0.08,0.05,100,100,15.07,7.1,100.0,-0.48,0.226,0.058
1759167272571,2025-09-30 01:34:32.571,23.84,32.0,1.0,0.08,0.05,100,100,16.63,8.61,100.0,0.3,0.249,0.028
1759167277571,2025-09-30 01:34:37.571,24.43,32.0,1.0,0.08,0.05,100,100,16.15,8.16,100.0,-0.09,0.242,0.037
1759167282571,2025-09-30 01:34:42.571,26.7,32.0,1.0,0.08,0.05,100,100,15.56,7.57,100.0,-0.12,0.233,0.049
1759167287571,2025-09-30 01:34:47.571,26.02,32.0,1.0,0.08,0.05,100,100,13.28,5.3,100.0,-0.45,0.199,0.094
1759167292571,2025-09-30 01:34:52.571,23.95,32.0,1.0,0.08,0.05,100,100,13.99,5.98,100.0,0.14,0.21,0.08
1759167297571,2025-09-30 01:34:57.571,23.49,32.0,1.0,0.08,0.05,100,100,16.07,8.05,100.0,0.41,0.241,0.039
1759167302571,2025-09-30 01:35:02.571,24.53,32.0,1.0,0.08,0.05,100,100,16.52,8.51,100.0,0.09,0.248,0.03
1759167307571,2025-09-30 01:35:07.571,22.37,32.0,1.0,0.08,0.05,100,100,15.46,7.47,100.0,-0.21,0.232,0.051
1759167312571,2025-09-30 01:35:12.571,21.12,32.0,1.0,0.08,0.05,100,100,17.65,9.63,100.0,0.43,0.265,0.007
1759167317571,2025-09-30 01:35:17.571,21.05,32.0,1.0,0.08,0.05,100,100,18.89,10.88,100.0,0.25,0.283,-0.018
1759167322571,2025-09-30 01:35:22.571,24.91,32.0,1.0,0.08,0.05,100,100,18.95,10.95,100.0,0.01,0.284,-0.019
1759167327571,2025-09-30 01:35:27.571,24.28,32.0,1.0,0.08,0.05,100,100,15.05,7.09,100.0,-0.77,0.226,0.058
1759167332571,2025-09-30 01:35:32.571,25.49,32.0,1.0,0.08,0.05,100,100,15.72,7.72,100.0,0.13,0.236,0.046
1759167337571,2025-09-30 01:35:37.571,25.93,32.0,1.0,0.08,0.05,100,100,14.5,6.51,100.0,-0.24,0.217,0.07
1759167342571,2025-09-30 01:35:42.571,25.4,32.0,1.0,0.08,0.05,100,100,14.06,6.07,100.0,-0.09,0.211,0.079
1759167347571,2025-09-30 01:35:47.571,26.49,32.0,1.0,0.08,0.05,100,100,14.61,6.6,100.0,0.11,0.219,0.068
1759167352571,2025-09-30 01:35:52.571,26.87,32.0,1.0,0.08,0.05,100,100,13.5,5.51,100.0,-0.22,0.203,0.09
1759167357571,2025-09-30 01:35:57.571,27.95,32.0,1.0,0.08,0.05,100,100,13.13,5.13,100.0,-0.08,0.197,0.097
1759167362571,2025-09-30 01:36:02.571,27.62,32.0,1.0,0.08,0.05,100,100,12.04,4.05,100.0,-0.22,0.181,0.119
1759167367571,2025-09-30 01:36:07.571,29.25,32.0,1.0,0.08,0.05,100,100,12.39,4.38,100.0,0.07,0.186,0.112
1759167372571,2025-09-30 01:36:12.571,31.05,32.0,1.0,0.08,0.05,100,100,10.74,2.75,100.0,-0.33,0.161,0.145
1759167377571,2025-09-30 01:36:17.571,31.82,32.0,1.0,0.08,0.05,100,100,8.93,0.95,100.0,-0.36,0.134,0.181
1759167382571,2025-09-30 01:36:22.571,33.79,32.0,1.0,0.08,0.05,100,100,8.17,0.18,100.0,-0.15,0.123,0.196
1759167387571,2025-09-30 01:36:27.571,34.77,32.0,1.0,0.08,0.05,100,100,5.48,-1.79,91.06,-0.39,0.082,0.236
1759167392571,2025-09-30 01:36:32.571,34.43,32.0,1.0,0.08,0.05,100,100,3.4,-2.77,77.21,-0.2,0.051,0.255
1759167397571,2025-09-30 01:36:37.571,35.37,32.0,1.0,0.08,0.05,100,100,2.78,-2.43,65.06,0.07,0.042,0.249
1759167402571,2025-09-30 01:36:42.571,36.98,32.0,1.0,0.08,0.05,100,100,0.48,-3.37,48.21,-0.19,0.007,0.267
1759167407571,2025-09-30 01:36:47.571,35.77,32.0,1.0,0.08,0.05,100,100,-3.13,-4.98,23.33,-0.32,0.0,0.3
1759167412571,2025-09-30 01:36:52.571,36.14,32.0,1.0,0.08,0.05,100,100,-3.4,-3.77,4.48,0.24,0.0,0.275
1759167417571,2025-09-30 01:36:57.571,35.02,32.0,1.0,0.08,0.05,100,100,-5.43,-4.14,-16.2,-0.07,0.0,0.283
1759167422571,2025-09-30 01:37:02.571,36.11,32.0,1.0,0.08,0.05,100,100,-5.52,-3.02,-31.32,0.22,0.0,0.26
1759167427571,2025-09-30 01:37:07.571,35.93,32.0,1.0,0.08,0.05,100,100,-8.27,-4.11,-51.88,-0.22,0.0,0.282
1759167432571,2025-09-30 01:37:12.571,38.37,32.0,1.0,0.08,0.05,100,100,-9.65,-3.93,-71.54,0.04,0.0,0.279
1759167437571,2025-09-30 01:37:17.571,38.33,32.0,1.0,0.08,0.05,100,100,-14.39,-6.37,-100.0,-0.49,0.0,0.327
1759167442571,2025-09-30 01:37:22.571,37.83,32.0,1.0,0.08,0.05,100,100,-14.33,-6.33,-100.0,0.01,0.0,0.327
1759167447571,2025-09-30 01:37:27.571,36.3,32.0,1.0,0.08,0.05,100,100,-13.82,-5.83,-100.0,0.1,0.0,0.317
1759167452571,2025-09-30 01:37:32.571,36.74,32.0,1.0,0.08,0.05,100,100,-12.28,-4.3,-100.0,0.31,0.0,0.286
1759167457571,2025-09-30 01:37:37.571,37.6,32.0,1.0,0.08,0.05,100,100,-12.74,-4.74,-100.0,-0.09,0.0,0.295
1759167462571,2025-09-30 01:37:42.571,37.54,32.0,1.0,0.08,0.05,100,100,-13.61,-5.6,-100.0,-0.17,0.0,0.312
1759167467571,2025-09-30 01:37:47.571,37.01,32.0,1.0,0.08,0.05,100,100,-13.54,-5.54,-100.0,0.01,0.0,0.311
1759167472571,2025-09-30 01:37:52.571,35.42,32.0,1.0,0.08,0.05,100,100,-13.0,-5.01,-100.0,0.11,0.0,0.3
1759167477571,2025-09-30 01:37:57.571,32.37,32.0,1.0,0.08,0.05,100,100,-11.4,-3.42,-100.0,0.32,0.0,0.268
1759167482571,2025-09-30 01:38:02.571,32.81,32.0,1.0,0.08,0.05,100,100,-8.34,-0.37,-100.0,0.61,0.0,0.207
1759167487571,2025-09-30 01:38:07.571,34.18,32.0,1.0,0.08,0.05,100,100,-8.82,-0.81,-100.0,-0.09,0.0,0.216
1759167492571,2025-09-30 01:38:12.571,34.52,32.0,1.0,0.08,0.05,100,100,-10.19,-2.18,-100.0,-0.27,0.0,0.244
1759167497571,2025-09-30 01:38:17.571,33.33,32.0,1.0,0.08,0.05,100,100,-10.52,-2.52,-100.0,-0.07,0.0,0.25
1759167502571,2025-09-30 01:38:22.571,33.13,32.0,1.0,0.08,0.05,100,100,-9.32,-1.33,-100.0,0.24,0.0,0.227
1759167507571,2025-09-30 01:38:27.571,30.06,32.0,1.0,0.08,0.05,100,100,-9.13,-1.13,-100.0,0.04,0.0,0.223
1759167512571,2025-09-30 01:38:32.571,31.83,32.0,1.0,0.08,0.05,100,100,-5.26,1.94,-90.32,0.61,0.0,0.161
1759167517571,2025-09-30 01:38:37.571,31.35,32.0,1.0,0.08,0.05,100,100,-7.0,0.17,-89.45,-0.35,0.0,0.197
1759167522571,2025-09-30 01:38:42.571,33.83,32.0,1.0,0.08,0.05,100,100,-6.24,0.65,-86.18,0.1,0.0,0.187
1759167527571,2025-09-30 01:38:47.571,33.36,32.0,1.0,0.08,0.05,100,100,-9.48,-1.83,-95.33,-0.5,0.0,0.237
1759167532571,2025-09-30 01:38:52.571,34.51,32.0,1.0,0.08,0.05,100,100,-9.36,-1.36,-100.0,0.09,0.0,0.227
1759167537571,2025-09-30 01:38:57.571,32.97,32.0,1.0,0.08,0.05,100,100,-10.52,-2.51,-100.0,-0.23,0.0,0.25
1759167542571,2025-09-30 01:39:02.571,32.98,32.0,1.0,0.08,0.05,100,100,-8.96,-0.97,-100.0,0.31,0.0,0.219
1759167547571,2025-09-30 01:39:07.571,33.66,32.0,1.0,0.08,0.05,100,100,-8.98,-0.98,-100.0,-0.0,0.0,0.22
1759167552571,2025-09-30 01:39:12.571,35.92,32.0,1.0,0.08,0.05,100,100,-9.67,-1.66,-100.0,-0.14,0.0,0.233
1759167557571,2025-09-30 01:39:17.571,34.76,32.0,1.0,0.08,0.05,100,100,-11.95,-3.92,-100.0,-0.45,0.0,0.278
1759167562571,2025-09-30 01:39:22.571,32.85,32.0,1.0,0.08,0.05,100,100,-10.75,-2.76,-100.0,0.23,0.0,0.255
1759167567571,2025-09-30 01:39:27.571,32.26,32.0,1.0,0.08,0.05,100,100,-8.83,-0.85,-100.0,0.38,0.0,0.217
1759167572571,2025-09-30 01:39:32.571,30.12,32.0,1.0,0.08,0.05,100,100,-8.26,-0.26,-100.0,0.12,0.0,0.205
1759167577571,2025-09-30 01:39:37.571,30.44,32.0,1.0,0.08,0.05,100,100,-5.35,1.88,-90.6,0.43,0.0,0.162
1759167582571,2025-09-30 01:39:42.571,27.35,32.0,1.0,0.08,0.05,100,100,-5.06,1.56,-82.78,-0.06,0.0,0.169
1759167587571,2025-09-30 01:39:47.571,27.28,32.0,1.0,0.08,0.05,100,100,-0.08,4.65,-59.54,0.62,0.0,0.107
1759167592571,2025-09-30 01:39:52.571,28.13,32.0,1.0,0.08,0.05,100,100,1.85,4.72,-35.91,0.02,0.028,0.106
1759167597571,2025-09-30 01:39:57.571,27.66,32.0,1.0,0.08,0.05,100,100,2.53,3.87,-16.58,-0.17,0.038,0.123
1759167602571,2025-09-30 01:40:02.571,25.77,32.0,1.0,0.08,0.05,100,100,4.75,4.34,5.11,0.09,0.071,0.113
1759167607571,2025-09-30 01:40:07.571,26.53,32.0,1.0,0.08,0.05,100,100,9.16,6.23,36.28,0.38,0.137,0.075
1759167612571,2025-09-30 01:40:12.571,27.38,32.0,1.0,0.08,0.05,100,100,10.56,5.47,63.65,-0.15,0.158,0.091
1759167617571,2025-09-30 01:40:17.571,26.81,32.0,1.0,0.08,0.05,100,100,11.56,4.62,86.77,-0.17,0.173,0.108
1759167622571,2025-09-30 01:40:22.571,26.2,32.0,1.0,0.08,0.05,100,100,13.2,5.19,100.0,0.11,0.198,0.096
1759167627571,2025-09-30 01:40:27.571,26.08,32.0,1.0,0.08,0.05,100,100,13.8,5.8,100.0,0.12,0.207,0.084
1759167632571,2025-09-30 01:40:32.571,26.96,32.0,1.0,0.08,0.05,100,100,13.92,5.92,100.0,0.02,0.209,0.082
1759167637571,2025-09-30 01:40:37.571,27.8,32.0,1.0,0.08,0.05,100,100,13.04,5.04,100.0,-0.18,0.196,0.099
1759167642571,2025-09-30 01:40:42.571,26.98,32.0,1.0,0.08,0.05,100,100,12.19,4.2,100.0,-0.17,0.183,0.116
1759167647571,2025-09-30 01:40:47.571,28.85,32.0,1.0,0.08,0.05,100,100,13.03,5.02,100.0,0.17,0.195,0.1
1759167652571,2025-09-30 01:40:52.571,28.32,32.0,1.0,0.08,0.05,100,100,11.13,3.15,100.0,-0.38,0.167,0.137
1759167657571,2025-09-30 01:40:57.571,28.4,32.0,1.0,0.08,0.05,100,100,11.69,3.68,100.0,0.11,0.175,0.126
1759167662571,2025-09-30 01:41:02.571,27.94,32.0,1.0,0.08,0.05,100,100,11.6,3.6,100.0,-0.02,0.174,0.128
1759167667571,2025-09-30 01:41:07.571,28.9,32.0,1.0,0.08,0.05,100,100,12.06,4.06,100.0,0.09,0.181,0.119
1759167672571,2025-09-30 01:41:12.571,27.22,32.0,1.0,0.08,0.05,100,100,11.09,3.1,100.0,-0.19,0.166,0.138
1759167677571,2025-09-30 01:41:17.571,25.76,32.0,1.0,0.08,0.05,100,100,12.8,4.78,100.0,0.34,0.192,0.104
1759167682571,2025-09-30 01:41:22.571,23.87,32.0,1.0,0.08,0.05,100,100,14.26,6.24,100.0,0.29,0.214,0.075
1759167687571,2025-09-30 01:41:27.571,24.01,32.0,1.0,0.08,0.05,100,100,16.15,8.13,100.0,0.38,0.242,0.037
1759167692571,2025-09-30 01:41:32.571,23.1,32.0,1.0,0.08,0.05,100,100,15.99,7.99,100.0,-0.03,0.24,0.04
1759167697571,2025-09-30 01:41:37.571,24.19,32.0,1.0,0.08,0.05,100,100,16.91,8.9,100.0,0.18,0.254,0.022
1759167702571,2025-09-30 01:41:42.571,22.29,32.0,1.0,0.08,0.05,100,100,15.8,7.81,100.0,-0.22,0.237,0.044
1759167707571,2025-09-30 01:41:47.571,23.51,32.0,1.0,0.08,0.05,100,100,17.72,9.71,100.0,0.38,0.266,0.006
1759167712571,2025-09-30 01:41:52.571,22.55,32.0,1.0,0.08,0.05,100,100,16.48,8.49,100.0,-0.24,0.247,0.03
1759167717571,2025-09-30 01:41:57.571,21.48,32.0,1.0,0.08,0.05,100,100,17.46,9.45,100.0,0.19,0.262,0.011
1759167722571,2025-09-30 01:42:02.571,20.2,32.0,1.0,0.08,0.05,100,100,18.53,10.52,100.0,0.21,0.278,-0.01
1759167727571,2025-09-30 01:42:07.571,19.2,32.0,1.0,0.08,0.05,100,100,19.81,11.8,100.0,0.26,0.297,-0.036
1759167732571,2025-09-30 01:42:12.571,20.54,32.0,1.0,0.08,0.05,100,100,20.81,12.8,100.0,0.2,0.312,-0.056
1759167737571,2025-09-30 01:42:17.571,20.6,32.0,1.0,0.08,0.05,100,100,19.44,11.46,100.0,-0.27,0.292,-0.029
1759167742571,2025-09-30 01:42:22.571,18.59,32.0,1.0,0.08,0.05,100,100,19.4,11.4,100.0,-0.01,0.291,-0.028
1759167747571,2025-09-30 01:42:27.571,17.88,32.0,1.0,0.08,0.05,100,100,21.43,13.41,100.0,0.4,0.321,-0.068
1759167752571,2025-09-30 01:42:32.571,16.49,32.0,1.0,0.08,0.05,100,100,22.12,14.12,100.0,0.14,0.332,-0.082
1759167757571,2025-09-30 01:42:37.571,16.03,32.0,1.0,0.08,0.05,100,100,23.52,15.51,100.0,0.28,0.353,-0.11
1759167762571,2025-09-30 01:42:42.571,13.38,32.0,1.0,0.08,0.05,100,100,23.97,15.97,100.0,0.09,0.36,-0.119
1759167767571,2025-09-30 01:42:47.571,14.16,32.0,1.0,0.08,0.05,100,100,26.65,18.62,100.0,0.53,0.4,-0.172
1759167772571,2025-09-30 01:42:52.571,15.46,32.0,1.0,0.08,0.05,100,100,25.83,17.84,100.0,-0.16,0.387,-0.157
1759167777571,2025-09-30 01:42:57.571,18.56,32.0,1.0,0.08,0.05,100,100,24.53,16.54,100.0,-0.26,0.368,-0.131
1759167782571,2025-09-30 01:43:02.571,18.15,32.0,1.0,0.08,0.05,100,100,21.41,13.44,100.0,-0.62,0.321,-0.069
1759167787571,2025-09-30 01:43:07.571,18.0,32.0,1.0,0.08,0.05,100,100,21.86,13.85,100.0,0.08,0.328,-0.077
1759167792571,2025-09-30 01:43:12.571,18.13,32.0,1.0,0.08,0.05,100,100,22.0,14.0,100.0,0.03,0.33,-0.08
1759167797571,2025-09-30 01:43:17.571,18.4,32.0,1.0,0.08,0.05,100,100,21.86,13.87,100.0,-0.03,0.328,-0.077
1759167802571,2025-09-30 01:43:22.571,19.39,32.0,1.0,0.08,0.05,100,100,21.6,13.6,100.0,-0.05,0.324,-0.072
1759167807571,2025-09-30 01:43:27.571,19.91,32.0,1.0,0.08,0.05,100,100,20.6,12.61,100.0,-0.2,0.309,-0.052
1759167812571,2025-09-30 01:43:32.571,20.11,32.0,1.0,0.08,0.05,100,100,20.09,12.09,100.0,-0.1,0.301,-0.042
1759167817571,2025-09-30 01:43:37.571,18.39,35.0,1.0,0.08,0.05,100,100,19.89,11.89,100.0,-0.04,0.298,-0.038
1759167822571,2025-09-30 01:43:42.571,17.05,35.0,1.0,0.08,0.05,100,100,24.66,16.61,100.0,0.94,0.37,-0.072
1759167827571,2025-09-30 01:43:47.571,18.11,35.0,1.0,0.08,0.05,100,100,25.97,17.95,100.0,0.27,0.39,-0.099
1759167832571,2025-09-30 01:43:52.571,17.2,35.0,1.0,0.08,0.05,100,100,24.88,16.89,100.0,-0.21,0.373,-0.078
1759167837571,2025-09-30 01:43:57.571,17.69,35.0,1.0,0.08,0.05,100,100,25.81,17.8,100.0,0.18,0.387,-0.096
1759167842571,2025-09-30 01:44:02.571,17.3,35.0,1.0,0.08,0.05,100,100,25.31,17.31,100.0,-0.1,0.38,-0.086
1759167847571,2025-09-30 01:44:07.571,19.23,35.0,1.0,0.08,0.05,100,100,25.7,17.7,100.0,0.08,0.386,-0.094
1759167852571,2025-09-30 01:44:12.571,18.81,35.0,1.0,0.08,0.05,100,100,23.75,15.77,100.0,-0.39,0.356,-0.055
1759167857571,2025-09-30 01:44:17.571,18.64,35.0,1.0,0.08,0.05,100,100,24.2,16.19,100.0,0.09,0.363,-0.064
1759167862571,2025-09-30 01:44:22.571,16.88,35.0,1.0,0.08,0.05,100,100,24.36,16.36,100.0,0.03,0.365,-0.067
1759167867571,2025-09-30 01:44:27.571,16.8,35.0,1.0,0.08,0.05,100,100,26.14,18.12,100.0,0.35,0.392,-0.102
1759167872571,2025-09-30 01:44:32.571,14.17,35.0,1.0,0.08,0.05,100,100,26.2,18.2,100.0,0.02,0.393,-0.104
1759167877571,2025-09-30 01:44:37.571,15.26,35.0,1.0,0.08,0.05,100,100,28.85,20.83,100.0,0.53,0.433,-0.157
1759167882571,2025-09-30 01:44:42.571,14.12,35.0,1.0,0.08,0.05,100,100,27.73,19.74,100.0,-0.22,0.416,-0.135
1759167887571,2025-09-30 01:44:47.571,13.28,35.0,1.0,0.08,0.05,100,100,28.89,20.88,100.0,0.23,0.433,-0.158
1759167892571,2025-09-30 01:44:52.571,11.71,35.0,1.0,0.08,0.05,100,100,29.73,21.72,100.0,0.17,0.446,-0.174
1759167897571,2025-09-30 01:44:57.571,9.9,35.0,1.0,0.08,0.05,100,100,31.31,23.29,100.0,0.31,0.47,-0.206
1759167902571,2025-09-30 01:45:02.571,9.93,35.0,1.0,0.08,0.05,100,100,33.12,25.1,100.0,0.36,0.497,-0.242
1759167907571,2025-09-30 01:45:07.571,8.07,35.0,1.0,0.08,0.05,100,100,33.07,25.07,100.0,-0.01,0.496,-0.241
1759167912571,2025-09-30 01:45:12.571,7.49,35.0,1.0,0.08,0.05,100,100,34.95,26.93,100.0,0.37,0.524,-0.279
1759167917571,2025-09-30 01:45:17.571,9.13,35.0,1.0,0.08,0.05,100,100,35.52,27.51,100.0,0.12,0.533,-0.29
1759167922571,2025-09-30 01:45:22.571,6.4,35.0,1.0,0.08,0.05,100,100,33.86,25.87,100.0,-0.33,0.508,-0.257
1759167927571,2025-09-30 01:45:27.571,6.18,35.0,1.0,0.08,0.05,100,100,36.63,28.6,100.0,0.55,0.549,-0.312
1759167932571,2025-09-30 01:45:32.571,4.77,35.0,1.0,0.08,0.05,100,100,36.82,28.82,100.0,0.04,0.552,-0.316
1759167937571,2025-09-30 01:45:37.571,5.1,35.0,1.0,0.08,0.05,100,100,38.25,30.23,100.0,0.28,0.574,-0.345
1759167942571,2025-09-30 01:45:42.571,5.21,35.0,1.0,0.08,0.05,100,100,37.9,29.9,100.0,-0.07,0.568,-0.338
1759167947571,2025-09-30 01:45:47.571,3.62,35.0,1.0,0.08,0.05,100,100,37.79,29.79,100.0,-0.02,0.567,-0.336
1759167952571,2025-09-30 01:45:52.571,4.84,35.0,1.0,0.08,0.05,100,100,39.4,31.38,100.0,0.32,0.591,-0.368
1759167957571,2025-09-30 01:45:57.571,6.74,35.0,1.0,0.08,0.05,100,100,38.15,30.16,100.0,-0.24,0.572,-0.343
1759167962571,2025-09-30 01:46:02.571,6.63,35.0,1.0,0.08,0.05,100,100,36.24,28.26,100.0,-0.38,0.544,-0.305
1759167967571,2025-09-30 01:46:07.571,7.08,35.0,1.0,0.08,0.05,100,100,36.38,28.37,100.0,0.02,0.546,-0.307
1759167972571,2025-09-30 01:46:12.571,7.2,35.0,1.0,0.08,0.05,100,100,35.92,27.92,100.0,-0.09,0.539,-0.298
1759167977571,2025-09-30 01:46:17.571,8.06,35.0,1.0,0.08,0.05,100,100,35.8,27.8,100.0,-0.02,0.537,-0.296
1759167982571,2025-09-30 01:46:22.571,7.52,35.0,1.0,0.08,0.05,100,100,34.93,26.94,100.0,-0.17,0.524,-0.279
1759167987571,2025-09-30 01:46:27.571,7.76,35.0,1.0,0.08,0.05,100,100,35.49,27.48,100.0,0.11,0.532,-0.29
1759167992571,2025-09-30 01:46:32.571,10.13,35.0,1.0,0.08,0.05,100,100,35.24,27.24,100.0,-0.05,0.529,-0.285
1759167997571,2025-09-30 01:46:37.571,11.01,35.0,1.0,0.08,0.05,100,100,32.85,24.87,100.0,-0.47,0.493,-0.237
1759168002571,2025-09-30 01:46:42.571,11.17,35.0,1.0,0.08,0.05,100,100,31.98,23.99,100.0,-0.18,0.48,-0.22
1759168007571,2025-09-30 01:46:47.571,10.08,35.0,1.0,0.08,0.05,100,100,31.83,23.83,100.0,-0.03,0.477,-0.217
1759168012571,2025-09-30 01:46:52.571,8.49,35.0,1.0,0.08,0.05,100,100,32.93,24.92,100.0,0.22,0.494,-0.238
1759168017571,2025-09-30 01:46:57.571,8.27,35.0,1.0,0.08,0.05,100,100,34.52,26.51,100.0,0.32,0.518,-0.27
1759168022571,2025-09-30 01:47:02.571,8.31,35.0,1.0,0.08,0.05,100,100,34.73,26.73,100.0,0.05,0.521,-0.275
1759168027571,2025-09-30 01:47:07.571,8.85,35.0,1.0,0.08,0.05,100,100,34.69,26.69,100.0,-0.01,0.52,-0.274
1759168032571,2025-09-30 01:47:12.571,12.38,35.0,1.0,0.08,0.05,100,100,34.14,26.15,100.0,-0.11,0.512,-0.263
1759168037571,2025-09-30 01:47:17.571,14.64,35.0,1.0,0.08,0.05,100,100,30.59,22.62,100.0,-0.71,0.459,-0.192
1759168042571,2025-09-30 01:47:22.571,15.48,35.0,1.0,0.08,0.05,100,100,28.34,20.36,100.0,-0.45,0.425,-0.147
1759168047571,2025-09-30 01:47:27.571,15.64,35.0,1.0,0.08,0.05,100,100,27.51,19.52,100.0,-0.17,0.413,-0.13
1759168052571,2025-09-30 01:47:32.571,16.92,35.0,1.0,0.08,0.05,100,100,27.36,19.36,100.0,-0.03,0.41,-0.127
1759168057571,2025-09-30 01:47:37.571,15.83,35.0,1.0,0.08,0.05,100,100,26.07,18.08,100.0,-0.26,0.391,-0.102
1759168062571,2025-09-30 01:47:42.571,16.29,35.0,1.0,0.08,0.05,100,100,27.18,19.17,100.0,0.22,0.408,-0.123
1759168067571,2025-09-30 01:47:47.571,18.03,35.0,1.0,0.08,0.05,100,100,26.7,18.71,100.0,-0.09,0.401,-0.114
1759168072571,2025-09-30 01:47:52.571,19.32,35.0,1.0,0.08,0.05,100,100,24.95,16.97,100.0,-0.35,0.374,-0.079
1759168077571,2025-09-30 01:47:57.571,17.48,35.0,1.0,0.08,0.05,100,100,23.67,15.68,100.0,-0.26,0.355,-0.054
1759168082571,2025-09-30 01:48:02.571,15.65,35.0,1.0,0.08,0.05,100,100,25.54,17.52,100.0,0.37,0.383,-0.09
1759168087571,2025-09-30 01:48:07.571,15.39,35.0,1.0,0.08,0.05,100,100,27.37,19.35,100.0,0.37,0.411,-0.127
1759168092571,2025-09-30 01:48:12.571,16.77,35.0,1.0,0.08,0.05,100,100,27.62,19.61,100.0,0.05,0.414,-0.132
1759168097571,2025-09-30 01:48:17.571,13.92,25.0,1.0,0.08,0.05,100,100,26.21,18.23,100.0,-0.28,0.393,-0.105
1759168102571,2025-09-30 01:48:22.571,14.0,25.0,1.0,0.08,0.05,100,100,19.01,11.08,100.0,-1.43,0.285,-0.162
1759168107571,2025-09-30 01:48:27.571,16.98,25.0,1.0,0.08,0.05,100,100,19.0,11.0,100.0,-0.02,0.285,-0.16
1759168112571,2025-09-30 01:48:32.571,16.18,25.0,1.0,0.08,0.05,100,100,15.99,8.02,100.0,-0.6,0.24,-0.1
1759168117571,2025-09-30 01:48:37.571,15.14,25.0,1.0,0.08,0.05,100,100,16.83,8.82,100.0,0.16,0.252,-0.116
1759168122571,2025-09-30 01:48:42.571,13.7,25.0,1.0,0.08,0.05,100,100,17.87,9.86,100.0,0.21,0.268,-0.137
1759168127571,2025-09-30 01:48:47.571,11.93,25.0,1.0,0.08,0.05,100,100,19.32,11.3,100.0,0.29,0.29,-0.166
1759168132571,2025-09-30 01:48:52.571,11.77,25.0,1.0,0.08,0.05,100,100,21.09,13.07,100.0,0.35,0.316,-0.201
1759168137571,2025-09-30 01:48:57.571,13.33,25.0,1.0,0.08,0.05,100,100,21.23,13.23,100.0,0.03,0.318,-0.205
1759168142571,2025-09-30 01:49:02.571,12.52,25.0,1.0,0.08,0.05,100,100,19.65,11.67,100.0,-0.31,0.295,-0.173
1759168147571,2025-09-30 01:49:07.571,12.84,25.0,1.0,0.08,0.05,100,100,20.48,12.48,100.0,0.16,0.307,-0.19
1759168152571,2025-09-30 01:49:12.571,14.07,25.0,1.0,0.08,0.05,100,100,20.16,12.16,100.0,-0.06,0.302,-0.183
1759168157571,2025-09-30 01:49:17.571,14.37,25.0,1.0,0.08,0.05,100,100,18.92,10.93,100.0,-0.25,0.284,-0.159
1759168162571,2025-09-30 01:49:22.571,13.87,25.0,1.0,0.08,0.05,100,100,18.63,10.63,100.0,-0.06,0.279,-0.153
1759168167571,2025-09-30 01:49:27.571,14.27,25.0,1.0,0.08,0.05,100,100,19.14,11.13,100.0,0.1,0.287,-0.163
1759168172571,2025-09-30 01:49:32.571,15.63,25.0,1.0,0.08,0.05,100,100,18.73,10.73,100.0,-0.08,0.281,-0.155
1759168177571,2025-09-30 01:49:37.571,16.87,25.0,1.0,0.08,0.05,100,100,17.35,9.37,100.0,-0.27,0.26,-0.127
1759168182571,2025-09-30 01:49:42.571,18.38,25.0,1.0,0.08,0.05,100,100,16.12,8.13,100.0,-0.25,0.242,-0.103
1759168187571,2025-09-30 01:49:47.571,16.78,25.0,1.0,0.08,0.05,100,100,14.6,6.62,100.0,-0.3,0.219,-0.072
1759168192571,2025-09-30 01:49:52.571,15.91,25.0,1.0,0.08,0.05,100,100,16.24,8.22,100.0,0.32,0.244,-0.104
1759168197571,2025-09-30 01:49:57.571,13.78,25.0,1.0,0.08,0.05,100,100,17.1,9.09,100.0,0.17,0.256,-0.122
1759168202571,2025-09-30 01:50:02.571,15.76,25.0,1.0,0.08,0.05,100,100,19.24,11.22,100.0,0.43,0.289,-0.164
1759168207571,2025-09-30 01:50:07.571,16.82,30.0,1.0,0.08,0.05,100,100,17.22,9.24,100.0,-0.39,0.258,-0.125
1759168212571,2025-09-30 01:50:12.571,14.64,30.0,1.0,0.08,0.05,100,100,21.21,13.18,100.0,0.79,0.318,-0.104
1759168217571,2025-09-30 01:50:17.571,16.67,30.0,1.0,0.08,0.05,100,100,23.39,15.36,100.0,0.44,0.351,-0.147
1759168222571,2025-09-30 01:50:22.571,16.56,30.0,1.0,0.08,0.05,100,100,21.31,13.33,100.0,-0.41,0.32,-0.107
1759168227571,2025-09-30 01:50:27.571,16.75,30.0,1.0,0.08,0.05,100,100,21.44,13.44,100.0,0.02,0.322,-0.109
1759168232571,2025-09-30 01:50:32.571,15.27,30.0,1.0,0.08,0.05,100,100,21.25,13.25,100.0,-0.04,0.319,-0.105
1759168237571,2025-09-30 01:50:37.571,14.81,30.0,1.0,0.08,0.05,100,100,22.75,14.73,100.0,0.3,0.341,-0.135
1759168242571,2025-09-30 01:50:42.571,13.39,30.0,1.0,0.08,0.05,100,100,23.2,15.19,100.0,0.09,0.348,-0.144
1759168247571,2025-09-30 01:50:47.571,13.05,30.0,1.0,0.08,0.05,100,100,24.62,16.61,100.0,0.28,0.369,-0.172
1759168252571,2025-09-30 01:50:52.571,13.61,30.0,1.0,0.08,0.05,100,100,24.95,16.95,100.0,0.07,0.374,-0.179
1759168257571,2025-09-30 01:50:57.571,13.46,30.0,1.0,0.08,0.05,100,100,24.39,16.39,100.0,-0.11,0.366,-0.168
1759168262571,2025-09-30 01:51:02.571,14.33,30.0,1.0,0.08,0.05,100,100,24.55,16.54,100.0,0.03,0.368,-0.171
1759168267571,2025-09-30 01:51:07.571,15.8,30.0,1.0,0.08,0.05,100,100,23.66,15.67,100.0,-0.18,0.355,-0.153
1759168272571,2025-09-30 01:51:12.571,15.9,30.0,1.0,0.08,0.05,100,100,22.19,14.2,100.0,-0.29,0.333,-0.124
1759168277571,2025-09-30 01:51:17.571,16.82,30.0,1.0,0.08,0.05,100,100,22.1,14.1,100.0,-0.02,0.331,-0.122
1759168282571,2025-09-30 01:51:22.571,15.66,30.0,1.0,0.08,0.05,100,100,21.17,13.18,100.0,-0.18,0.317,-0.104
1759168287571,2025-09-30 01:51:27.571,13.11,30.0,1.0,0.08,0.05,100,100,22.35,14.34,100.0,0.23,0.335,-0.127
1759168292571,2025-09-30 01:51:32.571,11.66,30.0,1.0,0.08,0.05,100,100,24.91,16.89,100.0,0.51,0.374,-0.178
1759168297571,2025-09-30 01:51:37.571,11.27,30.0,1.0,0.08,0.05,100,100,26.35,18.34,100.0,0.29,0.395,-0.207
1759168302571,2025-09-30 01:51:42.571,12.08,30.0,1.0,0.08,0.05,100,100,26.73,18.73,100.0,0.08,0.401,-0.215
1759168307571,2025-09-30 01:51:47.571,12.29,30.0,1.0,0.08,0.05,100,100,25.91,17.92,100.0,-0.16,0.389,-0.198
1759168312571,2025-09-30 01:51:52.571,13.33,30.0,1.0,0.08,0.05,100,100,25.7,17.71,100.0,-0.04,0.386,-0.194
1759168317571,2025-09-30 01:51:57.571,14.51,30.0,1.0,0.08,0.05,100,100,24.66,16.67,100.0,-0.21,0.37,-0.173
1759168322571,2025-09-30 01:52:02.571,15.64,30.0,1.0,0.08,0.05,100,100,23.48,15.49,100.0,-0.24,0.352,-0.15
1759168327571,2025-09-30 01:52:07.571,15.95,30.0,1.0,0.08,0.05,100,100,22.35,14.36,100.0,-0.23,0.335,-0.127
1759168332571,2025-09-30 01:52:12.571,14.76,30.0,1.0,0.08,0.05,100,100,22.05,14.05,100.0,-0.06,0.331,-0.121
1759168337571,2025-09-30 01:52:17.571,14.34,35.0,1.0,0.08,0.05,100,100,23.25,15.24,100.0,0.24,0.349,-0.145
1759168342571,2025-09-30 01:52:22.571,15.46,35.0,1.0,0.08,0.05,100,100,28.71,20.66,100.0,1.08,0.431,-0.153
1759168347571,2025-09-30 01:52:27.571,13.85,35.0,1.0,0.08,0.05,100,100,27.52,19.54,100.0,-0.22,0.413,-0.131
1759168352571,2025-09-30 01:52:32.571,12.44,35.0,1.0,0.08,0.05,100,100,29.17,21.15,100.0,0.32,0.438,-0.163
1759168357571,2025-09-30 01:52:37.571,11.06,35.0,1.0,0.08,0.05,100,100,30.57,22.56,100.0,0.28,0.459,-0.191
1759168362571,2025-09-30 01:52:42.571,10.62,35.0,1.0,0.08,0.05,100,100,31.95,23.94,100.0,0.28,0.479,-0.219
1759168367571,2025-09-30 01:52:47.571,10.89,35.0,1.0,0.08,0.05,100,100,32.38,24.38,100.0,0.09,0.486,-0.228
1759168372571,2025-09-30 01:52:52.571,8.57,35.0,1.0,0.08,0.05,100,100,32.11,24.11,100.0,-0.05,0.482,-0.222
1759168377571,2025-09-30 01:52:57.571,6.91,35.0,1.0,0.08,0.05,100,100,34.45,26.43,100.0,0.46,0.517,-0.269
1759168382571,2025-09-30 01:53:02.571,8.65,35.0,1.0,0.08,0.05,100,100,36.11,28.09,100.0,0.33,0.542,-0.302
1759168387571,2025-09-30 01:53:07.571,8.31,35.0,1.0,0.08,0.05,100,100,34.33,26.35,100.0,-0.35,0.515,-0.267
1759168392571,2025-09-30 01:53:12.571,8.51,35.0,1.0,0.08,0.05,100,100,34.7,26.69,100.0,0.07,0.52,-0.274
1759168397571,2025-09-30 01:53:17.571,7.13,35.0,1.0,0.08,0.05,100,100,34.49,26.49,100.0,-0.04,0.517,-0.27
1759168402571,2025-09-30 01:53:22.571,7.25,35.0,1.0,0.08,0.05,100,100,35.88,27.87,100.0,0.28,0.538,-0.297
1759168407571,2025-09-30 01:53:27.571,5.96,35.0,1.0,0.08,0.05,100,100,35.75,27.75,100.0,-0.02,0.536,-0.295
1759168412571,2025-09-30 01:53:32.571,4.96,35.0,1.0,0.08,0.05,100,100,37.06,29.04,100.0,0.26,0.556,-0.321
1759168417571,2025-09-30 01:53:37.571,0.89,35.0,1.0,0.08,0.05,100,100,38.05,30.04,100.0,0.2,0.571,-0.341
1759168422571,2025-09-30 01:53:42.571,0.7,35.0,1.0,0.08,0.05,100,100,42.15,34.11,100.0,0.82,0.632,-0.422
1759168427571,2025-09-30 01:53:47.571,2.5,35.0,1.0,0.08,0.05,100,100,42.3,34.3,100.0,0.04,0.634,-0.426
1759168432571,2025-09-30 01:53:52.571,2.23,35.0,1.0,0.08,0.05,100,100,40.48,32.5,100.0,-0.36,0.607,-0.39
1759168437571,2025-09-30 01:53:57.571,2.02,35.0,1.0,0.08,0.05,100,100,40.77,32.77,100.0,0.05,0.612,-0.395
1759168442571,2025-09-30 01:54:02.571,2.29,35.0,1.0,0.08,0.05,100,100,40.98,32.98,100.0,0.04,0.615,-0.4
1759168447571,2025-09-30 01:54:07.571,4.44,35.0,1.0,0.08,0.05,100,100,40.71,32.71,100.0,-0.05,0.611,-0.394
1759168452571,2025-09-30 01:54:12.571,5.13,35.0,1.0,0.08,0.05,100,100,38.54,30.56,100.0,-0.43,0.578,-0.351
1759168457571,2025-09-30 01:54:17.571,6.53,32.0,1.0,0.08,0.05,100,100,37.86,29.87,100.0,-0.14,0.568,-0.337
1759168462571,2025-09-30 01:54:22.571,7.62,32.0,1.0,0.08,0.05,100,100,33.43,25.47,100.0,-0.88,0.501,-0.309
1759168467571,2025-09-30 01:54:27.571,9.7,32.0,1.0,0.08,0.05,100,100,32.37,24.38,100.0,-0.22,0.486,-0.288
1759168472571,2025-09-30 01:54:32.571,9.77,32.0,1.0,0.08,0.05,100,100,30.28,22.3,100.0,-0.42,0.454,-0.246
1759168477571,2025-09-30 01:54:37.571,8.83,32.0,1.0,0.08,0.05,100,100,30.23,22.23,100.0,-0.01,0.453,-0.245
1759168482571,2025-09-30 01:54:42.571,9.68,32.0,1.0,0.08,0.05,100,100,31.18,23.17,100.0,0.19,0.468,-0.263
1759168487571,2025-09-30 01:54:47.571,8.06,32.0,1.0,0.08,0.05,100,100,30.31,22.32,100.0,-0.17,0.455,-0.246
1759168492571,2025-09-30 01:54:52.571,8.57,32.0,1.0,0.08,0.05,100,100,31.96,23.94,100.0,0.32,0.479,-0.279
1759168497571,2025-09-30 01:54:57.571,9.56,30.0,1.0,0.08,0.05,100,100,31.43,23.43,100.0,-0.1,0.471,-0.269
1759168502571,2025-09-30 01:55:02.571,8.02,30.0,1.0,0.08,0.05,100,100,28.41,20.44,100.0,-0.6,0.426,-0.249
1759168507571,2025-09-30 01:55:07.571,9.31,30.0,1.0,0.08,0.05,100,100,29.99,21.98,100.0,0.31,0.45,-0.28
1759168512571,2025-09-30 01:55:12.571,10.32,30.0,1.0,0.08,0.05,100,100,28.68,20.69,100.0,-0.26,0.43,-0.254
1759168517571,2025-09-30 01:55:17.571,9.86,30.0,1.0,0.08,0.05,100,100,27.67,19.68,100.0,-0.2,0.415,-0.234
1759168522571,2025-09-30 01:55:22.571,8.52,30.0,1.0,0.08,0.05,100,100,28.14,20.14,100.0,0.09,0.422,-0.243
1759168527571,2025-09-30 01:55:27.571,8.72,32.0,1.0,0.08,0.05,100,100,29.49,21.48,100.0,0.27,0.442,-0.27
1759168532571,2025-09-30 01:55:32.571,9.23,32.0,1.0,0.08,0.05,100,100,31.3,23.28,100.0,0.36,0.469,-0.266
1759168537571,2025-09-30 01:55:37.571,7.39,32.0,1.0,0.08,0.05,100,100,30.77,22.77,100.0,-0.1,0.462,-0.255
1759168542571,2025-09-30 01:55:42.571,6.95,32.0,1.0,0.08,0.05,100,100,32.63,24.61,100.0,0.37,0.489,-0.292
1759168547571,2025-09-30 01:55:47.571,8.34,32.0,1.0,0.08,0.05,100,100,33.05,25.05,100.0,0.09,0.496,-0.301
1759168552571,2025-09-30 01:55:52.571,7.97,32.0,1.0,0.08,0.05,100,100,31.64,23.66,100.0,-0.28,0.475,-0.273
1759168557571,2025-09-30 01:55:57.571,9.09,32.0,1.0,0.08,0.05,100,100,32.03,24.03,100.0,0.07,0.48,-0.281
1759168562571,2025-09-30 01:56:02.571,8.19,32.0,1.0,0.08,0.05,100,100,30.9,22.91,100.0,-0.22,0.464,-0.258
1759168567571,2025-09-30 01:56:07.571,7.91,32.0,1.0,0.08,0.05,100,100,31.82,23.81,100.0,0.18,0.477,-0.276
1759168572571,2025-09-30 01:56:12.571,11.4,32.0,1.0,0.08,0.05,100,100,32.1,24.09,100.0,0.06,0.481,-0.282
1759168577571,2025-09-30 01:56:17.571,9.22,32.0,1.0,0.08,0.05,100,100,28.56,20.6,100.0,-0.7,0.428,-0.212
1759168582571,2025-09-30 01:56:22.571,9.74,32.0,1.0,0.08,0.05,100,100,30.8,22.78,100.0,0.44,0.462,-0.256
1759168587571,2025-09-30 01:56:27.571,8.91,32.0,1.0,0.08,0.05,100,100,30.26,22.26,100.0,-0.1,0.454,-0.245
1759168592571,2025-09-30 01:56:32.571,11.92,32.0,1.0,0.08,0.05,100,100,31.1,23.09,100.0,0.17,0.466,-0.262
1759168597571,2025-09-30 01:56:37.571,14.12,32.0,1.0,0.08,0.05,100,100,28.05,20.08,100.0,-0.6,0.421,-0.202
1759168602571,2025-09-30 01:56:42.571,12.09,32.0,1.0,0.08,0.05,100,100,25.86,17.88,100.0,-0.44,0.388,-0.158
1759168607571,2025-09-30 01:56:47.571,11.56,32.0,1.0,0.08,0.05,100,100,27.93,19.91,100.0,0.41,0.419,-0.198
1759168612571,2025-09-30 01:56:52.571,12.47,32.0,1.0,0.08,0.05,100,100,28.45,20.44,100.0,0.11,0.427,-0.209
1759168617571,2025-09-30 01:56:57.571,12.18,32.0,1.0,0.08,0.05,100,100,27.52,19.53,100.0,-0.18,0.413,-0.191
1759168622571,2025-09-30 01:57:02.571,11.97,32.0,1.0,0.08,0.05,100,100,27.83,19.82,100.0,0.06,0.417,-0.196
1759168627571,2025-09-30 01:57:07.571,10.95,32.0,1.0,0.08,0.05,100,100,28.03,20.03,100.0,0.04,0.421,-0.201
1759168632571,2025-09-30 01:57:12.571,11.82,32.0,1.0,0.08,0.05,100,100,29.06,21.05,100.0,0.2,0.436,-0.221
1759168637571,2025-09-30 01:57:17.571,9.97,32.0,1.0,0.08,0.05,100,100,28.18,20.18,100.0,-0.17,0.423,-0.204
1759168642571,2025-09-30 01:57:22.571,10.85,32.0,1.0,0.08,0.05,100,100,30.04,22.03,100.0,0.37,0.451,-0.241
1759168647571,2025-09-30 01:57:27.571,10.69,32.0,1.0,0.08,0.05,100,100,29.14,21.15,100.0,-0.18,0.437,-0.223
1759168652571,2025-09-30 01:57:32.571,11.26,32.0,1.0,0.08,0.05,100,100,29.32,21.31,100.0,0.03,0.44,-0.226
1759168657571,2025-09-30 01:57:37.571,14.1,32.0,1.0,0.08,0.05,100,100,28.73,20.74,100.0,-0.11,0.431,-0.215
1759168662571,2025-09-30 01:57:42.571,15.4,32.0,1.0,0.08,0.05,100,100,25.88,17.9,100.0,-0.57,0.388,-0.158
1759168667571,2025-09-30 01:57:47.571,16.48,32.0,1.0,0.08,0.05,100,100,24.58,16.6,100.0,-0.26,0.369,-0.132
1759168672571,2025-09-30 01:57:52.571,16.06,32.0,1.0,0.08,0.05,100,100,23.5,15.52,100.0,-0.22,0.353,-0.11
1759168677571,2025-09-30 01:57:57.571,16.2,32.0,1.0,0.08,0.05,100,100,23.95,15.94,100.0,0.09,0.359,-0.119
1759168682571,2025-09-30 01:58:02.571,15.9,32.0,1.0,0.08,0.05,100,100,23.8,15.8,100.0,-0.03,0.357,-0.116
1759168687571,2025-09-30 01:58:07.571,14.58,32.0,1.0,0.08,0.05,100,100,24.11,16.1,100.0,0.06,0.362,-0.122
1759168692571,2025-09-30 01:58:12.571,14.66,32.0,1.0,0.08,0.05,100,100,25.44,17.42,100.0,0.26,0.382,-0.148
1759168697571,2025-09-30 01:58:17.571,15.75,32.0,1.0,0.08,0.05,100,100,25.34,17.34,100.0,-0.02,0.38,-0.147
1759168702571,2025-09-30 01:58:22.571,14.22,32.0,1.0,0.08,0.05,100,100,24.24,16.25,100.0,-0.22,0.364,-0.125
1759168707571,2025-09-30 01:58:27.571,15.24,32.0,1.0,0.08,0.05,100,100,25.79,17.78,100.0,0.3,0.387,-0.156
1759168712571,2025-09-30 01:58:32.571,16.75,32.0,1.0,0.08,0.05,100,100,24.75,16.76,100.0,-0.2,0.371,-0.135
1759168717571,2025-09-30 01:58:37.571,15.51,32.0,1.0,0.08,0.05,100,100,23.23,15.25,100.0,-0.3,0.349,-0.105
1759168722571,2025-09-30 01:58:42.571,15.22,32.0,1.0,0.08,0.05,100,100,24.5,16.49,100.0,0.25,0.367,-0.13
1759168727571,2025-09-30 01:58:47.571,17.25,32.0,1.0,0.08,0.05,100,100,24.78,16.78,100.0,0.06,0.372,-0.136
1759168732571,2025-09-30 01:58:52.571,17.17,32.0,1.0,0.08,0.05,100,100,22.73,14.75,100.0,-0.4,0.341,-0.095
1759168737571,2025-09-30 01:58:57.571,16.62,32.0,1.0,0.08,0.05,100,100,22.83,14.83,100.0,0.01,0.342,-0.097
1759168742571,2025-09-30 01:59:02.571,19.27,32.0,1.0,0.08,0.05,100,100,23.38,15.38,100.0,0.11,0.351,-0.108
1759168747571,2025-09-30 01:59:07.571,17.62,35.0,1.0,0.08,0.05,100,100,20.7,12.73,100.0,-0.53,0.311,-0.055
1759168752571,2025-09-30 01:59:12.571,16.95,35.0,1.0,0.08,0.05,100,100,25.43,17.38,100.0,0.93,0.381,-0.088
1759168757571,2025-09-30 01:59:17.571,16.1,35.0,1.0,0.08,0.05,100,100,26.06,18.05,100.0,0.13,0.391,-0.101
1759168762571,2025-09-30 01:59:22.571,17.75,35.0,1.0,0.08,0.05,100,100,26.91,18.9,100.0,0.17,0.404,-0.118
1759168767571,2025-09-30 01:59:27.571,14.85,35.0,1.0,0.08,0.05,100,100,25.23,17.25,100.0,-0.33,0.378,-0.085
1759168772571,2025-09-30 01:59:32.571,14.48,35.0,1.0,0.08,0.05,100,100,28.18,20.15,100.0,0.58,0.423,-0.143
1759168777571,2025-09-30 01:59:37.571,11.6,35.0,1.0,0.08,0.05,100,100,28.53,20.52,100.0,0.07,0.428,-0.15
1759168782571,2025-09-30 01:59:42.571,12.12,35.0,1.0,0.08,0.05,100,100,31.43,23.4,100.0,0.57,0.471,-0.208
1759168787571,2025-09-30 01:59:47.571,11.01,35.0,1.0,0.08,0.05,100,100,30.87,22.88,100.0,-0.1,0.463,-0.198
1759168792571,2025-09-30 01:59:52.571,11.6,35.0,1.0,0.08,0.05,100,100,32.0,23.99,100.0,0.22,0.48,-0.22
1759168797571,2025-09-30 01:59:57.571,13.23,35.0,1.0,0.08,0.05,100,100,31.4,23.4,100.0,-0.12,0.471,-0.208
1759168802571,2025-09-30 02:00:02.571,9.93,35.0,1.0,0.08,0.05,100,100,29.75,21.77,100.0,-0.33,0.446,-0.175
1759168807571,2025-09-30 02:00:07.571,9.09,35.0,1.0,0.08,0.05,100,100,33.1,25.07,100.0,0.66,0.496,-0.241
1759168812571,2025-09-30 02:00:12.571,6.46,35.0,1.0,0.08,0.05,100,100,33.92,25.91,100.0,0.17,0.509,-0.258
1759168817571,2025-09-30 02:00:17.571,4.76,35.0,1.0,0.08,0.05,100,100,36.57,28.54,100.0,0.53,0.548,-0.311
1759168822571,2025-09-30 02:00:22.571,3.35,35.0,1.0,0.08,0.05,100,100,38.26,30.24,100.0,0.34,0.574,-0.345
1759168827571,2025-09-30 02:00:27.571,4.56,35.0,1.0,0.08,0.05,100,100,39.66,31.65,100.0,0.28,0.595,-0.373
1759168832571,2025-09-30 02:00:32.571,5.5,35.0,1.0,0.08,0.05,100,100,38.43,30.44,100.0,-0.24,0.576,-0.349
1759168837571,2025-09-30 02:00:37.571,4.48,35.0,1.0,0.08,0.05,100,100,37.49,29.5,100.0,-0.19,0.562,-0.33
1759168842571,2025-09-30 02:00:42.571,3.76,35.0,1.0,0.08,0.05,100,100,38.53,30.52,100.0,0.2,0.578,-0.35
1759168847571,2025-09-30 02:00:47.571,4.7,35.0,1.0,0.08,0.05,100,100,39.25,31.24,100.0,0.14,0.589,-0.365
1759168852571,2025-09-30 02:00:52.571,7.71,35.0,1.0,0.08,0.05,100,100,38.29,30.3,100.0,-0.19,0.574,-0.346
1759168857571,2025-09-30 02:00:57.571,9.01,35.0,1.0,0.08,0.05,100,100,35.26,27.29,100.0,-0.6,0.529,-0.286
1759168862571,2025-09-30 02:01:02.571,11.02,35.0,1.0,0.08,0.05,100,100,33.98,25.99,100.0,-0.26,0.51,-0.26
1759168867571,2025-09-30 02:01:07.571,14.52,35.0,1.0,0.08,0.05,100,100,31.96,23.98,100.0,-0.4,0.479,-0.22
1759168872571,2025-09-30 02:01:12.571,16.81,35.0,1.0,0.08,0.05,100,100,28.44,20.48,100.0,-0.7,0.427,-0.15
1759168877571,2025-09-30 02:01:17.571,17.47,35.0,1.0,0.08,0.05,100,100,26.16,18.19,100.0,-0.46,0.392,-0.104
1759168882571,2025-09-30 02:01:22.571,17.07,35.0,1.0,0.08,0.05,100,100,25.52,17.53,100.0,-0.13,0.383,-0.091
1759168887571,2025-09-30 02:01:27.571,15.5,35.0,1.0,0.08,0.05,100,100,25.93,17.93,100.0,0.08,0.389,-0.099
1759168892571,2025-09-30 02:01:32.571,15.78,35.0,1.0,0.08,0.05,100,100,27.51,19.5,100.0,0.31,0.413,-0.13
1759168897571,2025-09-30 02:01:37.571,15.47,35.0,1.0,0.08,0.05,100,100,27.22,19.22,100.0,-0.05,0.408,-0.124
1759168902571,2025-09-30 02:01:42.571,14.08,35.0,1.0,0.08,0.05,100,100,27.54,19.53,100.0,0.06,0.413,-0.131
1759168907571,2025-09-30 02:01:47.571,13.91,35.0,1.0,0.08,0.05,100,100,28.94,20.92,100.0,0.28,0.434,-0.158
1759168912571,2025-09-30 02:01:52.571,17.8,35.0,1.0,0.08,0.05,100,100,29.09,21.09,100.0,0.03,0.436,-0.162
1759168917571,2025-09-30 02:01:57.571,17.19,35.0,1.0,0.08,0.05,100,100,25.16,17.2,100.0,-0.78,0.377,-0.084
1759168922571,2025-09-30 02:02:02.571,16.83,35.0,1.0,0.08,0.05,100,100,25.82,17.81,100.0,0.12,0.387,-0.096
1759168927571,2025-09-30 02:02:07.571,15.91,35.0,1.0,0.08,0.05,100,100,26.17,18.17,100.0,0.07,0.393,-0.103
1759168932571,2025-09-30 02:02:12.571,17.93,35.0,1.0,0.08,0.05,100,100,27.1,19.09,100.0,0.18,0.406,-0.122
1759168937571,2025-09-30 02:02:17.571,19.24,35.0,1.0,0.08,0.05,100,100,25.05,17.07,100.0,-0.4,0.376,-0.081
1759168942571,2025-09-30 02:02:22.571,19.71,35.0,1.0,0.08,0.05,100,100,23.75,15.76,100.0,-0.26,0.356,-0.055
1759168947571,2025-09-30 02:02:27.571,19.35,35.0,1.0,0.08,0.05,100,100,23.29,15.29,100.0,-0.09,0.349,-0.046
1759168952571,2025-09-30 02:02:32.571,16.04,35.0,1.0,0.08,0.05,100,100,23.65,15.65,100.0,0.07,0.355,-0.053
1759168957571,2025-09-30 02:02:37.571,18.92,35.0,1.0,0.08,0.05,100,100,26.99,18.96,100.0,0.66,0.405,-0.119
1759168962571,2025-09-30 02:02:42.571,19.72,35.0,1.0,0.08,0.05,100,100,24.06,16.08,100.0,-0.58,0.361,-0.062
1759168967571,2025-09-30 02:02:47.571,22.86,35.0,1.0,0.08,0.05,100,100,23.27,15.28,100.0,-0.16,0.349,-0.046
1759168972571,2025-09-30 02:02:52.571,22.32,35.0,1.0,0.08,0.05,100,100,20.1,12.14,100.0,-0.63,0.302,0.017
1759168977571,2025-09-30 02:02:57.571,20.34,35.0,1.0,0.08,0.05,100,100,20.68,12.68,100.0,0.11,0.31,0.006
1759168982571,2025-09-30 02:03:02.571,21.61,35.0,1.0,0.08,0.05,100,100,22.68,14.66,100.0,0.4,0.34,-0.033
1759168987571,2025-09-30 02:03:07.571,20.99,35.0,1.0,0.08,0.05,100,100,21.38,13.39,100.0,-0.25,0.321,-0.008
1759168992571,2025-09-30 02:03:12.571,19.24,35.0,1.0,0.08,0.05,100,100,22.02,14.01,100.0,0.12,0.33,-0.02
1759168997571,2025-09-30 02:03:17.571,18.3,35.0,1.0,0.08,0.05,100,100,23.78,15.76,100.0,0.35,0.357,-0.055
1759169002571,2025-09-30 02:03:22.571,14.41,35.0,1.0,0.08,0.05,100,100,24.71,16.7,100.0,0.19,0.371,-0.074
1759169007571,2025-09-30 02:03:27.571,17.81,35.0,1.0,0.08,0.05,100,100,28.63,20.59,100.0,0.78,0.429,-0.152
1759169012571,2025-09-30 02:03:32.571,19.39,35.0,1.0,0.08,0.05,100,100,25.16,17.19,100.0,-0.68,0.377,-0.084
1759169017571,2025-09-30 02:03:37.571,19.19,35.0,1.0,0.08,0.05,100,100,23.6,15.61,100.0,-0.32,0.354,-0.052
1759169022571,2025-09-30 02:03:42.571,20.37,35.0,1.0,0.08,0.05,100,100,23.82,15.81,100.0,0.04,0.357,-0.056
1759169027571,2025-09-30 02:03:47.571,23.1,35.0,1.0,0.08,0.05,100,100,22.61,14.63,100.0,-0.24,0.339,-0.033
1759169032571,2025-09-30 02:03:52.571,23.2,35.0,1.0,0.08,0.05,100,100,19.87,11.9,100.0,-0.54,0.298,0.022
1759169037571,2025-09-30 02:03:57.571,22.18,35.0,1.0,0.08,0.05,100,100,19.8,11.8,100.0,-0.02,0.297,0.024
1759169042571,2025-09-30 02:04:02.571,20.13,35.0,1.0,0.08,0.05,100,100,20.83,12.82,100.0,0.2,0.312,0.004
1759169047571,2025-09-30 02:04:07.571,19.85,35.0,1.0,0.08,0.05,100,100,22.89,14.87,100.0,0.41,0.343,-0.037
1759169052571,2025-09-30 02:04:12.571,16.72,35.0,1.0,0.08,0.05,100,100,23.16,15.15,100.0,0.06,0.347,-0.043
1759169057571,2025-09-30 02:04:17.571,17.03,35.0,1.0,0.08,0.05,100,100,26.31,18.28,100.0,0.63,0.395,-0.106
1759169062571,2025-09-30 02:04:22.571,17.61,35.0,1.0,0.08,0.05,100,100,25.97,17.97,100.0,-0.06,0.39,-0.099
1759169067571,2025-09-30 02:04:27.571,17.06,35.0,1.0,0.08,0.05,100,100,25.39,17.39,100.0,-0.12,0.381,-0.088
1759169072571,2025-09-30 02:04:32.571,18.08,35.0,1.0,0.08,0.05,100,100,25.94,17.94,100.0,0.11,0.389,-0.099
1759169077571,2025-09-30 02:04:37.571,18.16,35.0,1.0,0.08,0.05,100,100,24.91,16.92,100.0,-0.2,0.374,-0.078
1759169082571,2025-09-30 02:04:42.571,18.65,35.0,1.0,0.08,0.05,100,100,24.84,16.84,100.0,-0.02,0.373,-0.077
1759169087571,2025-09-30 02:04:47.571,21.13,35.0,1.0,0.08,0.05,100,100,24.35,16.35,100.0,-0.1,0.365,-0.067
1759169092571,2025-09-30 02:04:52.571,21.87,35.0,1.0,0.08,0.05,100,100,21.85,13.87,100.0,-0.5,0.328,-0.017
1759169097571,2025-09-30 02:04:57.571,23.21,35.0,1.0,0.08,0.05,100,100,21.12,13.13,100.0,-0.15,0.317,-0.003
1759169102571,2025-09-30 02:05:02.571,24.69,35.0,1.0,0.08,0.05,100,100,19.78,11.79,100.0,-0.27,0.297,0.024
1759169107571,2025-09-30 02:05:07.571,25.62,35.0,1.0,0.08,0.05,100,100,18.29,10.31,100.0,-0.3,0.274,0.054
1759169112571,2025-09-30 02:05:12.571,25.93,35.0,1.0,0.08,0.05,100,100,17.37,9.38,100.0,-0.19,0.261,0.072
1759169117571,2025-09-30 02:05:17.571,27.28,35.0,1.0,0.08,0.05,100,100,17.07,9.07,100.0,-0.06,0.256,0.079
1759169122571,2025-09-30 02:05:22.571,25.12,35.0,1.0,0.08,0.05,100,100,15.7,7.72,100.0,-0.27,0.236,0.106
1759169127571,2025-09-30 02:05:27.571,23.39,35.0,1.0,0.08,0.05,100,100,17.9,9.88,100.0,0.43,0.268,0.062
1759169132571,2025-09-30 02:05:32.571,22.15,35.0,1.0,0.08,0.05,100,100,19.62,11.61,100.0,0.35,0.294,0.028
1759169137571,2025-09-30 02:05:37.571,21.28,35.0,1.0,0.08,0.05,100,100,20.86,12.85,100.0,0.25,0.313,0.003
1759169142571,2025-09-30 02:05:42.571,22.2,35.0,1.0,0.08,0.05,100,100,21.73,13.72,100.0,0.17,0.326,-0.014
1759169147571,2025-09-30 02:05:47.571,24.09,35.0,1.0,0.08,0.05,100,100,20.8,12.8,100.0,-0.18,0.312,0.004
1759169152571,2025-09-30 02:05:52.571,22.29,35.0,1.0,0.08,0.05,100,100,18.89,10.91,100.0,-0.38,0.283,0.042
1759169157571,2025-09-30 02:05:57.571,21.83,35.0,1.0,0.08,0.05,100,100,20.73,12.71,100.0,0.36,0.311,0.006
1759169162571,2025-09-30 02:06:02.571,22.42,35.0,1.0,0.08,0.05,100,100,21.18,13.17,100.0,0.09,0.318,-0.003
1759169167571,2025-09-30 02:06:07.571,21.86,35.0,1.0,0.08,0.05,100,100,20.57,12.58,100.0,-0.12,0.309,0.008
1759169172571,2025-09-30 02:06:12.571,20.78,35.0,1.0,0.08,0.05,100,100,21.14,13.14,100.0,0.11,0.317,-0.003
1759169177571,2025-09-30 02:06:17.571,22.84,35.0,1.0,0.08,0.05,100,100,22.23,14.22,100.0,0.22,0.333,-0.024
1759169182571,2025-09-30 02:06:22.571,23.21,35.0,1.0,0.08,0.05,100,100,20.14,12.16,100.0,-0.41,0.302,0.017
1759169187571,2025-09-30 02:06:27.571,24.36,35.0,1.0,0.08,0.05,100,100,19.79,11.79,100.0,-0.07,0.297,0.024
1759169192571,2025-09-30 02:06:32.571,23.48,35.0,1.0,0.08,0.05,100,100,18.63,10.64,100.0,-0.23,0.28,0.047
1759169197571,2025-09-30 02:06:37.571,22.81,35.0,1.0,0.08,0.05,100,100,19.53,11.52,100.0,0.18,0.293,0.03
1759169202571,2025-09-30 02:06:42.571,19.8,35.0,1.0,0.08,0.05,100,100,20.19,12.19,100.0,0.13,0.303,0.016
1759169207571,2025-09-30 02:06:47.571,21.53,35.0,1.0,0.08,0.05,100,100,23.23,15.2,100.0,0.6,0.349,-0.044
1759169212571,2025-09-30 02:06:52.571,20.06,35.0,1.0,0.08,0.05,100,100,21.46,13.47,100.0,-0.35,0.322,-0.009
1759169217571,2025-09-30 02:06:57.571,21.63,35.0,1.0,0.08,0.05,100,100,22.96,14.94,100.0,0.29,0.344,-0.039
1759169222571,2025-09-30 02:07:02.571,21.3,35.0,1.0,0.08,0.05,100,100,21.36,13.37,100.0,-0.31,0.32,-0.007
1759169227571,2025-09-30 02:07:07.571,21.2,35.0,1.0,0.08,0.05,100,100,21.7,13.7,100.0,0.07,0.326,-0.014
1759169232571,2025-09-30 02:07:12.571,22.01,35.0,1.0,0.08,0.05,100,100,21.8,13.8,100.0,0.02,0.327,-0.016
1759169237571,2025-09-30 02:07:17.571,22.24,35.0,1.0,0.08,0.05,100,100,20.99,12.99,100.0,-0.16,0.315,0.0
1759169242571,2025-09-30 02:07:22.571,20.63,35.0,1.0,0.08,0.05,100,100,20.76,12.76,100.0,-0.05,0.311,0.005
1759169247571,2025-09-30 02:07:27.571,18.4,35.0,1.0,0.08,0.05,100,100,22.39,14.37,100.0,0.32,0.336,-0.027
1759169252571,2025-09-30 02:07:32.571,17.51,35.0,1.0,0.08,0.05,100,100,24.62,16.6,100.0,0.44,0.369,-0.072
1759169257571,2025-09-30 02:07:37.571,18.5,35.0,1.0,0.08,0.05,100,100,25.49,17.49,100.0,0.18,0.382,-0.09
1759169262571,2025-09-30 02:07:42.571,18.79,35.0,1.0,0.08,0.05,100,100,24.49,16.5,100.0,-0.2,0.367,-0.07
1759169267571,2025-09-30 02:07:47.571,20.33,35.0,1.0,0.08,0.05,100,100,24.21,16.21,100.0,-0.06,0.363,-0.064
1759169272571,2025-09-30 02:07:52.571,17.11,35.0,1.0,0.08,0.05,100,100,22.66,14.67,100.0,-0.31,0.34,-0.033
1759169277571,2025-09-30 02:07:57.571,18.09,35.0,1.0,0.08,0.05,100,100,25.93,17.89,100.0,0.64,0.389,-0.098
1759169282571,2025-09-30 02:08:02.571,17.89,35.0,1.0,0.08,0.05,100,100,24.9,16.91,100.0,-0.2,0.373,-0.078
1759169287571,2025-09-30 02:08:07.571,15.25,35.0,1.0,0.08,0.05,100,100,25.12,17.11,100.0,0.04,0.377,-0.082
1759169292571,2025-09-30 02:08:12.571,12.84,35.0,1.0,0.08,0.05,100,100,27.77,19.75,100.0,0.53,0.417,-0.135
1759169297571,2025-09-30 02:08:17.571,10.8,35.0,1.0,0.08,0.05,100,100,30.18,22.16,100.0,0.48,0.453,-0.183
1759169302571,2025-09-30 02:08:22.571,13.05,35.0,1.0,0.08,0.05,100,100,32.22,24.2,100.0,0.41,0.483,-0.224
1759169307571,2025-09-30 02:08:27.571,11.63,35.0,1.0,0.08,0.05,100,100,29.92,21.95,100.0,-0.45,0.449,-0.179
1759169312571,2025-09-30 02:08:32.571,14.17,35.0,1.0,0.08,0.05,100,100,31.39,23.37,100.0,0.29,0.471,-0.207
1759169317571,2025-09-30 02:08:37.571,15.27,35.0,1.0,0.08,0.05,100,100,28.81,20.83,100.0,-0.51,0.432,-0.157
1759169322571,2025-09-30 02:08:42.571,14.64,35.0,1.0,0.08,0.05,100,100,27.72,19.73,100.0,-0.22,0.416,-0.135
1759169327571,2025-09-30 02:08:47.571,16.26,35.0,1.0,0.08,0.05,100,100,28.36,20.36,100.0,0.12,0.425,-0.147
1759169332571,2025-09-30 02:08:52.571,16.08,35.0,1.0,0.08,0.05,100,100,26.72,18.74,100.0,-0.32,0.401,-0.115
1759169337571,2025-09-30 02:08:57.571,16.28,35.0,1.0,0.08,0.05,100,100,26.93,18.92,100.0,0.04,0.404,-0.118
1759169342571,2025-09-30 02:09:02.571,15.07,35.0,1.0,0.08,0.05,100,100,26.72,18.72,100.0,-0.04,0.401,-0.114
1759169347571,2025-09-30 02:09:07.571,15.23,35.0,1.0,0.08,0.05,100,100,27.94,19.93,100.0,0.24,0.419,-0.139
1759169352571,2025-09-30 02:09:12.571,14.44,35.0,1.0,0.08,0.05,100,100,27.77,19.77,100.0,-0.03,0.417,-0.135
1759169357571,2025-09-30 02:09:17.571,15.0,35.0,1.0,0.08,0.05,100,100,28.57,20.56,100.0,0.16,0.429,-0.151
1759169362571,2025-09-30 02:09:22.571,15.99,35.0,1.0,0.08,0.05,100,100,27.99,20.0,100.0,-0.11,0.42,-0.14
1759169367571,2025-09-30 02:09:27.571,18.73,35.0,1.0,0.08,0.05,100,100,27.0,19.01,100.0,-0.2,0.405,-0.12
1759169372571,2025-09-30 02:09:32.571,17.31,35.0,1.0,0.08,0.05,100,100,24.24,16.27,100.0,-0.55,0.364,-0.065
1759169377571,2025-09-30 02:09:37.571,17.55,35.0,1.0,0.08,0.05,100,100,25.7,17.69,100.0,0.28,0.385,-0.094
1759169382571,2025-09-30 02:09:42.571,20.12,35.0,1.0,0.08,0.05,100,100,25.45,17.45,100.0,-0.05,0.382,-0.089
1759169387571,2025-09-30 02:09:47.571,19.55,35.0,1.0,0.08,0.05,100,100,22.86,14.88,100.0,-0.51,0.343,-0.038
1759169392571,2025-09-30 02:09:52.571,20.52,35.0,1.0,0.08,0.05,100,100,23.45,15.45,100.0,0.11,0.352,-0.049
1759169397571,2025-09-30 02:09:57.571,18.91,35.0,1.0,0.08,0.05,100,100,22.47,14.48,100.0,-0.19,0.337,-0.03
1759169402571,2025-09-30 02:10:02.571,17.69,35.0,1.0,0.08,0.05,100,100,24.11,16.09,100.0,0.32,0.362,-0.062
1759169407571,2025-09-30 02:10:07.571,18.39,35.0,1.0,0.08,0.05,100,100,25.32,17.31,100.0,0.24,0.38,-0.086
1759169412571,2025-09-30 02:10:12.571,17.27,35.0,1.0,0.08,0.05,100,100,24.6,16.61,100.0,-0.14,0.369,-0.072
1759169417571,2025-09-30 02:10:17.571,17.81,35.0,1.0,0.08,0.05,100,100,25.75,17.73,100.0,0.23,0.386,-0.095
1759169422571,2025-09-30 02:10:22.571,18.75,35.0,1.0,0.08,0.05,100,100,25.19,17.19,100.0,-0.11,0.378,-0.084
1759169427571,2025-09-30 02:10:27.571,18.51,35.0,1.0,0.08,0.05,100,100,24.24,16.25,100.0,-0.19,0.364,-0.065
1759169432571,2025-09-30 02:10:32.571,18.49,35.0,1.0,0.08,0.05,100,100,24.49,16.49,100.0,0.05,0.367,-0.07
1759169437571,2025-09-30 02:10:37.571,18.22,35.0,1.0,0.08,0.05,100,100,24.51,16.51,100.0,0.01,0.368,-0.07
1759169442571,2025-09-30 02:10:42.571,18.94,35.0,1.0,0.08,0.05,100,100,24.78,16.78,100.0,0.05,0.372,-0.076
1759169447571,2025-09-30 02:10:47.571,19.52,35.0,1.0,0.08,0.05,100,100,24.05,16.06,100.0,-0.14,0.361,-0.061
1759169452571,2025-09-30 02:10:52.571,17.05,35.0,1.0,0.08,0.05,100,100,23.48,15.48,100.0,-0.11,0.352,-0.05
1759169457571,2025-09-30 02:10:57.571,19.81,35.0,1.0,0.08,0.05,100,100,25.97,17.95,100.0,0.49,0.39,-0.099
1759169462571,2025-09-30 02:11:02.571,20.64,35.0,1.0,0.08,0.05,100,100,23.16,15.19,100.0,-0.55,0.347,-0.044
1759169467571,2025-09-30 02:11:07.571,20.75,35.0,1.0,0.08,0.05,100,100,22.35,14.36,100.0,-0.17,0.335,-0.027
1759169472571,2025-09-30 02:11:12.571,24.27,35.0,1.0,0.08,0.05,100,100,22.25,14.25,100.0,-0.02,0.334,-0.025
1759169477571,2025-09-30 02:11:17.571,21.39,35.0,1.0,0.08,0.05,100,100,18.69,10.73,100.0,-0.71,0.28,0.045
1759169482571,2025-09-30 02:11:22.571,21.55,35.0,1.0,0.08,0.05,100,100,21.64,13.61,100.0,0.58,0.325,-0.012
1759169487571,2025-09-30 02:11:27.571,22.08,35.0,1.0,0.08,0.05,100,100,21.45,13.45,100.0,-0.03,0.322,-0.009
1759169492571,2025-09-30 02:11:32.571,20.3,35.0,1.0,0.08,0.05,100,100,20.92,12.92,100.0,-0.11,0.314,0.002
1759169497571,2025-09-30 02:11:37.571,20.87,35.0,1.0,0.08,0.05,100,100,22.72,14.7,100.0,0.36,0.341,-0.034
1759169502571,2025-09-30 02:11:42.571,19.38,35.0,1.0,0.08,0.05,100,100,22.12,14.13,100.0,-0.11,0.332,-0.023
1759169507571,2025-09-30 02:11:47.571,20.52,35.0,1.0,0.08,0.05,100,100,23.64,15.62,100.0,0.3,0.355,-0.052
1759169512571,2025-09-30 02:11:52.571,19.18,35.0,1.0,0.08,0.05,100,100,22.46,14.48,100.0,-0.23,0.337,-0.03
1759169517571,2025-09-30 02:11:57.571,19.9,35.0,1.0,0.08,0.05,100,100,23.84,15.82,100.0,0.27,0.358,-0.056
1759169522571,2025-09-30 02:12:02.571,18.59,35.0,1.0,0.08,0.05,100,100,23.09,15.1,100.0,-0.14,0.346,-0.042
1759169527571,2025-09-30 02:12:07.571,18.59,35.0,1.0,0.08,0.05,100,100,24.43,16.41,100.0,0.26,0.366,-0.068
1759169532571,2025-09-30 02:12:12.571,17.47,35.0,1.0,0.08,0.05,100,100,24.41,16.41,100.0,-0.0,0.366,-0.068
1759169537571,2025-09-30 02:12:17.571,15.77,35.0,1.0,0.08,0.05,100,100,25.54,17.53,100.0,0.22,0.383,-0.091
1759169542571,2025-09-30 02:12:22.571,14.5,35.0,1.0,0.08,0.05,100,100,27.25,19.23,100.0,0.34,0.409,-0.125
1759169547571,2025-09-30 02:12:27.571,17.06,35.0,1.0,0.08,0.05,100,100,28.51,20.5,100.0,0.25,0.428,-0.15
1759169552571,2025-09-30 02:12:32.571,16.61,35.0,1.0,0.08,0.05,100,100,25.92,17.94,100.0,-0.51,0.389,-0.099
1759169557571,2025-09-30 02:12:37.571,18.39,35.0,1.0,0.08,0.05,100,100,26.39,18.39,100.0,0.09,0.396,-0.108
1759169562571,2025-09-30 02:12:42.571,19.61,35.0,1.0,0.08,0.05,100,100,24.59,16.61,100.0,-0.36,0.369,-0.072
1759169567571,2025-09-30 02:12:47.571,19.53,35.0,1.0,0.08,0.05,100,100,23.37,15.39,100.0,-0.24,0.351,-0.048
1759169572571,2025-09-30 02:12:52.571,20.88,35.0,1.0,0.08,0.05,100,100,23.47,15.47,100.0,0.02,0.352,-0.049
1759169577571,2025-09-30 02:12:57.571,19.86,35.0,1.0,0.08,0.05,100,100,22.11,14.12,100.0,-0.27,0.332,-0.022
1759169582571,2025-09-30 02:13:02.571,20.26,35.0,1.0,0.08,0.05,100,100,23.15,15.14,100.0,0.2,0.347,-0.043
1759169587571,2025-09-30 02:13:07.571,19.92,35.0,1.0,0.08,0.05,100,100,22.73,14.74,100.0,-0.08,0.341,-0.035
1759169592571,2025-09-30 02:13:12.571,18.96,35.0,1.0,0.08,0.05,100,100,23.08,15.08,100.0,0.07,0.346,-0.042
1759169597571,2025-09-30 02:13:17.571,20.97,35.0,1.0,0.08,0.05,100,100,24.05,16.04,100.0,0.19,0.361,-0.061
1759169602571,2025-09-30 02:13:22.571,19.64,35.0,1.0,0.08,0.05,100,100,22.01,14.03,100.0,-0.4,0.33,-0.021
1759169607571,2025-09-30 02:13:27.571,21.28,35.0,1.0,0.08,0.05,100,100,23.37,15.36,100.0,0.27,0.351,-0.047
1759169612571,2025-09-30 02:13:32.571,22.79,35.0,1.0,0.08,0.05,100,100,21.7,13.72,100.0,-0.33,0.326,-0.014
1759169617571,2025-09-30 02:13:37.571,22.36,35.0,1.0,0.08,0.05,100,100,20.2,12.21,100.0,-0.3,0.303,0.016
1759169622571,2025-09-30 02:13:42.571,22.88,35.0,1.0,0.08,0.05,100,100,20.64,12.64,100.0,0.08,0.31,0.007
1759169627571,2025-09-30 02:13:47.571,19.85,35.0,1.0,0.08,0.05,100,100,20.12,12.12,100.0,-0.1,0.302,0.018
1759169632571,2025-09-30 02:13:52.571,21.02,35.0,1.0,0.08,0.05,100,100,23.18,15.15,100.0,0.61,0.348,-0.043
1759169637571,2025-09-30 02:13:57.571,22.52,35.0,1.0,0.08,0.05,100,100,21.97,13.98,100.0,-0.23,0.33,-0.02
1759169642571,2025-09-30 02:14:02.571,23.51,35.0,1.0,0.08,0.05,100,100,20.47,12.48,100.0,-0.3,0.307,0.01
1759169647571,2025-09-30 02:14:07.571,23.45,35.0,1.0,0.08,0.05,100,100,19.48,11.49,100.0,-0.2,0.292,0.03
1759169652571,2025-09-30 02:14:12.571,23.5,35.0,1.0,0.08,0.05,100,100,19.55,11.55,100.0,0.01,0.293,0.029
1759169657571,2025-09-30 02:14:17.571,22.87,35.0,1.0,0.08,0.05,100,100,19.5,11.5,100.0,-0.01,0.292,0.03
1759169662571,2025-09-30 02:14:22.571,19.99,35.0,1.0,0.08,0.05,100,100,20.14,12.13,100.0,0.13,0.302,0.017
1759169667571,2025-09-30 02:14:27.571,20.11,35.0,1.0,0.08,0.05,100,100,23.04,15.01,100.0,0.58,0.346,-0.04
1759169672571,2025-09-30 02:14:32.571,22.13,35.0,1.0,0.08,0.05,100,100,22.89,14.89,100.0,-0.02,0.343,-0.038
1759169677571,2025-09-30 02:14:37.571,22.24,35.0,1.0,0.08,0.05,100,100,20.85,12.87,100.0,-0.4,0.313,0.003
1759169682571,2025-09-30 02:14:42.571,19.39,35.0,1.0,0.08,0.05,100,100,20.76,12.76,100.0,-0.02,0.311,0.005
1759169687571,2025-09-30 02:14:47.571,20.96,35.0,1.0,0.08,0.05,100,100,23.63,15.61,100.0,0.57,0.355,-0.052
1759169692571,2025-09-30 02:14:52.571,19.48,35.0,1.0,0.08,0.05,100,100,22.02,14.04,100.0,-0.31,0.33,-0.021
1759169697571,2025-09-30 02:14:57.571,18.48,35.0,1.0,0.08,0.05,100,100,23.53,15.52,100.0,0.3,0.353,-0.05
1759169702571,2025-09-30 02:15:02.571,17.38,35.0,1.0,0.08,0.05,100,100,24.53,16.52,100.0,0.2,0.368,-0.07
1759169707571,2025-09-30 02:15:07.571,15.59,35.0,1.0,0.08,0.05,100,100,25.63,17.62,100.0,0.22,0.385,-0.092
1759169712571,2025-09-30 02:15:12.571,15.62,35.0,1.0,0.08,0.05,100,100,27.43,19.41,100.0,0.36,0.411,-0.128
1759169717571,2025-09-30 02:15:17.571,15.98,35.0,1.0,0.08,0.05,100,100,27.38,19.38,100.0,-0.01,0.411,-0.128
1759169722571,2025-09-30 02:15:22.571,17.46,35.0,1.0,0.08,0.05,100,100,27.02,19.02,100.0,-0.07,0.405,-0.12
1759169727571,2025-09-30 02:15:27.571,15.75,35.0,1.0,0.08,0.05,100,100,25.53,17.54,100.0,-0.3,0.383,-0.091
1759169732571,2025-09-30 02:15:32.571,15.81,35.0,1.0,0.08,0.05,100,100,27.27,19.25,100.0,0.34,0.409,-0.125
1759169737571,2025-09-30 02:15:37.571,14.91,35.0,1.0,0.08,0.05,100,100,27.19,19.19,100.0,-0.01,0.408,-0.124
1759169742571,2025-09-30 02:15:42.571,13.52,35.0,1.0,0.08,0.05,100,100,28.1,20.09,100.0,0.18,0.422,-0.142
1759169747571,2025-09-30 02:15:47.571,13.73,35.0,1.0,0.08,0.05,100,100,29.49,21.48,100.0,0.28,0.442,-0.17
1759169752571,2025-09-30 02:15:52.571,13.02,35.0,1.0,0.08,0.05,100,100,29.26,21.27,100.0,-0.04,0.439,-0.165
1759169757571,2025-09-30 02:15:57.571,11.74,35.0,1.0,0.08,0.05,100,100,29.98,21.98,100.0,0.14,0.45,-0.18
1759169762571,2025-09-30 02:16:02.571,11.18,35.0,1.0,0.08,0.05,100,100,31.28,23.26,100.0,0.26,0.469,-0.205
1759169767571,2025-09-30 02:16:07.571,9.14,35.0,1.0,0.08,0.05,100,100,31.82,23.82,100.0,0.11,0.477,-0.216
1759169772571,2025-09-30 02:16:12.571,6.97,35.0,1.0,0.08,0.05,100,100,33.88,25.86,100.0,0.41,0.508,-0.257
1759169777571,2025-09-30 02:16:17.571,9.2,35.0,1.0,0.08,0.05,100,100,36.05,28.03,100.0,0.44,0.541,-0.301
1759169782571,2025-09-30 02:16:22.571,6.96,35.0,1.0,0.08,0.05,100,100,33.78,25.8,100.0,-0.45,0.507,-0.256
1759169787571,2025-09-30 02:16:27.571,8.47,35.0,1.0,0.08,0.05,100,100,36.06,28.04,100.0,0.45,0.541,-0.301
1759169792571,2025-09-30 02:16:32.571,9.33,35.0,1.0,0.08,0.05,100,100,34.51,26.53,100.0,-0.3,0.518,-0.271
1759169797571,2025-09-30 02:16:37.571,7.67,35.0,1.0,0.08,0.05,100,100,33.66,25.67,100.0,-0.17,0.505,-0.253
1759169802571,2025-09-30 02:16:42.571,5.61,35.0,1.0,0.08,0.05,100,100,35.35,27.33,100.0,0.33,0.53,-0.287
1759169807571,2025-09-30 02:16:47.571,5.51,35.0,1.0,0.08,0.05,100,100,37.41,29.39,100.0,0.41,0.561,-0.328
1759169812571,2025-09-30 02:16:52.571,6.8,35.0,1.0,0.08,0.05,100,100,37.49,29.49,100.0,0.02,0.562,-0.33
1759169817571,2025-09-30 02:16:57.571,5.29,35.0,1.0,0.08,0.05,100,100,36.19,28.2,100.0,-0.26,0.543,-0.304
1759169822571,2025-09-30 02:17:02.571,5.7,35.0,1.0,0.08,0.05,100,100,37.72,29.71,100.0,0.3,0.566,-0.334
1759169827571,2025-09-30 02:17:07.571,7.01,35.0,1.0,0.08,0.05,100,100,37.29,29.3,100.0,-0.08,0.559,-0.326
1759169832571,2025-09-30 02:17:12.571,4.8,35.0,1.0,0.08,0.05,100,100,35.98,27.99,100.0,-0.26,0.54,-0.3
1759169837571,2025-09-30 02:17:17.571,6.54,35.0,1.0,0.08,0.05,100,100,38.22,30.2,100.0,0.44,0.573,-0.344
1759169842571,2025-09-30 02:17:22.571,7.82,35.0,1.0,0.08,0.05,100,100,36.44,28.46,100.0,-0.35,0.547,-0.309
1759169847571,2025-09-30 02:17:27.571,7.17,35.0,1.0,0.08,0.05,100,100,35.17,27.18,100.0,-0.26,0.528,-0.284
1759169852571,2025-09-30 02:17:32.571,8.48,35.0,1.0,0.08,0.05,100,100,35.83,27.83,100.0,0.13,0.538,-0.297
1759169857571,2025-09-30 02:17:37.571,7.47,35.0,1.0,0.08,0.05,100,100,34.51,26.52,100.0,-0.26,0.518,-0.27
1759169862571,2025-09-30 02:17:42.571,6.81,35.0,1.0,0.08,0.05,100,100,35.54,27.53,100.0,0.2,0.533,-0.291
1759169867571,2025-09-30 02:17:47.571,7.39,35.0,1.0,0.08,0.05,100,100,36.2,28.19,100.0,0.13,0.543,-0.304
1759169872571,2025-09-30 02:17:52.571,8.5,35.0,1.0,0.08,0.05,100,100,35.61,27.61,100.0,-0.12,0.534,-0.292
1759169877571,2025-09-30 02:17:57.571,7.08,35.0,1.0,0.08,0.05,100,100,34.49,26.5,100.0,-0.22,0.517,-0.27
1759169882571,2025-09-30 02:18:02.571,6.38,35.0,1.0,0.08,0.05,100,100,35.93,27.92,100.0,0.28,0.539,-0.298
1759169887571,2025-09-30 02:18:07.571,5.95,35.0,1.0,0.08,0.05,100,100,36.63,28.62,100.0,0.14,0.549,-0.312
1759169892571,2025-09-30 02:18:12.571,4.48,35.0,1.0,0.08,0.05,100,100,37.06,29.05,100.0,0.09,0.556,-0.321
1759169897571,2025-09-30 02:18:17.571,4.04,35.0,1.0,0.08,0.05,100,100,38.53,30.52,100.0,0.29,0.578,-0.35
1759169902571,2025-09-30 02:18:22.571,2.02,35.0,1.0,0.08,0.05,100,100,38.97,30.96,100.0,0.09,0.585,-0.359
1759169907571,2025-09-30 02:18:27.571,2.44,35.0,1.0,0.08,0.05,100,100,41.0,32.98,100.0,0.4,0.615,-0.4
1759169912571,2025-09-30 02:18:32.571,3.12,35.0,1.0,0.08,0.05,100,100,40.56,32.56,100.0,-0.08,0.608,-0.391
1759169917571,2025-09-30 02:18:37.571,3.46,35.0,1.0,0.08,0.05,100,100,39.87,31.88,100.0,-0.14,0.598,-0.378
1759169922571,2025-09-30 02:18:42.571,2.99,35.0,1.0,0.08,0.05,100,100,39.54,31.54,100.0,-0.07,0.593,-0.371
1759169927571,2025-09-30 02:18:47.571,0.56,35.0,1.0,0.08,0.05,100,100,40.01,32.01,100.0,0.09,0.6,-0.38
1759169932571,2025-09-30 02:18:52.571,0.96,35.0,1.0,0.08,0.05,100,100,42.47,34.44,100.0,0.49,0.637,-0.429
1759169937571,2025-09-30 02:18:57.571,1.0,35.0,1.0,0.08,0.05,100,100,42.03,34.04,100.0,-0.08,0.631,-0.421
1759169942571,2025-09-30 02:19:02.571,-0.25,35.0,1.0,0.08,0.05,100,100,42.0,34.0,100.0,-0.01,0.63,-0.42
1759169947571,2025-09-30 02:19:07.571,0.48,35.0,1.0,0.08,0.05,100,100,43.26,35.25,100.0,0.25,0.649,-0.445
1759169952571,2025-09-30 02:19:12.571,-1.83,35.0,1.0,0.08,0.05,100,100,42.51,34.52,100.0,-0.15,0.638,-0.43
1759169957571,2025-09-30 02:19:17.571,-0.44,35.0,1.0,0.08,0.05,100,100,44.85,36.83,100.0,0.46,0.673,-0.477
1759169962571,2025-09-30 02:19:22.571,-2.02,35.0,1.0,0.08,0.05,100,100,43.43,35.44,100.0,-0.28,0.651,-0.449
1759169967571,2025-09-30 02:19:27.571,-2.46,35.0,1.0,0.08,0.05,100,100,45.04,37.02,100.0,0.32,0.676,-0.48
1759169972571,2025-09-30 02:19:32.571,-4.6,35.0,1.0,0.08,0.05,100,100,45.47,37.46,100.0,0.09,0.682,-0.489
1759169977571,2025-09-30 02:19:37.571,-3.62,35.0,1.0,0.08,0.05,100,100,47.62,39.6,100.0,0.43,0.714,-0.532
1759169982571,2025-09-30 02:19:42.571,-4.25,35.0,1.0,0.08,0.05,100,100,46.61,38.62,100.0,-0.2,0.699,-0.512
1759169987571,2025-09-30 02:19:47.571,-4.45,35.0,1.0,0.08,0.05,100,100,47.26,39.25,100.0,0.13,0.709,-0.525
1759169992571,2025-09-30 02:19:52.571,-3.81,35.0,1.0,0.08,0.05,100,100,47.45,39.45,100.0,0.04,0.712,-0.529
1759169997571,2025-09-30 02:19:57.571,-2.71,35.0,1.0,0.08,0.05,100,100,46.8,38.81,100.0,-0.13,0.702,-0.516
1759170002571,2025-09-30 02:20:02.571,-1.9,35.0,1.0,0.08,0.05,100,100,45.7,37.71,100.0,-0.22,0.685,-0.494
1759170007571,2025-09-30 02:20:07.571,-1.44,35.0,1.0,0.08,0.05,100,100,44.89,36.9,100.0,-0.16,0.673,-0.478
1759170012571,2025-09-30 02:20:12.571,-4.8,35.0,1.0,0.08,0.05,100,100,44.43,36.44,100.0,-0.09,0.666,-0.469
1759170017571,2025-09-30 02:20:17.571,-5.48,35.0,1.0,0.08,0.05,100,100,47.83,39.8,100.0,0.67,0.717,-0.536
1759170022571,2025-09-30 02:20:22.571,-5.81,35.0,1.0,0.08,0.05,100,100,48.48,40.48,100.0,0.14,0.727,-0.55
1759170027571,2025-09-30 02:20:27.571,-5.69,35.0,1.0,0.08,0.05,100,100,48.81,40.81,100.0,0.07,0.732,-0.556
1759170032571,2025-09-30 02:20:32.571,-6.25,35.0,1.0,0.08,0.05,100,100,48.68,40.69,100.0,-0.02,0.73,-0.554
1759170037571,2025-09-30 02:20:37.571,-2.38,35.0,1.0,0.08,0.05,100,100,49.26,41.25,100.0,0.11,0.739,-0.565
1759170042571,2025-09-30 02:20:42.571,-0.31,35.0,1.0,0.08,0.05,100,100,45.34,37.38,100.0,-0.77,0.68,-0.488
1759170047571,2025-09-30 02:20:47.571,0.02,35.0,1.0,0.08,0.05,100,100,43.29,35.31,100.0,-0.41,0.649,-0.446
1759170052571,2025-09-30 02:20:52.571,-1.07,35.0,1.0,0.08,0.05,100,100,42.98,34.98,100.0,-0.07,0.645,-0.44
1759170057571,2025-09-30 02:20:57.571,-2.03,35.0,1.0,0.08,0.05,100,100,44.08,36.07,100.0,0.22,0.661,-0.461
1759170062571,2025-09-30 02:21:02.571,-1.22,35.0,1.0,0.08,0.05,100,100,45.04,37.03,100.0,0.19,0.676,-0.481
1759170067571,2025-09-30 02:21:07.571,-2.37,35.0,1.0,0.08,0.05,100,100,44.21,36.22,100.0,-0.16,0.663,-0.464
1759170072571,2025-09-30 02:21:12.571,-5.5,35.0,1.0,0.08,0.05,100,100,45.38,37.37,100.0,0.23,0.681,-0.487
1759170077571,2025-09-30 02:21:17.571,-3.7,35.0,1.0,0.08,0.05,100,100,48.53,40.5,100.0,0.63,0.728,-0.55
1759170082571,2025-09-30 02:21:22.571,-2.78,35.0,1.0,0.08,0.05,100,100,46.69,38.7,100.0,-0.36,0.7,-0.514
1759170087571,2025-09-30 02:21:27.571,-2.05,35.0,1.0,0.08,0.05,100,100,45.77,37.78,100.0,-0.18,0.687,-0.496
1759170092571,2025-09-30 02:21:32.571,-0.2,35.0,1.0,0.08,0.05,100,100,45.04,37.05,100.0,-0.15,0.676,-0.481
1759170097571,2025-09-30 02:21:37.571,-1.4,35.0,1.0,0.08,0.05,100,100,43.19,35.2,100.0,-0.37,0.648,-0.444
1759170102571,2025-09-30 02:21:42.571,-0.9,35.0,1.0,0.08,0.05,100,100,44.41,36.4,100.0,0.24,0.666,-0.468
1759170107571,2025-09-30 02:21:47.571,-2.86,35.0,1.0,0.08,0.05,100,100,43.89,35.9,100.0,-0.1,0.658,-0.458
1759170112571,2025-09-30 02:21:52.571,-3.34,35.0,1.0,0.08,0.05,100,100,45.88,37.86,100.0,0.39,0.688,-0.497
1759170117571,2025-09-30 02:21:57.571,-2.19,35.0,1.0,0.08,0.05,100,100,46.35,38.34,100.0,0.1,0.695,-0.507
1759170122571,2025-09-30 02:22:02.571,-2.57,35.0,1.0,0.08,0.05,100,100,45.17,37.19,100.0,-0.23,0.678,-0.484
1759170127571,2025-09-30 02:22:07.571,-1.63,35.0,1.0,0.08,0.05,100,100,45.58,37.57,100.0,0.08,0.684,-0.491
1759170132571,2025-09-30 02:22:12.571,-1.71,35.0,1.0,0.08,0.05,100,100,44.62,36.63,100.0,-0.19,0.669,-0.473
1759170137571,2025-09-30 02:22:17.571,-1.98,35.0,1.0,0.08,0.05,100,100,44.71,36.71,100.0,0.02,0.671,-0.474
1759170142571,2025-09-30 02:22:22.571,-2.59,35.0,1.0,0.08,0.05,100,100,44.99,36.98,100.0,0.06,0.675,-0.48
1759170147571,2025-09-30 02:22:27.571,-4.07,35.0,1.0,0.08,0.05,100,100,45.59,37.59,100.0,0.12,0.684,-0.492
1759170152571,2025-09-30 02:22:32.571,-4.74,35.0,1.0,0.08,0.05,100,100,47.09,39.07,100.0,0.3,0.706,-0.521
1759170157571,2025-09-30 02:22:37.571,-5.19,35.0,1.0,0.08,0.05,100,100,47.74,39.74,100.0,0.13,0.716,-0.535
1759170162571,2025-09-30 02:22:42.571,-5.19,35.0,1.0,0.08,0.05,100,100,48.19,40.19,100.0,0.09,0.723,-0.544
1759170167571,2025-09-30 02:22:47.571,-5.72,35.0,1.0,0.08,0.05,100,100,48.19,40.19,100.0,0.0,0.723,-0.544
1759170172571,2025-09-30 02:22:52.571,-7.71,35.0,1.0,0.08,0.05,100,100,48.72,40.72,100.0,0.11,0.731,-0.554
1759170177571,2025-09-30 02:22:57.571,-6.71,35.0,1.0,0.08,0.05,100,100,50.73,42.71,100.0,0.4,0.761,-0.594
1759170182571,2025-09-30 02:23:02.571,-4.79,35.0,1.0,0.08,0.05,100,100,49.7,41.71,100.0,-0.2,0.745,-0.574
1759170187571,2025-09-30 02:23:07.571,-7.4,35.0,1.0,0.08,0.05,100,100,47.77,39.79,100.0,-0.38,0.717,-0.536
1759170192571,2025-09-30 02:23:12.571,-6.52,35.0,1.0,0.08,0.05,100,100,50.43,42.4,100.0,0.52,0.756,-0.588
1759170197571,2025-09-30 02:23:17.571,-5.67,35.0,1.0,0.08,0.05,100,100,49.51,41.52,100.0,-0.18,0.743,-0.57
1759170202571,2025-09-30 02:23:22.571,-3.43,35.0,1.0,0.08,0.05,100,100,48.66,40.67,100.0,-0.17,0.73,-0.553
1759170207571,2025-09-30 02:23:27.571,-4.09,35.0,1.0,0.08,0.05,100,100,46.41,38.43,100.0,-0.45,0.696,-0.509
1759170212571,2025-09-30 02:23:32.571,-4.62,35.0,1.0,0.08,0.05,100,100,47.09,39.09,100.0,0.13,0.706,-0.522
1759170217571,2025-09-30 02:23:37.571,-2.78,35.0,1.0,0.08,0.05,100,100,47.63,39.62,100.0,0.11,0.714,-0.532
1759170222571,2025-09-30 02:23:42.571,-2.27,35.0,1.0,0.08,0.05,100,100,45.76,37.78,100.0,-0.37,0.686,-0.496
1759170227571,2025-09-30 02:23:47.571,-2.59,35.0,1.0,0.08,0.05,100,100,45.26,37.27,100.0,-0.1,0.679,-0.485
1759170232571,2025-09-30 02:23:52.571,-4.33,35.0,1.0,0.08,0.05,100,100,45.59,37.59,100.0,0.06,0.684,-0.492
1759170237571,2025-09-30 02:23:57.571,-3.32,35.0,1.0,0.08,0.05,100,100,47.35,39.33,100.0,0.35,0.71,-0.527
1759170242571,2025-09-30 02:24:02.571,-3.83,35.0,1.0,0.08,0.05,100,100,46.31,38.32,100.0,-0.2,0.695,-0.506
1759170247571,2025-09-30 02:24:07.571,-2.37,35.0,1.0,0.08,0.05,100,100,46.83,38.83,100.0,0.1,0.702,-0.517
1759170252571,2025-09-30 02:24:12.571,-2.87,35.0,1.0,0.08,0.05,100,100,45.36,37.37,100.0,-0.29,0.68,-0.487
1759170257571,2025-09-30 02:24:17.571,-4.82,35.0,1.0,0.08,0.05,100,100,45.88,37.87,100.0,0.1,0.688,-0.497
1759170262571,2025-09-30 02:24:22.571,-6.46,35.0,1.0,0.08,0.05,100,100,47.84,39.82,100.0,0.39,0.718,-0.536
1759170267571,2025-09-30 02:24:27.571,-4.08,35.0,1.0,0.08,0.05,100,100,49.47,41.46,100.0,0.33,0.742,-0.569
1759170272571,2025-09-30 02:24:32.571,-2.08,35.0,1.0,0.08,0.05,100,100,47.06,39.08,100.0,-0.48,0.706,-0.522
1759170277571,2025-09-30 02:24:37.571,-3.9,35.0,1.0,0.08,0.05,100,100,45.06,37.08,100.0,-0.4,0.676,-0.482
1759170282571,2025-09-30 02:24:42.571,-6.18,35.0,1.0,0.08,0.05,100,100,46.92,38.9,100.0,0.37,0.704,-0.518
1759170287571,2025-09-30 02:24:47.571,-5.6,35.0,1.0,0.08,0.05,100,100,49.2,41.18,100.0,0.46,0.738,-0.564
1759170292571,2025-09-30 02:24:52.571,-5.8,35.0,1.0,0.08,0.05,100,100,48.59,40.6,100.0,-0.12,0.729,-0.552
1759170297571,2025-09-30 02:24:57.571,-1.96,35.0,1.0,0.08,0.05,100,100,48.81,40.8,100.0,0.04,0.732,-0.556
1759170302571,2025-09-30 02:25:02.571,-2.19,35.0,1.0,0.08,0.05,100,100,44.93,36.96,100.0,-0.77,0.674,-0.479
1759170307571,2025-09-30 02:25:07.571,-2.58,35.0,1.0,0.08,0.05,100,100,45.2,37.19,100.0,0.05,0.678,-0.484
1759170312571,2025-09-30 02:25:12.571,-1.78,35.0,1.0,0.08,0.05,100,100,45.58,37.58,100.0,0.08,0.684,-0.492
1759170317571,2025-09-30 02:25:17.571,-1.99,35.0,1.0,0.08,0.05,100,100,44.77,36.78,100.0,-0.16,0.672,-0.476
1759170322571,2025-09-30 02:25:22.571,-4.29,35.0,1.0,0.08,0.05,100,100,45.0,36.99,100.0,0.04,0.675,-0.48
1759170327571,2025-09-30 02:25:27.571,-4.81,35.0,1.0,0.08,0.05,100,100,47.31,39.29,100.0,0.46,0.71,-0.526
1759170332571,2025-09-30 02:25:32.571,-3.12,35.0,1.0,0.08,0.05,100,100,47.81,39.81,100.0,0.1,0.717,-0.536
1759170337571,2025-09-30 02:25:37.571,-6.88,35.0,1.0,0.08,0.05,100,100,46.1,38.12,100.0,-0.34,0.691,-0.502
1759170342571,2025-09-30 02:25:42.571,-6.96,35.0,1.0,0.08,0.05,100,100,49.92,41.88,100.0,0.75,0.749,-0.578
1759170347571,2025-09-30 02:25:47.571,-8.08,35.0,1.0,0.08,0.05,100,100,49.96,41.96,100.0,0.02,0.749,-0.579
1759170352571,2025-09-30 02:25:52.571,-7.44,35.0,1.0,0.08,0.05,100,100,51.09,43.08,100.0,0.22,0.766,-0.602
1759170357571,2025-09-30 02:25:57.571,-7.41,35.0,1.0,0.08,0.05,100,100,50.43,42.44,100.0,-0.13,0.757,-0.589
1759170362571,2025-09-30 02:26:02.571,-8.36,35.0,1.0,0.08,0.05,100,100,50.41,42.41,100.0,-0.01,0.756,-0.588
1759170367571,2025-09-30 02:26:07.571,-7.73,35.0,1.0,0.08,0.05,100,100,51.37,43.36,100.0,0.19,0.77,-0.607
1759170372571,2025-09-30 02:26:12.571,-7.63,35.0,1.0,0.08,0.05,100,100,50.73,42.73,100.0,-0.12,0.761,-0.595
1759170377571,2025-09-30 02:26:17.571,-9.42,35.0,1.0,0.08,0.05,100,100,50.63,42.63,100.0,-0.02,0.759,-0.593
1759170382571,2025-09-30 02:26:22.571,-9.61,35.0,1.0,0.08,0.05,100,100,52.44,44.42,100.0,0.36,0.787,-0.628
1759170387571,2025-09-30 02:26:27.571,-9.29,35.0,1.0,0.08,0.05,100,100,52.61,44.61,100.0,0.04,0.789,-0.632
1759170392571,2025-09-30 02:26:32.571,-9.35,35.0,1.0,0.08,0.05,100,100,52.29,44.29,100.0,-0.06,0.784,-0.626
1759170397571,2025-09-30 02:26:37.571,-7.0,35.0,1.0,0.08,0.05,100,100,52.35,44.35,100.0,0.01,0.785,-0.627
1759170402571,2025-09-30 02:26:42.571,-7.06,35.0,1.0,0.08,0.05,100,100,49.98,42.0,100.0,-0.47,0.75,-0.58
1759170407571,2025-09-30 02:26:47.571,-4.73,35.0,1.0,0.08,0.05,100,100,50.07,42.06,100.0,0.01,0.751,-0.581
1759170412571,2025-09-30 02:26:52.571,-5.13,35.0,1.0,0.08,0.05,100,100,47.7,39.73,100.0,-0.47,0.716,-0.535
1759170417571,2025-09-30 02:26:57.571,-4.46,35.0,1.0,0.08,0.05,100,100,48.13,40.13,100.0,0.08,0.722,-0.543
1759170422571,2025-09-30 02:27:02.571,-4.63,35.0,1.0,0.08,0.05,100,100,47.45,39.46,100.0,-0.13,0.712,-0.529
1759170427571,2025-09-30 02:27:07.571,-4.17,35.0,1.0,0.08,0.05,100,100,47.63,39.63,100.0,0.03,0.715,-0.533
1759170432571,2025-09-30 02:27:12.571,-4.04,35.0,1.0,0.08,0.05,100,100,47.16,39.17,100.0,-0.09,0.707,-0.523
1759170437571,2025-09-30 02:27:17.571,-2.36,35.0,1.0,0.08,0.05,100,100,47.04,39.04,100.0,-0.03,0.706,-0.521
1759170442571,2025-09-30 02:27:22.571,-2.33,35.0,1.0,0.08,0.05,100,100,45.35,37.36,100.0,-0.34,0.68,-0.487
1759170447571,2025-09-30 02:27:27.571,0.54,35.0,1.0,0.08,0.05,100,100,45.33,37.33,100.0,-0.01,0.68,-0.487
1759170452571,2025-09-30 02:27:32.571,0.37,35.0,1.0,0.08,0.05,100,100,42.43,34.46,100.0,-0.57,0.637,-0.429
1759170457571,2025-09-30 02:27:37.571,-0.01,35.0,1.0,0.08,0.05,100,100,42.64,34.63,100.0,0.03,0.64,-0.433
1759170462571,2025-09-30 02:27:42.571,0.66,35.0,1.0,0.08,0.05,100,100,43.01,35.01,100.0,0.08,0.645,-0.44
1759170467571,2025-09-30 02:27:47.571,2.78,35.0,1.0,0.08,0.05,100,100,42.33,34.34,100.0,-0.14,0.635,-0.427
1759170472571,2025-09-30 02:27:52.571,2.39,35.0,1.0,0.08,0.05,100,100,40.2,32.22,100.0,-0.42,0.603,-0.384
1759170477571,2025-09-30 02:27:57.571,2.88,35.0,1.0,0.08,0.05,100,100,40.61,32.61,100.0,0.08,0.609,-0.392
1759170482571,2025-09-30 02:28:02.571,3.78,35.0,1.0,0.08,0.05,100,100,40.11,32.12,100.0,-0.1,0.602,-0.382
1759170487571,2025-09-30 02:28:07.571,5.27,35.0,1.0,0.08,0.05,100,100,39.21,31.22,100.0,-0.18,0.588,-0.364
1759170492571,2025-09-30 02:28:12.571,7.46,35.0,1.0,0.08,0.05,100,100,37.72,29.73,100.0,-0.3,0.566,-0.335
1759170497571,2025-09-30 02:28:17.571,7.19,35.0,1.0,0.08,0.05,100,100,35.52,27.54,100.0,-0.44,0.533,-0.291
1759170502571,2025-09-30 02:28:22.571,6.35,35.0,1.0,0.08,0.05,100,100,35.81,27.81,100.0,0.05,0.537,-0.296
1759170507571,2025-09-30 02:28:27.571,6.61,35.0,1.0,0.08,0.05,100,100,36.66,28.65,100.0,0.17,0.55,-0.313
1759170512571,2025-09-30 02:28:32.571,7.59,35.0,1.0,0.08,0.05,100,100,36.39,28.39,100.0,-0.05,0.546,-0.308
1759170517571,2025-09-30 02:28:37.571,5.57,35.0,1.0,0.08,0.05,100,100,35.4,27.41,100.0,-0.2,0.531,-0.288
1759170522571,2025-09-30 02:28:42.571,4.93,35.0,1.0,0.08,0.05,100,100,37.45,29.43,100.0,0.4,0.562,-0.329
1759170527571,2025-09-30 02:28:47.571,5.35,35.0,1.0,0.08,0.05,100,100,38.08,30.07,100.0,0.13,0.571,-0.341
1759170532571,2025-09-30 02:28:52.571,4.36,35.0,1.0,0.08,0.05,100,100,37.64,29.65,100.0,-0.08,0.565,-0.333
1759170537571,2025-09-30 02:28:57.571,4.39,35.0,1.0,0.08,0.05,100,100,38.65,30.64,100.0,0.2,0.58,-0.353
1759170542571,2025-09-30 02:29:02.571,4.76,35.0,1.0,0.08,0.05,100,100,38.6,30.61,100.0,-0.01,0.579,-0.352
1759170547571,2025-09-30 02:29:07.571,7.1,35.0,1.0,0.08,0.05,100,100,38.23,30.24,100.0,-0.07,0.574,-0.345
1759170552571,2025-09-30 02:29:12.571,9.41,35.0,1.0,0.08,0.05,100,100,35.88,27.9,100.0,-0.47,0.538,-0.298
1759170557571,2025-09-30 02:29:17.571,11.65,35.0,1.0,0.08,0.05,100,100,33.57,25.59,100.0,-0.46,0.504,-0.252
1759170562571,2025-09-30 02:29:22.571,12.22,35.0,1.0,0.08,0.05,100,100,31.33,23.35,100.0,-0.45,0.47,-0.207
1759170567571,2025-09-30 02:29:27.571,10.99,35.0,1.0,0.08,0.05,100,100,30.78,22.78,100.0,-0.11,0.462,-0.196
1759170572571,2025-09-30 02:29:32.571,12.6,35.0,1.0,0.08,0.05,100,100,32.02,24.01,100.0,0.25,0.48,-0.22
1759170577571,2025-09-30 02:29:37.571,14.41,35.0,1.0,0.08,0.05,100,100,30.38,22.4,100.0,-0.32,0.456,-0.188
1759170582571,2025-09-30 02:29:42.571,14.95,35.0,1.0,0.08,0.05,100,100,28.58,20.59,100.0,-0.36,0.429,-0.152
1759170587571,2025-09-30 02:29:47.571,16.02,35.0,1.0,0.08,0.05,100,100,28.04,20.05,100.0,-0.11,0.421,-0.141
1759170592571,2025-09-30 02:29:52.571,16.65,35.0,1.0,0.08,0.05,100,100,26.97,18.98,100.0,-0.21,0.405,-0.12
1759170597571,2025-09-30 02:29:57.571,16.58,35.0,1.0,0.08,0.05,100,100,26.34,18.35,100.0,-0.13,0.395,-0.107
1759170602571,2025-09-30 02:30:02.571,14.36,35.0,1.0,0.08,0.05,100,100,26.42,18.42,100.0,0.01,0.396,-0.108
1759170607571,2025-09-30 02:30:07.571,15.92,35.0,1.0,0.08,0.05,100,100,28.66,20.64,100.0,0.44,0.43,-0.153
1759170612571,2025-09-30 02:30:12.571,14.24,35.0,1.0,0.08,0.05,100,100,27.07,19.08,100.0,-0.31,0.406,-0.122
1759170617571,2025-09-30 02:30:17.571,15.58,35.0,1.0,0.08,0.05,100,100,28.78,20.76,100.0,0.34,0.432,-0.155
1759170622571,2025-09-30 02:30:22.571,16.06,35.0,1.0,0.08,0.05,100,100,27.41,19.42,100.0,-0.27,0.411,-0.128
1759170627571,2025-09-30 02:30:27.571,15.03,35.0,1.0,0.08,0.05,100,100,26.93,18.94,100.0,-0.1,0.404,-0.119
1759170632571,2025-09-30 02:30:32.571,16.29,35.0,1.0,0.08,0.05,100,100,27.98,19.97,100.0,0.21,0.42,-0.139
1759170637571,2025-09-30 02:30:37.571,15.56,35.0,1.0,0.08,0.05,100,100,26.7,18.71,100.0,-0.25,0.4,-0.114
1759170642571,2025-09-30 02:30:42.571,18.21,35.0,1.0,0.08,0.05,100,100,27.45,19.44,100.0,0.15,0.412,-0.129
1759170647571,2025-09-30 02:30:47.571,17.65,35.0,1.0,0.08,0.05,100,100,24.77,16.79,100.0,-0.53,0.371,-0.076
1759170652571,2025-09-30 02:30:52.571,17.9,35.0,1.0,0.08,0.05,100,100,25.35,17.35,100.0,0.11,0.38,-0.087
1759170657571,2025-09-30 02:30:57.571,17.33,35.0,1.0,0.08,0.05,100,100,25.1,17.1,100.0,-0.05,0.376,-0.082
1759170662571,2025-09-30 02:31:02.571,17.26,35.0,1.0,0.08,0.05,100,100,25.68,17.67,100.0,0.11,0.385,-0.093
1759170667571,2025-09-30 02:31:07.571,15.95,35.0,1.0,0.08,0.05,100,100,25.74,17.74,100.0,0.01,0.386,-0.095
1759170672571,2025-09-30 02:31:12.571,16.53,35.0,1.0,0.08,0.05,100,100,27.07,19.05,100.0,0.26,0.406,-0.121
1759170677571,2025-09-30 02:31:17.571,18.15,35.0,1.0,0.08,0.05,100,100,26.46,18.47,100.0,-0.12,0.397,-0.109
1759170682571,2025-09-30 02:31:22.571,18.21,35.0,1.0,0.08,0.05,100,100,24.83,16.85,100.0,-0.32,0.372,-0.077
1759170687571,2025-09-30 02:31:27.571,18.73,35.0,1.0,0.08,0.05,100,100,24.79,16.79,100.0,-0.01,0.372,-0.076
1759170692571,2025-09-30 02:31:32.571,18.32,35.0,1.0,0.08,0.05,100,100,24.27,16.27,100.0,-0.1,0.364,-0.065
1759170697571,2025-09-30 02:31:37.571,22.38,35.0,1.0,0.08,0.05,100,100,24.68,16.68,100.0,0.08,0.37,-0.074
1759170702571,2025-09-30 02:31:42.571,23.1,35.0,1.0,0.08,0.05,100,100,20.58,12.62,100.0,-0.81,0.309,0.008
1759170707571,2025-09-30 02:31:47.571,24.52,35.0,1.0,0.08,0.05,100,100,19.89,11.9,100.0,-0.14,0.298,0.022
1759170712571,2025-09-30 02:31:52.571,23.29,35.0,1.0,0.08,0.05,100,100,18.47,10.48,100.0,-0.28,0.277,0.05
1759170717571,2025-09-30 02:31:57.571,21.92,35.0,1.0,0.08,0.05,100,100,19.72,11.71,100.0,0.24,0.296,0.026
1759170722571,2025-09-30 02:32:02.571,20.54,35.0,1.0,0.08,0.05,100,100,21.09,13.08,100.0,0.27,0.316,-0.002
1759170727571,2025-09-30 02:32:07.571,21.94,35.0,1.0,0.08,0.05,100,100,22.48,14.46,100.0,0.28,0.337,-0.029
1759170732571,2025-09-30 02:32:12.571,23.06,35.0,1.0,0.08,0.05,100,100,21.05,13.06,100.0,-0.28,0.316,-0.001
1759170737571,2025-09-30 02:32:17.571,22.37,35.0,1.0,0.08,0.05,100,100,19.93,11.94,100.0,-0.23,0.299,0.021
1759170742571,2025-09-30 02:32:22.571,21.95,35.0,1.0,0.08,0.05,100,100,20.64,12.63,100.0,0.14,0.31,0.007
1759170747571,2025-09-30 02:32:27.571,22.49,35.0,1.0,0.08,0.05,100,100,21.05,13.05,100.0,0.08,0.316,-0.001
1759170752571,2025-09-30 02:32:32.571,24.34,35.0,1.0,0.08,0.05,100,100,20.5,12.51,100.0,-0.11,0.308,0.01
1759170757571,2025-09-30 02:32:37.571,20.7,35.0,1.0,0.08,0.05,100,100,18.64,10.66,100.0,-0.37,0.28,0.047
1759170762571,2025-09-30 02:32:42.571,21.23,35.0,1.0,0.08,0.05,100,100,22.34,14.3,100.0,0.73,0.335,-0.026
1759170767571,2025-09-30 02:32:47.571,20.15,35.0,1.0,0.08,0.05,100,100,21.77,13.77,100.0,-0.11,0.327,-0.015
1759170772571,2025-09-30 02:32:52.571,19.65,35.0,1.0,0.08,0.05,100,100,22.86,14.85,100.0,0.22,0.343,-0.037
1759170777571,2025-09-30 02:32:57.571,17.33,35.0,1.0,0.08,0.05,100,100,23.36,15.35,100.0,0.1,0.35,-0.047
1759170782571,2025-09-30 02:33:02.571,15.18,35.0,1.0,0.08,0.05,100,100,25.69,17.67,100.0,0.46,0.385,-0.093
1759170787571,2025-09-30 02:33:07.571,14.82,35.0,1.0,0.08,0.05,100,100,27.85,19.82,100.0,0.43,0.418,-0.136
1759170792571,2025-09-30 02:33:12.571,12.98,35.0,1.0,0.08,0.05,100,100,28.19,20.18,100.0,0.07,0.423,-0.144
1759170797571,2025-09-30 02:33:17.571,12.12,35.0,1.0,0.08,0.05,100,100,30.04,22.02,100.0,0.37,0.451,-0.18
1759170802571,2025-09-30 02:33:22.571,10.67,35.0,1.0,0.08,0.05,100,100,30.89,22.88,100.0,0.17,0.463,-0.198
1759170807571,2025-09-30 02:33:27.571,11.46,35.0,1.0,0.08,0.05,100,100,32.34,24.33,100.0,0.29,0.485,-0.227
1759170812571,2025-09-30 02:33:32.571,9.91,35.0,1.0,0.08,0.05,100,100,31.53,23.54,100.0,-0.16,0.473,-0.211
1759170817571,2025-09-30 02:33:37.571,6.85,35.0,1.0,0.08,0.05,100,100,33.11,25.09,100.0,0.31,0.497,-0.242
1759170822571,2025-09-30 02:33:42.571,7.14,35.0,1.0,0.08,0.05,100,100,36.18,28.15,100.0,0.61,0.543,-0.303
1759170827571,2025-09-30 02:33:47.571,7.98,35.0,1.0,0.08,0.05,100,100,35.85,27.86,100.0,-0.06,0.538,-0.297
1759170832571,2025-09-30 02:33:52.571,6.97,35.0,1.0,0.08,0.05,100,100,35.01,27.02,100.0,-0.17,0.525,-0.28
1759170837571,2025-09-30 02:33:57.571,4.85,35.0,1.0,0.08,0.05,100,100,36.04,28.03,100.0,0.2,0.541,-0.301
1759170842571,2025-09-30 02:34:02.571,9.2,35.0,1.0,0.08,0.05,100,100,38.17,30.15,100.0,0.42,0.573,-0.343
1759170847571,2025-09-30 02:34:07.571,7.71,35.0,1.0,0.08,0.05,100,100,33.76,25.8,100.0,-0.87,0.506,-0.256
1759170852571,2025-09-30 02:34:12.571,7.3,35.0,1.0,0.08,0.05,100,100,35.3,27.29,100.0,0.3,0.53,-0.286
1759170857571,2025-09-30 02:34:17.571,8.35,35.0,1.0,0.08,0.05,100,100,35.71,27.7,100.0,0.08,0.536,-0.294
1759170862571,2025-09-30 02:34:22.571,7.34,35.0,1.0,0.08,0.05,100,100,34.64,26.65,100.0,-0.21,0.52,-0.273
1759170867571,2025-09-30 02:34:27.571,7.89,35.0,1.0,0.08,0.05,100,100,35.67,27.66,100.0,0.2,0.535,-0.293
1759170872571,2025-09-30 02:34:32.571,8.61,35.0,1.0,0.08,0.05,100,100,35.1,27.11,100.0,-0.11,0.527,-0.282
1759170877571,2025-09-30 02:34:37.571,6.87,35.0,1.0,0.08,0.05,100,100,34.38,26.39,100.0,-0.14,0.516,-0.268
1759170882571,2025-09-30 02:34:42.571,7.91,35.0,1.0,0.08,0.05,100,100,36.15,28.13,100.0,0.35,0.542,-0.303
1759170887571,2025-09-30 02:34:47.571,8.2,35.0,1.0,0.08,0.05,100,100,35.08,27.09,100.0,-0.21,0.526,-0.282
1759170892571,2025-09-30 02:34:52.571,6.96,35.0,1.0,0.08,0.05,100,100,34.79,26.8,100.0,-0.06,0.522,-0.276
1759170897571,2025-09-30 02:34:57.571,4.04,35.0,1.0,0.08,0.05,100,100,36.06,28.04,100.0,0.25,0.541,-0.301
1759170902571,2025-09-30 02:35:02.571,3.34,35.0,1.0,0.08,0.05,100,100,38.99,30.96,100.0,0.58,0.585,-0.359
1759170907571,2025-09-30 02:35:07.571,2.62,35.0,1.0,0.08,0.05,100,100,39.67,31.66,100.0,0.14,0.595,-0.373
1759170912571,2025-09-30 02:35:12.571,2.27,35.0,1.0,0.08,0.05,100,100,40.38,32.38,100.0,0.14,0.606,-0.388
1759170917571,2025-09-30 02:35:17.571,0.42,35.0,1.0,0.08,0.05,100,100,40.73,32.73,100.0,0.07,0.611,-0.395
1759170922571,2025-09-30 02:35:22.571,-2.08,35.0,1.0,0.08,0.05,100,100,42.6,34.58,100.0,0.37,0.639,-0.432
1759170927571,2025-09-30 02:35:27.571,-1.42,35.0,1.0,0.08,0.05,100,100,45.1,37.08,100.0,0.5,0.677,-0.482
1759170932571,2025-09-30 02:35:32.571,-2.78,35.0,1.0,0.08,0.05,100,100,44.41,36.42,100.0,-0.13,0.666,-0.468
1759170937571,2025-09-30 02:35:37.571,-5.86,35.0,1.0,0.08,0.05,100,100,45.8,37.78,100.0,0.27,0.687,-0.496
1759170942571,2025-09-30 02:35:42.571,-7.51,35.0,1.0,0.08,0.05,100,100,48.89,40.86,100.0,0.62,0.733,-0.557
1759170947571,2025-09-30 02:35:47.571,-5.82,35.0,1.0,0.08,0.05,100,100,50.53,42.51,100.0,0.33,0.758,-0.59
1759170952571,2025-09-30 02:35:52.571,-1.65,35.0,1.0,0.08,0.05,100,100,48.8,40.82,100.0,-0.34,0.732,-0.556
1759170957571,2025-09-30 02:35:57.571,-1.92,35.0,1.0,0.08,0.05,100,100,44.61,36.65,100.0,-0.83,0.669,-0.473
1759170962571,2025-09-30 02:36:02.571,-3.29,35.0,1.0,0.08,0.05,100,100,44.92,36.92,100.0,0.05,0.674,-0.478
1759170967571,2025-09-30 02:36:07.571,-2.19,35.0,1.0,0.08,0.05,100,100,46.31,38.29,100.0,0.27,0.695,-0.506
1759170972571,2025-09-30 02:36:12.571,-0.84,35.0,1.0,0.08,0.05,100,100,45.18,37.19,100.0,-0.22,0.678,-0.484
1759170977571,2025-09-30 02:36:17.571,-2.78,35.0,1.0,0.08,0.05,100,100,43.82,35.84,100.0,-0.27,0.657,-0.457
1759170982571,2025-09-30 02:36:22.571,-3.49,35.0,1.0,0.08,0.05,100,100,45.8,37.78,100.0,0.39,0.687,-0.496
1759170987571,2025-09-30 02:36:27.571,-5.0,35.0,1.0,0.08,0.05,100,100,46.49,38.49,100.0,0.14,0.697,-0.51
1759170992571,2025-09-30 02:36:32.571,-6.35,35.0,1.0,0.08,0.05,100,100,48.01,40.0,100.0,0.3,0.72,-0.54
1759170997571,2025-09-30 02:36:37.571,-4.78,35.0,1.0,0.08,0.05,100,100,49.37,41.35,100.0,0.27,0.741,-0.567
1759171002571,2025-09-30 02:36:42.571,-4.9,35.0,1.0,0.08,0.05,100,100,47.77,39.78,100.0,-0.31,0.717,-0.536
1759171007571,2025-09-30 02:36:47.571,-4.65,35.0,1.0,0.08,0.05,100,100,47.9,39.9,100.0,0.02,0.718,-0.538
1759171012571,2025-09-30 02:36:52.571,-2.07,35.0,1.0,0.08,0.05,100,100,47.65,39.65,100.0,-0.05,0.715,-0.533
1759171017571,2025-09-30 02:36:57.571,-0.46,35.0,1.0,0.08,0.05,100,100,45.05,37.07,100.0,-0.52,0.676,-0.481
1759171022571,2025-09-30 02:37:02.571,0.78,35.0,1.0,0.08,0.05,100,100,43.44,35.46,100.0,-0.32,0.652,-0.449
1759171027571,2025-09-30 02:37:07.571,0.54,35.0,1.0,0.08,0.05,100,100,42.21,34.22,100.0,-0.25,0.633,-0.424
1759171032571,2025-09-30 02:37:12.571,-2.94,35.0,1.0,0.08,0.05,100,100,42.46,34.46,100.0,0.05,0.637,-0.429
1759171037571,2025-09-30 02:37:17.571,-1.7,35.0,1.0,0.08,0.05,100,100,45.98,37.94,100.0,0.7,0.69,-0.499
1759171042571,2025-09-30 02:37:22.571,0.95,35.0,1.0,0.08,0.05,100,100,44.69,36.7,100.0,-0.25,0.67,-0.474
1759171047571,2025-09-30 02:37:27.571,1.45,35.0,1.0,0.08,0.05,100,100,42.03,34.05,100.0,-0.53,0.63,-0.421
1759171052571,2025-09-30 02:37:32.571,3.32,35.0,1.0,0.08,0.05,100,100,41.55,33.55,100.0,-0.1,0.623,-0.411
1759171057571,2025-09-30 02:37:37.571,1.9,35.0,1.0,0.08,0.05,100,100,39.66,31.68,100.0,-0.38,0.595,-0.374
1759171062571,2025-09-30 02:37:42.571,2.54,35.0,1.0,0.08,0.05,100,100,41.12,33.1,100.0,0.29,0.617,-0.402
1759171067571,2025-09-30 02:37:47.571,2.9,35.0,1.0,0.08,0.05,100,100,40.45,32.46,100.0,-0.13,0.607,-0.389
1759171072571,2025-09-30 02:37:52.571,3.25,35.0,1.0,0.08,0.05,100,100,40.1,32.1,100.0,-0.07,0.601,-0.382
1759171077571,2025-09-30 02:37:57.571,1.69,35.0,1.0,0.08,0.05,100,100,39.75,31.75,100.0,-0.07,0.596,-0.375
1759171082571,2025-09-30 02:38:02.571,1.73,35.0,1.0,0.08,0.05,100,100,41.33,33.31,100.0,0.31,0.62,-0.406
1759171087571,2025-09-30 02:38:07.571,1.56,35.0,1.0,0.08,0.05,100,100,41.27,33.27,100.0,-0.01,0.619,-0.405
1759171092571,2025-09-30 02:38:12.571,2.29,35.0,1.0,0.08,0.05,100,100,41.44,33.44,100.0,0.03,0.622,-0.409
1759171097571,2025-09-30 02:38:17.571,3.46,30.0,1.0,0.08,0.05,100,100,40.71,32.71,100.0,-0.14,0.611,-0.394
1759171102571,2025-09-30 02:38:22.571,1.1,30.0,1.0,0.08,0.05,100,100,34.48,26.54,100.0,-1.23,0.517,-0.371
1759171107571,2025-09-30 02:38:27.571,2.58,30.0,1.0,0.08,0.05,100,100,36.92,28.9,100.0,0.47,0.554,-0.418
1759171112571,2025-09-30 02:38:32.571,3.11,30.0,1.0,0.08,0.05,100,100,35.41,27.42,100.0,-0.29,0.531,-0.388
1759171117571,2025-09-30 02:38:37.571,2.11,30.0,1.0,0.08,0.05,100,100,34.88,26.89,100.0,-0.11,0.523,-0.378
1759171122571,2025-09-30 02:38:42.571,0.64,30.0,1.0,0.08,0.05,100,100,35.9,27.89,100.0,0.2,0.539,-0.398
1759171127571,2025-09-30 02:38:47.571,1.4,30.0,1.0,0.08,0.05,100,100,37.38,29.36,100.0,0.29,0.561,-0.427
1759171132571,2025-09-30 02:38:52.571,6.29,30.0,1.0,0.08,0.05,100,100,36.6,28.6,100.0,-0.15,0.549,-0.412
1759171137571,2025-09-30 02:38:57.571,7.72,30.0,1.0,0.08,0.05,100,100,31.66,23.71,100.0,-0.98,0.475,-0.314
1759171142571,2025-09-30 02:39:02.571,5.11,30.0,1.0,0.08,0.05,100,100,30.27,22.28,100.0,-0.29,0.454,-0.286
1759171147571,2025-09-30 02:39:07.571,4.75,30.0,1.0,0.08,0.05,100,100,32.92,24.89,100.0,0.52,0.494,-0.338
1759171152571,2025-09-30 02:39:12.571,4.94,30.0,1.0,0.08,0.05,100,100,33.25,25.25,100.0,0.07,0.499,-0.345
1759171157571,2025-09-30 02:39:17.571,7.14,30.0,1.0,0.08,0.05,100,100,33.06,25.06,100.0,-0.04,0.496,-0.341
1759171162571,2025-09-30 02:39:22.571,8.04,30.0,1.0,0.08,0.05,100,100,30.84,22.86,100.0,-0.44,0.463,-0.297
1759171167571,2025-09-30 02:39:27.571,11.04,30.0,1.0,0.08,0.05,100,100,29.95,21.96,100.0,-0.18,0.449,-0.279
1759171172571,2025-09-30 02:39:32.571,9.7,30.0,1.0,0.08,0.05,100,100,26.93,18.96,100.0,-0.6,0.404,-0.219
1759171177571,2025-09-30 02:39:37.571,9.44,30.0,1.0,0.08,0.05,100,100,28.31,20.3,100.0,0.27,0.425,-0.246
1759171182571,2025-09-30 02:39:42.571,9.08,30.0,1.0,0.08,0.05,100,100,28.56,20.56,100.0,0.05,0.428,-0.251
1759171187571,2025-09-30 02:39:47.571,8.8,30.0,1.0,0.08,0.05,100,100,28.93,20.92,100.0,0.07,0.434,-0.258
1759171192571,2025-09-30 02:39:52.571,8.47,30.0,1.0,0.08,0.05,100,100,29.2,21.2,100.0,0.05,0.438,-0.264
1759171197571,2025-09-30 02:39:57.571,7.81,30.0,1.0,0.08,0.05,100,100,29.54,21.53,100.0,0.07,0.443,-0.271
1759171202571,2025-09-30 02:40:02.571,9.55,30.0,1.0,0.08,0.05,100,100,30.19,22.19,100.0,0.13,0.453,-0.284
1759171207571,2025-09-30 02:40:07.571,9.99,30.0,1.0,0.08,0.05,100,100,28.43,20.45,100.0,-0.35,0.427,-0.249
1759171212571,2025-09-30 02:40:12.571,9.72,30.0,1.0,0.08,0.05,100,100,28.01,20.01,100.0,-0.09,0.42,-0.24
1759171217571,2025-09-30 02:40:17.571,11.06,30.0,1.0,0.08,0.05,100,100,28.29,20.28,100.0,0.05,0.424,-0.246
1759171222571,2025-09-30 02:40:22.571,8.71,30.0,1.0,0.08,0.05,100,100,26.92,18.94,100.0,-0.27,0.404,-0.219
1759171227571,2025-09-30 02:40:27.571,8.33,30.0,1.0,0.08,0.05,100,100,29.32,21.29,100.0,0.47,0.44,-0.266
1759171232571,2025-09-30 02:40:32.571,7.49,30.0,1.0,0.08,0.05,100,100,29.67,21.67,100.0,0.07,0.445,-0.273
1759171237571,2025-09-30 02:40:37.571,8.7,30.0,1.0,0.08,0.05,100,100,30.52,22.51,100.0,0.17,0.458,-0.29
1759171242571,2025-09-30 02:40:42.571,9.82,30.0,1.0,0.08,0.05,100,100,29.29,21.3,100.0,-0.24,0.439,-0.266
1759171247571,2025-09-30 02:40:47.571,9.68,30.0,1.0,0.08,0.05,100,100,28.17,20.18,100.0,-0.22,0.422,-0.244
1759171252571,2025-09-30 02:40:52.571,10.21,30.0,1.0,0.08,0.05,100,100,28.32,20.32,100.0,0.03,0.425,-0.246
1759171257571,2025-09-30 02:40:57.571,12.89,30.0,1.0,0.08,0.05,100,100,27.78,19.79,100.0,-0.11,0.417,-0.236
1759171262571,2025-09-30 02:41:02.571,13.19,30.0,1.0,0.08,0.05,100,100,25.08,17.11,100.0,-0.54,0.376,-0.182
1759171267571,2025-09-30 02:41:07.571,14.71,30.0,1.0,0.08,0.05,100,100,24.8,16.81,100.0,-0.06,0.372,-0.176
1759171272571,2025-09-30 02:41:12.571,13.08,30.0,1.0,0.08,0.05,100,100,23.28,15.29,100.0,-0.3,0.349,-0.146
1759171277571,2025-09-30 02:41:17.571,12.22,30.0,1.0,0.08,0.05,100,100,24.94,16.92,100.0,0.33,0.374,-0.178
1759171282571,2025-09-30 02:41:22.571,11.51,30.0,1.0,0.08,0.05,100,100,25.79,17.78,100.0,0.17,0.387,-0.196
1759171287571,2025-09-30 02:41:27.571,13.08,30.0,1.0,0.08,0.05,100,100,26.5,18.49,100.0,0.14,0.397,-0.21
1759171292571,2025-09-30 02:41:32.571,10.85,30.0,1.0,0.08,0.05,100,100,24.9,16.92,100.0,-0.32,0.374,-0.178
1759171297571,2025-09-30 02:41:37.571,12.5,30.0,1.0,0.08,0.05,100,100,27.17,19.15,100.0,0.45,0.408,-0.223
1759171302571,2025-09-30 02:41:42.571,11.13,30.0,1.0,0.08,0.05,100,100,25.48,17.5,100.0,-0.33,0.382,-0.19
1759171307571,2025-09-30 02:41:47.571,9.3,30.0,1.0,0.08,0.05,100,100,26.88,18.87,100.0,0.27,0.403,-0.217
1759171312571,2025-09-30 02:41:52.571,12.2,30.0,1.0,0.08,0.05,100,100,28.71,20.7,100.0,0.37,0.431,-0.254
1759171317571,2025-09-30 02:41:57.571,13.71,30.0,1.0,0.08,0.05,100,100,25.77,17.8,100.0,-0.58,0.387,-0.196
1759171322571,2025-09-30 02:42:02.571,14.39,30.0,1.0,0.08,0.05,100,100,24.28,16.29,100.0,-0.3,0.364,-0.166
1759171327571,2025-09-30 02:42:07.571,14.73,30.0,1.0,0.08,0.05,100,100,23.61,15.61,100.0,-0.14,0.354,-0.152
1759171332571,2025-09-30 02:42:12.571,14.27,30.0,1.0,0.08,0.05,100,100,23.27,15.27,100.0,-0.07,0.349,-0.145
1759171337571,2025-09-30 02:42:17.571,15.8,30.0,1.0,0.08,0.05,100,100,23.74,15.73,100.0,0.09,0.356,-0.155
1759171342571,2025-09-30 02:42:22.571,16.65,30.0,1.0,0.08,0.05,100,100,22.19,14.2,100.0,-0.31,0.333,-0.124
1759171347571,2025-09-30 02:42:27.571,16.1,30.0,1.0,0.08,0.05,100,100,21.34,13.35,100.0,-0.17,0.32,-0.107
1759171352571,2025-09-30 02:42:32.571,13.92,30.0,1.0,0.08,0.05,100,100,21.9,13.9,100.0,0.11,0.329,-0.118
1759171357571,2025-09-30 02:42:37.571,13.94,30.0,1.0,0.08,0.05,100,100,24.1,16.08,100.0,0.44,0.362,-0.162
1759171362571,2025-09-30 02:42:42.571,13.81,30.0,1.0,0.08,0.05,100,100,24.06,16.06,100.0,-0.0,0.361,-0.161
1759171367571,2025-09-30 02:42:47.571,12.58,30.0,1.0,0.08,0.05,100,100,24.19,16.19,100.0,0.03,0.363,-0.164
1759171372571,2025-09-30 02:42:52.571,14.18,30.0,1.0,0.08,0.05,100,100,25.43,17.42,100.0,0.24,0.381,-0.188
1759171377571,2025-09-30 02:42:57.571,16.13,30.0,1.0,0.08,0.05,100,100,23.8,15.82,100.0,-0.32,0.357,-0.156
1759171382571,2025-09-30 02:43:02.571,15.4,30.0,1.0,0.08,0.05,100,100,21.85,13.87,100.0,-0.39,0.328,-0.117
1759171387571,2025-09-30 02:43:07.571,16.02,30.0,1.0,0.08,0.05,100,100,22.6,14.6,100.0,0.14,0.339,-0.132
1759171392571,2025-09-30 02:43:12.571,14.82,30.0,1.0,0.08,0.05,100,100,21.97,13.98,100.0,-0.12,0.33,-0.12
1759171397571,2025-09-30 02:43:17.571,17.9,30.0,1.0,0.08,0.05,100,100,23.19,15.18,100.0,0.24,0.348,-0.144
1759171402571,2025-09-30 02:43:22.571,15.38,30.0,1.0,0.08,0.05,100,100,20.06,12.1,100.0,-0.62,0.301,-0.082
1759171407571,2025-09-30 02:43:27.571,16.08,30.0,1.0,0.08,0.05,100,100,22.65,14.62,100.0,0.51,0.34,-0.132
1759171412571,2025-09-30 02:43:32.571,15.47,30.0,1.0,0.08,0.05,100,100,21.91,13.92,100.0,-0.14,0.329,-0.118
1759171417571,2025-09-30 02:43:37.571,14.55,30.0,1.0,0.08,0.05,100,100,22.54,14.53,100.0,0.12,0.338,-0.131
1759171422571,2025-09-30 02:43:42.571,15.97,30.0,1.0,0.08,0.05,100,100,23.46,15.45,100.0,0.18,0.352,-0.149
1759171427571,2025-09-30 02:43:47.571,16.88,30.0,1.0,0.08,0.05,100,100,22.02,14.03,100.0,-0.28,0.33,-0.121
1759171432571,2025-09-30 02:43:52.571,15.89,30.0,1.0,0.08,0.05,100,100,21.11,13.12,100.0,-0.18,0.317,-0.102
1759171437571,2025-09-30 02:43:57.571,17.36,30.0,1.0,0.08,0.05,100,100,22.12,14.11,100.0,0.2,0.332,-0.122
1759171442571,2025-09-30 02:44:02.571,18.28,30.0,1.0,0.08,0.05,100,100,20.63,12.64,100.0,-0.29,0.309,-0.093
1759171447571,2025-09-30 02:44:07.571,17.29,30.0,1.0,0.08,0.05,100,100,19.71,11.72,100.0,-0.18,0.296,-0.074
1759171452571,2025-09-30 02:44:12.571,17.41,30.0,1.0,0.08,0.05,100,100,20.72,12.71,100.0,0.2,0.311,-0.094
1759171457571,2025-09-30 02:44:17.571,17.87,30.0,1.0,0.08,0.05,100,100,20.59,12.59,100.0,-0.02,0.309,-0.092
1759171462571,2025-09-30 02:44:22.571,17.9,30.0,1.0,0.08,0.05,100,100,20.13,12.13,100.0,-0.09,0.302,-0.083
1759171467571,2025-09-30 02:44:27.571,17.52,30.0,1.0,0.08,0.05,100,100,20.1,12.1,100.0,-0.01,0.301,-0.082
1759171472571,2025-09-30 02:44:32.571,19.09,30.0,1.0,0.08,0.05,100,100,20.48,12.48,100.0,0.08,0.307,-0.09
1759171477571,2025-09-30 02:44:37.571,19.16,30.0,1.0,0.08,0.05,100,100,18.89,10.91,100.0,-0.31,0.283,-0.058
1759171482571,2025-09-30 02:44:42.571,14.57,30.0,1.0,0.08,0.05,100,100,18.84,10.84,100.0,-0.01,0.283,-0.057
1759171487571,2025-09-30 02:44:47.571,18.01,30.0,1.0,0.08,0.05,100,100,23.48,15.43,100.0,0.92,0.352,-0.149
1759171492571,2025-09-30 02:44:52.571,18.57,30.0,1.0,0.08,0.05,100,100,19.96,11.99,100.0,-0.69,0.299,-0.08
1759171497571,2025-09-30 02:44:57.571,21.78,30.0,1.0,0.08,0.05,100,100,19.43,11.43,100.0,-0.11,0.291,-0.069
1759171502571,2025-09-30 02:45:02.571,21.24,30.0,1.0,0.08,0.05,100,100,16.19,8.22,100.0,-0.64,0.243,-0.004
1759171507571,2025-09-30 02:45:07.571,20.18,30.0,1.0,0.08,0.05,100,100,16.77,8.76,100.0,0.11,0.252,-0.015
1759171512571,2025-09-30 02:45:12.571,18.88,30.0,1.0,0.08,0.05,100,100,17.84,9.82,100.0,0.21,0.268,-0.036
1759171517571,2025-09-30 02:45:17.571,19.31,30.0,1.0,0.08,0.05,100,100,19.13,11.12,100.0,0.26,0.287,-0.062
1759171522571,2025-09-30 02:45:22.571,20.02,30.0,1.0,0.08,0.05,100,100,18.68,10.69,100.0,-0.09,0.28,-0.054
1759171527571,2025-09-30 02:45:27.571,21.65,30.0,1.0,0.08,0.05,100,100,17.97,9.98,100.0,-0.14,0.27,-0.04
1759171532571,2025-09-30 02:45:32.571,21.64,30.0,1.0,0.08,0.05,100,100,16.33,8.35,100.0,-0.33,0.245,-0.007
1759171537571,2025-09-30 02:45:37.571,22.72,30.0,1.0,0.08,0.05,100,100,16.36,8.36,100.0,0.0,0.245,-0.007
1759171542571,2025-09-30 02:45:42.571,21.19,30.0,1.0,0.08,0.05,100,100,15.27,7.28,100.0,-0.22,0.229,0.014
1759171547571,2025-09-30 02:45:47.571,22.71,30.0,1.0,0.08,0.05,100,100,16.83,8.81,100.0,0.31,0.252,-0.016
1759171552571,2025-09-30 02:45:52.571,21.91,30.0,1.0,0.08,0.05,100,100,15.28,7.29,100.0,-0.3,0.229,0.014
1759171557571,2025-09-30 02:45:57.571,20.15,30.0,1.0,0.08,0.05,100,100,16.1,8.09,100.0,0.16,0.242,-0.002
1759171562571,2025-09-30 02:46:02.571,17.69,30.0,1.0,0.08,0.05,100,100,17.86,9.85,100.0,0.35,0.268,-0.037
1759171567571,2025-09-30 02:46:07.571,16.39,30.0,1.0,0.08,0.05,100,100,20.33,12.31,100.0,0.49,0.305,-0.086
1759171572571,2025-09-30 02:46:12.571,13.56,30.0,1.0,0.08,0.05,100,100,21.63,13.61,100.0,0.26,0.324,-0.112
1759171577571,2025-09-30 02:46:17.571,12.85,30.0,1.0,0.08,0.05,100,100,24.47,16.44,100.0,0.57,0.367,-0.169
1759171582571,2025-09-30 02:46:22.571,14.11,30.0,1.0,0.08,0.05,100,100,25.16,17.15,100.0,0.14,0.377,-0.183
1759171587571,2025-09-30 02:46:27.571,14.69,30.0,1.0,0.08,0.05,100,100,23.87,15.89,100.0,-0.25,0.358,-0.158
1759171592571,2025-09-30 02:46:32.571,14.86,30.0,1.0,0.08,0.05,100,100,23.3,15.31,100.0,-0.12,0.35,-0.146
1759171597571,2025-09-30 02:46:37.571,16.1,30.0,1.0,0.08,0.05,100,100,23.13,15.14,100.0,-0.03,0.347,-0.143
1759171602571,2025-09-30 02:46:42.571,16.1,30.0,1.0,0.08,0.05,100,100,21.89,13.9,100.0,-0.25,0.328,-0.118
1759171607571,2025-09-30 02:46:47.571,18.15,30.0,1.0,0.08,0.05,100,100,21.9,13.9,100.0,-0.0,0.328,-0.118
1759171612571,2025-09-30 02:46:52.571,16.56,30.0,1.0,0.08,0.05,100,100,19.83,11.85,100.0,-0.41,0.297,-0.077
1759171617571,2025-09-30 02:46:57.571,18.73,30.0,1.0,0.08,0.05,100,100,21.46,13.44,100.0,0.32,0.322,-0.109
1759171622571,2025-09-30 02:47:02.571,19.64,30.0,1.0,0.08,0.05,100,100,19.24,11.27,100.0,-0.44,0.289,-0.065
1759171627571,2025-09-30 02:47:07.571,19.5,30.0,1.0,0.08,0.05,100,100,18.36,10.36,100.0,-0.18,0.275,-0.047
1759171632571,2025-09-30 02:47:12.571,18.32,30.0,1.0,0.08,0.05,100,100,18.5,10.5,100.0,0.03,0.278,-0.05
1759171637571,2025-09-30 02:47:17.571,16.89,30.0,1.0,0.08,0.05,100,100,19.69,11.68,100.0,0.24,0.295,-0.074
1759171642571,2025-09-30 02:47:22.571,16.28,30.0,1.0,0.08,0.05,100,100,21.13,13.11,100.0,0.29,0.317,-0.102
1759171647571,2025-09-30 02:47:27.571,17.42,30.0,1.0,0.08,0.05,100,100,21.72,13.72,100.0,0.12,0.326,-0.114
1759171652571,2025-09-30 02:47:32.571,17.21,30.0,1.0,0.08,0.05,100,100,20.57,12.58,100.0,-0.23,0.309,-0.092
1759171657571,2025-09-30 02:47:37.571,17.61,30.0,1.0,0.08,0.05,100,100,20.8,12.79,100.0,0.04,0.312,-0.096
1759171662571,2025-09-30 02:47:42.571,15.88,30.0,1.0,0.08,0.05,100,100,20.38,12.39,100.0,-0.08,0.306,-0.088
1759171667571,2025-09-30 02:47:47.571,16.03,30.0,1.0,0.08,0.05,100,100,22.14,14.12,100.0,0.35,0.332,-0.122
1759171672571,2025-09-30 02:47:52.571,12.87,30.0,1.0,0.08,0.05,100,100,21.97,13.97,100.0,-0.03,0.33,-0.119
1759171677571,2025-09-30 02:47:57.571,14.62,30.0,1.0,0.08,0.05,100,100,25.16,17.13,100.0,0.63,0.377,-0.183
1759171682571,2025-09-30 02:48:02.571,14.63,30.0,1.0,0.08,0.05,100,100,23.36,15.38,100.0,-0.35,0.35,-0.148
1759171687571,2025-09-30 02:48:07.571,15.53,30.0,1.0,0.08,0.05,100,100,23.37,15.37,100.0,-0.0,0.35,-0.147
1759171692571,2025-09-30 02:48:12.571,15.38,30.0,1.0,0.08,0.05,100,100,22.46,14.47,100.0,-0.18,0.337,-0.129
1759171697571,2025-09-30 02:48:17.571,15.97,30.0,1.0,0.08,0.05,100,100,22.62,14.62,100.0,0.03,0.339,-0.132
1759171702571,2025-09-30 02:48:22.571,15.12,30.0,1.0,0.08,0.05,100,100,22.02,14.03,100.0,-0.12,0.33,-0.121
1759171707571,2025-09-30 02:48:27.571,12.54,30.0,1.0,0.08,0.05,100,100,22.89,14.88,100.0,0.17,0.343,-0.138
1759171712571,2025-09-30 02:48:32.571,11.23,30.0,1.0,0.08,0.05,100,100,25.49,17.46,100.0,0.52,0.382,-0.189
1759171717571,2025-09-30 02:48:37.571,11.13,30.0,1.0,0.08,0.05,100,100,26.79,18.77,100.0,0.26,0.402,-0.215
1759171722571,2025-09-30 02:48:42.571,10.73,30.0,1.0,0.08,0.05,100,100,26.87,18.87,100.0,0.02,0.403,-0.217
1759171727571,2025-09-30 02:48:47.571,11.7,30.0,1.0,0.08,0.05,100,100,27.28,19.27,100.0,0.08,0.409,-0.225
1759171732571,2025-09-30 02:48:52.571,9.83,30.0,1.0,0.08,0.05,100,100,26.29,18.3,100.0,-0.2,0.394,-0.206
1759171737571,2025-09-30 02:48:57.571,12.04,30.0,1.0,0.08,0.05,100,100,28.19,20.17,100.0,0.37,0.423,-0.243
1759171742571,2025-09-30 02:49:02.571,11.38,30.0,1.0,0.08,0.05,100,100,25.94,17.96,100.0,-0.44,0.389,-0.199
1759171747571,2025-09-30 02:49:07.571,12.36,30.0,1.0,0.08,0.05,100,100,26.63,18.62,100.0,0.13,0.399,-0.212
1759171752571,2025-09-30 02:49:12.571,12.8,30.0,1.0,0.08,0.05,100,100,25.63,17.64,100.0,-0.2,0.384,-0.193
1759171757571,2025-09-30 02:49:17.571,9.97,30.0,1.0,0.08,0.05,100,100,25.19,17.2,100.0,-0.09,0.378,-0.184
1759171762571,2025-09-30 02:49:22.571,7.46,30.0,1.0,0.08,0.05,100,100,28.06,20.03,100.0,0.57,0.421,-0.241
1759171767571,2025-09-30 02:49:27.571,8.19,30.0,1.0,0.08,0.05,100,100,30.56,22.54,100.0,0.5,0.458,-0.291
1759171772571,2025-09-30 02:49:32.571,6.41,30.0,1.0,0.08,0.05,100,100,29.8,21.81,100.0,-0.15,0.447,-0.276
1759171777571,2025-09-30 02:49:37.571,6.07,30.0,1.0,0.08,0.05,100,100,31.61,23.59,100.0,0.36,0.474,-0.312
1759171782571,2025-09-30 02:49:42.571,6.36,30.0,1.0,0.08,0.05,100,100,31.93,23.93,100.0,0.07,0.479,-0.319
1759171787571,2025-09-30 02:49:47.571,8.4,30.0,1.0,0.08,0.05,100,100,31.64,23.64,100.0,-0.06,0.475,-0.313
1759171792571,2025-09-30 02:49:52.571,8.3,30.0,1.0,0.08,0.05,100,100,29.58,21.6,100.0,-0.41,0.444,-0.272
1759171797571,2025-09-30 02:49:57.571,7.3,30.0,1.0,0.08,0.05,100,100,29.7,21.7,100.0,0.02,0.445,-0.274
1759171802571,2025-09-30 02:50:02.571,7.0,30.0,1.0,0.08,0.05,100,100,30.71,22.7,100.0,0.2,0.461,-0.294
1759171807571,2025-09-30 02:50:07.571,6.14,30.0,1.0,0.08,0.05,100,100,31.0,23.0,100.0,0.06,0.465,-0.3
1759171812571,2025-09-30 02:50:12.571,4.43,30.0,1.0,0.08,0.05,100,100,31.87,23.86,100.0,0.17,0.478,-0.317
1759171817571,2025-09-30 02:50:17.571,3.35,30.0,1.0,0.08,0.05,100,100,33.58,25.57,100.0,0.34,0.504,-0.351
1759171822571,2025-09-30 02:50:22.571,4.47,30.0,1.0,0.08,0.05,100,100,34.66,26.65,100.0,0.22,0.52,-0.373
1759171827571,2025-09-30 02:50:27.571,4.65,30.0,1.0,0.08,0.05,100,100,33.52,25.53,100.0,-0.22,0.503,-0.351
1759171832571,2025-09-30 02:50:32.571,5.86,30.0,1.0,0.08,0.05,100,100,33.35,25.35,100.0,-0.04,0.5,-0.347
1759171837571,2025-09-30 02:50:37.571,5.53,30.0,1.0,0.08,0.05,100,100,32.13,24.14,100.0,-0.24,0.482,-0.323
1759171842571,2025-09-30 02:50:42.571,7.64,30.0,1.0,0.08,0.05,100,100,32.48,24.47,100.0,0.07,0.487,-0.329
1759171847571,2025-09-30 02:50:47.571,10.68,30.0,1.0,0.08,0.05,100,100,30.33,22.36,100.0,-0.42,0.455,-0.287
1759171852571,2025-09-30 02:50:52.571,9.99,30.0,1.0,0.08,0.05,100,100,27.29,19.32,100.0,-0.61,0.409,-0.226
1759171857571,2025-09-30 02:50:57.571,9.13,30.0,1.0,0.08,0.05,100,100,28.02,20.01,100.0,0.14,0.42,-0.24
1759171862571,2025-09-30 02:51:02.571,10.61,30.0,1.0,0.08,0.05,100,100,28.88,20.87,100.0,0.17,0.433,-0.257
1759171867571,2025-09-30 02:51:07.571,12.37,30.0,1.0,0.08,0.05,100,100,27.38,19.39,100.0,-0.3,0.411,-0.228
1759171872571,2025-09-30 02:51:12.571,11.72,30.0,1.0,0.08,0.05,100,100,25.61,17.63,100.0,-0.35,0.384,-0.193
1759171877571,2025-09-30 02:51:17.571,12.47,30.0,1.0,0.08,0.05,100,100,26.29,18.28,100.0,0.13,0.394,-0.206
1759171882571,2025-09-30 02:51:22.571,10.16,30.0,1.0,0.08,0.05,100,100,25.53,17.53,100.0,-0.15,0.383,-0.191
1759171887571,2025-09-30 02:51:27.571,10.14,30.0,1.0,0.08,0.05,100,100,27.86,19.84,100.0,0.46,0.418,-0.237
1759171892571,2025-09-30 02:51:32.571,8.11,30.0,1.0,0.08,0.05,100,100,27.86,19.86,100.0,0.01,0.418,-0.237
1759171897571,2025-09-30 02:51:37.571,5.35,30.0,1.0,0.08,0.05,100,100,29.91,21.89,100.0,0.41,0.449,-0.278
1759171902571,2025-09-30 02:51:42.571,6.14,30.0,1.0,0.08,0.05,100,100,32.68,24.65,100.0,0.55,0.49,-0.333
1759171907571,2025-09-30 02:51:47.571,5.29,30.0,1.0,0.08,0.05,100,100,31.85,23.86,100.0,-0.16,0.478,-0.317
1759171912571,2025-09-30 02:51:52.571,5.16,30.0,1.0,0.08,0.05,100,100,32.72,24.71,100.0,0.17,0.491,-0.334
1759171917571,2025-09-30 02:51:57.571,3.6,30.0,1.0,0.08,0.05,100,100,32.84,24.84,100.0,0.03,0.493,-0.337
1759171922571,2025-09-30 02:52:02.571,3.91,30.0,1.0,0.08,0.05,100,100,34.41,26.4,100.0,0.31,0.516,-0.368
1759171927571,2025-09-30 02:52:07.571,6.05,30.0,1.0,0.08,0.05,100,100,34.08,26.09,100.0,-0.06,0.511,-0.362
1759171932571,2025-09-30 02:52:12.571,7.52,30.0,1.0,0.08,0.05,100,100,31.93,23.95,100.0,-0.43,0.479,-0.319
1759171937571,2025-09-30 02:52:17.571,6.7,30.0,1.0,0.08,0.05,100,100,30.46,22.48,100.0,-0.29,0.457,-0.29
1759171942571,2025-09-30 02:52:22.571,5.35,30.0,1.0,0.08,0.05,100,100,31.31,23.3,100.0,0.16,0.47,-0.306
1759171947571,2025-09-30 02:52:27.571,4.2,30.0,1.0,0.08,0.05,100,100,32.66,24.65,100.0,0.27,0.49,-0.333
1759171952571,2025-09-30 02:52:32.571,6.19,30.0,1.0,0.08,0.05,100,100,33.81,25.8,100.0,0.23,0.507,-0.356
1759171957571,2025-09-30 02:52:37.571,2.8,30.0,1.0,0.08,0.05,100,100,31.79,23.81,100.0,-0.4,0.477,-0.316
1759171962571,2025-09-30 02:52:42.571,3.0,30.0,1.0,0.08,0.05,100,100,35.24,27.2,100.0,0.68,0.529,-0.384
1759171967571,2025-09-30 02:52:47.571,3.88,30.0,1.0,0.08,0.05,100,100,35.0,27.0,100.0,-0.04,0.525,-0.38
1759171972571,2025-09-30 02:52:52.571,2.82,30.0,1.0,0.08,0.05,100,100,34.11,26.12,100.0,-0.18,0.512,-0.362
1759171977571,2025-09-30 02:52:57.571,6.12,30.0,1.0,0.08,0.05,100,100,35.19,27.18,100.0,0.21,0.528,-0.384
1759171982571,2025-09-30 02:53:02.571,5.67,30.0,1.0,0.08,0.05,100,100,31.85,23.88,100.0,-0.66,0.478,-0.318
1759171987571,2025-09-30 02:53:07.571,1.92,30.0,1.0,0.08,0.05,100,100,32.34,24.33,100.0,0.09,0.485,-0.327
1759171992571,2025-09-30 02:53:12.571,2.34,30.0,1.0,0.08,0.05,100,100,36.12,28.08,100.0,0.75,0.542,-0.402
1759171997571,2025-09-30 02:53:17.571,3.49,30.0,1.0,0.08,0.05,100,100,35.66,27.66,100.0,-0.08,0.535,-0.393
1759172002571,2025-09-30 02:53:22.571,4.78,30.0,1.0,0.08,0.05,100,100,34.49,26.51,100.0,-0.23,0.517,-0.37
1759172007571,2025-09-30 02:53:27.571,3.96,30.0,1.0,0.08,0.05,100,100,33.21,25.22,100.0,-0.26,0.498,-0.344
1759172012571,2025-09-30 02:53:32.571,4.77,30.0,1.0,0.08,0.05,100,100,34.04,26.04,100.0,0.16,0.511,-0.361
1759172017571,2025-09-30 02:53:37.571,4.71,30.0,1.0,0.08,0.05,100,100,33.22,25.23,100.0,-0.16,0.498,-0.345
1759172022571,2025-09-30 02:53:42.571,4.19,30.0,1.0,0.08,0.05,100,100,33.29,25.29,100.0,0.01,0.499,-0.346
1759172027571,2025-09-30 02:53:47.571,4.59,32.0,1.0,0.08,0.05,100,100,33.82,25.81,100.0,0.1,0.507,-0.356
1759172032571,2025-09-30 02:53:52.571,6.55,32.0,1.0,0.08,0.05,100,100,35.43,27.41,100.0,0.32,0.531,-0.348
1759172037571,2025-09-30 02:53:57.571,6.46,32.0,1.0,0.08,0.05,100,100,33.43,25.45,100.0,-0.39,0.501,-0.309
1759172042571,2025-09-30 02:54:02.571,8.36,32.0,1.0,0.08,0.05,100,100,33.54,25.54,100.0,0.02,0.503,-0.311
1759172047571,2025-09-30 02:54:07.571,10.22,32.0,1.0,0.08,0.05,100,100,31.62,23.64,100.0,-0.38,0.474,-0.273
1759172052571,2025-09-30 02:54:12.571,10.75,32.0,1.0,0.08,0.05,100,100,29.76,21.78,100.0,-0.37,0.446,-0.236
1759172057571,2025-09-30 02:54:17.571,9.88,32.0,1.0,0.08,0.05,100,100,29.25,21.25,100.0,-0.11,0.439,-0.225
1759172062571,2025-09-30 02:54:22.571,12.69,32.0,1.0,0.08,0.05,100,100,30.13,22.12,100.0,0.17,0.452,-0.242
1759172067571,2025-09-30 02:54:27.571,14.55,32.0,1.0,0.08,0.05,100,100,27.28,19.31,100.0,-0.56,0.409,-0.186
1759172072571,2025-09-30 02:54:32.571,13.2,32.0,1.0,0.08,0.05,100,100,25.43,17.45,100.0,-0.37,0.381,-0.149
1759172077571,2025-09-30 02:54:37.571,12.41,32.0,1.0,0.08,0.05,100,100,26.81,18.8,100.0,0.27,0.402,-0.176
1759172082571,2025-09-30 02:54:42.571,14.24,32.0,1.0,0.08,0.05,100,100,27.6,19.59,100.0,0.16,0.414,-0.192
1759172087571,2025-09-30 02:54:47.571,16.66,32.0,1.0,0.08,0.05,100,100,25.74,17.76,100.0,-0.37,0.386,-0.155
1759172092571,2025-09-30 02:54:52.571,15.78,32.0,1.0,0.08,0.05,100,100,23.32,15.34,100.0,-0.48,0.35,-0.107
1759172097571,2025-09-30 02:54:57.571,14.79,32.0,1.0,0.08,0.05,100,100,24.23,16.22,100.0,0.17,0.363,-0.124
1759172102571,2025-09-30 02:55:02.571,13.02,32.0,1.0,0.08,0.05,100,100,25.22,17.21,100.0,0.2,0.378,-0.144
1759172107571,2025-09-30 02:55:07.571,14.28,32.0,1.0,0.08,0.05,100,100,27.0,18.98,100.0,0.35,0.405,-0.18
1759172112571,2025-09-30 02:55:12.571,14.74,32.0,1.0,0.08,0.05,100,100,25.71,17.72,100.0,-0.25,0.386,-0.154
1759172117571,2025-09-30 02:55:17.571,12.76,32.0,1.0,0.08,0.05,100,100,25.25,17.26,100.0,-0.09,0.379,-0.145
1759172122571,2025-09-30 02:55:22.571,11.29,32.0,1.0,0.08,0.05,100,100,27.26,19.24,100.0,0.4,0.409,-0.185
1759172127571,2025-09-30 02:55:27.571,11.4,32.0,1.0,0.08,0.05,100,100,28.72,20.71,100.0,0.29,0.431,-0.214
1759172132571,2025-09-30 02:55:32.571,12.64,32.0,1.0,0.08,0.05,100,100,28.6,20.6,100.0,-0.02,0.429,-0.212
1759172137571,2025-09-30 02:55:37.571,11.55,32.0,1.0,0.08,0.05,100,100,27.35,19.36,100.0,-0.25,0.41,-0.187
1759172142571,2025-09-30 02:55:42.571,13.69,32.0,1.0,0.08,0.05,100,100,28.46,20.45,100.0,0.22,0.427,-0.209
1759172147571,2025-09-30 02:55:47.571,13.84,32.0,1.0,0.08,0.05,100,100,26.29,18.31,100.0,-0.43,0.394,-0.166
1759172152571,2025-09-30 02:55:52.571,15.56,32.0,1.0,0.08,0.05,100,100,26.15,18.16,100.0,-0.03,0.392,-0.163
1759172157571,2025-09-30 02:55:57.571,16.24,32.0,1.0,0.08,0.05,100,100,24.43,16.44,100.0,-0.34,0.366,-0.129
1759172162571,2025-09-30 02:56:02.571,18.19,32.0,1.0,0.08,0.05,100,100,23.75,15.76,100.0,-0.14,0.356,-0.115
1759172167571,2025-09-30 02:56:07.571,20.88,32.0,1.0,0.08,0.05,100,100,21.79,13.81,100.0,-0.39,0.327,-0.076
1759172172571,2025-09-30 02:56:12.571,20.59,32.0,1.0,0.08,0.05,100,100,19.09,11.12,100.0,-0.54,0.286,-0.022
1759172177571,2025-09-30 02:56:17.571,22.9,32.0,1.0,0.08,0.05,100,100,19.42,11.41,100.0,0.06,0.291,-0.028
1759172182571,2025-09-30 02:56:22.571,24.97,32.0,1.0,0.08,0.05,100,100,17.08,9.1,100.0,-0.46,0.256,0.018
1759172187571,2025-09-30 02:56:27.571,23.7,32.0,1.0,0.08,0.05,100,100,15.01,7.03,100.0,-0.41,0.225,0.059
1759172192571,2025-09-30 02:56:32.571,24.57,32.0,1.0,0.08,0.05,100,100,16.32,8.3,100.0,0.25,0.245,0.034
1759172197571,2025-09-30 02:56:37.571,21.86,32.0,1.0,0.08,0.05,100,100,15.42,7.43,100.0,-0.18,0.231,0.051
1759172202571,2025-09-30 02:56:42.571,23.32,32.0,1.0,0.08,0.05,100,100,18.17,10.14,100.0,0.54,0.273,-0.003
1759172207571,2025-09-30 02:56:47.571,25.44,32.0,1.0,0.08,0.05,100,100,16.67,8.68,100.0,-0.29,0.25,0.026
1759172212571,2025-09-30 02:56:52.571,25.53,32.0,1.0,0.08,0.05,100,100,14.54,6.56,100.0,-0.42,0.218,0.069
1759172217571,2025-09-30 02:56:57.571,22.74,32.0,1.0,0.08,0.05,100,100,14.47,6.47,100.0,-0.02,0.217,0.071
1759172222571,2025-09-30 02:57:02.571,24.34,32.0,1.0,0.08,0.05,100,100,17.29,9.26,100.0,0.56,0.259,0.015
1759172227571,2025-09-30 02:57:07.571,23.36,40.0,1.0,0.08,0.05,100,100,15.65,7.66,100.0,-0.32,0.235,0.047
1759172232571,2025-09-30 02:57:12.571,22.93,40.0,1.0,0.08,0.05,100,100,24.73,16.64,100.0,1.79,0.371,0.027
1759172237571,2025-09-30 02:57:17.571,24.22,40.0,1.0,0.08,0.05,100,100,25.08,17.07,100.0,0.09,0.376,0.019
1759172242571,2025-09-30 02:57:22.571,24.35,40.0,1.0,0.08,0.05,100,100,23.77,15.78,100.0,-0.26,0.357,0.044
1759172247571,2025-09-30 02:57:27.571,27.79,40.0,1.0,0.08,0.05,100,100,23.65,15.65,100.0,-0.03,0.355,0.047
1759172252571,2025-09-30 02:57:32.571,28.46,40.0,1.0,0.08,0.05,100,100,20.17,12.21,100.0,-0.69,0.303,0.116
1759172257571,2025-09-30 02:57:37.571,26.38,40.0,1.0,0.08,0.05,100,100,19.54,11.54,100.0,-0.13,0.293,0.129
1759172262571,2025-09-30 02:57:42.571,27.21,40.0,1.0,0.08,0.05,100,100,21.64,13.62,100.0,0.42,0.325,0.088
1759172267571,2025-09-30 02:57:47.571,27.06,40.0,1.0,0.08,0.05,100,100,20.78,12.79,100.0,-0.17,0.312,0.104
1759172272571,2025-09-30 02:57:52.571,26.09,40.0,1.0,0.08,0.05,100,100,20.94,12.94,100.0,0.03,0.314,0.101
1759172277571,2025-09-30 02:57:57.571,27.62,40.0,1.0,0.08,0.05,100,100,21.92,13.91,100.0,0.19,0.329,0.082
1759172282571,2025-09-30 02:58:02.571,25.44,40.0,1.0,0.08,0.05,100,100,20.36,12.38,100.0,-0.31,0.305,0.112
1759172287571,2025-09-30 02:58:07.571,23.75,40.0,1.0,0.08,0.05,100,100,22.58,14.56,100.0,0.44,0.339,0.069
1759172292571,2025-09-30 02:58:12.571,23.08,40.0,1.0,0.08,0.05,100,100,24.26,16.25,100.0,0.34,0.364,0.035
1759172297571,2025-09-30 02:58:17.571,25.84,40.0,1.0,0.08,0.05,100,100,24.93,16.92,100.0,0.13,0.374,0.022
1759172302571,2025-09-30 02:58:22.571,25.83,40.0,1.0,0.08,0.05,100,100,22.13,14.16,100.0,-0.55,0.332,0.077
1759172307571,2025-09-30 02:58:27.571,24.97,40.0,1.0,0.08,0.05,100,100,22.17,14.17,100.0,0.0,0.333,0.077
1759172312571,2025-09-30 02:58:32.571,23.4,40.0,1.0,0.08,0.05,100,100,23.04,15.03,100.0,0.17,0.346,0.059
1759172317571,2025-09-30 02:58:37.571,21.19,40.0,1.0,0.08,0.05,100,100,24.61,16.6,100.0,0.31,0.369,0.028
1759172322571,2025-09-30 02:58:42.571,19.91,40.0,1.0,0.08,0.05,100,100,26.83,18.81,100.0,0.44,0.403,-0.016
1759172327571,2025-09-30 02:58:47.571,19.35,40.0,1.0,0.08,0.05,100,100,28.11,20.09,100.0,0.26,0.422,-0.042
1759172332571,2025-09-30 02:58:52.571,20.23,40.0,1.0,0.08,0.05,100,100,28.65,20.65,100.0,0.11,0.43,-0.053
1759172337571,2025-09-30 02:58:57.571,19.6,40.0,1.0,0.08,0.05,100,100,27.76,19.77,100.0,-0.18,0.416,-0.035
1759172342571,2025-09-30 02:59:02.571,19.86,40.0,1.0,0.08,0.05,100,100,28.41,20.4,100.0,0.13,0.426,-0.048
1759172347571,2025-09-30 02:59:07.571,21.4,40.0,1.0,0.08,0.05,100,100,28.13,20.14,100.0,-0.05,0.422,-0.043
1759172352571,2025-09-30 02:59:12.571,21.07,40.0,1.0,0.08,0.05,100,100,26.59,18.6,100.0,-0.31,0.399,-0.012
1759172357571,2025-09-30 02:59:17.571,19.32,40.0,1.0,0.08,0.05,100,100,26.93,18.93,100.0,0.07,0.404,-0.019
1759172362571,2025-09-30 02:59:22.571,19.36,40.0,1.0,0.08,0.05,100,100,28.69,20.68,100.0,0.35,0.43,-0.054
1759172367571,2025-09-30 02:59:27.571,18.2,40.0,1.0,0.08,0.05,100,100,28.64,20.64,100.0,-0.01,0.43,-0.053
1759172372571,2025-09-30 02:59:32.571,17.95,40.0,1.0,0.08,0.05,100,100,29.81,21.8,100.0,0.23,0.447,-0.076
1759172377571,2025-09-30 02:59:37.571,18.58,40.0,1.0,0.08,0.05,100,100,30.05,22.05,100.0,0.05,0.451,-0.081
1759172382571,2025-09-30 02:59:42.571,18.26,40.0,1.0,0.08,0.05,100,100,29.41,21.42,100.0,-0.13,0.441,-0.068
1759172387571,2025-09-30 02:59:47.571,18.37,40.0,1.0,0.08,0.05,100,100,29.74,21.74,100.0,0.06,0.446,-0.075
1759172392571,2025-09-30 02:59:52.571,17.29,40.0,1.0,0.08,0.05,100,100,29.63,21.63,100.0,-0.02,0.444,-0.073
1759172397571,2025-09-30 02:59:57.571,17.71,40.0,1.0,0.08,0.05,100,100,30.72,22.71,100.0,0.22,0.461,-0.094
1759172402571,2025-09-30 03:00:02.571,17.91,40.0,1.0,0.08,0.05,100,100,30.28,22.29,100.0,-0.08,0.454,-0.086
1759172407571,2025-09-30 03:00:07.571,20.37,40.0,1.0,0.08,0.05,100,100,30.09,22.09,100.0,-0.04,0.451,-0.082
1759172412571,2025-09-30 03:00:12.571,21.27,40.0,1.0,0.08,0.05,100,100,27.61,19.63,100.0,-0.49,0.414,-0.033
1759172417571,2025-09-30 03:00:17.571,19.81,40.0,1.0,0.08,0.05,100,100,26.72,18.73,100.0,-0.18,0.401,-0.015
1759172422571,2025-09-30 03:00:22.571,16.09,40.0,1.0,0.08,0.05,100,100,28.2,20.19,100.0,0.29,0.423,-0.044
1759172427571,2025-09-30 03:00:27.571,15.9,40.0,1.0,0.08,0.05,100,100,31.95,23.91,100.0,0.74,0.479,-0.118
1759172432571,2025-09-30 03:00:32.571,19.14,40.0,1.0,0.08,0.05,100,100,32.1,24.1,100.0,0.04,0.482,-0.122
1759172437571,2025-09-30 03:00:37.571,19.15,40.0,1.0,0.08,0.05,100,100,28.83,20.86,100.0,-0.65,0.432,-0.057
1759172442571,2025-09-30 03:00:42.571,20.46,40.0,1.0,0.08,0.05,100,100,28.85,20.85,100.0,-0.0,0.433,-0.057
1759172447571,2025-09-30 03:00:47.571,20.74,40.0,1.0,0.08,0.05,100,100,27.52,19.54,100.0,-0.26,0.413,-0.031
1759172452571,2025-09-30 03:00:52.571,19.32,40.0,1.0,0.08,0.05,100,100,27.25,19.26,100.0,-0.06,0.409,-0.025
1759172457571,2025-09-30 03:00:57.571,16.46,40.0,1.0,0.08,0.05,100,100,28.69,20.68,100.0,0.28,0.43,-0.054
1759172462571,2025-09-30 03:01:02.571,19.12,40.0,1.0,0.08,0.05,100,100,31.57,23.54,100.0,0.57,0.474,-0.111
1759172467571,2025-09-30 03:01:07.571,19.44,40.0,1.0,0.08,0.05,100,100,28.85,20.88,100.0,-0.53,0.433,-0.058
1759172472571,2025-09-30 03:01:12.571,17.11,40.0,1.0,0.08,0.05,100,100,28.55,20.56,100.0,-0.06,0.428,-0.051
1759172477571,2025-09-30 03:01:17.571,21.22,40.0,1.0,0.08,0.05,100,100,30.91,22.89,100.0,0.47,0.464,-0.098
1759172482571,2025-09-30 03:01:22.571,21.02,40.0,1.0,0.08,0.05,100,100,26.74,18.78,100.0,-0.82,0.401,-0.016
1759172487571,2025-09-30 03:01:27.571,24.14,40.0,1.0,0.08,0.05,100,100,26.98,18.98,100.0,0.04,0.405,-0.02
1759172492571,2025-09-30 03:01:32.571,25.96,40.0,1.0,0.08,0.05,100,100,23.83,15.86,100.0,-0.62,0.357,0.043
1759172497571,2025-09-30 03:01:37.571,23.98,40.0,1.0,0.08,0.05,100,100,22.02,14.04,100.0,-0.36,0.33,0.079
1759172502571,2025-09-30 03:01:42.571,24.15,40.0,1.0,0.08,0.05,100,100,24.04,16.02,100.0,0.39,0.361,0.04
1759172507571,2025-09-30 03:01:47.571,20.43,40.0,1.0,0.08,0.05,100,100,23.85,15.85,100.0,-0.03,0.358,0.043
1759172512571,2025-09-30 03:01:52.571,20.48,40.0,1.0,0.08,0.05,100,100,27.6,19.57,100.0,0.74,0.414,-0.031
1759172517571,2025-09-30 03:01:57.571,20.3,40.0,1.0,0.08,0.05,100,100,27.52,19.52,100.0,-0.01,0.413,-0.03
1759172522571,2025-09-30 03:02:02.571,20.9,40.0,1.0,0.08,0.05,100,100,27.7,19.7,100.0,0.04,0.416,-0.034
1759172527571,2025-09-30 03:02:07.571,21.57,40.0,1.0,0.08,0.05,100,100,27.09,19.1,100.0,-0.12,0.406,-0.022
1759172532571,2025-09-30 03:02:12.571,20.03,40.0,1.0,0.08,0.05,100,100,26.43,18.43,100.0,-0.13,0.396,-0.009
1759172537571,2025-09-30 03:02:17.571,21.7,40.0,1.0,0.08,0.05,100,100,27.98,19.97,100.0,0.31,0.42,-0.039
1759172542571,2025-09-30 03:02:22.571,20.98,40.0,1.0,0.08,0.05,100,100,26.29,18.3,100.0,-0.33,0.394,-0.006
1759172547571,2025-09-30 03:02:27.571,19.89,40.0,1.0,0.08,0.05,100,100,27.03,19.02,100.0,0.14,0.405,-0.02
1759172552571,2025-09-30 03:02:32.571,21.84,40.0,1.0,0.08,0.05,100,100,28.12,20.11,100.0,0.22,0.422,-0.042
1759172557571,2025-09-30 03:02:37.571,24.08,40.0,1.0,0.08,0.05,100,100,26.14,18.16,100.0,-0.39,0.392,-0.003
1759172562571,2025-09-30 03:02:42.571,24.61,40.0,1.0,0.08,0.05,100,100,23.9,15.92,100.0,-0.45,0.358,0.042
1759172567571,2025-09-30 03:02:47.571,24.68,40.0,1.0,0.08,0.05,100,100,23.39,15.39,100.0,-0.11,0.351,0.052
1759172572571,2025-09-30 03:02:52.571,25.78,40.0,1.0,0.08,0.05,100,100,23.32,15.32,100.0,-0.02,0.35,0.054
1759172577571,2025-09-30 03:02:57.571,26.55,40.0,1.0,0.08,0.05,100,100,22.21,14.22,100.0,-0.22,0.333,0.076
1759172582571,2025-09-30 03:03:02.571,26.99,40.0,1.0,0.08,0.05,100,100,21.44,13.45,100.0,-0.15,0.322,0.091
1759172587571,2025-09-30 03:03:07.571,24.98,40.0,1.0,0.08,0.05,100,100,21.0,13.01,100.0,-0.09,0.315,0.1
1759172592571,2025-09-30 03:03:12.571,24.03,40.0,1.0,0.08,0.05,100,100,23.04,15.02,100.0,0.4,0.346,0.06
1759172597571,2025-09-30 03:03:17.571,26.45,40.0,1.0,0.08,0.05,100,100,23.98,15.97,100.0,0.19,0.36,0.041
1759172602571,2025-09-30 03:03:22.571,25.33,40.0,1.0,0.08,0.05,100,100,21.53,13.55,100.0,-0.48,0.323,0.089
1759172607571,2025-09-30 03:03:27.571,23.36,40.0,1.0,0.08,0.05,100,100,22.69,14.67,100.0,0.22,0.34,0.067
1759172612571,2025-09-30 03:03:32.571,24.23,40.0,1.0,0.08,0.05,100,100,24.66,16.64,100.0,0.39,0.37,0.027
1759172617571,2025-09-30 03:03:37.571,24.38,40.0,1.0,0.08,0.05,100,100,23.76,15.77,100.0,-0.17,0.356,0.045
1759172622571,2025-09-30 03:03:42.571,25.72,40.0,1.0,0.08,0.05,100,100,23.62,15.62,100.0,-0.03,0.354,0.048
1759172627571,2025-09-30 03:03:47.571,25.81,40.0,1.0,0.08,0.05,100,100,22.27,14.28,100.0,-0.27,0.334,0.074
1759172632571,2025-09-30 03:03:52.571,27.36,40.0,1.0,0.08,0.05,100,100,22.18,14.19,100.0,-0.02,0.333,0.076
1759172637571,2025-09-30 03:03:57.571,26.4,40.0,1.0,0.08,0.05,100,100,20.62,12.64,100.0,-0.31,0.309,0.107
1759172642571,2025-09-30 03:04:02.571,24.77,40.0,1.0,0.08,0.05,100,100,21.61,13.6,100.0,0.19,0.324,0.088
1759172647571,2025-09-30 03:04:07.571,23.76,40.0,1.0,0.08,0.05,100,100,23.24,15.23,100.0,0.33,0.349,0.055
1759172652571,2025-09-30 03:04:12.571,25.28,40.0,1.0,0.08,0.05,100,100,24.25,16.24,100.0,0.2,0.364,0.035
1759172657571,2025-09-30 03:04:17.571,26.08,40.0,1.0,0.08,0.05,100,100,22.7,14.72,100.0,-0.3,0.341,0.066
1759172662571,2025-09-30 03:04:22.571,26.69,40.0,1.0,0.08,0.05,100,100,21.92,13.92,100.0,-0.16,0.329,0.082
1759172667571,2025-09-30 03:04:27.571,29.24,40.0,1.0,0.08,0.05,100,100,21.31,13.31,100.0,-0.12,0.32,0.094
1759172672571,2025-09-30 03:04:32.571,27.32,40.0,1.0,0.08,0.05,100,100,18.74,10.76,100.0,-0.51,0.281,0.145
1759172677571,2025-09-30 03:04:37.571,25.52,40.0,1.0,0.08,0.05,100,100,20.7,12.68,100.0,0.38,0.311,0.106
1759172682571,2025-09-30 03:04:42.571,26.8,40.0,1.0,0.08,0.05,100,100,22.5,14.48,100.0,0.36,0.338,0.07
1759172687571,2025-09-30 03:04:47.571,26.4,40.0,1.0,0.08,0.05,100,100,21.19,13.2,100.0,-0.26,0.318,0.096
1759172692571,2025-09-30 03:04:52.571,26.98,40.0,1.0,0.08,0.05,100,100,21.61,13.6,100.0,0.08,0.324,0.088
1759172697571,2025-09-30 03:04:57.571,28.02,40.0,1.0,0.08,0.05,100,100,21.01,13.02,100.0,-0.12,0.315,0.1
1759172702571,2025-09-30 03:05:02.571,29.36,40.0,1.0,0.08,0.05,100,100,19.97,11.98,100.0,-0.21,0.3,0.12
1759172707571,2025-09-30 03:05:07.571,28.86,40.0,1.0,0.08,0.05,100,100,18.63,10.64,100.0,-0.27,0.279,0.147
1759172712571,2025-09-30 03:05:12.571,27.33,40.0,1.0,0.08,0.05,100,100,19.14,11.14,100.0,0.1,0.287,0.137
1759172717571,2025-09-30 03:05:17.571,27.46,40.0,1.0,0.08,0.05,100,100,20.69,12.67,100.0,0.31,0.31,0.107
1759172722571,2025-09-30 03:05:22.571,29.16,40.0,1.0,0.08,0.05,100,100,20.54,12.54,100.0,-0.03,0.308,0.109
1759172727571,2025-09-30 03:05:27.571,29.25,40.0,1.0,0.08,0.05,100,100,18.82,10.84,100.0,-0.34,0.282,0.143
1759172732571,2025-09-30 03:05:32.571,28.46,40.0,1.0,0.08,0.05,100,100,18.75,10.75,100.0,-0.02,0.281,0.145
1759172737571,2025-09-30 03:05:37.571,27.24,40.0,1.0,0.08,0.05,100,100,19.55,11.54,100.0,0.16,0.293,0.129
1759172742571,2025-09-30 03:05:42.571,27.8,40.0,1.0,0.08,0.05,100,100,20.77,12.76,100.0,0.24,0.312,0.105
1759172747571,2025-09-30 03:05:47.571,27.66,40.0,1.0,0.08,0.05,100,100,20.19,12.2,100.0,-0.11,0.303,0.116
1759172752571,2025-09-30 03:05:52.571,28.08,40.0,1.0,0.08,0.05,100,100,20.35,12.34,100.0,0.03,0.305,0.113
1759172757571,2025-09-30 03:05:57.571,27.71,40.0,1.0,0.08,0.05,100,100,19.91,11.92,100.0,-0.09,0.299,0.122
1759172762571,2025-09-30 03:06:02.571,26.24,40.0,1.0,0.08,0.05,100,100,20.3,12.29,100.0,0.08,0.304,0.114
1759172767571,2025-09-30 03:06:07.571,28.14,40.0,1.0,0.08,0.05,100,100,21.77,13.76,100.0,0.29,0.327,0.085
1759172772571,2025-09-30 03:06:12.571,27.36,40.0,1.0,0.08,0.05,100,100,19.84,11.86,100.0,-0.38,0.298,0.123
1759172777571,2025-09-30 03:06:17.571,27.9,40.0,1.0,0.08,0.05,100,100,20.65,12.64,100.0,0.16,0.31,0.107
1759172782571,2025-09-30 03:06:22.571,29.24,40.0,1.0,0.08,0.05,100,100,20.1,12.1,100.0,-0.11,0.301,0.118
1759172787571,2025-09-30 03:06:27.571,26.68,40.0,1.0,0.08,0.05,100,100,18.74,10.76,100.0,-0.27,0.281,0.145
1759172792571,2025-09-30 03:06:32.571,26.39,40.0,1.0,0.08,0.05,100,100,21.34,13.32,100.0,0.51,0.32,0.094
1759172797571,2025-09-30 03:06:37.571,25.71,40.0,1.0,0.08,0.05,100,100,21.61,13.61,100.0,0.06,0.324,0.088
1759172802571,2025-09-30 03:06:42.571,23.93,40.0,1.0,0.08,0.05,100,100,22.3,14.29,100.0,0.14,0.334,0.074
1759172807571,2025-09-30 03:06:47.571,21.77,40.0,1.0,0.08,0.05,100,100,24.09,16.07,100.0,0.36,0.361,0.039
1759172812571,2025-09-30 03:06:52.571,24.25,40.0,1.0,0.08,0.05,100,100,26.26,18.23,100.0,0.43,0.394,-0.005
1759172817571,2025-09-30 03:06:57.571,24.4,40.0,1.0,0.08,0.05,100,100,23.72,15.75,100.0,-0.5,0.356,0.045
1759172822571,2025-09-30 03:07:02.571,24.84,40.0,1.0,0.08,0.05,100,100,23.59,15.6,100.0,-0.03,0.354,0.048
1759172827571,2025-09-30 03:07:07.571,24.26,40.0,1.0,0.08,0.05,100,100,23.16,15.16,100.0,-0.09,0.347,0.057
1759172832571,2025-09-30 03:07:12.571,26.66,40.0,1.0,0.08,0.05,100,100,23.74,15.74,100.0,0.12,0.356,0.045
1759172837571,2025-09-30 03:07:17.571,25.32,40.0,1.0,0.08,0.05,100,100,21.32,13.34,100.0,-0.48,0.32,0.093
1759172842571,2025-09-30 03:07:22.571,27.33,40.0,1.0,0.08,0.05,100,100,22.69,14.68,100.0,0.27,0.34,0.066
1759172847571,2025-09-30 03:07:27.571,28.19,40.0,1.0,0.08,0.05,100,100,20.65,12.67,100.0,-0.4,0.31,0.107
1759172852571,2025-09-30 03:07:32.571,27.69,40.0,1.0,0.08,0.05,100,100,19.8,11.81,100.0,-0.17,0.297,0.124
1759172857571,2025-09-30 03:07:37.571,27.88,40.0,1.0,0.08,0.05,100,100,20.32,12.31,100.0,0.1,0.305,0.114
1759172862571,2025-09-30 03:07:42.571,28.02,40.0,1.0,0.08,0.05,100,100,20.12,12.12,100.0,-0.04,0.302,0.118
1759172867571,2025-09-30 03:07:47.571,29.87,40.0,1.0,0.08,0.05,100,100,19.98,11.98,100.0,-0.03,0.3,0.12
1759172872571,2025-09-30 03:07:52.571,28.65,40.0,1.0,0.08,0.05,100,100,18.11,10.13,100.0,-0.37,0.272,0.157
1759172877571,2025-09-30 03:07:57.571,27.77,40.0,1.0,0.08,0.05,100,100,19.36,11.35,100.0,0.24,0.29,0.133
1759172882571,2025-09-30 03:08:02.571,27.73,40.0,1.0,0.08,0.05,100,100,20.24,12.23,100.0,0.18,0.304,0.115
1759172887571,2025-09-30 03:08:07.571,25.87,40.0,1.0,0.08,0.05,100,100,20.27,12.27,100.0,0.01,0.304,0.115
1759172892571,2025-09-30 03:08:12.571,27.73,40.0,1.0,0.08,0.05,100,100,22.15,14.13,100.0,0.37,0.332,0.077
1759172897571,2025-09-30 03:08:17.571,27.67,40.0,1.0,0.08,0.05,100,100,20.25,12.27,100.0,-0.37,0.304,0.115
1759172902571,2025-09-30 03:08:22.571,29.51,40.0,1.0,0.08,0.05,100,100,20.33,12.33,100.0,0.01,0.305,0.113
1759172907571,2025-09-30 03:08:27.571,31.15,32.0,1.0,0.08,0.05,100,100,18.47,10.49,100.0,-0.37,0.277,0.15
1759172912571,2025-09-30 03:08:32.571,31.56,32.0,1.0,0.08,0.05,100,100,8.75,0.85,100.0,-1.93,0.131,0.183
1759172917571,2025-09-30 03:08:37.571,31.62,32.0,1.0,0.08,0.05,100,100,8.43,0.44,100.0,-0.08,0.126,0.191
1759172922571,2025-09-30 03:08:42.571,31.38,32.0,1.0,0.08,0.05,100,100,8.38,0.38,100.0,-0.01,0.126,0.192
1759172927571,2025-09-30 03:08:47.571,30.92,35.0,1.0,0.08,0.05,100,100,8.63,0.62,100.0,0.05,0.129,0.188
1759172932571,2025-09-30 03:08:52.571,31.16,35.0,1.0,0.08,0.05,100,100,12.12,4.08,100.0,0.69,0.182,0.178
1759172937571,2025-09-30 03:08:57.571,30.06,35.0,1.0,0.08,0.05,100,100,11.84,3.84,100.0,-0.05,0.178,0.183
1759172942571,2025-09-30 03:09:02.571,32.22,35.0,1.0,0.08,0.05,100,100,12.95,4.94,100.0,0.22,0.194,0.161
1759172947571,2025-09-30 03:09:07.571,32.02,35.0,1.0,0.08,0.05,100,100,10.75,2.78,100.0,-0.43,0.161,0.204
1759172952571,2025-09-30 03:09:12.571,31.03,35.0,1.0,0.08,0.05,100,100,10.98,2.98,100.0,0.04,0.165,0.2
1759172957571,2025-09-30 03:09:17.571,31.31,35.0,1.0,0.08,0.05,100,100,11.98,3.97,100.0,0.2,0.18,0.181
1759172962571,2025-09-30 03:09:22.571,30.93,35.0,1.0,0.08,0.05,100,100,11.68,3.69,100.0,-0.06,0.175,0.186
1759172967571,2025-09-30 03:09:27.571,33.71,35.0,1.0,0.08,0.05,100,100,12.07,4.07,100.0,0.08,0.181,0.179
1759172972571,2025-09-30 03:09:32.571,33.64,35.0,1.0,0.08,0.05,100,100,9.26,1.29,100.0,-0.56,0.139,0.234
1759172977571,2025-09-30 03:09:37.571,33.93,35.0,1.0,0.08,0.05,100,100,9.36,1.36,100.0,0.01,0.14,0.233
1759172982571,2025-09-30 03:09:42.571,32.67,35.0,1.0,0.08,0.05,100,100,9.07,1.07,100.0,-0.06,0.136,0.239
1759172987571,2025-09-30 03:09:47.571,33.35,35.0,1.0,0.08,0.05,100,100,10.35,2.33,100.0,0.25,0.155,0.213
1759172992571,2025-09-30 03:09:52.571,32.01,35.0,1.0,0.08,0.05,100,100,9.64,1.65,100.0,-0.14,0.145,0.227
1759172997571,2025-09-30 03:09:57.571,28.83,35.0,1.0,0.08,0.05,100,100,11.01,2.99,100.0,0.27,0.165,0.2
1759173002571,2025-09-30 03:10:02.571,29.45,35.0,1.0,0.08,0.05,100,100,14.2,6.17,100.0,0.63,0.213,0.137
1759173007571,2025-09-30 03:10:07.571,29.38,35.0,1.0,0.08,0.05,100,100,13.55,5.55,100.0,-0.12,0.203,0.149
1759173012571,2025-09-30 03:10:12.571,29.0,35.0,1.0,0.08,0.05,100,100,13.63,5.62,100.0,0.01,0.204,0.148
1759173017571,2025-09-30 03:10:17.571,29.9,35.0,1.0,0.08,0.05,100,100,14.01,6.0,100.0,0.08,0.21,0.14
1759173022571,2025-09-30 03:10:22.571,28.58,35.0,1.0,0.08,0.05,100,100,13.09,5.1,100.0,-0.18,0.196,0.158
1759173027571,2025-09-30 03:10:27.571,29.15,35.0,1.0,0.08,0.05,100,100,14.44,6.42,100.0,0.27,0.217,0.132
1759173032571,2025-09-30 03:10:32.571,29.1,25.0,1.0,0.08,0.05,100,100,13.85,5.85,100.0,-0.11,0.208,0.143
1759173037571,2025-09-30 03:10:37.571,31.05,25.0,1.0,0.08,0.05,100,100,2.16,-4.1,79.5,-1.99,0.032,0.142
1759173042571,2025-09-30 03:10:42.571,30.91,25.0,1.0,0.08,0.05,100,100,-2.13,-6.05,49.26,-0.39,0.0,0.181
1759173047571,2025-09-30 03:10:47.571,30.03,25.0,1.0,0.08,0.05,100,100,-4.33,-5.91,19.73,0.03,0.0,0.178
1759173052571,2025-09-30 03:10:52.571,28.6,25.0,1.0,0.08,0.05,100,100,-5.45,-5.03,-5.4,0.18,0.0,0.161
1759173057571,2025-09-30 03:10:57.571,26.64,25.0,1.0,0.08,0.05,100,100,-5.46,-3.6,-23.4,0.28,0.0,0.132
1759173062571,2025-09-30 03:11:02.571,29.53,25.0,1.0,0.08,0.05,100,100,-4.14,-1.64,-31.58,0.39,0.0,0.093
1759173067571,2025-09-30 03:11:07.571,30.55,25.0,1.0,0.08,0.05,100,100,-8.9,-4.53,-54.25,-0.58,0.0,0.151
1759173072571,2025-09-30 03:11:12.571,31.14,25.0,1.0,0.08,0.05,100,100,-12.12,-5.55,-81.99,-0.2,0.0,0.171
1759173077571,2025-09-30 03:11:17.571,30.23,25.0,1.0,0.08,0.05,100,100,-14.14,-6.14,-100.0,-0.12,0.0,0.183
1759173082571,2025-09-30 03:11:22.571,30.6,25.0,1.0,0.08,0.05,100,100,-13.22,-5.23,-100.0,0.18,0.0,0.165
1759173087571,2025-09-30 03:11:27.571,30.48,25.0,1.0,0.08,0.05,100,100,-13.6,-5.6,-100.0,-0.07,0.0,0.172
1759173092571,2025-09-30 03:11:32.571,29.13,25.0,1.0,0.08,0.05,100,100,-13.48,-5.48,-100.0,0.02,0.0,0.17
1759173097571,2025-09-30 03:11:37.571,28.47,25.0,1.0,0.08,0.05,100,100,-12.11,-4.13,-100.0,0.27,0.0,0.143
1759173102571,2025-09-30 03:11:42.571,26.67,25.0,1.0,0.08,0.05,100,100,-11.46,-3.47,-100.0,0.13,0.0,0.129
1759173107571,2025-09-30 03:11:47.571,24.88,25.0,1.0,0.08,0.05,100,100,-9.65,-1.67,-100.0,0.36,0.0,0.093
1759173112571,2025-09-30 03:11:52.571,24.13,25.0,1.0,0.08,0.05,100,100,-7.81,0.12,-99.38,0.36,0.0,0.058
1759173117571,2025-09-30 03:11:57.571,25.19,25.0,1.0,0.08,0.05,100,100,-6.73,0.87,-95.05,0.15,0.0,0.043
1759173122571,2025-09-30 03:12:02.571,24.48,25.0,1.0,0.08,0.05,100,100,-7.88,-0.19,-96.02,-0.21,0.0,0.064
1759173127571,2025-09-30 03:12:07.571,24.95,25.0,1.0,0.08,0.05,100,100,-6.95,0.52,-93.41,0.14,0.0,0.05
1759173132571,2025-09-30 03:12:12.571,24.37,25.0,1.0,0.08,0.05,100,100,-7.41,0.05,-93.17,-0.09,0.0,0.059
1759173137571,2025-09-30 03:12:17.571,22.2,25.0,1.0,0.08,0.05,100,100,-6.56,0.63,-90.01,0.12,0.0,0.047
1759173142571,2025-09-30 03:12:22.571,23.47,25.0,1.0,0.08,0.05,100,100,-3.25,2.8,-75.98,0.43,0.0,0.004
1759173147571,2025-09-30 03:12:27.571,17.81,25.0,1.0,0.08,0.05,100,100,-3.95,1.53,-68.34,-0.26,0.0,0.029
1759173152571,2025-09-30 03:12:32.571,18.74,25.0,1.0,0.08,0.05,100,100,4.65,7.19,-32.41,1.13,0.07,-0.084
1759173157571,2025-09-30 03:12:37.571,18.55,25.0,1.0,0.08,0.05,100,100,6.16,6.26,-1.13,-0.19,0.092,-0.065
1759173162571,2025-09-30 03:12:42.571,18.19,25.0,1.0,0.08,0.05,100,100,8.94,6.45,31.1,0.04,0.134,-0.069
1759173167571,2025-09-30 03:12:47.571,18.59,25.0,1.0,0.08,0.05,100,100,12.02,6.81,65.13,0.07,0.18,-0.076
1759173172571,2025-09-30 03:12:52.571,20.57,25.0,1.0,0.08,0.05,100,100,14.18,6.41,97.2,-0.08,0.213,-0.068
1759173177571,2025-09-30 03:12:57.571,20.45,25.0,1.0,0.08,0.05,100,100,12.41,4.43,100.0,-0.4,0.186,-0.029
1759173182571,2025-09-30 03:13:02.571,20.14,25.0,1.0,0.08,0.05,100,100,12.55,4.55,100.0,0.02,0.188,-0.031
1759173187571,2025-09-30 03:13:07.571,21.31,25.0,1.0,0.08,0.05,100,100,12.86,4.86,100.0,0.06,0.193,-0.037
1759173192571,2025-09-30 03:13:12.571,23.36,25.0,1.0,0.08,0.05,100,100,11.68,3.69,100.0,-0.23,0.175,-0.014
1759173197571,2025-09-30 03:13:17.571,24.44,25.0,1.0,0.08,0.05,100,100,9.62,1.64,100.0,-0.41,0.144,0.027
1759173202571,2025-09-30 03:13:22.571,26.98,25.0,1.0,0.08,0.05,100,100,8.55,0.56,100.0,-0.21,0.128,0.049
1759173207571,2025-09-30 03:13:27.571,24.14,25.0,1.0,0.08,0.05,100,100,5.21,-1.98,90.12,-0.51,0.078,0.1
1759173212571,2025-09-30 03:13:32.571,23.34,25.0,1.0,0.08,0.05,100,100,8.44,0.86,94.43,0.57,0.127,0.043
1759173217571,2025-09-30 03:13:37.571,24.99,25.0,1.0,0.08,0.05,100,100,9.67,1.66,100.0,0.16,0.145,0.027
1759173222571,2025-09-30 03:13:42.571,25.14,25.0,1.0,0.08,0.05,100,100,7.99,0.01,100.0,-0.33,0.12,0.06
1759173227571,2025-09-30 03:13:47.571,24.02,25.0,1.0,0.08,0.05,100,100,7.81,-0.14,99.32,-0.03,0.117,0.063
1759173232571,2025-09-30 03:13:52.571,22.53,25.0,1.0,0.08,0.05,100,100,8.99,0.98,100.0,0.22,0.135,0.04
1759173237571,2025-09-30 03:13:57.571,23.38,25.0,1.0,0.08,0.05,100,100,10.48,2.47,100.0,0.3,0.157,0.011
1759173242571,2025-09-30 03:14:02.571,24.38,25.0,1.0,0.08,0.05,100,100,9.61,1.62,100.0,-0.17,0.144,0.028
1759173247571,2025-09-30 03:14:07.571,25.01,25.0,1.0,0.08,0.05,100,100,8.61,0.62,100.0,-0.2,0.129,0.048
1759173252571,2025-09-30 03:14:12.571,27.38,25.0,1.0,0.08,0.05,100,100,7.99,-0.01,99.97,-0.12,0.12,0.06
1759173257571,2025-09-30 03:14:17.571,27.81,25.0,1.0,0.08,0.05,100,100,4.65,-2.38,88.09,-0.47,0.07,0.108
1759173262571,2025-09-30 03:14:22.571,28.82,25.0,1.0,0.08,0.05,100,100,3.11,-2.81,74.06,-0.09,0.047,0.116
1759173267571,2025-09-30 03:14:27.571,29.19,25.0,1.0,0.08,0.05,100,100,0.56,-3.82,54.95,-0.2,0.008,0.136
1759173272571,2025-09-30 03:14:32.571,28.94,25.0,1.0,0.08,0.05,100,100,-1.48,-4.19,33.99,-0.07,0.0,0.144
1759173277571,2025-09-30 03:14:37.571,30.23,25.0,1.0,0.08,0.05,100,100,-2.79,-3.94,14.31,0.05,0.0,0.139
1759173282571,2025-09-30 03:14:42.571,29.16,25.0,1.0,0.08,0.05,100,100,-6.19,-5.23,-11.83,-0.26,0.0,0.165
1759173287571,2025-09-30 03:14:47.571,28.12,25.0,1.0,0.08,0.05,100,100,-6.77,-4.16,-32.65,0.21,0.0,0.143
1759173292571,2025-09-30 03:14:52.571,28.23,25.0,1.0,0.08,0.05,100,100,-6.97,-3.12,-48.25,0.21,0.0,0.122
1759173297571,2025-09-30 03:14:57.571,27.27,25.0,1.0,0.08,0.05,100,100,-8.38,-3.23,-64.38,-0.02,0.0,0.125
1759173302571,2025-09-30 03:15:02.571,27.07,25.0,1.0,0.08,0.05,100,100,-8.32,-2.27,-75.73,0.19,0.0,0.105
1759173307571,2025-09-30 03:15:07.571,24.34,25.0,1.0,0.08,0.05,100,100,-8.96,-2.07,-86.09,0.04,0.0,0.101
1759173312571,2025-09-30 03:15:12.571,23.59,25.0,1.0,0.08,0.05,100,100,-5.94,0.66,-82.79,0.55,0.0,0.047
1759173317571,2025-09-30 03:15:17.571,23.03,25.0,1.0,0.08,0.05,100,100,-4.64,1.41,-75.74,0.15,0.0,0.032
1759173322571,2025-09-30 03:15:22.571,23.32,25.0,1.0,0.08,0.05,100,100,-3.3,1.97,-65.91,0.11,0.0,0.021
1759173327571,2025-09-30 03:15:27.571,23.87,25.0,1.0,0.08,0.05,100,100,-2.93,1.68,-57.52,-0.06,0.0,0.026
1759173332571,2025-09-30 03:15:32.571,21.81,25.0,1.0,0.08,0.05,100,100,-3.03,1.13,-51.87,-0.11,0.0,0.037
1759173337571,2025-09-30 03:15:37.571,24.7,25.0,1.0,0.08,0.05,100,100,0.33,3.19,-35.94,0.41,0.005,-0.004
1759173342571,2025-09-30 03:15:42.571,26.43,25.0,1.0,0.08,0.05,100,100,-2.48,0.3,-34.42,-0.58,0.0,0.054
1759173347571,2025-09-30 03:15:47.571,25.63,25.0,1.0,0.08,0.05,100,100,-4.77,-1.43,-41.56,-0.35,0.0,0.089
1759173352571,2025-09-30 03:15:52.571,25.36,25.0,1.0,0.08,0.05,100,100,-4.2,-0.63,-44.72,0.16,0.0,0.073
1759173357571,2025-09-30 03:15:57.571,26.43,25.0,1.0,0.08,0.05,100,100,-4.08,-0.36,-46.53,0.05,0.0,0.067
1759173362571,2025-09-30 03:16:02.571,29.42,25.0,1.0,0.08,0.05,100,100,-5.74,-1.43,-53.69,-0.21,0.0,0.089
1759173367571,2025-09-30 03:16:07.571,33.35,25.0,1.0,0.08,0.05,100,100,-10.51,-4.42,-75.8,-0.6,0.0,0.148
1759173372571,2025-09-30 03:16:12.571,32.5,25.0,1.0,0.08,0.05,100,100,-16.39,-8.35,-100.0,-0.79,0.0,0.227
1759173377571,2025-09-30 03:16:17.571,31.8,25.0,1.0,0.08,0.05,100,100,-15.49,-7.5,-100.0,0.17,0.0,0.21
1759173382571,2025-09-30 03:16:22.571,31.95,25.0,1.0,0.08,0.05,100,100,-14.79,-6.8,-100.0,0.14,0.0,0.196
1759173387571,2025-09-30 03:16:27.571,29.73,25.0,1.0,0.08,0.05,100,100,-14.95,-6.95,-100.0,-0.03,0.0,0.199
1759173392571,2025-09-30 03:16:32.571,29.45,25.0,1.0,0.08,0.05,100,100,-12.71,-4.73,-100.0,0.45,0.0,0.155
1759173397571,2025-09-30 03:16:37.571,29.25,25.0,1.0,0.08,0.05,100,100,-12.45,-4.45,-100.0,0.06,0.0,0.149
1759173402571,2025-09-30 03:16:42.571,27.36,25.0,1.0,0.08,0.05,100,100,-12.25,-4.25,-100.0,0.04,0.0,0.145
1759173407571,2025-09-30 03:16:47.571,26.61,25.0,1.0,0.08,0.05,100,100,-10.34,-2.36,-100.0,0.38,0.0,0.107
1759173412571,2025-09-30 03:16:52.571,25.79,25.0,1.0,0.08,0.05,100,100,-9.6,-1.61,-100.0,0.15,0.0,0.092
1759173417571,2025-09-30 03:16:57.571,27.41,25.0,1.0,0.08,0.05,100,100,-8.79,-0.79,-100.0,0.16,0.0,0.076
1759173422571,2025-09-30 03:17:02.571,27.97,25.0,1.0,0.08,0.05,100,100,-10.43,-2.41,-100.0,-0.32,0.0,0.108
1759173427571,2025-09-30 03:17:07.571,29.41,25.0,1.0,0.08,0.05,100,100,-10.98,-2.97,-100.0,-0.11,0.0,0.119
1759173432571,2025-09-30 03:17:12.571,29.89,25.0,1.0,0.08,0.05,100,100,-12.42,-4.41,-100.0,-0.29,0.0,0.148
1759173437571,2025-09-30 03:17:17.571,31.3,25.0,1.0,0.08,0.05,100,100,-12.89,-4.89,-100.0,-0.1,0.0,0.158
1759173442571,2025-09-30 03:17:22.571,31.49,25.0,1.0,0.08,0.05,100,100,-14.31,-6.3,-100.0,-0.28,0.0,0.186
1759173447571,2025-09-30 03:17:27.571,32.67,25.0,1.0,0.08,0.05,100,100,-14.5,-6.49,-100.0,-0.04,0.0,0.19
1759173452571,2025-09-30 03:17:32.571,31.46,25.0,1.0,0.08,0.05,100,100,-15.68,-7.67,-100.0,-0.24,0.0,0.213
1759173457571,2025-09-30 03:17:37.571,31.74,25.0,1.0,0.08,0.05,100,100,-14.45,-6.46,-100.0,0.24,0.0,0.189
1759173462571,2025-09-30 03:17:42.571,31.78,25.0,1.0,0.08,0.05,100,100,-14.74,-6.74,-100.0,-0.06,0.0,0.195
1759173467571,2025-09-30 03:17:47.571,29.56,25.0,1.0,0.08,0.05,100,100,-14.78,-6.78,-100.0,-0.01,0.0,0.196
1759173472571,2025-09-30 03:17:52.571,28.02,25.0,1.0,0.08,0.05,100,100,-12.53,-4.56,-100.0,0.45,0.0,0.151
1759173477571,2025-09-30 03:17:57.571,30.21,25.0,1.0,0.08,0.05,100,100,-11.0,-3.02,-100.0,0.31,0.0,0.12
1759173482571,2025-09-30 03:18:02.571,31.67,25.0,1.0,0.08,0.05,100,100,-13.23,-5.21,-100.0,-0.44,0.0,0.164
1759173487571,2025-09-30 03:18:07.571,33.15,25.0,1.0,0.08,0.05,100,100,-14.68,-6.67,-100.0,-0.29,0.0,0.193
1759173492571,2025-09-30 03:18:12.571,31.63,25.0,1.0,0.08,0.05,100,100,-16.17,-8.15,-100.0,-0.3,0.0,0.223
1759173497571,2025-09-30 03:18:17.571,32.9,25.0,1.0,0.08,0.05,100,100,-14.62,-6.63,-100.0,0.3,0.0,0.193
1759173502571,2025-09-30 03:18:22.571,32.65,25.0,1.0,0.08,0.05,100,100,-15.91,-7.9,-100.0,-0.25,0.0,0.218
1759173507571,2025-09-30 03:18:27.571,32.1,25.0,1.0,0.08,0.05,100,100,-15.64,-7.65,-100.0,0.05,0.0,0.213
1759173512571,2025-09-30 03:18:32.571,30.17,25.0,1.0,0.08,0.05,100,100,-15.09,-7.1,-100.0,0.11,0.0,0.202
1759173517571,2025-09-30 03:18:37.571,29.61,25.0,1.0,0.08,0.05,100,100,-13.16,-5.17,-100.0,0.38,0.0,0.163
1759173522571,2025-09-30 03:18:42.571,31.37,25.0,1.0,0.08,0.05,100,100,-12.61,-4.61,-100.0,0.11,0.0,0.152
1759173527571,2025-09-30 03:18:47.571,30.51,25.0,1.0,0.08,0.05,100,100,-14.39,-6.37,-100.0,-0.35,0.0,0.187
1759173532571,2025-09-30 03:18:52.571,30.47,25.0,1.0,0.08,0.05,100,100,-13.5,-5.51,-100.0,0.17,0.0,0.17
1759173537571,2025-09-30 03:18:57.571,31.82,25.0,1.0,0.08,0.05,100,100,-13.47,-5.47,-100.0,0.01,0.0,0.169
1759173542571,2025-09-30 03:19:02.571,32.48,25.0,1.0,0.08,0.05,100,100,-14.83,-6.82,-100.0,-0.27,0.0,0.196
1759173547571,2025-09-30 03:19:07.571,35.54,25.0,1.0,0.08,0.05,100,100,-15.49,-7.48,-100.0,-0.13,0.0,0.21
1759173552571,2025-09-30 03:19:12.571,36.22,25.0,1.0,0.08,0.05,100,100,-18.57,-10.54,-100.0,-0.61,0.0,0.271
1759173557571,2025-09-30 03:19:17.571,35.69,25.0,1.0,0.08,0.05,100,100,-19.22,-11.22,-100.0,-0.13,0.0,0.284
1759173562571,2025-09-30 03:19:22.571,35.5,25.0,1.0,0.08,0.05,100,100,-18.68,-10.69,-100.0,0.11,0.0,0.274
1759173567571,2025-09-30 03:19:27.571,34.26,25.0,1.0,0.08,0.05,100,100,-18.5,-10.5,-100.0,0.04,0.0,0.27
1759173572571,2025-09-30 03:19:32.571,35.4,25.0,1.0,0.08,0.05,100,100,-17.25,-9.26,-100.0,0.25,0.0,0.245
1759173577571,2025-09-30 03:19:37.571,32.62,25.0,1.0,0.08,0.05,100,100,-18.42,-10.4,-100.0,-0.23,0.0,0.268
1759173582571,2025-09-30 03:19:42.571,32.78,25.0,1.0,0.08,0.05,100,100,-15.6,-7.62,-100.0,0.56,0.0,0.212
1759173587571,2025-09-30 03:19:47.571,37.29,25.0,1.0,0.08,0.05,100,100,-15.78,-7.78,-100.0,-0.03,0.0,0.216
1759173592571,2025-09-30 03:19:52.571,36.89,25.0,1.0,0.08,0.05,100,100,-20.33,-12.29,-100.0,-0.9,0.0,0.306
1759173597571,2025-09-30 03:19:57.571,36.99,25.0,1.0,0.08,0.05,100,100,-19.89,-11.89,-100.0,0.08,0.0,0.298
1759173602571,2025-09-30 03:20:02.571,35.05,25.0,1.0,0.08,0.05,100,100,-19.99,-11.99,-100.0,-0.02,0.0,0.3
1759173607571,2025-09-30 03:20:07.571,35.73,25.0,1.0,0.08,0.05,100,100,-18.03,-10.05,-100.0,0.39,0.0,0.261
1759173612571,2025-09-30 03:20:12.571,35.88,25.0,1.0,0.08,0.05,100,100,-18.74,-10.73,-100.0,-0.14,0.0,0.275
1759173617571,2025-09-30 03:20:17.571,36.24,25.0,1.0,0.08,0.05,100,100,-18.89,-10.88,-100.0,-0.03,0.0,0.278
1759173622571,2025-09-30 03:20:22.571,35.74,25.0,1.0,0.08,0.05,100,100,-19.25,-11.24,-100.0,-0.07,0.0,0.285
1759173627571,2025-09-30 03:20:27.571,39.2,25.0,1.0,0.08,0.05,100,100,-18.74,-10.74,-100.0,0.1,0.0,0.275
1759173632571,2025-09-30 03:20:32.571,38.05,25.0,1.0,0.08,0.05,100,100,-22.23,-14.2,-100.0,-0.69,0.0,0.344
1759173637571,2025-09-30 03:20:37.571,37.09,25.0,1.0,0.08,0.05,100,100,-21.03,-13.05,-100.0,0.23,0.0,0.321
1759173642571,2025-09-30 03:20:42.571,34.0,25.0,1.0,0.08,0.05,100,100,-20.08,-12.09,-100.0,0.19,0.0,0.302
1759173647571,2025-09-30 03:20:47.571,33.51,25.0,1.0,0.08,0.05,100,100,-16.97,-9.0,-100.0,0.62,0.0,0.24
1759173652571,2025-09-30 03:20:52.571,33.27,25.0,1.0,0.08,0.05,100,100,-16.51,-8.51,-100.0,0.1,0.0,0.23
1759173657571,2025-09-30 03:20:57.571,34.52,25.0,1.0,0.08,0.05,100,100,-16.27,-8.27,-100.0,0.05,0.0,0.225
1759173662571,2025-09-30 03:21:02.571,34.71,25.0,1.0,0.08,0.05,100,100,-17.53,-9.52,-100.0,-0.25,0.0,0.25
1759173667571,2025-09-30 03:21:07.571,34.79,25.0,1.0,0.08,0.05,100,100,-17.72,-9.71,-100.0,-0.04,0.0,0.254
1759173672571,2025-09-30 03:21:12.571,33.79,25.0,1.0,0.08,0.05,100,100,-17.79,-9.79,-100.0,-0.02,0.0,0.256
1759173677571,2025-09-30 03:21:17.571,35.31,25.0,1.0,0.08,0.05,100,100,-16.78,-8.79,-100.0,0.2,0.0,0.236
1759173682571,2025-09-30 03:21:22.571,35.38,25.0,1.0,0.08,0.05,100,100,-18.32,-10.31,-100.0,-0.3,0.0,0.266
1759173687571,2025-09-30 03:21:27.571,37.03,25.0,1.0,0.08,0.05,100,100,-18.38,-10.38,-100.0,-0.01,0.0,0.268
1759173692571,2025-09-30 03:21:32.571,37.7,25.0,1.0,0.08,0.05,100,100,-20.04,-12.03,-100.0,-0.33,0.0,0.301
1759173697571,2025-09-30 03:21:37.571,37.9,25.0,1.0,0.08,0.05,100,100,-20.7,-12.7,-100.0,-0.13,0.0,0.314
1759173702571,2025-09-30 03:21:42.571,37.04,25.0,1.0,0.08,0.05,100,100,-20.9,-12.9,-100.0,-0.04,0.0,0.318
1759173707571,2025-09-30 03:21:47.571,37.82,25.0,1.0,0.08,0.05,100,100,-20.03,-12.04,-100.0,0.17,0.0,0.301
1759173712571,2025-09-30 03:21:52.571,37.61,25.0,1.0,0.08,0.05,100,100,-20.82,-12.82,-100.0,-0.15,0.0,0.316
1759173717571,2025-09-30 03:21:57.571,34.95,25.0,1.0,0.08,0.05,100,100,-20.61,-12.61,-100.0,0.04,0.0,0.312
1759173722571,2025-09-30 03:22:02.571,34.84,25.0,1.0,0.08,0.05,100,100,-17.93,-9.95,-100.0,0.53,0.0,0.259
1759173727571,2025-09-30 03:22:07.571,35.51,25.0,1.0,0.08,0.05,100,100,-17.84,-9.84,-100.0,0.02,0.0,0.257
1759173732571,2025-09-30 03:22:12.571,35.35,25.0,1.0,0.08,0.05,100,100,-18.52,-10.51,-100.0,-0.13,0.0,0.27
1759173737571,2025-09-30 03:22:17.571,33.48,25.0,1.0,0.08,0.05,100,100,-18.34,-10.35,-100.0,0.03,0.0,0.267
1759173742571,2025-09-30 03:22:22.571,30.69,25.0,1.0,0.08,0.05,100,100,-16.46,-8.48,-100.0,0.37,0.0,0.23
1759173747571,2025-09-30 03:22:27.571,28.22,25.0,1.0,0.08,0.05,100,100,-13.66,-5.69,-100.0,0.56,0.0,0.174
1759173752571,2025-09-30 03:22:32.571,28.53,25.0,1.0,0.08,0.05,100,100,-11.2,-3.22,-100.0,0.49,0.0,0.124
1759173757571,2025-09-30 03:22:37.571,26.65,25.0,1.0,0.08,0.05,100,100,-11.53,-3.53,-100.0,-0.06,0.0,0.131
1759173762571,2025-09-30 03:22:42.571,26.38,25.0,1.0,0.08,0.05,100,100,-9.63,-1.65,-100.0,0.38,0.0,0.093
1759173767571,2025-09-30 03:22:47.571,26.76,25.0,1.0,0.08,0.05,100,100,-9.37,-1.38,-100.0,0.05,0.0,0.088
1759173772571,2025-09-30 03:22:52.571,26.98,25.0,1.0,0.08,0.05,100,100,-9.76,-1.76,-100.0,-0.08,0.0,0.095
1759173777571,2025-09-30 03:22:57.571,24.67,25.0,1.0,0.08,0.05,100,100,-9.98,-1.98,-100.0,-0.04,0.0,0.1
1759173782571,2025-09-30 03:23:02.571,23.54,25.0,1.0,0.08,0.05,100,100,-7.52,0.33,-98.36,0.46,0.0,0.053
1759173787571,2025-09-30 03:23:07.571,23.43,25.0,1.0,0.08,0.05,100,100,-5.81,1.46,-91.04,0.23,0.0,0.031
1759173792571,2025-09-30 03:23:12.571,24.07,25.0,1.0,0.08,0.05,100,100,-5.09,1.57,-83.2,0.02,0.0,0.029
1759173797571,2025-09-30 03:23:17.571,21.91,25.0,1.0,0.08,0.05,100,100,-5.36,0.93,-78.53,-0.13,0.0,0.041
1759173802571,2025-09-30 03:23:22.571,18.63,25.0,1.0,0.08,0.05,100,100,-1.94,3.09,-63.09,0.43,0.0,-0.002
1759173807571,2025-09-30 03:23:27.571,19.19,25.0,1.0,0.08,0.05,100,100,3.9,6.37,-31.26,0.66,0.058,-0.067
1759173812571,2025-09-30 03:23:32.571,17.96,25.0,1.0,0.08,0.05,100,100,5.63,5.81,-2.18,-0.11,0.085,-0.056
1759173817571,2025-09-30 03:23:37.571,17.95,25.0,1.0,0.08,0.05,100,100,9.69,7.04,33.02,0.25,0.145,-0.081
1759173822571,2025-09-30 03:23:42.571,18.52,25.0,1.0,0.08,0.05,100,100,12.51,7.05,68.28,0.0,0.188,-0.081
1759173827571,2025-09-30 03:23:47.571,20.17,25.0,1.0,0.08,0.05,100,100,14.48,6.48,100.0,-0.11,0.217,-0.07
1759173832571,2025-09-30 03:23:52.571,20.44,25.0,1.0,0.08,0.05,100,100,12.82,4.83,100.0,-0.33,0.192,-0.037
1759173837571,2025-09-30 03:23:57.571,20.14,25.0,1.0,0.08,0.05,100,100,12.56,4.56,100.0,-0.05,0.188,-0.031
1759173842571,2025-09-30 03:24:02.571,20.6,25.0,1.0,0.08,0.05,100,100,12.86,4.86,100.0,0.06,0.193,-0.037
1759173847571,2025-09-30 03:24:07.571,18.35,25.0,1.0,0.08,0.05,100,100,12.39,4.4,100.0,-0.09,0.186,-0.028
1759173852571,2025-09-30 03:24:12.571,19.78,25.0,1.0,0.08,0.05,100,100,14.67,6.65,100.0,0.45,0.22,-0.073
1759173857571,2025-09-30 03:24:17.571,20.22,25.0,1.0,0.08,0.05,100,100,13.21,5.22,100.0,-0.29,0.198,-0.044
1759173862571,2025-09-30 03:24:22.571,20.55,25.0,1.0,0.08,0.05,100,100,12.78,4.78,100.0,-0.09,0.192,-0.036
1759173867571,2025-09-30 03:24:27.571,19.89,25.0,1.0,0.08,0.05,100,100,12.45,4.45,100.0,-0.07,0.187,-0.029
1759173872571,2025-09-30 03:24:32.571,22.03,25.0,1.0,0.08,0.05,100,100,13.12,5.11,100.0,0.13,0.197,-0.042
1759173877571,2025-09-30 03:24:37.571,22.34,25.0,1.0,0.08,0.05,100,100,10.95,2.97,100.0,-0.43,0.164,0.001
1759173882571,2025-09-30 03:24:42.571,21.69,25.0,1.0,0.08,0.05,100,100,10.66,2.66,100.0,-0.06,0.16,0.007
1759173887571,2025-09-30 03:24:47.571,19.59,25.0,1.0,0.08,0.05,100,100,11.31,3.31,100.0,0.13,0.17,-0.006
1759173892571,2025-09-30 03:24:52.571,19.06,25.0,1.0,0.08,0.05,100,100,13.43,5.41,100.0,0.42,0.201,-0.048
1759173897571,2025-09-30 03:24:57.571,19.09,25.0,1.0,0.08,0.05,100,100,13.94,5.94,100.0,0.11,0.209,-0.059
1759173902571,2025-09-30 03:25:02.571,17.11,25.0,1.0,0.08,0.05,100,100,13.91,5.91,100.0,-0.0,0.209,-0.058
1759173907571,2025-09-30 03:25:07.571,16.64,25.0,1.0,0.08,0.05,100,100,15.91,7.89,100.0,0.4,0.239,-0.098
1759173912571,2025-09-30 03:25:12.571,14.69,25.0,1.0,0.08,0.05,100,100,16.36,8.36,100.0,0.09,0.245,-0.107
1759173917571,2025-09-30 03:25:17.571,14.34,25.0,1.0,0.08,0.05,100,100,18.33,10.31,100.0,0.39,0.275,-0.146
1759173922571,2025-09-30 03:25:22.571,15.92,25.0,1.0,0.08,0.05,100,100,18.67,10.66,100.0,0.07,0.28,-0.153
1759173927571,2025-09-30 03:25:27.571,17.12,25.0,1.0,0.08,0.05,100,100,17.07,9.08,100.0,-0.32,0.256,-0.122
1759173932571,2025-09-30 03:25:32.571,16.04,25.0,1.0,0.08,0.05,100,100,15.87,7.88,100.0,-0.24,0.238,-0.098
1759173937571,2025-09-30 03:25:37.571,16.71,25.0,1.0,0.08,0.05,100,100,16.97,8.96,100.0,0.22,0.255,-0.119
1759173942571,2025-09-30 03:25:42.571,16.6,25.0,1.0,0.08,0.05,100,100,16.28,8.29,100.0,-0.13,0.244,-0.106
1759173947571,2025-09-30 03:25:47.571,14.68,25.0,1.0,0.08,0.05,100,100,16.4,8.4,100.0,0.02,0.246,-0.108
1759173952571,2025-09-30 03:25:52.571,13.5,25.0,1.0,0.08,0.05,100,100,18.34,10.32,100.0,0.39,0.275,-0.146
1759173957571,2025-09-30 03:25:57.571,15.65,25.0,1.0,0.08,0.05,100,100,19.51,11.5,100.0,0.24,0.293,-0.17
1759173962571,2025-09-30 03:26:02.571,18.04,25.0,1.0,0.08,0.05,100,100,17.33,9.35,100.0,-0.43,0.26,-0.127
1759173967571,2025-09-30 03:26:07.571,18.64,25.0,1.0,0.08,0.05,100,100,14.93,6.96,100.0,-0.48,0.224,-0.079
1759173972571,2025-09-30 03:26:12.571,16.98,25.0,1.0,0.08,0.05,100,100,14.36,6.36,100.0,-0.12,0.215,-0.067
1759173977571,2025-09-30 03:26:17.571,13.76,25.0,1.0,0.08,0.05,100,100,16.04,8.02,100.0,0.33,0.241,-0.1
1759173982571,2025-09-30 03:26:22.571,14.27,25.0,1.0,0.08,0.05,100,100,19.27,11.24,100.0,0.64,0.289,-0.165
1759173987571,2025-09-30 03:26:27.571,14.14,25.0,1.0,0.08,0.05,100,100,18.72,10.73,100.0,-0.1,0.281,-0.155
1759173992571,2025-09-30 03:26:32.571,13.77,25.0,1.0,0.08,0.05,100,100,18.87,10.86,100.0,0.03,0.283,-0.157
1759173997571,2025-09-30 03:26:37.571,16.69,25.0,1.0,0.08,0.05,100,100,19.23,11.23,100.0,0.07,0.289,-0.165
1759174002571,2025-09-30 03:26:42.571,18.21,25.0,1.0,0.08,0.05,100,100,16.28,8.31,100.0,-0.58,0.244,-0.106
1759174007571,2025-09-30 03:26:47.571,19.02,25.0,1.0,0.08,0.05,100,100,14.77,6.79,100.0,-0.3,0.222,-0.076
1759174012571,2025-09-30 03:26:52.571,19.06,25.0,1.0,0.08,0.05,100,100,13.97,5.98,100.0,-0.16,0.21,-0.06
1759174017571,2025-09-30 03:26:57.571,21.15,25.0,1.0,0.08,0.05,100,100,13.94,5.94,100.0,-0.01,0.209,-0.059
1759174022571,2025-09-30 03:27:02.571,18.9,25.0,1.0,0.08,0.05,100,100,11.83,3.85,100.0,-0.42,0.177,-0.017
1759174027571,2025-09-30 03:27:07.571,18.04,25.0,1.0,0.08,0.05,100,100,14.12,6.1,100.0,0.45,0.212,-0.062
1759174032571,2025-09-30 03:27:12.571,20.03,25.0,1.0,0.08,0.05,100,100,14.96,6.96,100.0,0.17,0.224,-0.079
1759174037571,2025-09-30 03:27:17.571,20.88,25.0,1.0,0.08,0.05,100,100,12.95,4.97,100.0,-0.4,0.194,-0.039
1759174042571,2025-09-30 03:27:22.571,20.64,25.0,1.0,0.08,0.05,100,100,12.11,4.12,100.0,-0.17,0.182,-0.022
1759174047571,2025-09-30 03:27:27.571,21.68,25.0,1.0,0.08,0.05,100,100,12.36,4.36,100.0,0.05,0.185,-0.027
1759174052571,2025-09-30 03:27:32.571,22.8,25.0,1.0,0.08,0.05,100,100,11.31,3.32,100.0,-0.21,0.17,-0.006
1759174057571,2025-09-30 03:27:37.571,22.75,25.0,1.0,0.08,0.05,100,100,10.18,2.2,100.0,-0.22,0.153,0.016
1759174062571,2025-09-30 03:27:42.571,22.57,25.0,1.0,0.08,0.05,100,100,10.25,2.25,100.0,0.01,0.154,0.015
1759174067571,2025-09-30 03:27:47.571,22.21,25.0,1.0,0.08,0.05,100,100,10.43,2.43,100.0,0.04,0.156,0.011
1759174072571,2025-09-30 03:27:52.571,22.42,25.0,1.0,0.08,0.05,100,100,10.79,2.79,100.0,0.07,0.162,0.004
1759174077571,2025-09-30 03:27:57.571,24.6,25.0,1.0,0.08,0.05,100,100,10.58,2.58,100.0,-0.04,0.159,0.008
1759174082571,2025-09-30 03:28:02.571,24.84,25.0,1.0,0.08,0.05,100,100,8.38,0.4,100.0,-0.44,0.126,0.052
1759174087571,2025-09-30 03:28:07.571,26.48,25.0,1.0,0.08,0.05,100,100,8.15,0.16,100.0,-0.05,0.122,0.057
1759174092571,2025-09-30 03:28:12.571,23.37,25.0,1.0,0.08,0.05,100,100,5.91,-1.48,92.59,-0.33,0.089,0.09
1759174097571,2025-09-30 03:28:17.571,21.66,25.0,1.0,0.08,0.05,100,100,9.66,1.63,100.0,0.62,0.145,0.027
1759174102571,2025-09-30 03:28:22.571,19.9,25.0,1.0,0.08,0.05,100,100,11.36,3.34,100.0,0.34,0.17,-0.007
1759174107571,2025-09-30 03:28:27.571,18.87,25.0,1.0,0.08,0.05,100,100,13.12,5.1,100.0,0.35,0.197,-0.042
1759174112571,2025-09-30 03:28:32.571,20.41,25.0,1.0,0.08,0.05,100,100,14.14,6.13,100.0,0.21,0.212,-0.063
1759174117571,2025-09-30 03:28:37.571,24.04,25.0,1.0,0.08,0.05,100,100,12.58,4.59,100.0,-0.31,0.189,-0.032
1759174122571,2025-09-30 03:28:42.571,23.28,25.0,1.0,0.08,0.05,100,100,8.93,0.96,100.0,-0.73,0.134,0.041
1759174127571,2025-09-30 03:28:47.571,21.83,25.0,1.0,0.08,0.05,100,100,9.72,1.72,100.0,0.15,0.146,0.026
1759174132571,2025-09-30 03:28:52.571,20.7,25.0,1.0,0.08,0.05,100,100,11.19,3.17,100.0,0.29,0.168,-0.003
1759174137571,2025-09-30 03:28:57.571,16.87,25.0,1.0,0.08,0.05,100,100,12.32,4.3,100.0,0.23,0.185,-0.026
1759174142571,2025-09-30 03:29:02.571,18.23,25.0,1.0,0.08,0.05,100,100,16.16,8.13,100.0,0.76,0.242,-0.103
1759174147571,2025-09-30 03:29:07.571,17.28,25.0,1.0,0.08,0.05,100,100,14.76,6.77,100.0,-0.27,0.221,-0.075
1759174152571,2025-09-30 03:29:12.571,17.5,25.0,1.0,0.08,0.05,100,100,15.73,7.72,100.0,0.19,0.236,-0.094
1759174157571,2025-09-30 03:29:17.571,19.09,25.0,1.0,0.08,0.05,100,100,15.5,7.5,100.0,-0.04,0.232,-0.09
1759174162571,2025-09-30 03:29:22.571,20.56,25.0,1.0,0.08,0.05,100,100,13.89,5.91,100.0,-0.32,0.208,-0.058
1759174167571,2025-09-30 03:29:27.571,18.85,25.0,1.0,0.08,0.05,100,100,12.42,4.44,100.0,-0.29,0.186,-0.029
1759174172571,2025-09-30 03:29:32.571,20.66,25.0,1.0,0.08,0.05,100,100,14.16,6.15,100.0,0.34,0.212,-0.063
1759174177571,2025-09-30 03:29:37.571,19.55,25.0,1.0,0.08,0.05,100,100,12.32,4.34,100.0,-0.36,0.185,-0.027
1759174182571,2025-09-30 03:29:42.571,20.75,25.0,1.0,0.08,0.05,100,100,13.47,5.45,100.0,0.22,0.202,-0.049
1759174187571,2025-09-30 03:29:47.571,20.27,25.0,1.0,0.08,0.05,100,100,12.24,4.25,100.0,-0.24,0.184,-0.025
1759174192571,2025-09-30 03:29:52.571,21.46,25.0,1.0,0.08,0.05,100,100,12.73,4.73,100.0,0.1,0.191,-0.035
1759174197571,2025-09-30 03:29:57.571,23.11,25.0,1.0,0.08,0.05,100,100,11.53,3.54,100.0,-0.24,0.173,-0.011
1759174202571,2025-09-30 03:30:02.571,24.47,25.0,1.0,0.08,0.05,100,100,9.87,1.89,100.0,-0.33,0.148,0.022
1759174207571,2025-09-30 03:30:07.571,25.16,25.0,1.0,0.08,0.05,100,100,8.51,0.53,100.0,-0.27,0.128,0.049
1759174212571,2025-09-30 03:30:12.571,24.62,25.0,1.0,0.08,0.05,100,100,7.77,-0.16,99.2,-0.14,0.117,0.063
1759174217571,2025-09-30 03:30:17.571,25.7,25.0,1.0,0.08,0.05,100,100,8.39,0.38,100.0,0.11,0.126,0.052
1759174222571,2025-09-30 03:30:22.571,25.82,25.0,1.0,0.08,0.05,100,100,7.01,-0.7,96.5,-0.22,0.105,0.074
1759174227571,2025-09-30 03:30:27.571,23.11,25.0,1.0,0.08,0.05,100,100,6.56,-0.82,92.38,-0.03,0.098,0.076
1759174232571,2025-09-30 03:30:32.571,23.15,25.0,1.0,0.08,0.05,100,100,9.92,1.89,100.0,0.54,0.149,0.022
1759174237571,2025-09-30 03:30:37.571,20.04,25.0,1.0,0.08,0.05,100,100,9.85,1.85,100.0,-0.01,0.148,0.023
1759174242571,2025-09-30 03:30:42.571,19.38,25.0,1.0,0.08,0.05,100,100,12.99,4.96,100.0,0.62,0.195,-0.039
1759174247571,2025-09-30 03:30:47.571,20.71,25.0,1.0,0.08,0.05,100,100,13.62,5.62,100.0,0.13,0.204,-0.052
1759174252571,2025-09-30 03:30:52.571,20.21,25.0,1.0,0.08,0.05,100,100,12.27,4.29,100.0,-0.27,0.184,-0.026
1759174257571,2025-09-30 03:30:57.571,19.42,25.0,1.0,0.08,0.05,100,100,12.8,4.79,100.0,0.1,0.192,-0.036
1759174262571,2025-09-30 03:31:02.571,20.97,25.0,1.0,0.08,0.05,100,100,13.59,5.58,100.0,0.16,0.204,-0.052
1759174267571,2025-09-30 03:31:07.571,21.38,25.0,1.0,0.08,0.05,100,100,12.02,4.03,100.0,-0.31,0.18,-0.021
1759174272571,2025-09-30 03:31:12.571,24.24,25.0,1.0,0.08,0.05,100,100,11.62,3.62,100.0,-0.08,0.174,-0.012
1759174277571,2025-09-30 03:31:17.571,25.53,25.0,1.0,0.08,0.05,100,100,8.73,0.76,100.0,-0.57,0.131,0.045
1759174282571,2025-09-30 03:31:22.571,24.17,25.0,1.0,0.08,0.05,100,100,7.25,-0.53,97.37,-0.26,0.109,0.071
1759174287571,2025-09-30 03:31:27.571,24.75,25.0,1.0,0.08,0.05,100,100,8.85,0.83,100.0,0.27,0.133,0.043
1759174292571,2025-09-30 03:31:32.571,25.27,25.0,1.0,0.08,0.05,100,100,8.24,0.25,100.0,-0.12,0.124,0.055
1759174297571,2025-09-30 03:31:37.571,27.01,25.0,1.0,0.08,0.05,100,100,7.62,-0.27,98.65,-0.1,0.114,0.065
1759174302571,2025-09-30 03:31:42.571,25.89,25.0,1.0,0.08,0.05,100,100,5.07,-2.01,88.62,-0.35,0.076,0.1
1759174307571,2025-09-30 03:31:47.571,25.95,25.0,1.0,0.08,0.05,100,100,5.85,-0.89,84.16,0.22,0.088,0.078
1759174312571,2025-09-30 03:31:52.571,27.29,25.0,1.0,0.08,0.05,100,100,5.4,-0.95,79.41,-0.01,0.081,0.079
1759174317571,2025-09-30 03:31:57.571,28.78,25.0,1.0,0.08,0.05,100,100,3.14,-2.29,67.97,-0.27,0.047,0.106
1759174322571,2025-09-30 03:32:02.571,30.18,25.0,1.0,0.08,0.05,100,100,0.13,-3.78,49.08,-0.3,0.002,0.136
1759174327571,2025-09-30 03:32:07.571,30.36,25.0,1.0,0.08,0.05,100,100,-3.34,-5.18,23.18,-0.28,0.0,0.164
1759174332571,2025-09-30 03:32:12.571,29.14,25.0,1.0,0.08,0.05,100,100,-5.65,-5.36,-3.63,-0.04,0.0,0.167
1759174337571,2025-09-30 03:32:17.571,26.61,25.0,1.0,0.08,0.05,100,100,-6.08,-4.14,-24.35,0.24,0.0,0.143
1759174342571,2025-09-30 03:32:22.571,27.63,25.0,1.0,0.08,0.05,100,100,-4.18,-1.61,-32.41,0.51,0.0,0.092
1759174347571,2025-09-30 03:32:27.571,28.71,25.0,1.0,0.08,0.05,100,100,-6.29,-2.63,-45.58,-0.2,0.0,0.113
1759174352571,2025-09-30 03:32:32.571,27.05,25.0,1.0,0.08,0.05,100,100,-8.85,-3.71,-64.13,-0.22,0.0,0.134
1759174357571,2025-09-30 03:32:37.571,26.37,25.0,1.0,0.08,0.05,100,100,-7.98,-2.05,-74.36,0.33,0.0,0.101
1759174362571,2025-09-30 03:32:42.571,27.48,25.0,1.0,0.08,0.05,100,100,-7.86,-1.37,-81.2,0.14,0.0,0.087
1759174367571,2025-09-30 03:32:47.571,28.2,25.0,1.0,0.08,0.05,100,100,-9.99,-2.48,-93.62,-0.22,0.0,0.11
1759174372571,2025-09-30 03:32:52.571,28.86,25.0,1.0,0.08,0.05,100,100,-11.21,-3.2,-100.0,-0.14,0.0,0.124
1759174377571,2025-09-30 03:32:57.571,25.69,25.0,1.0,0.08,0.05,100,100,-11.87,-3.86,-100.0,-0.13,0.0,0.137
1759174382571,2025-09-30 03:33:02.571,24.88,25.0,1.0,0.08,0.05,100,100,-8.66,-0.69,-100.0,0.63,0.0,0.074
1759174387571,2025-09-30 03:33:07.571,25.39,25.0,1.0,0.08,0.05,100,100,-7.83,0.12,-99.4,0.16,0.0,0.058
1759174392571,2025-09-30 03:33:12.571,27.82,25.0,1.0,0.08,0.05,100,100,-8.39,-0.39,-100.0,-0.1,0.0,0.068
1759174397571,2025-09-30 03:33:17.571,26.76,25.0,1.0,0.08,0.05,100,100,-10.84,-2.82,-100.0,-0.49,0.0,0.116
1759174402571,2025-09-30 03:33:22.571,23.17,25.0,1.0,0.08,0.05,100,100,-9.75,-1.76,-100.0,0.21,0.0,0.095
1759174407571,2025-09-30 03:33:27.571,24.71,25.0,1.0,0.08,0.05,100,100,-5.4,1.83,-90.85,0.72,0.0,0.023
1759174412571,2025-09-30 03:33:32.571,23.99,25.0,1.0,0.08,0.05,100,100,-6.87,0.29,-89.39,-0.31,0.0,0.054
1759174417571,2025-09-30 03:33:37.571,23.81,25.0,1.0,0.08,0.05,100,100,-5.72,1.01,-84.31,0.14,0.0,0.04
1759174422571,2025-09-30 03:33:42.571,21.32,25.0,1.0,0.08,0.05,100,100,-5.08,1.19,-78.39,0.03,0.0,0.036
1759174427571,2025-09-30 03:33:47.571,19.3,25.0,1.0,0.08,0.05,100,100,-1.1,3.68,-60.01,0.5,0.0,-0.014
1759174432571,2025-09-30 03:33:52.571,21.12,25.0,1.0,0.08,0.05,100,100,3.21,5.7,-31.49,0.41,0.048,-0.054
1759174437571,2025-09-30 03:33:57.571,24.26,25.0,1.0,0.08,0.05,100,100,2.9,3.88,-12.08,-0.36,0.043,-0.018
1759174442571,2025-09-30 03:34:02.571,25.37,25.0,1.0,0.08,0.05,100,100,0.04,0.74,-8.39,-0.63,0.001,0.045
1759174447571,2025-09-30 03:34:07.571,26.47,25.0,1.0,0.08,0.05,100,100,-1.2,-0.37,-10.25,-0.22,0.0,0.067
1759174452571,2025-09-30 03:34:12.571,25.65,25.0,1.0,0.08,0.05,100,100,-2.89,-1.47,-17.6,-0.22,0.0,0.089
1759174457571,2025-09-30 03:34:17.571,25.69,25.0,1.0,0.08,0.05,100,100,-2.31,-0.65,-20.84,0.16,0.0,0.073
1759174462571,2025-09-30 03:34:22.571,25.0,25.0,1.0,0.08,0.05,100,100,-2.63,-0.69,-24.28,-0.01,0.0,0.074
1759174467571,2025-09-30 03:34:27.571,24.21,25.0,1.0,0.08,0.05,100,100,-1.94,-0.0,-24.3,0.14,0.0,0.06
1759174472571,2025-09-30 03:34:32.571,22.57,25.0,1.0,0.08,0.05,100,100,-0.83,0.79,-20.36,0.16,0.0,0.044
1759174477571,2025-09-30 03:34:37.571,20.25,25.0,1.0,0.08,0.05,100,100,1.8,2.43,-8.19,0.33,0.027,0.011
1759174482571,2025-09-30 03:34:42.571,19.51,25.0,1.0,0.08,0.05,100,100,6.01,4.75,15.55,0.46,0.09,-0.035
1759174487571,2025-09-30 03:34:47.571,20.61,25.0,1.0,0.08,0.05,100,100,8.94,5.49,43.02,0.15,0.134,-0.05
1759174492571,2025-09-30 03:34:52.571,19.7,25.0,1.0,0.08,0.05,100,100,9.58,4.39,64.98,-0.22,0.144,-0.028
1759174497571,2025-09-30 03:34:57.571,18.51,25.0,1.0,0.08,0.05,100,100,12.63,5.3,91.49,0.18,0.189,-0.046
1759174502571,2025-09-30 03:35:02.571,16.24,25.0,1.0,0.08,0.05,100,100,14.5,6.49,100.0,0.24,0.217,-0.07
1759174507571,2025-09-30 03:35:07.571,13.97,25.0,1.0,0.08,0.05,100,100,16.78,8.76,100.0,0.45,0.252,-0.115
1759174512571,2025-09-30 03:35:12.571,15.47,25.0,1.0,0.08,0.05,100,100,19.05,11.03,100.0,0.45,0.286,-0.161
1759174517571,2025-09-30 03:35:17.571,15.17,25.0,1.0,0.08,0.05,100,100,17.51,9.53,100.0,-0.3,0.263,-0.131
1759174522571,2025-09-30 03:35:22.571,13.26,25.0,1.0,0.08,0.05,100,100,17.83,9.83,100.0,0.06,0.267,-0.137
1759174527571,2025-09-30 03:35:27.571,14.61,25.0,1.0,0.08,0.05,100,100,19.76,11.74,100.0,0.38,0.296,-0.175
1759174532571,2025-09-30 03:35:32.571,16.74,25.0,1.0,0.08,0.05,100,100,18.38,10.39,100.0,-0.27,0.276,-0.148
1759174537571,2025-09-30 03:35:37.571,15.75,25.0,1.0,0.08,0.05,100,100,16.24,8.26,100.0,-0.43,0.244,-0.105
1759174542571,2025-09-30 03:35:42.571,15.44,25.0,1.0,0.08,0.05,100,100,17.26,9.25,100.0,0.2,0.259,-0.125
1759174547571,2025-09-30 03:35:47.571,13.49,25.0,1.0,0.08,0.05,100,100,17.57,9.56,100.0,0.06,0.263,-0.131
1759174552571,2025-09-30 03:35:52.571,14.42,25.0,1.0,0.08,0.05,100,100,19.53,11.51,100.0,0.39,0.293,-0.17
1759174557571,2025-09-30 03:35:57.571,12.95,25.0,1.0,0.08,0.05,100,100,18.58,10.58,100.0,-0.18,0.279,-0.152
1759174562571,2025-09-30 03:36:02.571,13.12,25.0,1.0,0.08,0.05,100,100,20.06,12.05,100.0,0.29,0.301,-0.181
1759174567571,2025-09-30 03:36:07.571,12.68,25.0,1.0,0.08,0.05,100,100,19.88,11.88,100.0,-0.03,0.298,-0.178
1759174572571,2025-09-30 03:36:12.571,12.95,25.0,1.0,0.08,0.05,100,100,20.32,12.32,100.0,0.09,0.305,-0.186
1759174577571,2025-09-30 03:36:17.571,12.52,25.0,1.0,0.08,0.05,100,100,20.05,12.05,100.0,-0.05,0.301,-0.181
1759174582571,2025-09-30 03:36:22.571,10.9,25.0,1.0,0.08,0.05,100,100,20.48,12.48,100.0,0.09,0.307,-0.19
1759174587571,2025-09-30 03:36:27.571,11.46,25.0,1.0,0.08,0.05,100,100,22.12,14.1,100.0,0.32,0.332,-0.222
1759174592571,2025-09-30 03:36:32.571,13.3,25.0,1.0,0.08,0.05,100,100,21.53,13.54,100.0,-0.11,0.323,-0.211
1759174597571,2025-09-30 03:36:37.571,13.77,25.0,1.0,0.08,0.05,100,100,19.68,11.7,100.0,-0.37,0.295,-0.174
1759174602571,2025-09-30 03:36:42.571,15.55,25.0,1.0,0.08,0.05,100,100,19.22,11.23,100.0,-0.09,0.288,-0.165
1759174607571,2025-09-30 03:36:47.571,15.45,25.0,1.0,0.08,0.05,100,100,17.43,9.45,100.0,-0.36,0.261,-0.129
1759174612571,2025-09-30 03:36:52.571,15.56,25.0,1.0,0.08,0.05,100,100,17.55,9.55,100.0,0.02,0.263,-0.131
1759174617571,2025-09-30 03:36:57.571,13.85,25.0,1.0,0.08,0.05,100,100,17.44,9.44,100.0,-0.02,0.262,-0.129
1759174622571,2025-09-30 03:37:02.571,12.48,25.0,1.0,0.08,0.05,100,100,19.16,11.15,100.0,0.34,0.287,-0.163
1759174627571,2025-09-30 03:37:07.571,9.51,25.0,1.0,0.08,0.05,100,100,20.53,12.52,100.0,0.27,0.308,-0.19
1759174632571,2025-09-30 03:37:12.571,8.06,25.0,1.0,0.08,0.05,100,100,23.52,15.49,100.0,0.59,0.353,-0.25
1759174637571,2025-09-30 03:37:17.571,10.91,25.0,1.0,0.08,0.05,100,100,24.95,16.94,100.0,0.29,0.374,-0.279
1759174642571,2025-09-30 03:37:22.571,11.25,25.0,1.0,0.08,0.05,100,100,22.06,14.09,100.0,-0.57,0.331,-0.222
1759174647571,2025-09-30 03:37:27.571,9.32,25.0,1.0,0.08,0.05,100,100,21.75,13.75,100.0,-0.07,0.326,-0.215
1759174652571,2025-09-30 03:37:32.571,10.11,25.0,1.0,0.08,0.05,100,100,23.7,15.68,100.0,0.38,0.355,-0.254
1759174657571,2025-09-30 03:37:37.571,10.66,25.0,1.0,0.08,0.05,100,100,22.89,14.89,100.0,-0.16,0.343,-0.238
1759174662571,2025-09-30 03:37:42.571,11.53,25.0,1.0,0.08,0.05,100,100,22.33,14.34,100.0,-0.11,0.335,-0.227
1759174667571,2025-09-30 03:37:47.571,12.41,25.0,1.0,0.08,0.05,100,100,21.46,13.47,100.0,-0.17,0.322,-0.209
1759174672571,2025-09-30 03:37:52.571,11.95,25.0,1.0,0.08,0.05,100,100,20.58,12.59,100.0,-0.18,0.309,-0.192
1759174677571,2025-09-30 03:37:57.571,14.08,25.0,1.0,0.08,0.05,100,100,21.05,13.05,100.0,0.09,0.316,-0.201
1759174682571,2025-09-30 03:38:02.571,13.67,25.0,1.0,0.08,0.05,100,100,18.9,10.92,100.0,-0.42,0.284,-0.158
1759174687571,2025-09-30 03:38:07.571,13.31,25.0,1.0,0.08,0.05,100,100,19.34,11.33,100.0,0.08,0.29,-0.167
1759174692571,2025-09-30 03:38:12.571,12.33,25.0,1.0,0.08,0.05,100,100,19.7,11.69,100.0,0.07,0.295,-0.174
1759174697571,2025-09-30 03:38:17.571,11.09,25.0,1.0,0.08,0.05,100,100,20.68,12.67,100.0,0.2,0.31,-0.193
1759174702571,2025-09-30 03:38:22.571,10.7,25.0,1.0,0.08,0.05,100,100,21.93,13.91,100.0,0.25,0.329,-0.218
1759174707571,2025-09-30 03:38:27.571,9.88,25.0,1.0,0.08,0.05,100,100,22.3,14.3,100.0,0.08,0.335,-0.226
1759174712571,2025-09-30 03:38:32.571,11.89,25.0,1.0,0.08,0.05,100,100,23.13,15.12,100.0,0.17,0.347,-0.242
1759174717571,2025-09-30 03:38:37.571,12.27,25.0,1.0,0.08,0.05,100,100,21.09,13.11,100.0,-0.4,0.316,-0.202
1759174722571,2025-09-30 03:38:42.571,13.43,25.0,1.0,0.08,0.05,100,100,20.73,12.73,100.0,-0.07,0.311,-0.195
1759174727571,2025-09-30 03:38:47.571,12.97,25.0,1.0,0.08,0.05,100,100,19.56,11.57,100.0,-0.23,0.293,-0.171
1759174732571,2025-09-30 03:38:52.571,10.98,25.0,1.0,0.08,0.05,100,100,20.03,12.03,100.0,0.09,0.3,-0.181
1759174737571,2025-09-30 03:38:57.571,12.34,25.0,1.0,0.08,0.05,100,100,22.04,14.02,100.0,0.4,0.331,-0.22
1759174742571,2025-09-30 03:39:02.571,11.21,25.0,1.0,0.08,0.05,100,100,20.65,12.66,100.0,-0.27,0.31,-0.193
1759174747571,2025-09-30 03:39:07.571,10.1,25.0,1.0,0.08,0.05,100,100,21.8,13.79,100.0,0.23,0.327,-0.216
1759174752571,2025-09-30 03:39:12.571,9.97,25.0,1.0,0.08,0.05,100,100,22.91,14.9,100.0,0.22,0.344,-0.238
1759174757571,2025-09-30 03:39:17.571,10.16,25.0,1.0,0.08,0.05,100,100,23.03,15.03,100.0,0.03,0.346,-0.241
1759174762571,2025-09-30 03:39:22.571,8.49,25.0,1.0,0.08,0.05,100,100,22.83,14.84,100.0,-0.04,0.343,-0.237
1759174767571,2025-09-30 03:39:27.571,7.66,25.0,1.0,0.08,0.05,100,100,24.52,16.51,100.0,0.33,0.368,-0.27
1759174772571,2025-09-30 03:39:32.571,10.8,25.0,1.0,0.08,0.05,100,100,25.35,17.34,100.0,0.17,0.38,-0.287
1759174777571,2025-09-30 03:39:37.571,12.0,25.0,1.0,0.08,0.05,100,100,22.17,14.2,100.0,-0.63,0.333,-0.224
1759174782571,2025-09-30 03:39:42.571,13.0,25.0,1.0,0.08,0.05,100,100,20.99,13.0,100.0,-0.24,0.315,-0.2
1759174787571,2025-09-30 03:39:47.571,10.95,25.0,1.0,0.08,0.05,100,100,19.99,12.0,100.0,-0.2,0.3,-0.18
1759174792571,2025-09-30 03:39:52.571,13.15,25.0,1.0,0.08,0.05,100,100,22.07,14.05,100.0,0.41,0.331,-0.221
1759174797571,2025-09-30 03:39:57.571,9.67,25.0,1.0,0.08,0.05,100,100,19.83,11.85,100.0,-0.44,0.297,-0.177
1759174802571,2025-09-30 03:40:02.571,9.0,25.0,1.0,0.08,0.05,100,100,23.37,15.33,100.0,0.7,0.35,-0.247
1759174807571,2025-09-30 03:40:07.571,8.64,25.0,1.0,0.08,0.05,100,100,24.0,16.0,100.0,0.13,0.36,-0.26
1759174812571,2025-09-30 03:40:12.571,8.54,25.0,1.0,0.08,0.05,100,100,24.37,16.36,100.0,0.07,0.366,-0.267
1759174817571,2025-09-30 03:40:17.571,6.58,25.0,1.0,0.08,0.05,100,100,24.46,16.46,100.0,0.02,0.367,-0.269
1759174822571,2025-09-30 03:40:22.571,7.45,25.0,1.0,0.08,0.05,100,100,26.44,18.42,100.0,0.39,0.397,-0.308
1759174827571,2025-09-30 03:40:27.571,6.16,25.0,1.0,0.08,0.05,100,100,25.54,17.55,100.0,-0.18,0.383,-0.291
1759174832571,2025-09-30 03:40:32.571,6.13,25.0,1.0,0.08,0.05,100,100,26.86,18.84,100.0,0.26,0.403,-0.317
1759174837571,2025-09-30 03:40:37.571,4.56,25.0,1.0,0.08,0.05,100,100,26.87,18.87,100.0,0.01,0.403,-0.317
1759174842571,2025-09-30 03:40:42.571,7.05,25.0,1.0,0.08,0.05,100,100,28.46,20.44,100.0,0.31,0.427,-0.349
1759174847571,2025-09-30 03:40:47.571,6.65,25.0,1.0,0.08,0.05,100,100,25.92,17.95,100.0,-0.5,0.389,-0.299
1759174852571,2025-09-30 03:40:52.571,5.42,25.0,1.0,0.08,0.05,100,100,26.35,18.35,100.0,0.08,0.395,-0.307
1759174857571,2025-09-30 03:40:57.571,6.01,25.0,1.0,0.08,0.05,100,100,27.6,19.58,100.0,0.25,0.414,-0.332
1759174862571,2025-09-30 03:41:02.571,5.68,25.0,1.0,0.08,0.05,100,100,26.98,18.99,100.0,-0.12,0.405,-0.32
1759174867571,2025-09-30 03:41:07.571,7.27,25.0,1.0,0.08,0.05,100,100,27.32,19.32,100.0,0.07,0.41,-0.326
1759174872571,2025-09-30 03:41:12.571,9.04,25.0,1.0,0.08,0.05,100,100,25.72,17.73,100.0,-0.32,0.386,-0.295
1759174877571,2025-09-30 03:41:17.571,12.67,25.0,1.0,0.08,0.05,100,100,23.94,15.96,100.0,-0.36,0.359,-0.259
1759174882571,2025-09-30 03:41:22.571,12.57,25.0,1.0,0.08,0.05,100,100,20.29,12.33,100.0,-0.73,0.304,-0.187
1759174887571,2025-09-30 03:41:27.571,13.45,25.0,1.0,0.08,0.05,100,100,20.44,12.43,100.0,0.02,0.307,-0.189
1759174892571,2025-09-30 03:41:32.571,15.1,25.0,1.0,0.08,0.05,100,100,19.55,11.55,100.0,-0.18,0.293,-0.171
1759174897571,2025-09-30 03:41:37.571,15.95,25.0,1.0,0.08,0.05,100,100,17.88,9.9,100.0,-0.33,0.268,-0.138
1759174902571,2025-09-30 03:41:42.571,16.77,25.0,1.0,0.08,0.05,100,100,17.04,9.05,100.0,-0.17,0.256,-0.121
1759174907571,2025-09-30 03:41:47.571,16.62,25.0,1.0,0.08,0.05,100,100,16.23,8.23,100.0,-0.16,0.243,-0.105
1759174912571,2025-09-30 03:41:52.571,14.79,25.0,1.0,0.08,0.05,100,100,16.38,8.38,100.0,0.03,0.246,-0.108
1759174917571,2025-09-30 03:41:57.571,15.34,25.0,1.0,0.08,0.05,100,100,18.23,10.21,100.0,0.36,0.273,-0.144
1759174922571,2025-09-30 03:42:02.571,16.85,25.0,1.0,0.08,0.05,100,100,17.65,9.66,100.0,-0.11,0.265,-0.133
1759174927571,2025-09-30 03:42:07.571,16.13,25.0,1.0,0.08,0.05,100,100,16.13,8.15,100.0,-0.3,0.242,-0.103
1759174932571,2025-09-30 03:42:12.571,14.01,25.0,1.0,0.08,0.05,100,100,16.87,8.87,100.0,0.14,0.253,-0.117
1759174937571,2025-09-30 03:42:17.571,14.43,25.0,1.0,0.08,0.05,100,100,19.01,10.99,100.0,0.42,0.285,-0.16
1759174942571,2025-09-30 03:42:22.571,11.74,25.0,1.0,0.08,0.05,100,100,18.56,10.57,100.0,-0.08,0.278,-0.151
1759174947571,2025-09-30 03:42:27.571,12.77,25.0,1.0,0.08,0.05,100,100,21.29,13.26,100.0,0.54,0.319,-0.205
1759174952571,2025-09-30 03:42:32.571,11.36,25.0,1.0,0.08,0.05,100,100,20.22,12.23,100.0,-0.21,0.303,-0.185
1759174957571,2025-09-30 03:42:37.571,12.48,25.0,1.0,0.08,0.05,100,100,21.66,13.64,100.0,0.28,0.325,-0.213
1759174962571,2025-09-30 03:42:42.571,14.16,25.0,1.0,0.08,0.05,100,100,20.51,12.52,100.0,-0.22,0.308,-0.19
1759174967571,2025-09-30 03:42:47.571,14.14,25.0,1.0,0.08,0.05,100,100,18.82,10.84,100.0,-0.34,0.282,-0.157
1759174972571,2025-09-30 03:42:52.571,11.57,25.0,1.0,0.08,0.05,100,100,18.86,10.86,100.0,0.0,0.283,-0.157
1759174977571,2025-09-30 03:42:57.571,13.45,25.0,1.0,0.08,0.05,100,100,21.46,13.43,100.0,0.51,0.322,-0.209
1759174982571,2025-09-30 03:43:02.571,13.98,25.0,1.0,0.08,0.05,100,100,19.53,11.55,100.0,-0.38,0.293,-0.171
1759174987571,2025-09-30 03:43:07.571,14.05,25.0,1.0,0.08,0.05,100,100,19.01,11.02,100.0,-0.11,0.285,-0.16
1759174992571,2025-09-30 03:43:12.571,14.89,25.0,1.0,0.08,0.05,100,100,18.95,10.95,100.0,-0.01,0.284,-0.159
1759174997571,2025-09-30 03:43:17.571,14.95,25.0,1.0,0.08,0.05,100,100,18.1,10.11,100.0,-0.17,0.272,-0.142
1759175002571,2025-09-30 03:43:22.571,16.7,25.0,1.0,0.08,0.05,100,100,18.05,10.05,100.0,-0.01,0.271,-0.141
1759175007571,2025-09-30 03:43:27.571,14.93,25.0,1.0,0.08,0.05,100,100,16.28,8.3,100.0,-0.35,0.244,-0.106
1759175012571,2025-09-30 03:43:32.571,16.11,25.0,1.0,0.08,0.05,100,100,18.08,10.07,100.0,0.35,0.271,-0.141
1759175017571,2025-09-30 03:43:37.571,16.92,25.0,1.0,0.08,0.05,100,100,16.88,8.89,100.0,-0.24,0.253,-0.118
1759175022571,2025-09-30 03:43:42.571,16.44,25.0,1.0,0.08,0.05,100,100,16.08,8.08,100.0,-0.16,0.241,-0.102
1759175027571,2025-09-30 03:43:47.571,17.61,25.0,1.0,0.08,0.05,100,100,16.56,8.56,100.0,0.1,0.248,-0.111
1759175032571,2025-09-30 03:43:52.571,17.76,25.0,1.0,0.08,0.05,100,100,15.37,7.39,100.0,-0.23,0.231,-0.088
1759175037571,2025-09-30 03:43:57.571,15.49,25.0,1.0,0.08,0.05,100,100,15.24,7.24,100.0,-0.03,0.229,-0.085
1759175042571,2025-09-30 03:44:02.571,17.68,25.0,1.0,0.08,0.05,100,100,17.53,9.51,100.0,0.45,0.263,-0.13
1759175047571,2025-09-30 03:44:07.571,18.81,25.0,1.0,0.08,0.05,100,100,15.3,7.32,100.0,-0.44,0.229,-0.086
1759175052571,2025-09-30 03:44:12.571,17.05,25.0,1.0,0.08,0.05,100,100,14.18,6.19,100.0,-0.23,0.213,-0.064
1759175057571,2025-09-30 03:44:17.571,15.97,25.0,1.0,0.08,0.05,100,100,15.96,7.95,100.0,0.35,0.239,-0.099
1759175062571,2025-09-30 03:44:22.571,14.63,25.0,1.0,0.08,0.05,100,100,17.04,9.03,100.0,0.22,0.256,-0.121
1759175067571,2025-09-30 03:44:27.571,14.82,25.0,1.0,0.08,0.05,100,100,18.38,10.37,100.0,0.27,0.276,-0.147
1759175072571,2025-09-30 03:44:32.571,15.96,25.0,1.0,0.08,0.05,100,100,18.18,10.18,100.0,-0.04,0.273,-0.144
1759175077571,2025-09-30 03:44:37.571,14.5,25.0,1.0,0.08,0.05,100,100,17.03,9.04,100.0,-0.23,0.255,-0.121
1759175082571,2025-09-30 03:44:42.571,14.81,25.0,1.0,0.08,0.05,100,100,18.51,10.5,100.0,0.29,0.278,-0.15
1759175087571,2025-09-30 03:44:47.571,12.1,25.0,1.0,0.08,0.05,100,100,18.19,10.19,100.0,-0.06,0.273,-0.144
1759175092571,2025-09-30 03:44:52.571,9.97,25.0,1.0,0.08,0.05,100,100,20.93,12.9,100.0,0.54,0.314,-0.198
1759175097571,2025-09-30 03:44:57.571,9.4,25.0,1.0,0.08,0.05,100,100,23.05,15.03,100.0,0.42,0.346,-0.241
1759175102571,2025-09-30 03:45:02.571,11.03,25.0,1.0,0.08,0.05,100,100,23.61,15.6,100.0,0.11,0.354,-0.252
1759175107571,2025-09-30 03:45:07.571,11.52,25.0,1.0,0.08,0.05,100,100,21.95,13.97,100.0,-0.33,0.329,-0.219
1759175112571,2025-09-30 03:45:12.571,14.3,25.0,1.0,0.08,0.05,100,100,21.48,13.48,100.0,-0.1,0.322,-0.21
1759175117571,2025-09-30 03:45:17.571,16.8,25.0,1.0,0.08,0.05,100,100,18.67,10.7,100.0,-0.56,0.28,-0.154
1759175122571,2025-09-30 03:45:22.571,18.18,25.0,1.0,0.08,0.05,100,100,16.17,8.2,100.0,-0.5,0.243,-0.104
1759175127571,2025-09-30 03:45:27.571,19.07,25.0,1.0,0.08,0.05,100,100,14.81,6.82,100.0,-0.28,0.222,-0.076
1759175132571,2025-09-30 03:45:32.571,18.12,25.0,1.0,0.08,0.05,100,100,13.92,5.93,100.0,-0.18,0.209,-0.059
1759175137571,2025-09-30 03:45:37.571,18.57,25.0,1.0,0.08,0.05,100,100,14.89,6.88,100.0,0.19,0.223,-0.078
1759175142571,2025-09-30 03:45:42.571,19.12,25.0,1.0,0.08,0.05,100,100,14.42,6.43,100.0,-0.09,0.216,-0.069
1759175147571,2025-09-30 03:45:47.571,17.14,25.0,1.0,0.08,0.05,100,100,13.88,5.88,100.0,-0.11,0.208,-0.058
1759175152571,2025-09-30 03:45:52.571,18.13,25.0,1.0,0.08,0.05,100,100,15.88,7.86,100.0,0.4,0.238,-0.097
1759175157571,2025-09-30 03:45:57.571,17.82,25.0,1.0,0.08,0.05,100,100,14.86,6.87,100.0,-0.2,0.223,-0.077
1759175162571,2025-09-30 03:46:02.571,16.53,25.0,1.0,0.08,0.05,100,100,15.18,7.18,100.0,0.06,0.228,-0.084
1759175167571,2025-09-30 03:46:07.571,18.37,25.0,1.0,0.08,0.05,100,100,16.48,8.47,100.0,0.26,0.247,-0.109
1759175172571,2025-09-30 03:46:12.571,20.36,25.0,1.0,0.08,0.05,100,100,14.61,6.63,100.0,-0.37,0.219,-0.073
1759175177571,2025-09-30 03:46:17.571,15.22,25.0,1.0,0.08,0.05,100,100,12.62,4.64,100.0,-0.4,0.189,-0.033
1759175182571,2025-09-30 03:46:22.571,16.79,25.0,1.0,0.08,0.05,100,100,17.83,9.78,100.0,1.03,0.268,-0.136
1759175187571,2025-09-30 03:46:27.571,17.68,25.0,1.0,0.08,0.05,100,100,16.19,8.21,100.0,-0.32,0.243,-0.104
1759175192571,2025-09-30 03:46:32.571,16.76,25.0,1.0,0.08,0.05,100,100,15.31,7.32,100.0,-0.18,0.23,-0.086
1759175197571,2025-09-30 03:46:37.571,16.91,25.0,1.0,0.08,0.05,100,100,16.25,8.24,100.0,0.18,0.244,-0.105
1759175202571,2025-09-30 03:46:42.571,17.87,25.0,1.0,0.08,0.05,100,100,16.09,8.09,100.0,-0.03,0.241,-0.102
1759175207571,2025-09-30 03:46:47.571,14.53,25.0,1.0,0.08,0.05,100,100,15.12,7.13,100.0,-0.19,0.227,-0.083
1759175212571,2025-09-30 03:46:52.571,14.11,25.0,1.0,0.08,0.05,100,100,18.51,10.47,100.0,0.67,0.278,-0.149
1759175217571,2025-09-30 03:46:57.571,15.28,25.0,1.0,0.08,0.05,100,100,18.89,10.89,100.0,0.08,0.283,-0.158
1759175222571,2025-09-30 03:47:02.571,17.18,25.0,1.0,0.08,0.05,100,100,17.71,9.72,100.0,-0.23,0.266,-0.134
1759175227571,2025-09-30 03:47:07.571,17.0,25.0,1.0,0.08,0.05,100,100,15.8,7.82,100.0,-0.38,0.237,-0.096
1759175232571,2025-09-30 03:47:12.571,16.71,25.0,1.0,0.08,0.05,100,100,16.0,8.0,100.0,0.04,0.24,-0.1
1759175237571,2025-09-30 03:47:17.571,14.46,25.0,1.0,0.08,0.05,100,100,16.29,8.29,100.0,0.06,0.244,-0.106
1759175242571,2025-09-30 03:47:22.571,16.04,25.0,1.0,0.08,0.05,100,100,18.56,10.54,100.0,0.45,0.278,-0.151
1759175247571,2025-09-30 03:47:27.571,13.8,25.0,1.0,0.08,0.05,100,100,16.95,8.96,100.0,-0.32,0.254,-0.119
1759175252571,2025-09-30 03:47:32.571,15.93,25.0,1.0,0.08,0.05,100,100,19.22,11.2,100.0,0.45,0.288,-0.164
1759175257571,2025-09-30 03:47:37.571,16.64,25.0,1.0,0.08,0.05,100,100,17.05,9.07,100.0,-0.42,0.256,-0.121
1759175262571,2025-09-30 03:47:42.571,16.22,25.0,1.0,0.08,0.05,100,100,16.36,8.36,100.0,-0.14,0.245,-0.107
1759175267571,2025-09-30 03:47:47.571,13.76,25.0,1.0,0.08,0.05,100,100,16.78,8.78,100.0,0.08,0.252,-0.116
1759175272571,2025-09-30 03:47:52.571,11.95,25.0,1.0,0.08,0.05,100,100,19.27,11.24,100.0,0.49,0.289,-0.165
1759175277571,2025-09-30 03:47:57.571,11.78,25.0,1.0,0.08,0.05,100,100,21.07,13.05,100.0,0.36,0.316,-0.201
1759175282571,2025-09-30 03:48:02.571,12.54,25.0,1.0,0.08,0.05,100,100,21.23,13.22,100.0,0.04,0.318,-0.204
1759175287571,2025-09-30 03:48:07.571,13.85,25.0,1.0,0.08,0.05,100,100,20.46,12.46,100.0,-0.15,0.307,-0.189
1759175292571,2025-09-30 03:48:12.571,14.49,25.0,1.0,0.08,0.05,100,100,19.14,11.15,100.0,-0.26,0.287,-0.163
1759175297571,2025-09-30 03:48:17.571,13.18,25.0,1.0,0.08,0.05,100,100,18.51,10.51,100.0,-0.13,0.278,-0.15
1759175302571,2025-09-30 03:48:22.571,12.81,25.0,1.0,0.08,0.05,100,100,19.84,11.82,100.0,0.26,0.298,-0.176
1759175307571,2025-09-30 03:48:27.571,12.09,25.0,1.0,0.08,0.05,100,100,20.19,12.19,100.0,0.07,0.303,-0.184
1759175312571,2025-09-30 03:48:32.571,11.99,32.0,1.0,0.08,0.05,100,100,20.92,12.91,100.0,0.14,0.314,-0.198
1759175317571,2025-09-30 03:48:37.571,11.93,32.0,1.0,0.08,0.05,100,100,28.08,20.01,100.0,1.42,0.421,-0.2
1759175322571,2025-09-30 03:48:42.571,12.28,32.0,1.0,0.08,0.05,100,100,28.07,20.07,100.0,0.01,0.421,-0.201
1759175327571,2025-09-30 03:48:47.571,12.3,32.0,1.0,0.08,0.05,100,100,27.71,19.72,100.0,-0.07,0.416,-0.194
1759175332571,2025-09-30 03:48:52.571,13.65,32.0,1.0,0.08,0.05,100,100,27.7,19.7,100.0,-0.0,0.415,-0.194
1759175337571,2025-09-30 03:48:57.571,12.07,32.0,1.0,0.08,0.05,100,100,26.34,18.35,100.0,-0.27,0.395,-0.167
1759175342571,2025-09-30 03:49:02.571,11.13,32.0,1.0,0.08,0.05,100,100,27.95,19.93,100.0,0.32,0.419,-0.199
1759175347571,2025-09-30 03:49:07.571,11.95,32.0,1.0,0.08,0.05,100,100,28.88,20.87,100.0,0.19,0.433,-0.217
1759175352571,2025-09-30 03:49:12.571,11.29,32.0,1.0,0.08,0.05,100,100,28.04,20.05,100.0,-0.16,0.421,-0.201
1759175357571,2025-09-30 03:49:17.571,10.73,32.0,1.0,0.08,0.05,100,100,28.71,20.71,100.0,0.13,0.431,-0.214
1759175362571,2025-09-30 03:49:22.571,10.72,32.0,1.0,0.08,0.05,100,100,29.28,21.27,100.0,0.11,0.439,-0.225
1759175367571,2025-09-30 03:49:27.571,10.05,32.0,1.0,0.08,0.05,100,100,29.28,21.28,100.0,0.0,0.439,-0.226
1759175372571,2025-09-30 03:49:32.571,9.09,32.0,1.0,0.08,0.05,100,100,29.96,21.95,100.0,0.13,0.449,-0.239
1759175377571,2025-09-30 03:49:37.571,8.59,32.0,1.0,0.08,0.05,100,100,30.92,22.91,100.0,0.19,0.464,-0.258
1759175382571,2025-09-30 03:49:42.571,5.68,32.0,1.0,0.08,0.05,100,100,31.42,23.41,100.0,0.1,0.471,-0.268
1759175387571,2025-09-30 03:49:47.571,4.05,32.0,1.0,0.08,0.05,100,100,34.35,26.32,100.0,0.58,0.515,-0.326
1759175392571,2025-09-30 03:49:52.571,4.02,32.0,1.0,0.08,0.05,100,100,35.97,27.95,100.0,0.33,0.539,-0.359
1759175397571,2025-09-30 03:49:57.571,5.86,32.0,1.0,0.08,0.05,100,100,35.98,27.98,100.0,0.01,0.54,-0.36
1759175402571,2025-09-30 03:50:02.571,5.37,32.0,1.0,0.08,0.05,100,100,34.12,26.14,100.0,-0.37,0.512,-0.323
1759175407571,2025-09-30 03:50:07.571,6.25,32.0,1.0,0.08,0.05,100,100,34.63,26.63,100.0,0.1,0.519,-0.333
1759175412571,2025-09-30 03:50:12.571,7.39,32.0,1.0,0.08,0.05,100,100,33.74,25.75,100.0,-0.18,0.506,-0.315
1759175417571,2025-09-30 03:50:17.571,8.53,32.0,1.0,0.08,0.05,100,100,32.6,24.61,100.0,-0.23,0.489,-0.292
1759175422571,2025-09-30 03:50:22.571,7.19,32.0,1.0,0.08,0.05,100,100,31.46,23.47,100.0,-0.23,0.472,-0.269
1759175427571,2025-09-30 03:50:27.571,8.7,32.0,1.0,0.08,0.05,100,100,32.82,24.81,100.0,0.27,0.492,-0.296
1759175432571,2025-09-30 03:50:32.571,8.21,32.0,1.0,0.08,0.05,100,100,31.28,23.3,100.0,-0.3,0.469,-0.266
1759175437571,2025-09-30 03:50:37.571,5.09,32.0,1.0,0.08,0.05,100,100,31.8,23.79,100.0,0.1,0.477,-0.276
1759175442571,2025-09-30 03:50:42.571,2.31,32.0,1.0,0.08,0.05,100,100,34.94,26.91,100.0,0.62,0.524,-0.338
1759175447571,2025-09-30 03:50:47.571,0.1,32.0,1.0,0.08,0.05,100,100,37.72,29.69,100.0,0.56,0.566,-0.394
1759175452571,2025-09-30 03:50:52.571,-0.39,32.0,1.0,0.08,0.05,100,100,39.93,31.9,100.0,0.44,0.599,-0.438
1759175457571,2025-09-30 03:50:57.571,0.8,32.0,1.0,0.08,0.05,100,100,40.39,32.39,100.0,0.1,0.606,-0.448
1759175462571,2025-09-30 03:51:02.571,1.79,32.0,1.0,0.08,0.05,100,100,39.19,31.2,100.0,-0.24,0.588,-0.424
1759175467571,2025-09-30 03:51:07.571,3.73,32.0,1.0,0.08,0.05,100,100,38.2,30.21,100.0,-0.2,0.573,-0.404
1759175472571,2025-09-30 03:51:12.571,2.75,32.0,1.0,0.08,0.05,100,100,36.25,28.27,100.0,-0.39,0.544,-0.365
1759175477571,2025-09-30 03:51:17.571,2.39,32.0,1.0,0.08,0.05,100,100,37.26,29.25,100.0,0.2,0.559,-0.385
1759175482571,2025-09-30 03:51:22.571,2.72,32.0,1.0,0.08,0.05,100,100,37.62,29.61,100.0,0.07,0.564,-0.392
1759175487571,2025-09-30 03:51:27.571,3.0,32.0,1.0,0.08,0.05,100,100,37.28,29.28,100.0,-0.07,0.559,-0.386
1759175492571,2025-09-30 03:51:32.571,-0.15,32.0,1.0,0.08,0.05,100,100,37.0,29.0,100.0,-0.06,0.555,-0.38
1759175497571,2025-09-30 03:51:37.571,-0.92,32.0,1.0,0.08,0.05,100,100,40.18,32.15,100.0,0.63,0.603,-0.443
1759175502571,2025-09-30 03:51:42.571,0.1,32.0,1.0,0.08,0.05,100,100,40.93,32.92,100.0,0.15,0.614,-0.458
1759175507571,2025-09-30 03:51:47.571,-1.55,32.0,1.0,0.08,0.05,100,100,39.89,31.9,100.0,-0.21,0.598,-0.438
1759175512571,2025-09-30 03:51:52.571,-2.14,32.0,1.0,0.08,0.05,100,100,41.57,33.55,100.0,0.33,0.624,-0.471
1759175517571,2025-09-30 03:51:57.571,-2.53,32.0,1.0,0.08,0.05,100,100,42.14,34.14,100.0,0.12,0.632,-0.483
1759175522571,2025-09-30 03:52:02.571,-2.27,32.0,1.0,0.08,0.05,100,100,42.54,34.53,100.0,0.08,0.638,-0.491
1759175527571,2025-09-30 03:52:07.571,-1.49,32.0,1.0,0.08,0.05,100,100,42.26,34.27,100.0,-0.05,0.634,-0.485
1759175532571,2025-09-30 03:52:12.571,-0.5,32.0,1.0,0.08,0.05,100,100,41.48,33.49,100.0,-0.16,0.622,-0.47
1759175537571,2025-09-30 03:52:17.571,0.43,32.0,1.0,0.08,0.05,100,100,40.49,32.5,100.0,-0.2,0.607,-0.45
1759175542571,2025-09-30 03:52:22.571,2.09,32.0,1.0,0.08,0.05,100,100,39.56,31.57,100.0,-0.19,0.593,-0.431
1759175547571,2025-09-30 03:52:27.571,3.32,32.0,1.0,0.08,0.05,100,100,37.89,29.91,100.0,-0.33,0.568,-0.398
1759175552571,2025-09-30 03:52:32.571,5.47,32.0,1.0,0.08,0.05,100,100,36.67,28.68,100.0,-0.25,0.55,-0.374
1759175557571,2025-09-30 03:52:37.571,3.87,32.0,1.0,0.08,0.05,100,100,34.5,26.53,100.0,-0.43,0.518,-0.331
1759175562571,2025-09-30 03:52:42.571,4.98,32.0,1.0,0.08,0.05,100,100,36.14,28.13,100.0,0.32,0.542,-0.363
1759175567571,2025-09-30 03:52:47.571,5.72,32.0,1.0,0.08,0.05,100,100,35.01,27.02,100.0,-0.22,0.525,-0.34
1759175572571,2025-09-30 03:52:52.571,4.19,32.0,1.0,0.08,0.05,100,100,34.27,26.28,100.0,-0.15,0.514,-0.326
1759175577571,2025-09-30 03:52:57.571,2.82,32.0,1.0,0.08,0.05,100,100,35.83,27.81,100.0,0.31,0.537,-0.356
1759175582571,2025-09-30 03:53:02.571,0.96,32.0,1.0,0.08,0.05,100,100,37.19,29.18,100.0,0.27,0.558,-0.384
1759175587571,2025-09-30 03:53:07.571,3.11,32.0,1.0,0.08,0.05,100,100,39.06,31.04,100.0,0.37,0.586,-0.421
1759175592571,2025-09-30 03:53:12.571,3.2,32.0,1.0,0.08,0.05,100,100,36.87,28.89,100.0,-0.43,0.553,-0.378
1759175597571,2025-09-30 03:53:17.571,0.53,32.0,1.0,0.08,0.05,100,100,36.79,28.8,100.0,-0.02,0.552,-0.376
1759175602571,2025-09-30 03:53:22.571,-2.0,32.0,1.0,0.08,0.05,100,100,39.5,31.47,100.0,0.54,0.593,-0.429
1759175607571,2025-09-30 03:53:27.571,0.99,32.0,1.0,0.08,0.05,100,100,42.03,34.0,100.0,0.51,0.63,-0.48
1759175612571,2025-09-30 03:53:32.571,0.64,32.0,1.0,0.08,0.05,100,100,38.98,31.01,100.0,-0.6,0.585,-0.42
1759175617571,2025-09-30 03:53:37.571,0.8,32.0,1.0,0.08,0.05,100,100,39.37,31.36,100.0,0.07,0.59,-0.427
1759175622571,2025-09-30 03:53:42.571,2.31,32.0,1.0,0.08,0.05,100,100,39.2,31.2,100.0,-0.03,0.588,-0.424
1759175627571,2025-09-30 03:53:47.571,0.17,32.0,1.0,0.08,0.05,100,100,37.68,29.69,100.0,-0.3,0.565,-0.394
1759175632571,2025-09-30 03:53:52.571,1.01,32.0,1.0,0.08,0.05,100,100,39.85,31.83,100.0,0.43,0.598,-0.437
1759175637571,2025-09-30 03:53:57.571,3.68,32.0,1.0,0.08,0.05,100,100,38.98,30.99,100.0,-0.17,0.585,-0.42
1759175642571,2025-09-30 03:54:02.571,3.69,32.0,1.0,0.08,0.05,100,100,36.3,28.32,100.0,-0.53,0.544,-0.366
1759175647571,2025-09-30 03:54:07.571,2.78,32.0,1.0,0.08,0.05,100,100,36.31,28.31,100.0,-0.0,0.545,-0.366
1759175652571,2025-09-30 03:54:12.571,1.7,32.0,1.0,0.08,0.05,100,100,37.23,29.22,100.0,0.18,0.558,-0.384
1759175657571,2025-09-30 03:54:17.571,0.47,32.0,1.0,0.08,0.05,100,100,38.31,30.3,100.0,0.22,0.575,-0.406
1759175662571,2025-09-30 03:54:22.571,1.21,32.0,1.0,0.08,0.05,100,100,39.54,31.53,100.0,0.25,0.593,-0.431
1759175667571,2025-09-30 03:54:27.571,-1.79,32.0,1.0,0.08,0.05,100,100,38.78,30.79,100.0,-0.15,0.582,-0.416
1759175672571,2025-09-30 03:54:32.571,-1.99,32.0,1.0,0.08,0.05,100,100,41.82,33.79,100.0,0.6,0.627,-0.476
1759175677571,2025-09-30 03:54:37.571,-0.74,32.0,1.0,0.08,0.05,100,100,41.99,33.99,100.0,0.04,0.63,-0.48
1759175682571,2025-09-30 03:54:42.571,0.5,32.0,1.0,0.08,0.05,100,100,40.72,32.74,100.0,-0.25,0.611,-0.455
1759175687571,2025-09-30 03:54:47.571,0.88,32.0,1.0,0.08,0.05,100,100,39.49,31.5,100.0,-0.25,0.592,-0.43
1759175692571,2025-09-30 03:54:52.571,2.01,32.0,1.0,0.08,0.05,100,100,39.11,31.12,100.0,-0.08,0.587,-0.422
1759175697571,2025-09-30 03:54:57.571,2.6,32.0,1.0,0.08,0.05,100,100,37.98,29.99,100.0,-0.22,0.57,-0.4
1759175702571,2025-09-30 03:55:02.571,1.84,32.0,1.0,0.08,0.05,100,100,37.39,29.4,100.0,-0.12,0.561,-0.388
1759175707571,2025-09-30 03:55:07.571,1.91,32.0,1.0,0.08,0.05,100,100,38.16,30.16,100.0,0.15,0.572,-0.403
1759175712571,2025-09-30 03:55:12.571,0.64,32.0,1.0,0.08,0.05,100,100,38.09,30.09,100.0,-0.01,0.571,-0.402
1759175717571,2025-09-30 03:55:17.571,0.15,32.0,1.0,0.08,0.05,100,100,39.37,31.36,100.0,0.25,0.591,-0.427
1759175722571,2025-09-30 03:55:22.571,2.63,32.0,1.0,0.08,0.05,100,100,39.85,31.85,100.0,0.1,0.598,-0.437
1759175727571,2025-09-30 03:55:27.571,3.57,32.0,1.0,0.08,0.05,100,100,37.34,29.37,100.0,-0.5,0.56,-0.387
1759175732571,2025-09-30 03:55:32.571,1.19,32.0,1.0,0.08,0.05,100,100,36.42,28.43,100.0,-0.19,0.546,-0.369
1759175737571,2025-09-30 03:55:37.571,0.31,32.0,1.0,0.08,0.05,100,100,38.83,30.81,100.0,0.48,0.583,-0.416
1759175742571,2025-09-30 03:55:42.571,1.52,32.0,1.0,0.08,0.05,100,100,39.7,31.69,100.0,0.18,0.595,-0.434
1759175747571,2025-09-30 03:55:47.571,3.54,32.0,1.0,0.08,0.05,100,100,38.46,30.48,100.0,-0.24,0.577,-0.41
1759175752571,2025-09-30 03:55:52.571,2.46,32.0,1.0,0.08,0.05,100,100,36.44,28.46,100.0,-0.4,0.547,-0.369
1759175757571,2025-09-30 03:55:57.571,1.17,32.0,1.0,0.08,0.05,100,100,37.55,29.54,100.0,0.21,0.563,-0.391
1759175762571,2025-09-30 03:56:02.571,0.3,32.0,1.0,0.08,0.05,100,100,38.84,30.83,100.0,0.26,0.583,-0.417
1759175767571,2025-09-30 03:56:07.571,-0.89,32.0,1.0,0.08,0.05,100,100,39.71,31.7,100.0,0.17,0.596,-0.434
1759175772571,2025-09-30 03:56:12.571,-2.56,32.0,1.0,0.08,0.05,100,100,40.9,32.89,100.0,0.24,0.614,-0.458
1759175777571,2025-09-30 03:56:17.571,-2.46,32.0,1.0,0.08,0.05,100,100,42.58,34.56,100.0,0.33,0.639,-0.491
1759175782571,2025-09-30 03:56:22.571,-3.7,32.0,1.0,0.08,0.05,100,100,42.46,34.46,100.0,-0.02,0.637,-0.489
1759175787571,2025-09-30 03:56:27.571,-4.69,32.0,1.0,0.08,0.05,100,100,43.71,35.7,100.0,0.25,0.656,-0.514
1759175792571,2025-09-30 03:56:32.571,-6.15,32.0,1.0,0.08,0.05,100,100,44.7,36.69,100.0,0.2,0.671,-0.534
1759175797571,2025-09-30 03:56:37.571,-7.18,32.0,1.0,0.08,0.05,100,100,46.17,38.15,100.0,0.29,0.692,-0.563
1759175802571,2025-09-30 03:56:42.571,-10.11,32.0,1.0,0.08,0.05,100,100,47.19,39.18,100.0,0.21,0.708,-0.584
1759175807571,2025-09-30 03:56:47.571,-7.07,32.0,1.0,0.08,0.05,100,100,50.14,42.11,100.0,0.59,0.752,-0.642
1759175812571,2025-09-30 03:56:52.571,-8.25,32.0,1.0,0.08,0.05,100,100,47.04,39.07,100.0,-0.61,0.706,-0.581
1759175817571,2025-09-30 03:56:57.571,-6.36,32.0,1.0,0.08,0.05,100,100,48.26,40.25,100.0,0.24,0.724,-0.605
1759175822571,2025-09-30 03:57:02.571,-6.88,32.0,1.0,0.08,0.05,100,100,46.34,38.36,100.0,-0.38,0.695,-0.567
1759175827571,2025-09-30 03:57:07.571,-5.83,32.0,1.0,0.08,0.05,100,100,46.89,38.88,100.0,0.1,0.703,-0.578
1759175832571,2025-09-30 03:57:12.571,-5.29,32.0,1.0,0.08,0.05,100,100,45.82,37.83,100.0,-0.21,0.687,-0.557
1759175837571,2025-09-30 03:57:17.571,-5.54,32.0,1.0,0.08,0.05,100,100,45.29,37.29,100.0,-0.11,0.679,-0.546
1759175842571,2025-09-30 03:57:22.571,-5.57,32.0,1.0,0.08,0.05,100,100,45.54,37.54,100.0,0.05,0.683,-0.551
1759175847571,2025-09-30 03:57:27.571,-1.98,32.0,1.0,0.08,0.05,100,100,45.57,37.57,100.0,0.01,0.684,-0.551
1759175852571,2025-09-30 03:57:32.571,-2.38,32.0,1.0,0.08,0.05,100,100,41.94,33.98,100.0,-0.72,0.629,-0.48
1759175857571,2025-09-30 03:57:37.571,-1.65,32.0,1.0,0.08,0.05,100,100,42.39,34.38,100.0,0.08,0.636,-0.488
1759175862571,2025-09-30 03:57:42.571,-2.76,32.0,1.0,0.08,0.05,100,100,41.64,33.65,100.0,-0.15,0.625,-0.473
1759175867571,2025-09-30 03:57:47.571,-3.07,32.0,1.0,0.08,0.05,100,100,42.77,34.76,100.0,0.22,0.642,-0.495
1759175872571,2025-09-30 03:57:52.571,-2.91,32.0,1.0,0.08,0.05,100,100,43.07,35.07,100.0,0.06,0.646,-0.501
1759175877571,2025-09-30 03:57:57.571,-1.78,32.0,1.0,0.08,0.05,100,100,42.9,34.91,100.0,-0.03,0.644,-0.498
1759175882571,2025-09-30 03:58:02.571,-0.11,32.0,1.0,0.08,0.05,100,100,41.77,33.78,100.0,-0.22,0.627,-0.476
1759175887571,2025-09-30 03:58:07.571,-1.92,32.0,1.0,0.08,0.05,100,100,40.09,32.11,100.0,-0.34,0.601,-0.442
1759175892571,2025-09-30 03:58:12.571,-2.69,32.0,1.0,0.08,0.05,100,100,41.94,33.92,100.0,0.36,0.629,-0.478
1759175897571,2025-09-30 03:58:17.571,-1.66,32.0,1.0,0.08,0.05,100,100,42.7,34.69,100.0,0.15,0.64,-0.494
1759175902571,2025-09-30 03:58:22.571,-5.69,32.0,1.0,0.08,0.05,100,100,41.64,33.66,100.0,-0.21,0.625,-0.473
1759175907571,2025-09-30 03:58:27.571,-6.5,32.0,1.0,0.08,0.05,100,100,45.73,37.69,100.0,0.81,0.686,-0.554
1759175912571,2025-09-30 03:58:32.571,-6.78,32.0,1.0,0.08,0.05,100,100,46.51,38.5,100.0,0.16,0.698,-0.57
1759175917571,2025-09-30 03:58:37.571,-6.11,32.0,1.0,0.08,0.05,100,100,46.78,38.78,100.0,0.05,0.702,-0.576
1759175922571,2025-09-30 03:58:42.571,-5.4,32.0,1.0,0.08,0.05,100,100,46.1,38.11,100.0,-0.13,0.692,-0.562
1759175927571,2025-09-30 03:58:47.571,-6.34,32.0,1.0,0.08,0.05,100,100,45.39,37.4,100.0,-0.14,0.681,-0.548
1759175932571,2025-09-30 03:58:52.571,-7.33,32.0,1.0,0.08,0.05,100,100,46.35,38.34,100.0,0.19,0.695,-0.567
1759175937571,2025-09-30 03:58:57.571,-4.98,32.0,1.0,0.08,0.05,100,100,47.34,39.33,100.0,0.2,0.71,-0.587
1759175942571,2025-09-30 03:59:02.571,-4.0,32.0,1.0,0.08,0.05,100,100,44.95,36.98,100.0,-0.47,0.674,-0.54
1759175947571,2025-09-30 03:59:07.571,-5.49,32.0,1.0,0.08,0.05,100,100,43.99,36.0,100.0,-0.2,0.66,-0.52
1759175952571,2025-09-30 03:59:12.571,-5.93,32.0,1.0,0.08,0.05,100,100,45.51,37.49,100.0,0.3,0.683,-0.55
1759175957571,2025-09-30 03:59:17.571,-6.13,32.0,1.0,0.08,0.05,100,100,45.94,37.93,100.0,0.09,0.689,-0.559
1759175962571,2025-09-30 03:59:22.571,-6.94,32.0,1.0,0.08,0.05,100,100,46.14,38.13,100.0,0.04,0.692,-0.563
1759175967571,2025-09-30 03:59:27.571,-4.26,32.0,1.0,0.08,0.05,100,100,46.94,38.94,100.0,0.16,0.704,-0.579
1759175972571,2025-09-30 03:59:32.571,-6.44,32.0,1.0,0.08,0.05,100,100,44.23,36.26,100.0,-0.54,0.663,-0.525
1759175977571,2025-09-30 03:59:37.571,-2.65,32.0,1.0,0.08,0.05,100,100,46.46,38.44,100.0,0.44,0.697,-0.569
1759175982571,2025-09-30 03:59:42.571,1.07,32.0,1.0,0.08,0.05,100,100,42.61,34.65,100.0,-0.76,0.639,-0.493
1759175987571,2025-09-30 03:59:47.571,0.32,32.0,1.0,0.08,0.05,100,100,38.9,30.93,100.0,-0.74,0.583,-0.419
1759175992571,2025-09-30 03:59:52.571,0.12,32.0,1.0,0.08,0.05,100,100,39.69,31.68,100.0,0.15,0.595,-0.434
1759175997571,2025-09-30 03:59:57.571,1.67,32.0,1.0,0.08,0.05,100,100,39.88,31.88,100.0,0.04,0.598,-0.438
1759176002571,2025-09-30 04:00:02.571,0.48,32.0,1.0,0.08,0.05,100,100,38.32,30.33,100.0,-0.31,0.575,-0.407
1759176007571,2025-09-30 04:00:07.571,1.21,32.0,1.0,0.08,0.05,100,100,39.53,31.52,100.0,0.24,0.593,-0.43
1759176012571,2025-09-30 04:00:12.571,0.85,32.0,1.0,0.08,0.05,100,100,38.78,30.79,100.0,-0.15,0.582,-0.416
1759176017571,2025-09-30 04:00:17.571,1.71,32.0,1.0,0.08,0.05,100,100,39.15,31.15,100.0,0.07,0.587,-0.423
1759176022571,2025-09-30 04:00:22.571,3.27,32.0,1.0,0.08,0.05,100,100,38.28,30.29,100.0,-0.17,0.574,-0.406
1759176027571,2025-09-30 04:00:27.571,4.05,32.0,1.0,0.08,0.05,100,100,36.71,28.73,100.0,-0.31,0.551,-0.375
1759176032571,2025-09-30 04:00:32.571,3.68,30.0,1.0,0.08,0.05,100,100,35.94,27.95,100.0,-0.16,0.539,-0.359
1759176037571,2025-09-30 04:00:37.571,4.27,30.0,1.0,0.08,0.05,100,100,34.3,26.32,100.0,-0.33,0.515,-0.366
1759176042571,2025-09-30 04:00:42.571,2.88,30.0,1.0,0.08,0.05,100,100,33.72,25.73,100.0,-0.12,0.506,-0.355
1759176047571,2025-09-30 04:00:47.571,5.15,30.0,1.0,0.08,0.05,100,100,35.13,27.12,100.0,0.28,0.527,-0.382
1759176052571,2025-09-30 04:00:52.571,5.88,30.0,1.0,0.08,0.05,100,100,32.83,24.85,100.0,-0.45,0.492,-0.337
1759176057571,2025-09-30 04:00:57.571,5.92,30.0,1.0,0.08,0.05,100,100,32.12,24.12,100.0,-0.15,0.482,-0.322
1759176062571,2025-09-30 04:01:02.571,5.87,30.0,1.0,0.08,0.05,100,100,32.08,24.08,100.0,-0.01,0.481,-0.322
1759176067571,2025-09-30 04:01:07.571,7.49,30.0,1.0,0.08,0.05,100,100,32.13,24.13,100.0,0.01,0.482,-0.323
1759176072571,2025-09-30 04:01:12.571,7.73,30.0,1.0,0.08,0.05,100,100,30.49,22.51,100.0,-0.32,0.457,-0.29
1759176077571,2025-09-30 04:01:17.571,6.83,30.0,1.0,0.08,0.05,100,100,30.27,22.27,100.0,-0.05,0.454,-0.285
1759176082571,2025-09-30 04:01:22.571,8.41,30.0,1.0,0.08,0.05,100,100,31.18,23.17,100.0,0.18,0.468,-0.303
1759176087571,2025-09-30 04:01:27.571,7.54,30.0,1.0,0.08,0.05,100,100,29.58,21.59,100.0,-0.32,0.444,-0.272
1759176092571,2025-09-30 04:01:32.571,7.71,30.0,1.0,0.08,0.05,100,100,30.47,22.46,100.0,0.17,0.457,-0.289
1759176097571,2025-09-30 04:01:37.571,6.24,30.0,1.0,0.08,0.05,100,100,30.28,22.29,100.0,-0.03,0.454,-0.286
1759176102571,2025-09-30 04:01:42.571,6.37,30.0,1.0,0.08,0.05,100,100,31.77,23.76,100.0,0.29,0.477,-0.315
1759176107571,2025-09-30 04:01:47.571,7.87,30.0,1.0,0.08,0.05,100,100,31.63,23.63,100.0,-0.03,0.474,-0.313
1759176112571,2025-09-30 04:01:52.571,4.73,30.0,1.0,0.08,0.05,100,100,30.11,22.13,100.0,-0.3,0.452,-0.283
1759176117571,2025-09-30 04:01:57.571,6.61,30.0,1.0,0.08,0.05,100,100,33.3,25.27,100.0,0.63,0.499,-0.345
1759176122571,2025-09-30 04:02:02.571,7.74,30.0,1.0,0.08,0.05,100,100,31.37,23.39,100.0,-0.38,0.471,-0.308
1759176127571,2025-09-30 04:02:07.571,7.47,30.0,1.0,0.08,0.05,100,100,30.25,22.26,100.0,-0.23,0.454,-0.285
1759176132571,2025-09-30 04:02:12.571,8.86,30.0,1.0,0.08,0.05,100,100,30.54,22.53,100.0,0.05,0.458,-0.291
1759176137571,2025-09-30 04:02:17.571,7.53,30.0,1.0,0.08,0.05,100,100,29.12,21.14,100.0,-0.28,0.437,-0.263
1759176142571,2025-09-30 04:02:22.571,9.73,30.0,1.0,0.08,0.05,100,100,30.48,22.47,100.0,0.27,0.457,-0.289
1759176147571,2025-09-30 04:02:27.571,8.79,30.0,1.0,0.08,0.05,100,100,28.25,20.27,100.0,-0.44,0.424,-0.245
1759176152571,2025-09-30 04:02:32.571,8.91,30.0,1.0,0.08,0.05,100,100,29.22,21.21,100.0,0.19,0.438,-0.264
1759176157571,2025-09-30 04:02:37.571,8.03,30.0,1.0,0.08,0.05,100,100,29.09,21.09,100.0,-0.02,0.436,-0.262
1759176162571,2025-09-30 04:02:42.571,7.48,30.0,1.0,0.08,0.05,100,100,29.98,21.97,100.0,0.18,0.45,-0.279
1759176167571,2025-09-30 04:02:47.571,8.24,30.0,1.0,0.08,0.05,100,100,30.53,22.52,100.0,0.11,0.458,-0.29
1759176172571,2025-09-30 04:02:52.571,6.65,30.0,1.0,0.08,0.05,100,100,29.75,21.76,100.0,-0.15,0.446,-0.275
1759176177571,2025-09-30 04:02:57.571,6.31,30.0,1.0,0.08,0.05,100,100,31.36,23.35,100.0,0.32,0.47,-0.307
1759176182571,2025-09-30 04:03:02.571,7.47,30.0,1.0,0.08,0.05,100,100,31.69,23.69,100.0,0.07,0.475,-0.314
1759176187571,2025-09-30 04:03:07.571,6.77,30.0,1.0,0.08,0.05,100,100,30.52,22.53,100.0,-0.23,0.458,-0.291
1759176192571,2025-09-30 04:03:12.571,4.81,30.0,1.0,0.08,0.05,100,100,31.24,23.23,100.0,0.14,0.469,-0.305
1759176197571,2025-09-30 04:03:17.571,4.1,30.0,1.0,0.08,0.05,100,100,33.21,25.19,100.0,0.39,0.498,-0.344
1759176202571,2025-09-30 04:03:22.571,4.11,30.0,1.0,0.08,0.05,100,100,33.91,25.9,100.0,0.14,0.509,-0.358
1759176207571,2025-09-30 04:03:27.571,5.31,30.0,1.0,0.08,0.05,100,100,33.89,25.89,100.0,-0.0,0.508,-0.358
1759176212571,2025-09-30 04:03:32.571,6.15,30.0,1.0,0.08,0.05,100,100,32.68,24.69,100.0,-0.24,0.49,-0.334
1759176217571,2025-09-30 04:03:37.571,5.86,30.0,1.0,0.08,0.05,100,100,31.84,23.85,100.0,-0.17,0.478,-0.317
1759176222571,2025-09-30 04:03:42.571,5.15,30.0,1.0,0.08,0.05,100,100,32.14,24.14,100.0,0.06,0.482,-0.323
1759176227571,2025-09-30 04:03:47.571,4.1,30.0,1.0,0.08,0.05,100,100,32.86,24.85,100.0,0.14,0.493,-0.337
1759176232571,2025-09-30 04:03:52.571,4.71,30.0,1.0,0.08,0.05,100,100,33.91,25.9,100.0,0.21,0.509,-0.358
1759176237571,2025-09-30 04:03:57.571,5.46,30.0,1.0,0.08,0.05,100,100,33.29,25.29,100.0,-0.12,0.499,-0.346
1759176242571,2025-09-30 04:04:02.571,5.54,30.0,1.0,0.08,0.05,100,100,32.53,24.54,100.0,-0.15,0.488,-0.331
1759176247571,2025-09-30 04:04:07.571,4.42,30.0,1.0,0.08,0.05,100,100,32.46,24.46,100.0,-0.02,0.487,-0.329
1759176252571,2025-09-30 04:04:12.571,6.01,30.0,1.0,0.08,0.05,100,100,33.59,25.58,100.0,0.22,0.504,-0.352
1759176257571,2025-09-30 04:04:17.571,5.33,30.0,1.0,0.08,0.05,100,100,31.97,23.99,100.0,-0.32,0.48,-0.32
1759176262571,2025-09-30 04:04:22.571,-0.59,30.0,1.0,0.08,0.05,100,100,32.68,24.67,100.0,0.14,0.49,-0.333
1759176267571,2025-09-30 04:04:27.571,0.36,30.0,1.0,0.08,0.05,100,100,38.65,30.59,100.0,1.19,0.58,-0.452
1759176272571,2025-09-30 04:04:32.571,2.48,30.0,1.0,0.08,0.05,100,100,37.63,29.64,100.0,-0.19,0.565,-0.433
1759176277571,2025-09-30 04:04:37.571,5.16,30.0,1.0,0.08,0.05,100,100,35.5,27.52,100.0,-0.42,0.532,-0.39
1759176282571,2025-09-30 04:04:42.571,2.04,30.0,1.0,0.08,0.05,100,100,32.82,24.84,100.0,-0.54,0.492,-0.337
1759176287571,2025-09-30 04:04:47.571,1.56,30.0,1.0,0.08,0.05,100,100,35.99,27.96,100.0,0.62,0.54,-0.399
1759176292571,2025-09-30 04:04:52.571,0.39,30.0,1.0,0.08,0.05,100,100,36.45,28.44,100.0,0.1,0.547,-0.409
1759176297571,2025-09-30 04:04:57.571,0.12,30.0,1.0,0.08,0.05,100,100,37.62,29.61,100.0,0.23,0.564,-0.432
1759176302571,2025-09-30 04:05:02.571,-1.02,30.0,1.0,0.08,0.05,100,100,37.88,29.88,100.0,0.05,0.568,-0.438
1759176307571,2025-09-30 04:05:07.571,-2.23,30.0,1.0,0.08,0.05,100,100,39.03,31.02,100.0,0.23,0.585,-0.46
1759176312571,2025-09-30 04:05:12.571,-1.89,30.0,1.0,0.08,0.05,100,100,40.25,32.23,100.0,0.24,0.604,-0.485
1759176317571,2025-09-30 04:05:17.571,0.64,30.0,1.0,0.08,0.05,100,100,39.89,31.89,100.0,-0.07,0.598,-0.478
1759176322571,2025-09-30 04:05:22.571,3.55,30.0,1.0,0.08,0.05,100,100,37.33,29.36,100.0,-0.51,0.56,-0.427
1759176327571,2025-09-30 04:05:27.571,1.64,30.0,1.0,0.08,0.05,100,100,34.42,26.45,100.0,-0.58,0.516,-0.369
1759176332571,2025-09-30 04:05:32.571,0.39,30.0,1.0,0.08,0.05,100,100,36.38,28.36,100.0,0.38,0.546,-0.407
1759176337571,2025-09-30 04:05:37.571,-0.58,30.0,1.0,0.08,0.05,100,100,37.62,29.61,100.0,0.25,0.564,-0.432
1759176342571,2025-09-30 04:05:42.571,0.02,30.0,1.0,0.08,0.05,100,100,38.59,30.58,100.0,0.19,0.579,-0.452
1759176347571,2025-09-30 04:05:47.571,-2.12,30.0,1.0,0.08,0.05,100,100,37.97,29.98,100.0,-0.12,0.57,-0.44
1759176352571,2025-09-30 04:05:52.571,-1.35,30.0,1.0,0.08,0.05,100,100,40.14,32.12,100.0,0.43,0.602,-0.482
1759176357571,2025-09-30 04:05:57.571,-2.48,30.0,1.0,0.08,0.05,100,100,39.34,31.35,100.0,-0.15,0.59,-0.467
1759176362571,2025-09-30 04:06:02.571,-1.39,30.0,1.0,0.08,0.05,100,100,40.49,32.48,100.0,0.23,0.607,-0.49
1759176367571,2025-09-30 04:06:07.571,0.56,30.0,1.0,0.08,0.05,100,100,39.38,31.39,100.0,-0.22,0.591,-0.468
1759176372571,2025-09-30 04:06:12.571,3.42,30.0,1.0,0.08,0.05,100,100,37.42,29.44,100.0,-0.39,0.561,-0.429
1759176377571,2025-09-30 04:06:17.571,4.1,30.0,1.0,0.08,0.05,100,100,34.55,26.58,100.0,-0.57,0.518,-0.372
1759176382571,2025-09-30 04:06:22.571,4.52,30.0,1.0,0.08,0.05,100,100,33.89,25.9,100.0,-0.14,0.508,-0.358
1759176387571,2025-09-30 04:06:27.571,4.33,30.0,1.0,0.08,0.05,100,100,33.48,25.48,100.0,-0.08,0.502,-0.35
1759176392571,2025-09-30 04:06:32.571,3.63,30.0,1.0,0.08,0.05,100,100,33.67,25.67,100.0,0.04,0.505,-0.353
1759176397571,2025-09-30 04:06:37.571,4.25,30.0,1.0,0.08,0.05,100,100,34.38,26.37,100.0,0.14,0.516,-0.367
1759176402571,2025-09-30 04:06:42.571,6.88,30.0,1.0,0.08,0.05,100,100,33.74,25.75,100.0,-0.12,0.506,-0.355
1759176407571,2025-09-30 04:06:47.571,6.4,30.0,1.0,0.08,0.05,100,100,31.1,23.12,100.0,-0.53,0.466,-0.302
1759176412571,2025-09-30 04:06:52.571,5.15,30.0,1.0,0.08,0.05,100,100,31.61,23.6,100.0,0.1,0.474,-0.312
1759176417571,2025-09-30 04:06:57.571,8.17,30.0,1.0,0.08,0.05,100,100,32.86,24.85,100.0,0.25,0.493,-0.337
1759176422571,2025-09-30 04:07:02.571,8.32,30.0,1.0,0.08,0.05,100,100,29.8,21.83,100.0,-0.6,0.447,-0.277
1759176427571,2025-09-30 04:07:07.571,9.73,30.0,1.0,0.08,0.05,100,100,29.68,21.68,100.0,-0.03,0.445,-0.274
1759176432571,2025-09-30 04:07:12.571,10.54,30.0,1.0,0.08,0.05,100,100,28.25,20.27,100.0,-0.28,0.424,-0.245
1759176437571,2025-09-30 04:07:17.571,8.52,30.0,1.0,0.08,0.05,100,100,27.45,19.46,100.0,-0.16,0.412,-0.229
1759176442571,2025-09-30 04:07:22.571,5.38,30.0,1.0,0.08,0.05,100,100,29.5,21.48,100.0,0.4,0.442,-0.27
1759176447571,2025-09-30 04:07:27.571,6.68,30.0,1.0,0.08,0.05,100,100,32.65,24.62,100.0,0.63,0.49,-0.332
1759176452571,2025-09-30 04:07:32.571,9.26,30.0,1.0,0.08,0.05,100,100,31.3,23.32,100.0,-0.26,0.47,-0.306
1759176457571,2025-09-30 04:07:37.571,7.86,30.0,1.0,0.08,0.05,100,100,28.72,20.74,100.0,-0.51,0.431,-0.255
1759176462571,2025-09-30 04:07:42.571,7.91,30.0,1.0,0.08,0.05,100,100,30.16,22.14,100.0,0.28,0.452,-0.283
1759176467571,2025-09-30 04:07:47.571,8.79,30.0,1.0,0.08,0.05,100,100,30.09,22.09,100.0,-0.01,0.451,-0.282
1759176472571,2025-09-30 04:07:52.571,8.06,30.0,1.0,0.08,0.05,100,100,29.2,21.21,100.0,-0.18,0.438,-0.264
1759176477571,2025-09-30 04:07:57.571,6.81,30.0,1.0,0.08,0.05,100,100,29.95,21.94,100.0,0.15,0.449,-0.279
1759176482571,2025-09-30 04:08:02.571,7.29,30.0,1.0,0.08,0.05,100,100,31.2,23.19,100.0,0.25,0.468,-0.304
1759176487571,2025-09-30 04:08:07.571,3.92,30.0,1.0,0.08,0.05,100,100,30.71,22.71,100.0,-0.1,0.461,-0.294
1759176492571,2025-09-30 04:08:12.571,2.78,30.0,1.0,0.08,0.05,100,100,34.12,26.08,100.0,0.67,0.512,-0.362
1759176497571,2025-09-30 04:08:17.571,1.73,30.0,1.0,0.08,0.05,100,100,35.23,27.22,100.0,0.23,0.528,-0.384
1759176502571,2025-09-30 04:08:22.571,-0.03,30.0,1.0,0.08,0.05,100,100,36.28,28.27,100.0,0.21,0.544,-0.405
1759176507571,2025-09-30 04:08:27.571,-0.45,30.0,1.0,0.08,0.05,100,100,38.05,30.03,100.0,0.35,0.571,-0.441
1759176512571,2025-09-30 04:08:32.571,0.08,30.0,1.0,0.08,0.05,100,100,38.45,30.45,100.0,0.08,0.577,-0.449
1759176517571,2025-09-30 04:08:37.571,0.1,30.0,1.0,0.08,0.05,100,100,37.92,29.92,100.0,-0.11,0.569,-0.438
1759176522571,2025-09-30 04:08:42.571,0.97,30.0,1.0,0.08,0.05,100,100,37.9,29.9,100.0,-0.0,0.569,-0.438
1759176527571,2025-09-30 04:08:47.571,2.62,30.0,1.0,0.08,0.05,100,100,37.02,29.03,100.0,-0.17,0.555,-0.421
1759176532571,2025-09-30 04:08:52.571,4.02,30.0,1.0,0.08,0.05,100,100,35.37,27.38,100.0,-0.33,0.53,-0.388
1759176537571,2025-09-30 04:08:57.571,6.04,30.0,1.0,0.08,0.05,100,100,33.97,25.98,100.0,-0.28,0.509,-0.36
1759176542571,2025-09-30 04:09:02.571,6.08,30.0,1.0,0.08,0.05,100,100,31.94,23.96,100.0,-0.4,0.479,-0.319
1759176547571,2025-09-30 04:09:07.571,6.64,30.0,1.0,0.08,0.05,100,100,31.92,23.92,100.0,-0.01,0.479,-0.318
1759176552571,2025-09-30 04:09:12.571,7.71,30.0,1.0,0.08,0.05,100,100,31.35,23.36,100.0,-0.11,0.47,-0.307
1759176557571,2025-09-30 04:09:17.571,8.58,30.0,1.0,0.08,0.05,100,100,30.28,22.29,100.0,-0.21,0.454,-0.286
1759176562571,2025-09-30 04:09:22.571,7.75,30.0,1.0,0.08,0.05,100,100,29.41,21.42,100.0,-0.17,0.441,-0.268
1759176567571,2025-09-30 04:09:27.571,7.1,30.0,1.0,0.08,0.05,100,100,30.26,22.25,100.0,0.17,0.454,-0.285
1759176572571,2025-09-30 04:09:32.571,7.1,30.0,1.0,0.08,0.05,100,100,30.9,22.9,100.0,0.13,0.464,-0.298
1759176577571,2025-09-30 04:09:37.571,8.91,30.0,1.0,0.08,0.05,100,100,30.9,22.9,100.0,0.0,0.464,-0.298
1759176582571,2025-09-30 04:09:42.571,9.1,30.0,1.0,0.08,0.05,100,100,29.07,21.09,100.0,-0.36,0.436,-0.262
1759176587571,2025-09-30 04:09:47.571,8.99,30.0,1.0,0.08,0.05,100,100,28.89,20.9,100.0,-0.04,0.433,-0.258
1759176592571,2025-09-30 04:09:52.571,11.61,30.0,1.0,0.08,0.05,100,100,29.01,21.01,100.0,0.02,0.435,-0.26
1759176597571,2025-09-30 04:09:57.571,11.67,30.0,1.0,0.08,0.05,100,100,26.36,18.39,100.0,-0.52,0.395,-0.208
1759176602571,2025-09-30 04:10:02.571,13.53,30.0,1.0,0.08,0.05,100,100,26.33,18.33,100.0,-0.01,0.395,-0.207
1759176607571,2025-09-30 04:10:07.571,13.19,30.0,1.0,0.08,0.05,100,100,24.45,16.47,100.0,-0.37,0.367,-0.169
1759176612571,2025-09-30 04:10:12.571,13.34,30.0,1.0,0.08,0.05,100,100,24.81,16.81,100.0,0.07,0.372,-0.176
1759176617571,2025-09-30 04:10:17.571,14.1,30.0,1.0,0.08,0.05,100,100,24.66,16.66,100.0,-0.03,0.37,-0.173
1759176622571,2025-09-30 04:10:22.571,15.51,30.0,1.0,0.08,0.05,100,100,23.89,15.9,100.0,-0.15,0.358,-0.158
1759176627571,2025-09-30 04:10:27.571,15.26,30.0,1.0,0.08,0.05,100,100,22.48,14.49,100.0,-0.28,0.337,-0.13
1759176632571,2025-09-30 04:10:32.571,15.23,30.0,1.0,0.08,0.05,100,100,22.74,14.74,100.0,0.05,0.341,-0.135
1759176637571,2025-09-30 04:10:37.571,17.19,30.0,1.0,0.08,0.05,100,100,22.77,14.77,100.0,0.01,0.342,-0.135
1759176642571,2025-09-30 04:10:42.571,17.37,30.0,1.0,0.08,0.05,100,100,20.79,12.81,100.0,-0.39,0.312,-0.096
1759176647571,2025-09-30 04:10:47.571,16.67,30.0,1.0,0.08,0.05,100,100,20.63,12.63,100.0,-0.04,0.309,-0.093
1759176652571,2025-09-30 04:10:52.571,17.84,30.0,1.0,0.08,0.05,100,100,21.33,13.33,100.0,0.14,0.32,-0.107
1759176657571,2025-09-30 04:10:57.571,17.43,30.0,1.0,0.08,0.05,100,100,20.15,12.16,100.0,-0.23,0.302,-0.083
1759176662571,2025-09-30 04:11:02.571,17.87,30.0,1.0,0.08,0.05,100,100,20.57,12.57,100.0,0.08,0.309,-0.091
1759176667571,2025-09-30 04:11:07.571,17.01,30.0,1.0,0.08,0.05,100,100,20.12,12.13,100.0,-0.09,0.302,-0.083
1759176672571,2025-09-30 04:11:12.571,20.06,30.0,1.0,0.08,0.05,100,100,21.0,12.99,100.0,0.17,0.315,-0.1
1759176677571,2025-09-30 04:11:17.571,18.03,30.0,1.0,0.08,0.05,100,100,17.91,9.94,100.0,-0.61,0.269,-0.039
1759176682571,2025-09-30 04:11:22.571,18.98,30.0,1.0,0.08,0.05,100,100,19.99,11.97,100.0,0.4,0.3,-0.079
1759176687571,2025-09-30 04:11:27.571,21.35,30.0,1.0,0.08,0.05,100,100,19.01,11.02,100.0,-0.19,0.285,-0.06
1759176692571,2025-09-30 04:11:32.571,22.99,30.0,1.0,0.08,0.05,100,100,16.63,8.65,100.0,-0.47,0.249,-0.013
1759176697571,2025-09-30 04:11:37.571,23.77,30.0,1.0,0.08,0.05,100,100,15.0,7.01,100.0,-0.33,0.225,0.02
1759176702571,2025-09-30 04:11:42.571,25.72,30.0,1.0,0.08,0.05,100,100,14.22,6.23,100.0,-0.16,0.213,0.035
1759176707571,2025-09-30 04:11:47.571,23.5,30.0,1.0,0.08,0.05,100,100,12.26,4.28,100.0,-0.39,0.184,0.074
1759176712571,2025-09-30 04:11:52.571,26.98,30.0,1.0,0.08,0.05,100,100,14.52,6.5,100.0,0.45,0.218,0.03
1759176717571,2025-09-30 04:11:57.571,26.16,30.0,1.0,0.08,0.05,100,100,10.99,3.02,100.0,-0.7,0.165,0.1
1759176722571,2025-09-30 04:12:02.571,21.34,30.0,1.0,0.08,0.05,100,100,11.85,3.84,100.0,0.16,0.178,0.083
1759176727571,2025-09-30 04:12:07.571,21.39,30.0,1.0,0.08,0.05,100,100,16.71,8.66,100.0,0.96,0.251,-0.013
1759176732571,2025-09-30 04:12:12.571,22.78,30.0,1.0,0.08,0.05,100,100,16.61,8.61,100.0,-0.01,0.249,-0.012
1759176737571,2025-09-30 04:12:17.571,25.17,30.0,1.0,0.08,0.05,100,100,15.2,7.22,100.0,-0.28,0.228,0.016
1759176742571,2025-09-30 04:12:22.571,22.74,30.0,1.0,0.08,0.05,100,100,12.8,4.83,100.0,-0.48,0.192,0.063
1759176747571,2025-09-30 04:12:27.571,23.46,30.0,1.0,0.08,0.05,100,100,15.28,7.26,100.0,0.49,0.229,0.015
1759176752571,2025-09-30 04:12:32.571,23.1,30.0,1.0,0.08,0.05,100,100,14.54,6.54,100.0,-0.14,0.218,0.029
1759176757571,2025-09-30 04:12:37.571,22.76,30.0,1.0,0.08,0.05,100,100,14.9,6.9,100.0,0.07,0.224,0.022
1759176762571,2025-09-30 04:12:42.571,21.85,30.0,1.0,0.08,0.05,100,100,15.24,7.24,100.0,0.07,0.229,0.015
1759176767571,2025-09-30 04:12:47.571,23.19,30.0,1.0,0.08,0.05,100,100,16.16,8.15,100.0,0.18,0.242,-0.003
1759176772571,2025-09-30 04:12:52.571,22.19,30.0,1.0,0.08,0.05,100,100,14.8,6.81,100.0,-0.27,0.222,0.024
1759176777571,2025-09-30 04:12:57.571,22.34,30.0,1.0,0.08,0.05,100,100,15.82,7.81,100.0,0.2,0.237,0.004
1759176782571,2025-09-30 04:13:02.571,22.98,30.0,1.0,0.08,0.05,100,100,15.65,7.66,100.0,-0.03,0.235,0.007
1759176787571,2025-09-30 04:13:07.571,21.89,30.0,1.0,0.08,0.05,100,100,15.02,7.02,100.0,-0.13,0.225,0.02
1759176792571,2025-09-30 04:13:12.571,24.31,30.0,1.0,0.08,0.05,100,100,16.13,8.11,100.0,0.22,0.242,-0.002
1759176797571,2025-09-30 04:13:17.571,22.33,30.0,1.0,0.08,0.05,100,100,13.67,5.69,100.0,-0.48,0.205,0.046
1759176802571,2025-09-30 04:13:22.571,21.8,30.0,1.0,0.08,0.05,100,100,15.69,7.67,100.0,0.4,0.235,0.007
1759176807571,2025-09-30 04:13:27.571,19.3,30.0,1.0,0.08,0.05,100,100,16.21,8.2,100.0,0.11,0.243,-0.004
1759176812571,2025-09-30 04:13:32.571,19.8,30.0,1.0,0.08,0.05,100,100,18.72,10.7,100.0,0.5,0.281,-0.054
1759176817571,2025-09-30 04:13:37.571,23.32,30.0,1.0,0.08,0.05,100,100,18.19,10.2,100.0,-0.1,0.273,-0.044
1759176822571,2025-09-30 04:13:42.571,26.39,30.0,1.0,0.08,0.05,100,100,14.65,6.68,100.0,-0.7,0.22,0.026
1759176827571,2025-09-30 04:13:47.571,26.66,30.0,1.0,0.08,0.05,100,100,11.58,3.61,100.0,-0.61,0.174,0.088
1759176832571,2025-09-30 04:13:52.571,23.49,30.0,1.0,0.08,0.05,100,100,11.34,3.34,100.0,-0.05,0.17,0.093
1759176837571,2025-09-30 04:13:57.571,24.7,30.0,1.0,0.08,0.05,100,100,14.54,6.51,100.0,0.63,0.218,0.03
1759176842571,2025-09-30 04:14:02.571,26.22,30.0,1.0,0.08,0.05,100,100,13.29,5.3,100.0,-0.24,0.199,0.054
1759176847571,2025-09-30 04:14:07.571,24.61,30.0,1.0,0.08,0.05,100,100,11.77,3.78,100.0,-0.3,0.176,0.084
1759176852571,2025-09-30 04:14:12.571,24.14,30.0,1.0,0.08,0.05,100,100,13.4,5.39,100.0,0.32,0.201,0.052
1759176857571,2025-09-30 04:14:17.571,26.01,30.0,1.0,0.08,0.05,100,100,13.86,5.86,100.0,0.09,0.208,0.043
1759176862571,2025-09-30 04:14:22.571,24.08,30.0,1.0,0.08,0.05,100,100,11.97,3.99,100.0,-0.37,0.179,0.08
1759176867571,2025-09-30 04:14:27.571,24.64,30.0,1.0,0.08,0.05,100,100,13.94,5.92,100.0,0.39,0.209,0.042
1759176872571,2025-09-30 04:14:32.571,25.47,30.0,1.0,0.08,0.05,100,100,13.36,5.36,100.0,-0.11,0.2,0.053
1759176877571,2025-09-30 04:14:37.571,24.72,30.0,1.0,0.08,0.05,100,100,12.53,4.53,100.0,-0.17,0.188,0.069
1759176882571,2025-09-30 04:14:42.571,23.39,30.0,1.0,0.08,0.05,100,100,13.29,5.28,100.0,0.15,0.199,0.054
1759176887571,2025-09-30 04:14:47.571,23.19,30.0,1.0,0.08,0.05,100,100,14.62,6.61,100.0,0.26,0.219,0.028
1759176892571,2025-09-30 04:14:52.571,23.99,30.0,1.0,0.08,0.05,100,100,14.81,6.81,100.0,0.04,0.222,0.024
1759176897571,2025-09-30 04:14:57.571,23.28,30.0,1.0,0.08,0.05,100,100,14.0,6.01,100.0,-0.16,0.21,0.04
1759176902571,2025-09-30 04:15:02.571,26.27,30.0,1.0,0.08,0.05,100,100,14.72,6.72,100.0,0.14,0.221,0.026
1759176907571,2025-09-30 04:15:07.571,26.9,30.0,1.0,0.08,0.05,100,100,11.7,3.73,100.0,-0.6,0.176,0.085
1759176912571,2025-09-30 04:15:12.571,29.7,30.0,1.0,0.08,0.05,100,100,11.09,3.1,100.0,-0.13,0.166,0.098
1759176917571,2025-09-30 04:15:17.571,28.27,30.0,1.0,0.08,0.05,100,100,8.28,0.3,100.0,-0.56,0.124,0.154
1759176922571,2025-09-30 04:15:22.571,31.29,30.0,1.0,0.08,0.05,100,100,9.74,1.73,100.0,0.29,0.146,0.125
1759176927571,2025-09-30 04:15:27.571,31.07,30.0,1.0,0.08,0.05,100,100,6.16,-1.29,93.55,-0.6,0.092,0.186
1759176932571,2025-09-30 04:15:32.571,31.13,30.0,1.0,0.08,0.05,100,100,5.98,-1.07,88.18,0.04,0.09,0.181
1759176937571,2025-09-30 04:15:37.571,29.88,30.0,1.0,0.08,0.05,100,100,5.47,-1.13,82.52,-0.01,0.082,0.183
1759176942571,2025-09-30 04:15:42.571,27.15,30.0,1.0,0.08,0.05,100,100,6.78,0.12,83.12,0.25,0.102,0.158
1759176947571,2025-09-30 04:15:47.571,26.09,30.0,1.0,0.08,0.05,100,100,10.66,2.85,97.36,0.55,0.16,0.103
1759176952571,2025-09-30 04:15:52.571,25.74,30.0,1.0,0.08,0.05,100,100,11.92,3.91,100.0,0.21,0.179,0.082
1759176957571,2025-09-30 04:15:57.571,23.01,30.0,1.0,0.08,0.05,100,100,12.27,4.26,100.0,0.07,0.184,0.075
1759176962571,2025-09-30 04:16:02.571,22.55,30.0,1.0,0.08,0.05,100,100,15.01,6.99,100.0,0.55,0.225,0.02
1759176967571,2025-09-30 04:16:07.571,24.0,30.0,1.0,0.08,0.05,100,100,15.45,7.45,100.0,0.09,0.232,0.011
1759176972571,2025-09-30 04:16:12.571,23.47,30.0,1.0,0.08,0.05,100,100,13.99,6.0,100.0,-0.29,0.21,0.04
1759176977571,2025-09-30 04:16:17.571,23.86,30.0,1.0,0.08,0.05,100,100,14.54,6.53,100.0,0.11,0.218,0.029
1759176982571,2025-09-30 04:16:22.571,26.08,30.0,1.0,0.08,0.05,100,100,14.13,6.14,100.0,-0.08,0.212,0.037
1759176987571,2025-09-30 04:16:27.571,27.8,30.0,1.0,0.08,0.05,100,100,11.89,3.92,100.0,-0.44,0.178,0.082
1759176992571,2025-09-30 04:16:32.571,27.16,30.0,1.0,0.08,0.05,100,100,10.18,2.2,100.0,-0.34,0.153,0.116
1759176997571,2025-09-30 04:16:37.571,28.43,30.0,1.0,0.08,0.05,100,100,10.85,2.84,100.0,0.13,0.163,0.103
1759177002571,2025-09-30 04:16:42.571,28.92,30.0,1.0,0.08,0.05,100,100,9.55,1.57,100.0,-0.26,0.143,0.129
1759177007571,2025-09-30 04:16:47.571,28.94,30.0,1.0,0.08,0.05,100,100,9.07,1.08,100.0,-0.1,0.136,0.138
1759177012571,2025-09-30 04:16:52.571,30.25,30.0,1.0,0.08,0.05,100,100,9.06,1.06,100.0,-0.0,0.136,0.139
1759177017571,2025-09-30 04:16:57.571,29.7,30.0,1.0,0.08,0.05,100,100,7.64,-0.25,98.77,-0.26,0.115,0.165
1759177022571,2025-09-30 04:17:02.571,31.88,30.0,1.0,0.08,0.05,100,100,8.3,0.3,100.0,0.11,0.125,0.154
1759177027571,2025-09-30 04:17:07.571,30.47,30.0,1.0,0.08,0.05,100,100,5.35,-1.88,90.62,-0.43,0.08,0.198
1759177032571,2025-09-30 04:17:12.571,28.57,30.0,1.0,0.08,0.05,100,100,6.61,-0.47,88.29,0.28,0.099,0.169
1759177037571,2025-09-30 04:17:17.571,28.17,30.0,1.0,0.08,0.05,100,100,9.09,1.43,95.45,0.38,0.136,0.131
1759177042571,2025-09-30 04:17:22.571,27.33,30.0,1.0,0.08,0.05,100,100,9.83,1.83,100.0,0.08,0.147,0.123
1759177047571,2025-09-30 04:17:27.571,28.5,30.0,1.0,0.08,0.05,100,100,10.68,2.67,100.0,0.17,0.16,0.107
1759177052571,2025-09-30 04:17:32.571,28.02,30.0,1.0,0.08,0.05,100,100,9.48,1.5,100.0,-0.23,0.142,0.13
1759177057571,2025-09-30 04:17:37.571,26.27,30.0,1.0,0.08,0.05,100,100,9.98,1.98,100.0,0.1,0.15,0.12
1759177062571,2025-09-30 04:17:42.571,26.61,30.0,1.0,0.08,0.05,100,100,11.75,3.73,100.0,0.35,0.176,0.085
1759177067571,2025-09-30 04:17:47.571,27.05,30.0,1.0,0.08,0.05,100,100,11.39,3.39,100.0,-0.07,0.171,0.092
1759177072571,2025-09-30 04:17:52.571,29.05,30.0,1.0,0.08,0.05,100,100,10.95,2.95,100.0,-0.09,0.164,0.101
1759177077571,2025-09-30 04:17:57.571,29.74,30.0,1.0,0.08,0.05,100,100,8.93,0.95,100.0,-0.4,0.134,0.141
1759177082571,2025-09-30 04:18:02.571,28.71,30.0,1.0,0.08,0.05,100,100,8.26,0.26,100.0,-0.14,0.124,0.155
1759177087571,2025-09-30 04:18:07.571,28.15,30.0,1.0,0.08,0.05,100,100,9.3,1.29,100.0,0.2,0.139,0.134
1759177092571,2025-09-30 04:18:12.571,25.96,30.0,1.0,0.08,0.05,100,100,9.85,1.85,100.0,0.11,0.148,0.123
1759177097571,2025-09-30 04:18:17.571,25.3,30.0,1.0,0.08,0.05,100,100,12.06,4.04,100.0,0.44,0.181,0.079
1759177102571,2025-09-30 04:18:22.571,25.78,30.0,1.0,0.08,0.05,100,100,12.7,4.7,100.0,0.13,0.191,0.066
1759177107571,2025-09-30 04:18:27.571,27.06,30.0,1.0,0.08,0.05,100,100,12.21,4.22,100.0,-0.1,0.183,0.076
1759177112571,2025-09-30 04:18:32.571,28.63,30.0,1.0,0.08,0.05,100,100,10.92,2.94,100.0,-0.26,0.164,0.101
1759177117571,2025-09-30 04:18:37.571,27.15,30.0,1.0,0.08,0.05,100,100,9.35,1.37,100.0,-0.31,0.14,0.133
1759177122571,2025-09-30 04:18:42.571,27.75,30.0,1.0,0.08,0.05,100,100,10.87,2.85,100.0,0.3,0.163,0.103
1759177127571,2025-09-30 04:18:47.571,27.71,30.0,1.0,0.08,0.05,100,100,10.24,2.25,100.0,-0.12,0.154,0.115
1759177132571,2025-09-30 04:18:52.571,25.26,30.0,1.0,0.08,0.05,100,100,10.29,2.29,100.0,0.01,0.154,0.114
1759177137571,2025-09-30 04:18:57.571,27.38,30.0,1.0,0.08,0.05,100,100,12.76,4.74,100.0,0.49,0.191,0.065
1759177142571,2025-09-30 04:19:02.571,30.63,30.0,1.0,0.08,0.05,100,100,10.59,2.62,100.0,-0.42,0.159,0.108
1759177147571,2025-09-30 04:19:07.571,28.71,30.0,1.0,0.08,0.05,100,100,7.09,-0.63,96.86,-0.65,0.106,0.173
1759177152571,2025-09-30 04:19:12.571,30.21,30.0,1.0,0.08,0.05,100,100,9.31,1.29,100.0,0.38,0.14,0.134
1759177157571,2025-09-30 04:19:17.571,32.69,30.0,1.0,0.08,0.05,100,100,7.69,-0.21,98.96,-0.3,0.115,0.164
1759177162571,2025-09-30 04:19:22.571,34.58,30.0,1.0,0.08,0.05,100,100,4.12,-2.69,85.49,-0.5,0.062,0.214
1759177167571,2025-09-30 04:19:27.571,34.99,30.0,1.0,0.08,0.05,100,100,0.41,-4.58,62.59,-0.38,0.006,0.252
1759177172571,2025-09-30 04:19:32.571,37.67,30.0,1.0,0.08,0.05,100,100,-1.98,-4.99,37.65,-0.08,0.0,0.26
1759177177571,2025-09-30 04:19:37.571,37.6,30.0,1.0,0.08,0.05,100,100,-7.75,-7.67,-0.68,-0.54,0.0,0.313
1759177182571,2025-09-30 04:19:42.571,36.93,30.0,1.0,0.08,0.05,100,100,-10.69,-7.6,-38.67,0.01,0.0,0.312
1759177187571,2025-09-30 04:19:47.571,37.57,30.0,1.0,0.08,0.05,100,100,-12.78,-6.93,-73.3,0.13,0.0,0.299
1759177192571,2025-09-30 04:19:52.571,37.17,30.0,1.0,0.08,0.05,100,100,-15.58,-7.57,-100.0,-0.13,0.0,0.311
1759177197571,2025-09-30 04:19:57.571,37.68,30.0,1.0,0.08,0.05,100,100,-15.17,-7.17,-100.0,0.08,0.0,0.303
1759177202571,2025-09-30 04:20:02.571,36.86,30.0,1.0,0.08,0.05,100,100,-15.69,-7.68,-100.0,-0.1,0.0,0.314
1759177207571,2025-09-30 04:20:07.571,36.74,30.0,1.0,0.08,0.05,100,100,-14.85,-6.86,-100.0,0.16,0.0,0.297
1759177212571,2025-09-30 04:20:12.571,36.15,30.0,1.0,0.08,0.05,100,100,-14.73,-6.74,-100.0,0.03,0.0,0.295
1759177217571,2025-09-30 04:20:17.571,38.1,30.0,1.0,0.08,0.05,100,100,-14.15,-6.15,-100.0,0.12,0.0,0.283
1759177222571,2025-09-30 04:20:22.571,39.81,30.0,1.0,0.08,0.05,100,100,-16.12,-8.1,-100.0,-0.39,0.0,0.322
1759177227571,2025-09-30 04:20:27.571,38.86,30.0,1.0,0.08,0.05,100,100,-17.82,-9.81,-100.0,-0.34,0.0,0.356
1759177232571,2025-09-30 04:20:32.571,38.58,30.0,1.0,0.08,0.05,100,100,-16.85,-8.86,-100.0,0.19,0.0,0.337
1759177237571,2025-09-30 04:20:37.571,39.83,30.0,1.0,0.08,0.05,100,100,-16.57,-8.58,-100.0,0.06,0.0,0.332
1759177242571,2025-09-30 04:20:42.571,39.61,30.0,1.0,0.08,0.05,100,100,-17.85,-9.83,-100.0,-0.25,0.0,0.357
1759177247571,2025-09-30 04:20:47.571,39.67,30.0,1.0,0.08,0.05,100,100,-17.61,-9.61,-100.0,0.04,0.0,0.352
1759177252571,2025-09-30 04:20:52.571,41.19,30.0,1.0,0.08,0.05,100,100,-17.67,-9.67,-100.0,-0.01,0.0,0.353
1759177257571,2025-09-30 04:20:57.571,41.63,30.0,1.0,0.08,0.05,100,100,-19.21,-11.19,-100.0,-0.3,0.0,0.384
1759177262571,2025-09-30 04:21:02.571,42.55,30.0,1.0,0.08,0.05,100,100,-19.63,-11.63,-100.0,-0.09,0.0,0.393
1759177267571,2025-09-30 04:21:07.571,42.7,30.0,1.0,0.08,0.05,100,100,-20.56,-12.55,-100.0,-0.18,0.0,0.411
1759177272571,2025-09-30 04:21:12.571,45.54,30.0,1.0,0.08,0.05,100,100,-20.7,-12.7,-100.0,-0.03,0.0,0.414
1759177277571,2025-09-30 04:21:17.571,46.62,30.0,1.0,0.08,0.05,100,100,-23.57,-15.54,-100.0,-0.57,0.0,0.471
1759177282571,2025-09-30 04:21:22.571,47.22,30.0,1.0,0.08,0.05,100,100,-24.63,-16.62,-100.0,-0.22,0.0,0.492
1759177287571,2025-09-30 04:21:27.571,44.71,30.0,1.0,0.08,0.05,100,100,-25.23,-17.22,-100.0,-0.12,0.0,0.504
1759177292571,2025-09-30 04:21:32.571,43.37,30.0,1.0,0.08,0.05,100,100,-22.69,-14.71,-100.0,0.5,0.0,0.454
1759177297571,2025-09-30 04:21:37.571,41.97,30.0,1.0,0.08,0.05,100,100,-21.35,-13.37,-100.0,0.27,0.0,0.427
1759177302571,2025-09-30 04:21:42.571,41.63,30.0,1.0,0.08,0.05,100,100,-19.95,-11.97,-100.0,0.28,0.0,0.399
1759177307571,2025-09-30 04:21:47.571,43.05,30.0,1.0,0.08,0.05,100,100,-19.63,-11.63,-100.0,0.07,0.0,0.393
1759177312571,2025-09-30 04:21:52.571,42.29,30.0,1.0,0.08,0.05,100,100,-21.06,-13.05,-100.0,-0.28,0.0,0.421
1759177317571,2025-09-30 04:21:57.571,42.26,30.0,1.0,0.08,0.05,100,100,-20.28,-12.29,-100.0,0.15,0.0,0.406
1759177322571,2025-09-30 04:22:02.571,41.1,30.0,1.0,0.08,0.05,100,100,-20.26,-12.26,-100.0,0.01,0.0,0.405
1759177327571,2025-09-30 04:22:07.571,39.48,30.0,1.0,0.08,0.05,100,100,-19.09,-11.1,-100.0,0.23,0.0,0.382
1759177332571,2025-09-30 04:22:12.571,41.84,30.0,1.0,0.08,0.05,100,100,-17.46,-9.48,-100.0,0.32,0.0,0.35
1759177337571,2025-09-30 04:22:17.571,42.51,30.0,1.0,0.08,0.05,100,100,-19.86,-11.84,-100.0,-0.47,0.0,0.397
1759177342571,2025-09-30 04:22:22.571,43.73,30.0,1.0,0.08,0.05,100,100,-20.52,-12.51,-100.0,-0.13,0.0,0.41
1759177347571,2025-09-30 04:22:27.571,43.06,30.0,1.0,0.08,0.05,100,100,-21.74,-13.73,-100.0,-0.24,0.0,0.435
1759177352571,2025-09-30 04:22:32.571,43.3,30.0,1.0,0.08,0.05,100,100,-21.06,-13.06,-100.0,0.13,0.0,0.421
1759177357571,2025-09-30 04:22:37.571,43.48,30.0,1.0,0.08,0.05,100,100,-21.3,-13.3,-100.0,-0.05,0.0,0.426
1759177362571,2025-09-30 04:22:42.571,44.07,30.0,1.0,0.08,0.05,100,100,-21.48,-13.48,-100.0,-0.04,0.0,0.43
1759177367571,2025-09-30 04:22:47.571,43.99,30.0,1.0,0.08,0.05,100,100,-22.08,-14.07,-100.0,-0.12,0.0,0.441
1759177372571,2025-09-30 04:22:52.571,43.9,30.0,1.0,0.08,0.05,100,100,-21.99,-13.99,-100.0,0.02,0.0,0.44
1759177377571,2025-09-30 04:22:57.571,46.57,30.0,1.0,0.08,0.05,100,100,-21.9,-13.9,-100.0,0.02,0.0,0.438
1759177382571,2025-09-30 04:23:02.571,45.22,30.0,1.0,0.08,0.05,100,100,-24.59,-16.57,-100.0,-0.53,0.0,0.491
1759177387571,2025-09-30 04:23:07.571,44.56,30.0,1.0,0.08,0.05,100,100,-23.21,-15.22,-100.0,0.27,0.0,0.464
1759177392571,2025-09-30 04:23:12.571,45.2,30.0,1.0,0.08,0.05,100,100,-22.56,-14.56,-100.0,0.13,0.0,0.451
1759177397571,2025-09-30 04:23:17.571,46.59,30.0,1.0,0.08,0.05,100,100,-23.2,-15.2,-100.0,-0.13,0.0,0.464
1759177402571,2025-09-30 04:23:22.571,45.35,30.0,1.0,0.08,0.05,100,100,-24.6,-16.59,-100.0,-0.28,0.0,0.492
1759177407571,2025-09-30 04:23:27.571,43.6,30.0,1.0,0.08,0.05,100,100,-23.34,-15.35,-100.0,0.25,0.0,0.467
1759177412571,2025-09-30 04:23:32.571,44.09,30.0,1.0,0.08,0.05,100,100,-21.59,-13.6,-100.0,0.35,0.0,0.432
1759177417571,2025-09-30 04:23:37.571,48.28,30.0,1.0,0.08,0.05,100,100,-22.09,-14.09,-100.0,-0.1,0.0,0.442
1759177422571,2025-09-30 04:23:42.571,48.79,30.0,1.0,0.08,0.05,100,100,-26.32,-18.28,-100.0,-0.84,0.0,0.526
1759177427571,2025-09-30 04:23:47.571,51.2,30.0,1.0,0.08,0.05,100,100,-26.79,-18.79,-100.0,-0.1,0.0,0.536
1759177432571,2025-09-30 04:23:52.571,53.86,30.0,1.0,0.08,0.05,100,100,-29.22,-21.2,-100.0,-0.48,0.0,0.584
1759177437571,2025-09-30 04:23:57.571,51.99,30.0,1.0,0.08,0.05,100,100,-31.88,-23.86,-100.0,-0.53,0.0,0.637
1759177442571,2025-09-30 04:24:02.571,52.19,30.0,1.0,0.08,0.05,100,100,-29.97,-21.99,-100.0,0.37,0.0,0.6
1759177447571,2025-09-30 04:24:07.571,53.08,30.0,1.0,0.08,0.05,100,100,-30.19,-22.19,-100.0,-0.04,0.0,0.604
1759177452571,2025-09-30 04:24:12.571,51.26,30.0,1.0,0.08,0.05,100,100,-31.09,-23.08,-100.0,-0.18,0.0,0.622
1759177457571,2025-09-30 04:24:17.571,49.72,30.0,1.0,0.08,0.05,100,100,-29.24,-21.26,-100.0,0.36,0.0,0.585
1759177462571,2025-09-30 04:24:22.571,48.86,30.0,1.0,0.08,0.05,100,100,-27.71,-19.72,-100.0,0.31,0.0,0.554
1759177467571,2025-09-30 04:24:27.571,48.31,30.0,1.0,0.08,0.05,100,100,-26.85,-18.86,-100.0,0.17,0.0,0.537
1759177472571,2025-09-30 04:24:32.571,48.58,30.0,1.0,0.08,0.05,100,100,-26.31,-18.31,-100.0,0.11,0.0,0.526
1759177477571,2025-09-30 04:24:37.571,48.65,30.0,1.0,0.08,0.05,100,100,-26.58,-18.58,-100.0,-0.05,0.0,0.532
1759177482571,2025-09-30 04:24:42.571,47.54,30.0,1.0,0.08,0.05,100,100,-26.65,-18.65,-100.0,-0.02,0.0,0.533
1759177487571,2025-09-30 04:24:47.571,47.07,30.0,1.0,0.08,0.05,100,100,-25.53,-17.54,-100.0,0.22,0.0,0.511
1759177492571,2025-09-30 04:24:52.571,45.62,30.0,1.0,0.08,0.05,100,100,-25.06,-17.07,-100.0,0.1,0.0,0.501
1759177497571,2025-09-30 04:24:57.571,44.71,30.0,1.0,0.08,0.05,100,100,-23.6,-15.62,-100.0,0.29,0.0,0.472
1759177502571,2025-09-30 04:25:02.571,43.12,30.0,1.0,0.08,0.05,100,100,-22.7,-14.71,-100.0,0.18,0.0,0.454
1759177507571,2025-09-30 04:25:07.571,41.86,30.0,1.0,0.08,0.05,100,100,-21.11,-13.12,-100.0,0.32,0.0,0.422
1759177512571,2025-09-30 04:25:12.571,42.33,30.0,1.0,0.08,0.05,100,100,-19.85,-11.86,-100.0,0.25,0.0,0.397
1759177517571,2025-09-30 04:25:17.571,41.92,30.0,1.0,0.08,0.05,100,100,-20.33,-12.33,-100.0,-0.09,0.0,0.407
1759177522571,2025-09-30 04:25:22.571,44.24,30.0,1.0,0.08,0.05,100,100,-19.92,-11.92,-100.0,0.08,0.0,0.398
1759177527571,2025-09-30 04:25:27.571,42.78,40.0,1.0,0.08,0.05,100,100,-22.26,-14.24,-100.0,-0.46,0.0,0.445
1759177532571,2025-09-30 04:25:32.571,43.07,40.0,1.0,0.08,0.05,100,100,-10.67,-2.78,-100.0,2.29,0.0,0.416
1759177537571,2025-09-30 04:25:37.571,42.8,40.0,1.0,0.08,0.05,100,100,-11.07,-3.07,-100.0,-0.06,0.0,0.421
1759177542571,2025-09-30 04:25:42.571,43.39,40.0,1.0,0.08,0.05,100,100,-10.8,-2.8,-100.0,0.05,0.0,0.416
1759177547571,2025-09-30 04:25:47.571,43.96,40.0,1.0,0.08,0.05,100,100,-11.39,-3.39,-100.0,-0.12,0.0,0.428
1759177552571,2025-09-30 04:25:52.571,44.68,40.0,1.0,0.08,0.05,100,100,-11.97,-3.96,-100.0,-0.11,0.0,0.439
1759177557571,2025-09-30 04:25:57.571,40.89,40.0,1.0,0.08,0.05,100,100,-12.68,-4.68,-100.0,-0.14,0.0,0.454
1759177562571,2025-09-30 04:26:02.571,41.03,40.0,1.0,0.08,0.05,100,100,-8.85,-0.89,-100.0,0.76,0.0,0.378
1759177567571,2025-09-30 04:26:07.571,42.29,40.0,1.0,0.08,0.05,100,100,-9.03,-1.03,-100.0,-0.03,0.0,0.381
1759177572571,2025-09-30 04:26:12.571,43.58,40.0,1.0,0.08,0.05,100,100,-10.3,-2.29,-100.0,-0.25,0.0,0.406
1759177577571,2025-09-30 04:26:17.571,42.39,40.0,1.0,0.08,0.05,100,100,-11.59,-3.58,-100.0,-0.26,0.0,0.432
1759177582571,2025-09-30 04:26:22.571,41.02,40.0,1.0,0.08,0.05,100,100,-10.38,-2.39,-100.0,0.24,0.0,0.408
1759177587571,2025-09-30 04:26:27.571,38.97,40.0,1.0,0.08,0.05,100,100,-9.01,-1.02,-100.0,0.27,0.0,0.38
1759177592571,2025-09-30 04:26:32.571,39.47,40.0,1.0,0.08,0.05,100,100,-6.54,1.03,-94.86,0.41,0.0,0.339
1759177597571,2025-09-30 04:26:37.571,42.23,40.0,1.0,0.08,0.05,100,100,-6.85,0.53,-92.21,-0.1,0.0,0.349
1759177602571,2025-09-30 04:26:42.571,41.31,40.0,1.0,0.08,0.05,100,100,-10.26,-2.23,-100.0,-0.55,0.0,0.405
1759177607571,2025-09-30 04:26:47.571,40.24,40.0,1.0,0.08,0.05,100,100,-9.3,-1.31,-100.0,0.18,0.0,0.386
1759177612571,2025-09-30 04:26:52.571,42.29,40.0,1.0,0.08,0.05,100,100,-8.23,-0.24,-100.0,0.21,0.0,0.365
1759177617571,2025-09-30 04:26:57.571,42.57,40.0,1.0,0.08,0.05,100,100,-10.31,-2.29,-100.0,-0.41,0.0,0.406
1759177622571,2025-09-30 04:27:02.571,41.02,40.0,1.0,0.08,0.05,100,100,-10.57,-2.57,-100.0,-0.06,0.0,0.411
1759177627571,2025-09-30 04:27:07.571,37.89,40.0,1.0,0.08,0.05,100,100,-9.0,-1.02,-100.0,0.31,0.0,0.38
1759177632571,2025-09-30 04:27:12.571,38.01,40.0,1.0,0.08,0.05,100,100,-5.01,2.11,-89.43,0.63,0.0,0.318
1759177637571,2025-09-30 04:27:17.571,37.47,40.0,1.0,0.08,0.05,100,100,-4.37,1.99,-79.47,-0.02,0.0,0.32
1759177642571,2025-09-30 04:27:22.571,39.27,40.0,1.0,0.08,0.05,100,100,-2.81,2.53,-66.81,0.11,0.0,0.309
1759177647571,2025-09-30 04:27:27.571,38.9,40.0,1.0,0.08,0.05,100,100,-4.33,0.73,-63.14,-0.36,0.0,0.345
1759177652571,2025-09-30 04:27:32.571,40.15,40.0,1.0,0.08,0.05,100,100,-3.5,1.1,-57.62,0.07,0.0,0.338
1759177657571,2025-09-30 04:27:37.571,41.94,40.0,1.0,0.08,0.05,100,100,-4.83,-0.15,-58.35,-0.25,0.0,0.363
1759177662571,2025-09-30 04:27:42.571,40.43,40.0,1.0,0.08,0.05,100,100,-7.4,-1.94,-68.05,-0.36,0.0,0.399
1759177667571,2025-09-30 04:27:47.571,38.53,40.0,1.0,0.08,0.05,100,100,-6.04,-0.43,-70.22,0.3,0.0,0.369
1759177672571,2025-09-30 04:27:52.571,38.09,40.0,1.0,0.08,0.05,100,100,-3.54,1.47,-62.86,0.38,0.0,0.331
1759177677571,2025-09-30 04:27:57.571,41.54,40.0,1.0,0.08,0.05,100,100,-2.35,1.91,-53.32,0.09,0.0,0.322
1759177682571,2025-09-30 04:28:02.571,42.52,40.0,1.0,0.08,0.05,100,100,-6.45,-1.54,-61.01,-0.69,0.0,0.391
1759177687571,2025-09-30 04:28:07.571,42.6,40.0,1.0,0.08,0.05,100,100,-8.42,-2.52,-73.61,-0.2,0.0,0.41
1759177692571,2025-09-30 04:28:12.571,44.46,40.0,1.0,0.08,0.05,100,100,-9.53,-2.6,-86.6,-0.02,0.0,0.412
1759177697571,2025-09-30 04:28:17.571,43.78,40.0,1.0,0.08,0.05,100,100,-12.48,-4.46,-100.0,-0.37,0.0,0.449
1759177702571,2025-09-30 04:28:22.571,44.1,40.0,1.0,0.08,0.05,100,100,-11.77,-3.78,-100.0,0.14,0.0,0.436
1759177707571,2025-09-30 04:28:27.571,44.65,40.0,1.0,0.08,0.05,100,100,-12.1,-4.1,-100.0,-0.06,0.0,0.442
1759177712571,2025-09-30 04:28:32.571,44.98,40.0,1.0,0.08,0.05,100,100,-12.66,-4.65,-100.0,-0.11,0.0,0.453
1759177717571,2025-09-30 04:28:37.571,46.15,40.0,1.0,0.08,0.05,100,100,-12.99,-4.98,-100.0,-0.07,0.0,0.46
1759177722571,2025-09-30 04:28:42.571,46.12,40.0,1.0,0.08,0.05,100,100,-14.17,-6.15,-100.0,-0.23,0.0,0.483
1759177727571,2025-09-30 04:28:47.571,45.74,40.0,1.0,0.08,0.05,100,100,-14.12,-6.12,-100.0,0.01,0.0,0.482
1759177732571,2025-09-30 04:28:52.571,44.68,40.0,1.0,0.08,0.05,100,100,-13.74,-5.74,-100.0,0.08,0.0,0.475
1759177737571,2025-09-30 04:28:57.571,46.19,40.0,1.0,0.08,0.05,100,100,-12.67,-4.68,-100.0,0.21,0.0,0.454
1759177742571,2025-09-30 04:29:02.571,46.99,40.0,1.0,0.08,0.05,100,100,-14.21,-6.19,-100.0,-0.3,0.0,0.484
1759177747571,2025-09-30 04:29:07.571,45.94,40.0,1.0,0.08,0.05,100,100,-15.0,-6.99,-100.0,-0.16,0.0,0.5
1759177752571,2025-09-30 04:29:12.571,45.31,40.0,1.0,0.08,0.05,100,100,-13.93,-5.94,-100.0,0.21,0.0,0.479
1759177757571,2025-09-30 04:29:17.571,43.94,40.0,1.0,0.08,0.05,100,100,-13.31,-5.31,-100.0,0.13,0.0,0.466
1759177762571,2025-09-30 04:29:22.571,46.08,40.0,1.0,0.08,0.05,100,100,-11.92,-3.94,-100.0,0.28,0.0,0.439
1759177767571,2025-09-30 04:29:27.571,43.54,40.0,1.0,0.08,0.05,100,100,-14.1,-6.08,-100.0,-0.43,0.0,0.482
1759177772571,2025-09-30 04:29:32.571,43.78,40.0,1.0,0.08,0.05,100,100,-11.52,-3.54,-100.0,0.51,0.0,0.431
1759177777571,2025-09-30 04:29:37.571,44.44,40.0,1.0,0.08,0.05,100,100,-11.78,-3.78,-100.0,-0.05,0.0,0.436
1759177782571,2025-09-30 04:29:42.571,45.54,40.0,1.0,0.08,0.05,100,100,-12.44,-4.44,-100.0,-0.13,0.0,0.449
1759177787571,2025-09-30 04:29:47.571,44.48,40.0,1.0,0.08,0.05,100,100,-13.55,-5.54,-100.0,-0.22,0.0,0.471
1759177792571,2025-09-30 04:29:52.571,43.76,40.0,1.0,0.08,0.05,100,100,-12.47,-4.48,-100.0,0.21,0.0,0.45
1759177797571,2025-09-30 04:29:57.571,43.59,40.0,1.0,0.08,0.05,100,100,-11.76,-3.76,-100.0,0.14,0.0,0.435
1759177802571,2025-09-30 04:30:02.571,44.13,40.0,1.0,0.08,0.05,100,100,-11.58,-3.59,-100.0,0.04,0.0,0.432
1759177807571,2025-09-30 04:30:07.571,43.16,40.0,1.0,0.08,0.05,100,100,-12.14,-4.13,-100.0,-0.11,0.0,0.443
1759177812571,2025-09-30 04:30:12.571,43.05,40.0,1.0,0.08,0.05,100,100,-11.15,-3.16,-100.0,0.19,0.0,0.423
1759177817571,2025-09-30 04:30:17.571,43.26,40.0,1.0,0.08,0.05,100,100,-11.05,-3.05,-100.0,0.02,0.0,0.421
1759177822571,2025-09-30 04:30:22.571,42.91,40.0,1.0,0.08,0.05,100,100,-11.27,-3.26,-100.0,-0.04,0.0,0.425
1759177827571,2025-09-30 04:30:27.571,42.14,40.0,1.0,0.08,0.05,100,100,-10.91,-2.91,-100.0,0.07,0.0,0.418
1759177832571,2025-09-30 04:30:32.571,40.92,40.0,1.0,0.08,0.05,100,100,-10.13,-2.14,-100.0,0.16,0.0,0.403
1759177837571,2025-09-30 04:30:37.571,38.33,40.0,1.0,0.08,0.05,100,100,-8.91,-0.92,-100.0,0.24,0.0,0.378
1759177842571,2025-09-30 04:30:42.571,38.84,40.0,1.0,0.08,0.05,100,100,-5.63,1.67,-91.63,0.52,0.0,0.327
1759177847571,2025-09-30 04:30:47.571,39.26,40.0,1.0,0.08,0.05,100,100,-5.71,1.16,-85.83,-0.1,0.0,0.337
1759177852571,2025-09-30 04:30:52.571,40.9,40.0,1.0,0.08,0.05,100,100,-5.83,0.74,-82.12,-0.08,0.0,0.345
1759177857571,2025-09-30 04:30:57.571,39.22,40.0,1.0,0.08,0.05,100,100,-7.84,-0.9,-86.61,-0.33,0.0,0.378
1759177862571,2025-09-30 04:31:02.571,39.03,40.0,1.0,0.08,0.05,100,100,-5.82,0.78,-82.71,0.34,0.0,0.344
1759177867571,2025-09-30 04:31:07.571,41.18,40.0,1.0,0.08,0.05,100,100,-5.26,0.97,-77.88,0.04,0.0,0.341
1759177872571,2025-09-30 04:31:12.571,41.86,40.0,1.0,0.08,0.05,100,100,-7.9,-1.18,-83.76,-0.43,0.0,0.384
1759177877571,2025-09-30 04:31:17.571,41.44,40.0,1.0,0.08,0.05,100,100,-9.31,-1.86,-93.07,-0.14,0.0,0.397
1759177882571,2025-09-30 04:31:22.571,40.62,40.0,1.0,0.08,0.05,100,100,-9.43,-1.44,-100.0,0.08,0.0,0.389
1759177887571,2025-09-30 04:31:27.571,42.87,40.0,1.0,0.08,0.05,100,100,-8.61,-0.62,-100.0,0.16,0.0,0.372
1759177892571,2025-09-30 04:31:32.571,43.1,40.0,1.0,0.08,0.05,100,100,-10.9,-2.87,-100.0,-0.45,0.0,0.417
1759177897571,2025-09-30 04:31:37.571,43.33,40.0,1.0,0.08,0.05,100,100,-11.1,-3.1,-100.0,-0.04,0.0,0.422
1759177902571,2025-09-30 04:31:42.571,41.04,40.0,1.0,0.08,0.05,100,100,-11.33,-3.33,-100.0,-0.05,0.0,0.427
1759177907571,2025-09-30 04:31:47.571,42.28,40.0,1.0,0.08,0.05,100,100,-9.01,-1.04,-100.0,0.46,0.0,0.381
1759177912571,2025-09-30 04:31:52.571,41.12,40.0,1.0,0.08,0.05,100,100,-10.29,-2.28,-100.0,-0.25,0.0,0.406
1759177917571,2025-09-30 04:31:57.571,41.06,40.0,1.0,0.08,0.05,100,100,-9.11,-1.12,-100.0,0.23,0.0,0.382
1759177922571,2025-09-30 04:32:02.571,41.9,40.0,1.0,0.08,0.05,100,100,-9.06,-1.06,-100.0,0.01,0.0,0.381
1759177927571,2025-09-30 04:32:07.571,42.52,40.0,1.0,0.08,0.05,100,100,-9.91,-1.9,-100.0,-0.17,0.0,0.398
1759177932571,2025-09-30 04:32:12.571,40.79,40.0,1.0,0.08,0.05,100,100,-10.53,-2.52,-100.0,-0.12,0.0,0.41
1759177937571,2025-09-30 04:32:17.571,41.6,40.0,1.0,0.08,0.05,100,100,-8.77,-0.79,-100.0,0.35,0.0,0.376
1759177942571,2025-09-30 04:32:22.571,41.34,40.0,1.0,0.08,0.05,100,100,-9.61,-1.6,-100.0,-0.16,0.0,0.392
1759177947571,2025-09-30 04:32:27.571,42.72,40.0,1.0,0.08,0.05,100,100,-9.34,-1.34,-100.0,0.05,0.0,0.387
1759177952571,2025-09-30 04:32:32.571,44.95,40.0,1.0,0.08,0.05,100,100,-10.74,-2.72,-100.0,-0.28,0.0,0.414
1759177957571,2025-09-30 04:32:37.571,42.48,40.0,1.0,0.08,0.05,100,100,-12.97,-4.95,-100.0,-0.44,0.0,0.459
1759177962571,2025-09-30 04:32:42.571,40.96,40.0,1.0,0.08,0.05,100,100,-10.46,-2.48,-100.0,0.49,0.0,0.41
1759177967571,2025-09-30 04:32:47.571,41.47,40.0,1.0,0.08,0.05,100,100,-8.95,-0.96,-100.0,0.3,0.0,0.379
1759177972571,2025-09-30 04:32:52.571,38.9,40.0,1.0,0.08,0.05,100,100,-9.48,-1.47,-100.0,-0.1,0.0,0.389
1759177977571,2025-09-30 04:32:57.571,37.88,40.0,1.0,0.08,0.05,100,100,-6.43,1.1,-94.5,0.51,0.0,0.338
1759177982571,2025-09-30 04:33:02.571,37.27,40.0,1.0,0.08,0.05,100,100,-4.58,2.12,-83.89,0.2,0.0,0.318
1759177987571,2025-09-30 04:33:07.571,41.5,40.0,1.0,0.08,0.05,100,100,-2.89,2.73,-70.26,0.12,0.0,0.305
1759177992571,2025-09-30 04:33:12.571,43.52,40.0,1.0,0.08,0.05,100,100,-7.76,-1.5,-77.76,-0.85,0.0,0.39
1759177997571,2025-09-30 04:33:17.571,42.9,40.0,1.0,0.08,0.05,100,100,-11.16,-3.52,-95.34,-0.4,0.0,0.43
1759178002571,2025-09-30 04:33:22.571,40.25,40.0,1.0,0.08,0.05,100,100,-10.89,-2.9,-100.0,0.12,0.0,0.418
1759178007571,2025-09-30 04:33:27.571,40.31,40.0,1.0,0.08,0.05,100,100,-8.23,-0.25,-100.0,0.53,0.0,0.365
1759178012571,2025-09-30 04:33:32.571,38.72,40.0,1.0,0.08,0.05,100,100,-8.31,-0.31,-100.0,-0.01,0.0,0.366
1759178017571,2025-09-30 04:33:37.571,37.69,40.0,1.0,0.08,0.05,100,100,-6.19,1.28,-93.59,0.32,0.0,0.334
1759178022571,2025-09-30 04:33:42.571,36.27,40.0,1.0,0.08,0.05,100,100,-4.25,2.31,-82.05,0.21,0.0,0.314
1759178027571,2025-09-30 04:33:47.571,38.5,40.0,1.0,0.08,0.05,100,100,-1.33,3.73,-63.4,0.28,0.0,0.285
1759178032571,2025-09-30 04:33:52.571,37.48,40.0,1.0,0.08,0.05,100,100,-3.0,1.5,-55.92,-0.45,0.0,0.33
1759178037571,2025-09-30 04:33:57.571,38.0,40.0,1.0,0.08,0.05,100,100,-0.93,2.52,-43.31,0.2,0.0,0.31
1759178042571,2025-09-30 04:34:02.571,36.93,40.0,1.0,0.08,0.05,100,100,-0.67,2.0,-33.3,-0.1,0.0,0.32
1759178047571,2025-09-30 04:34:07.571,38.02,40.0,1.0,0.08,0.05,100,100,1.65,3.07,-17.93,0.21,0.025,0.299
1759178052571,2025-09-30 04:34:12.571,37.98,40.0,1.0,0.08,0.05,100,100,1.32,1.98,-8.04,-0.22,0.02,0.32
1759178057571,2025-09-30 04:34:17.571,35.18,40.0,1.0,0.08,0.05,100,100,2.18,2.02,2.04,0.01,0.033,0.32
1759178062571,2025-09-30 04:34:22.571,35.84,40.0,1.0,0.08,0.05,100,100,6.94,4.82,26.14,0.56,0.104,0.264
1759178067571,2025-09-30 04:34:27.571,34.22,40.0,1.0,0.08,0.05,100,100,7.91,4.16,46.93,-0.13,0.119,0.277
1759178072571,2025-09-30 04:34:32.571,32.52,40.0,1.0,0.08,0.05,100,100,11.86,5.78,75.83,0.32,0.178,0.244
1759178077571,2025-09-30 04:34:37.571,35.15,40.0,1.0,0.08,0.05,100,100,15.49,7.48,100.0,0.34,0.232,0.21
1759178082571,2025-09-30 04:34:42.571,36.1,40.0,1.0,0.08,0.05,100,100,12.82,4.85,100.0,-0.53,0.192,0.263
1759178087571,2025-09-30 04:34:47.571,35.5,40.0,1.0,0.08,0.05,100,100,11.89,3.9,100.0,-0.19,0.178,0.282
1759178092571,2025-09-30 04:34:52.571,33.87,40.0,1.0,0.08,0.05,100,100,12.51,4.5,100.0,0.12,0.188,0.27
1759178097571,2025-09-30 04:34:57.571,34.16,40.0,1.0,0.08,0.05,100,100,14.15,6.13,100.0,0.33,0.212,0.237
1759178102571,2025-09-30 04:35:02.571,36.07,40.0,1.0,0.08,0.05,100,100,13.84,5.84,100.0,-0.06,0.208,0.243
1759178107571,2025-09-30 04:35:07.571,35.87,40.0,1.0,0.08,0.05,100,100,11.91,3.93,100.0,-0.38,0.179,0.281
1759178112571,2025-09-30 04:35:12.571,33.91,40.0,1.0,0.08,0.05,100,100,12.13,4.13,100.0,0.04,0.182,0.277
1759178117571,2025-09-30 04:35:17.571,32.46,40.0,1.0,0.08,0.05,100,100,14.11,6.09,100.0,0.39,0.212,0.238
1759178122571,2025-09-30 04:35:22.571,28.72,40.0,1.0,0.08,0.05,100,100,15.56,7.54,100.0,0.29,0.233,0.209
1759178127571,2025-09-30 04:35:27.571,29.41,40.0,1.0,0.08,0.05,100,100,19.32,11.28,100.0,0.75,0.29,0.134
1759178132571,2025-09-30 04:35:32.571,32.86,40.0,1.0,0.08,0.05,100,100,18.58,10.59,100.0,-0.14,0.279,0.148
1759178137571,2025-09-30 04:35:37.571,31.88,40.0,1.0,0.08,0.05,100,100,15.11,7.14,100.0,-0.69,0.227,0.217
1759178142571,2025-09-30 04:35:42.571,34.06,40.0,1.0,0.08,0.05,100,100,16.13,8.12,100.0,0.2,0.242,0.198
1759178147571,2025-09-30 04:35:47.571,33.63,40.0,1.0,0.08,0.05,100,100,13.92,5.94,100.0,-0.44,0.209,0.241
1759178152571,2025-09-30 04:35:52.571,34.42,40.0,1.0,0.08,0.05,100,100,14.37,6.37,100.0,0.08,0.216,0.233
1759178157571,2025-09-30 04:35:57.571,34.92,40.0,1.0,0.08,0.05,100,100,13.57,5.58,100.0,-0.16,0.204,0.248
1759178162571,2025-09-30 04:36:02.571,34.96,40.0,1.0,0.08,0.05,100,100,13.07,5.08,100.0,-0.1,0.196,0.258
1759178167571,2025-09-30 04:36:07.571,36.08,40.0,1.0,0.08,0.05,100,100,13.04,5.04,100.0,-0.01,0.196,0.259
1759178172571,2025-09-30 04:36:12.571,34.17,40.0,1.0,0.08,0.05,100,100,11.91,3.92,100.0,-0.22,0.179,0.282
1759178177571,2025-09-30 04:36:17.571,33.98,40.0,1.0,0.08,0.05,100,100,13.84,5.83,100.0,0.38,0.208,0.243
1759178182571,2025-09-30 04:36:22.571,33.19,40.0,1.0,0.08,0.05,100,100,14.02,6.02,100.0,0.04,0.21,0.24
1759178187571,2025-09-30 04:36:27.571,33.6,40.0,1.0,0.08,0.05,100,100,14.82,6.81,100.0,0.16,0.222,0.224
1759178192571,2025-09-30 04:36:32.571,34.89,40.0,1.0,0.08,0.05,100,100,14.4,6.4,100.0,-0.08,0.216,0.232
1759178197571,2025-09-30 04:36:37.571,35.35,40.0,1.0,0.08,0.05,100,100,13.1,5.11,100.0,-0.26,0.197,0.258
1759178202571,2025-09-30 04:36:42.571,36.75,40.0,1.0,0.08,0.05,100,100,12.64,4.65,100.0,-0.09,0.19,0.267
1759178207571,2025-09-30 04:36:47.571,36.38,40.0,1.0,0.08,0.05,100,100,11.24,3.25,100.0,-0.28,0.169,0.295
1759178212571,2025-09-30 04:36:52.571,35.69,40.0,1.0,0.08,0.05,100,100,11.63,3.62,100.0,0.07,0.174,0.288
1759178217571,2025-09-30 04:36:57.571,36.93,40.0,1.0,0.08,0.05,100,100,12.32,4.31,100.0,0.14,0.185,0.274
1759178222571,2025-09-30 04:37:02.571,38.04,40.0,1.0,0.08,0.05,100,100,11.06,3.07,100.0,-0.25,0.166,0.299
1759178227571,2025-09-30 04:37:07.571,38.76,40.0,1.0,0.08,0.05,100,100,9.95,1.96,100.0,-0.22,0.149,0.321
1759178232571,2025-09-30 04:37:12.571,37.0,40.0,1.0,0.08,0.05,100,100,9.24,1.24,100.0,-0.14,0.139,0.335
1759178237571,2025-09-30 04:37:17.571,37.16,40.0,1.0,0.08,0.05,100,100,11.01,3.0,100.0,0.35,0.165,0.3
1759178242571,2025-09-30 04:37:22.571,35.16,40.0,1.0,0.08,0.05,100,100,10.84,2.84,100.0,-0.03,0.163,0.303
1759178247571,2025-09-30 04:37:27.571,37.61,40.0,1.0,0.08,0.05,100,100,12.86,4.84,100.0,0.4,0.193,0.263
1759178252571,2025-09-30 04:37:32.571,37.22,40.0,1.0,0.08,0.05,100,100,10.37,2.39,100.0,-0.49,0.156,0.312
1759178257571,2025-09-30 04:37:37.571,36.56,40.0,1.0,0.08,0.05,100,100,10.78,2.78,100.0,0.08,0.162,0.304
1759178262571,2025-09-30 04:37:42.571,37.36,40.0,1.0,0.08,0.05,100,100,11.44,3.44,100.0,0.13,0.172,0.291
1759178267571,2025-09-30 04:37:47.571,34.69,40.0,1.0,0.08,0.05,100,100,10.63,2.64,100.0,-0.16,0.159,0.307
1759178272571,2025-09-30 04:37:52.571,34.0,40.0,1.0,0.08,0.05,100,100,13.34,5.31,100.0,0.54,0.2,0.254
1759178277571,2025-09-30 04:37:57.571,35.5,40.0,1.0,0.08,0.05,100,100,14.01,6.0,100.0,0.14,0.21,0.24
1759178282571,2025-09-30 04:38:02.571,34.97,40.0,1.0,0.08,0.05,100,100,12.48,4.5,100.0,-0.3,0.187,0.27
1759178287571,2025-09-30 04:38:07.571,35.02,40.0,1.0,0.08,0.05,100,100,13.04,5.03,100.0,0.11,0.196,0.259
1759178292571,2025-09-30 04:38:12.571,35.97,40.0,1.0,0.08,0.05,100,100,12.97,4.98,100.0,-0.01,0.195,0.26
1759178297571,2025-09-30 04:38:17.571,35.98,40.0,1.0,0.08,0.05,100,100,12.02,4.03,100.0,-0.19,0.18,0.279
1759178302571,2025-09-30 04:38:22.571,36.34,40.0,1.0,0.08,0.05,100,100,12.02,4.02,100.0,-0.0,0.18,0.28
1759178307571,2025-09-30 04:38:27.571,36.37,40.0,1.0,0.08,0.05,100,100,11.65,3.66,100.0,-0.07,0.175,0.287
1759178312571,2025-09-30 04:38:32.571,39.45,40.0,1.0,0.08,0.05,100,100,11.63,3.63,100.0,-0.01,0.174,0.287
1759178317571,2025-09-30 04:38:37.571,41.71,40.0,1.0,0.08,0.05,100,100,8.52,0.55,100.0,-0.62,0.128,0.349
1759178322571,2025-09-30 04:38:42.571,41.65,40.0,1.0,0.08,0.05,100,100,5.58,-1.71,91.43,-0.45,0.084,0.394
1759178327571,2025-09-30 04:38:47.571,40.68,40.0,1.0,0.08,0.05,100,100,5.01,-1.65,83.19,0.01,0.075,0.393
1759178332571,2025-09-30 04:38:52.571,40.68,40.0,1.0,0.08,0.05,100,100,5.72,-0.68,79.81,0.19,0.086,0.374
1759178337571,2025-09-30 04:38:57.571,38.1,40.0,1.0,0.08,0.05,100,100,5.43,-0.68,76.4,-0.0,0.081,0.374
1759178342571,2025-09-30 04:39:02.571,37.02,40.0,1.0,0.08,0.05,100,100,8.8,1.9,85.89,0.52,0.132,0.322
1759178347571,2025-09-30 04:39:07.571,37.6,40.0,1.0,0.08,0.05,100,100,11.0,2.98,100.0,0.22,0.165,0.3
1759178352571,2025-09-30 04:39:12.571,38.97,40.0,1.0,0.08,0.05,100,100,10.39,2.4,100.0,-0.12,0.156,0.312
1759178357571,2025-09-30 04:39:17.571,40.44,40.0,1.0,0.08,0.05,100,100,9.02,1.03,100.0,-0.27,0.135,0.339
1759178362571,2025-09-30 04:39:22.571,39.27,40.0,1.0,0.08,0.05,100,100,7.36,-0.44,97.78,-0.3,0.11,0.369
1759178367571,2025-09-30 04:39:27.571,40.25,40.0,1.0,0.08,0.05,100,100,8.74,0.73,100.0,0.23,0.131,0.345
1759178372571,2025-09-30 04:39:32.571,41.24,40.0,1.0,0.08,0.05,100,100,7.63,-0.25,98.73,-0.2,0.114,0.365
1759178377571,2025-09-30 04:39:37.571,40.01,40.0,1.0,0.08,0.05,100,100,6.15,-1.24,92.52,-0.2,0.092,0.385
1759178382571,2025-09-30 04:39:42.571,38.38,40.0,1.0,0.08,0.05,100,100,7.4,-0.01,92.47,0.25,0.111,0.36
1759178387571,2025-09-30 04:39:47.571,36.26,40.0,1.0,0.08,0.05,100,100,9.64,1.62,100.0,0.33,0.145,0.328
1759178392571,2025-09-30 04:39:52.571,36.2,40.0,1.0,0.08,0.05,100,100,11.76,3.74,100.0,0.42,0.176,0.285
1759178397571,2025-09-30 04:39:57.571,36.08,40.0,1.0,0.08,0.05,100,100,11.8,3.8,100.0,0.01,0.177,0.284
1759178402571,2025-09-30 04:40:02.571,35.19,40.0,1.0,0.08,0.05,100,100,11.92,3.92,100.0,0.02,0.179,0.282
1759178407571,2025-09-30 04:40:07.571,35.23,40.0,1.0,0.08,0.05,100,100,12.82,4.81,100.0,0.18,0.192,0.264
1759178412571,2025-09-30 04:40:12.571,34.29,40.0,1.0,0.08,0.05,100,100,12.77,4.77,100.0,-0.01,0.192,0.265
1759178417571,2025-09-30 04:40:17.571,31.3,40.0,1.0,0.08,0.05,100,100,13.72,5.71,100.0,0.19,0.206,0.246
1759178422571,2025-09-30 04:40:22.571,28.98,40.0,1.0,0.08,0.05,100,100,16.73,8.7,100.0,0.6,0.251,0.186
1759178427571,2025-09-30 04:40:27.571,28.13,40.0,1.0,0.08,0.05,100,100,19.05,11.02,100.0,0.46,0.286,0.14
1759178432571,2025-09-30 04:40:32.571,28.15,40.0,1.0,0.08,0.05,100,100,19.88,11.87,100.0,0.17,0.298,0.123
1759178437571,2025-09-30 04:40:37.571,28.55,40.0,1.0,0.08,0.05,100,100,19.85,11.85,100.0,-0.0,0.298,0.123
1759178442571,2025-09-30 04:40:42.571,30.66,40.0,1.0,0.08,0.05,100,100,19.45,11.45,100.0,-0.08,0.292,0.131
1759178447571,2025-09-30 04:40:47.571,31.34,40.0,1.0,0.08,0.05,100,100,17.32,9.34,100.0,-0.42,0.26,0.173
1759178452571,2025-09-30 04:40:52.571,31.55,40.0,1.0,0.08,0.05,100,100,16.65,8.66,100.0,-0.14,0.25,0.187
1759178457571,2025-09-30 04:40:57.571,30.78,40.0,1.0,0.08,0.05,100,100,16.45,8.45,100.0,-0.04,0.247,0.191
1759178462571,2025-09-30 04:41:02.571,31.37,40.0,1.0,0.08,0.05,100,100,17.23,9.22,100.0,0.15,0.258,0.176
1759178467571,2025-09-30 04:41:07.571,32.53,40.0,1.0,0.08,0.05,100,100,16.62,8.63,100.0,-0.12,0.249,0.187
1759178472571,2025-09-30 04:41:12.571,32.39,40.0,1.0,0.08,0.05,100,100,15.46,7.47,100.0,-0.23,0.232,0.211
1759178477571,2025-09-30 04:41:17.571,34.37,40.0,1.0,0.08,0.05,100,100,15.61,7.61,100.0,0.03,0.234,0.208
1759178482571,2025-09-30 04:41:22.571,33.46,40.0,1.0,0.08,0.05,100,100,13.61,5.63,100.0,-0.39,0.204,0.247
1759178487571,2025-09-30 04:41:27.571,32.87,40.0,1.0,0.08,0.05,100,100,14.55,6.54,100.0,0.18,0.218,0.229
1759178492571,2025-09-30 04:41:32.571,29.15,40.0,1.0,0.08,0.05,100,100,15.14,7.13,100.0,0.12,0.227,0.217
1759178497571,2025-09-30 04:41:37.571,28.41,40.0,1.0,0.08,0.05,100,100,18.89,10.85,100.0,0.74,0.283,0.143
1759178502571,2025-09-30 04:41:42.571,28.42,40.0,1.0,0.08,0.05,100,100,19.6,11.59,100.0,0.15,0.294,0.128
1759178507571,2025-09-30 04:41:47.571,28.08,40.0,1.0,0.08,0.05,100,100,19.58,11.58,100.0,-0.0,0.294,0.128
1759178512571,2025-09-30 04:41:52.571,30.14,40.0,1.0,0.08,0.05,100,100,19.92,11.92,100.0,0.07,0.299,0.122
1759178517571,2025-09-30 04:41:57.571,28.46,40.0,1.0,0.08,0.05,100,100,17.84,9.86,100.0,-0.41,0.268,0.163
1759178522571,2025-09-30 04:42:02.571,27.51,40.0,1.0,0.08,0.05,100,100,19.56,11.54,100.0,0.34,0.293,0.129
1759178527571,2025-09-30 04:42:07.571,26.41,40.0,1.0,0.08,0.05,100,100,20.5,12.49,100.0,0.19,0.308,0.11
1759178532571,2025-09-30 04:42:12.571,25.69,40.0,1.0,0.08,0.05,100,100,21.6,13.59,100.0,0.22,0.324,0.088
1759178537571,2025-09-30 04:42:17.571,25.41,40.0,1.0,0.08,0.05,100,100,22.32,14.31,100.0,0.15,0.335,0.074
1759178542571,2025-09-30 04:42:22.571,28.32,40.0,1.0,0.08,0.05,100,100,22.59,14.59,100.0,0.05,0.339,0.068
1759178547571,2025-09-30 04:42:27.571,29.96,40.0,1.0,0.08,0.05,100,100,19.65,11.68,100.0,-0.58,0.295,0.126
1759178552571,2025-09-30 04:42:32.571,31.92,40.0,1.0,0.08,0.05,100,100,18.02,10.04,100.0,-0.33,0.27,0.159
1759178557571,2025-09-30 04:42:37.571,31.86,40.0,1.0,0.08,0.05,100,100,16.06,8.08,100.0,-0.39,0.241,0.198
1759178562571,2025-09-30 04:42:42.571,33.39,40.0,1.0,0.08,0.05,100,100,16.14,8.14,100.0,0.01,0.242,0.197
1759178567571,2025-09-30 04:42:47.571,32.97,40.0,1.0,0.08,0.05,100,100,14.59,6.61,100.0,-0.31,0.219,0.228
1759178572571,2025-09-30 04:42:52.571,33.03,40.0,1.0,0.08,0.05,100,100,15.04,7.03,100.0,0.08,0.226,0.219
1759178577571,2025-09-30 04:42:57.571,34.82,40.0,1.0,0.08,0.05,100,100,14.97,6.97,100.0,-0.01,0.225,0.221
1759178582571,2025-09-30 04:43:02.571,32.97,40.0,1.0,0.08,0.05,100,100,13.16,5.18,100.0,-0.36,0.197,0.256
1759178587571,2025-09-30 04:43:07.571,30.92,40.0,1.0,0.08,0.05,100,100,15.05,7.03,100.0,0.37,0.226,0.219
1759178592571,2025-09-30 04:43:12.571,30.61,40.0,1.0,0.08,0.05,100,100,17.1,9.08,100.0,0.41,0.257,0.178
1759178597571,2025-09-30 04:43:17.571,30.01,40.0,1.0,0.08,0.05,100,100,17.39,9.39,100.0,0.06,0.261,0.172
1759178602571,2025-09-30 04:43:22.571,28.94,40.0,1.0,0.08,0.05,100,100,18.0,9.99,100.0,0.12,0.27,0.16
1759178607571,2025-09-30 04:43:27.571,27.94,40.0,1.0,0.08,0.05,100,100,19.07,11.06,100.0,0.21,0.286,0.139
1759178612571,2025-09-30 04:43:32.571,29.15,40.0,1.0,0.08,0.05,100,100,20.07,12.06,100.0,0.2,0.301,0.119
1759178617571,2025-09-30 04:43:37.571,28.93,40.0,1.0,0.08,0.05,100,100,18.83,10.85,100.0,-0.24,0.282,0.143
1759178622571,2025-09-30 04:43:42.571,27.14,40.0,1.0,0.08,0.05,100,100,19.07,11.07,100.0,0.04,0.286,0.139
1759178627571,2025-09-30 04:43:47.571,28.29,40.0,1.0,0.08,0.05,100,100,20.88,12.86,100.0,0.36,0.313,0.103
1759178632571,2025-09-30 04:43:52.571,26.65,40.0,1.0,0.08,0.05,100,100,19.7,11.71,100.0,-0.23,0.296,0.126
1759178637571,2025-09-30 04:43:57.571,24.61,40.0,1.0,0.08,0.05,100,100,21.37,13.35,100.0,0.33,0.32,0.093
1759178642571,2025-09-30 04:44:02.571,23.34,40.0,1.0,0.08,0.05,100,100,23.41,15.39,100.0,0.41,0.351,0.052
1759178647571,2025-09-30 04:44:07.571,23.23,40.0,1.0,0.08,0.05,100,100,24.67,16.66,100.0,0.25,0.37,0.027
1759178652571,2025-09-30 04:44:12.571,22.67,40.0,1.0,0.08,0.05,100,100,24.77,16.77,100.0,0.02,0.372,0.025
1759178657571,2025-09-30 04:44:17.571,22.4,40.0,1.0,0.08,0.05,100,100,25.33,17.33,100.0,0.11,0.38,0.013
1759178662571,2025-09-30 04:44:22.571,21.57,40.0,1.0,0.08,0.05,100,100,25.61,17.6,100.0,0.06,0.384,0.008
1759178667571,2025-09-30 04:44:27.571,20.96,40.0,1.0,0.08,0.05,100,100,26.44,18.43,100.0,0.17,0.397,-0.009
1759178672571,2025-09-30 04:44:32.571,18.9,40.0,1.0,0.08,0.05,100,100,27.05,19.04,100.0,0.12,0.406,-0.021
1759178677571,2025-09-30 04:44:37.571,19.72,40.0,1.0,0.08,0.05,100,100,29.13,21.1,100.0,0.41,0.437,-0.062
1759178682571,2025-09-30 04:44:42.571,19.13,40.0,1.0,0.08,0.05,100,100,28.27,20.28,100.0,-0.16,0.424,-0.046
1759178687571,2025-09-30 04:44:47.571,19.53,40.0,1.0,0.08,0.05,100,100,28.88,20.87,100.0,0.12,0.433,-0.057
1759178692571,2025-09-30 04:44:52.571,18.7,40.0,1.0,0.08,0.05,100,100,28.47,20.47,100.0,-0.08,0.427,-0.049
1759178697571,2025-09-30 04:44:57.571,19.2,40.0,1.0,0.08,0.05,100,100,29.3,21.3,100.0,0.16,0.44,-0.066
1759178702571,2025-09-30 04:45:02.571,18.04,40.0,1.0,0.08,0.05,100,100,28.8,20.8,100.0,-0.1,0.432,-0.056
1759178707571,2025-09-30 04:45:07.571,14.9,40.0,1.0,0.08,0.05,100,100,29.97,21.96,100.0,0.23,0.45,-0.079
1759178712571,2025-09-30 04:45:12.571,14.03,40.0,1.0,0.08,0.05,100,100,33.13,25.1,100.0,0.63,0.497,-0.142
1759178717571,2025-09-30 04:45:17.571,14.36,40.0,1.0,0.08,0.05,100,100,33.98,25.97,100.0,0.18,0.51,-0.159
1759178722571,2025-09-30 04:45:22.571,13.41,40.0,1.0,0.08,0.05,100,100,33.64,25.64,100.0,-0.07,0.505,-0.153
1759178727571,2025-09-30 04:45:27.571,11.69,40.0,1.0,0.08,0.05,100,100,34.6,26.59,100.0,0.19,0.519,-0.172
1759178732571,2025-09-30 04:45:32.571,13.56,40.0,1.0,0.08,0.05,100,100,36.33,28.31,100.0,0.34,0.545,-0.206
1759178737571,2025-09-30 04:45:37.571,13.01,40.0,1.0,0.08,0.05,100,100,34.42,26.44,100.0,-0.37,0.516,-0.169
1759178742571,2025-09-30 04:45:42.571,14.41,40.0,1.0,0.08,0.05,100,100,35.0,26.99,100.0,0.11,0.525,-0.18
1759178747571,2025-09-30 04:45:47.571,15.74,40.0,1.0,0.08,0.05,100,100,33.58,25.59,100.0,-0.28,0.504,-0.152
1759178752571,2025-09-30 04:45:52.571,18.2,40.0,1.0,0.08,0.05,100,100,32.25,24.26,100.0,-0.27,0.484,-0.125
1759178757571,2025-09-30 04:45:57.571,17.69,40.0,1.0,0.08,0.05,100,100,29.78,21.8,100.0,-0.49,0.447,-0.076
1759178762571,2025-09-30 04:46:02.571,16.61,40.0,1.0,0.08,0.05,100,100,30.31,22.31,100.0,0.1,0.455,-0.086
1759178767571,2025-09-30 04:46:07.571,15.2,40.0,1.0,0.08,0.05,100,100,31.4,23.39,100.0,0.22,0.471,-0.108
1759178772571,2025-09-30 04:46:12.571,19.63,40.0,1.0,0.08,0.05,100,100,32.81,24.8,100.0,0.28,0.492,-0.136
1759178777571,2025-09-30 04:46:17.571,20.75,40.0,1.0,0.08,0.05,100,100,28.33,20.37,100.0,-0.89,0.425,-0.047
1759178782571,2025-09-30 04:46:22.571,19.65,40.0,1.0,0.08,0.05,100,100,27.24,19.25,100.0,-0.23,0.409,-0.025
1759178787571,2025-09-30 04:46:27.571,21.07,40.0,1.0,0.08,0.05,100,100,28.36,20.35,100.0,0.22,0.425,-0.047
1759178792571,2025-09-30 04:46:32.571,21.6,40.0,1.0,0.08,0.05,100,100,26.91,18.93,100.0,-0.28,0.404,-0.019
1759178797571,2025-09-30 04:46:37.571,22.62,40.0,1.0,0.08,0.05,100,100,26.39,18.4,100.0,-0.11,0.396,-0.008
1759178802571,2025-09-30 04:46:42.571,20.75,40.0,1.0,0.08,0.05,100,100,25.37,17.38,100.0,-0.2,0.38,0.012
1759178807571,2025-09-30 04:46:47.571,19.55,40.0,1.0,0.08,0.05,100,100,27.27,19.25,100.0,0.37,0.409,-0.025
1759178812571,2025-09-30 04:46:52.571,15.06,40.0,1.0,0.08,0.05,100,100,28.46,20.45,100.0,0.24,0.427,-0.049
1759178817571,2025-09-30 04:46:57.571,13.98,40.0,1.0,0.08,0.05,100,100,32.98,24.94,100.0,0.9,0.495,-0.139
1759178822571,2025-09-30 04:47:02.571,13.67,40.0,1.0,0.08,0.05,100,100,34.03,26.02,100.0,0.22,0.51,-0.16
1759178827571,2025-09-30 04:47:07.571,13.31,40.0,1.0,0.08,0.05,100,100,34.33,26.33,100.0,0.06,0.515,-0.167
1759178832571,2025-09-30 04:47:12.571,13.85,40.0,1.0,0.08,0.05,100,100,34.7,26.69,100.0,0.07,0.52,-0.174
1759178837571,2025-09-30 04:47:17.571,14.57,40.0,1.0,0.08,0.05,100,100,34.14,26.15,100.0,-0.11,0.512,-0.163
1759178842571,2025-09-30 04:47:22.571,15.21,40.0,1.0,0.08,0.05,100,100,33.42,25.43,100.0,-0.14,0.501,-0.149
1759178847571,2025-09-30 04:47:27.571,15.63,40.0,1.0,0.08,0.05,100,100,32.79,24.79,100.0,-0.13,0.492,-0.136
1759178852571,2025-09-30 04:47:32.571,16.98,40.0,1.0,0.08,0.05,100,100,32.37,24.37,100.0,-0.08,0.486,-0.127
1759178857571,2025-09-30 04:47:37.571,14.93,40.0,1.0,0.08,0.05,100,100,31.0,23.02,100.0,-0.27,0.465,-0.1
1759178862571,2025-09-30 04:47:42.571,17.12,40.0,1.0,0.08,0.05,100,100,33.09,25.07,100.0,0.41,0.496,-0.141
1759178867571,2025-09-30 04:47:47.571,16.92,40.0,1.0,0.08,0.05,100,100,30.86,22.88,100.0,-0.44,0.463,-0.098
1759178872571,2025-09-30 04:47:52.571,18.29,40.0,1.0,0.08,0.05,100,100,31.08,23.08,100.0,0.04,0.466,-0.102
1759178877571,2025-09-30 04:47:57.571,18.1,40.0,1.0,0.08,0.05,100,100,29.7,21.71,100.0,-0.27,0.445,-0.074
1759178882571,2025-09-30 04:48:02.571,19.27,40.0,1.0,0.08,0.05,100,100,29.9,21.9,100.0,0.04,0.449,-0.078
1759178887571,2025-09-30 04:48:07.571,18.59,40.0,1.0,0.08,0.05,100,100,28.72,20.73,100.0,-0.23,0.431,-0.055
1759178892571,2025-09-30 04:48:12.571,18.07,40.0,1.0,0.08,0.05,100,100,29.42,21.41,100.0,0.14,0.441,-0.068
1759178897571,2025-09-30 04:48:17.571,18.38,40.0,1.0,0.08,0.05,100,100,29.93,21.93,100.0,0.1,0.449,-0.079
1759178902571,2025-09-30 04:48:22.571,19.26,40.0,1.0,0.08,0.05,100,100,29.62,21.62,100.0,-0.06,0.444,-0.072
1759178907571,2025-09-30 04:48:27.571,17.56,40.0,1.0,0.08,0.05,100,100,28.73,20.74,100.0,-0.18,0.431,-0.055
1759178912571,2025-09-30 04:48:32.571,15.3,40.0,1.0,0.08,0.05,100,100,30.46,22.44,100.0,0.34,0.457,-0.089
1759178917571,2025-09-30 04:48:37.571,18.73,40.0,1.0,0.08,0.05,100,100,32.73,24.7,100.0,0.45,0.491,-0.134
1759178922571,2025-09-30 04:48:42.571,20.64,40.0,1.0,0.08,0.05,100,100,29.24,21.27,100.0,-0.69,0.439,-0.065
1759178927571,2025-09-30 04:48:47.571,21.12,40.0,1.0,0.08,0.05,100,100,27.34,19.36,100.0,-0.38,0.41,-0.027
1759178932571,2025-09-30 04:48:52.571,22.27,40.0,1.0,0.08,0.05,100,100,26.87,18.88,100.0,-0.1,0.403,-0.018
1759178937571,2025-09-30 04:48:57.571,20.8,40.0,1.0,0.08,0.05,100,100,25.72,17.73,100.0,-0.23,0.386,0.005
1759178942571,2025-09-30 04:49:02.571,20.68,40.0,1.0,0.08,0.05,100,100,27.21,19.2,100.0,0.29,0.408,-0.024
1759178947571,2025-09-30 04:49:07.571,23.57,40.0,1.0,0.08,0.05,100,100,27.32,19.32,100.0,0.02,0.41,-0.026
1759178952571,2025-09-30 04:49:12.571,21.1,40.0,1.0,0.08,0.05,100,100,24.4,16.43,100.0,-0.58,0.366,0.031
1759178957571,2025-09-30 04:49:17.571,18.85,40.0,1.0,0.08,0.05,100,100,26.93,18.9,100.0,0.49,0.404,-0.018
1759178962571,2025-09-30 04:49:22.571,17.25,40.0,1.0,0.08,0.05,100,100,29.17,21.15,100.0,0.45,0.438,-0.063
1759178967571,2025-09-30 04:49:27.571,18.08,40.0,1.0,0.08,0.05,100,100,30.76,22.75,100.0,0.32,0.461,-0.095
1759178972571,2025-09-30 04:49:32.571,16.73,40.0,1.0,0.08,0.05,100,100,29.91,21.92,100.0,-0.16,0.449,-0.078
1759178977571,2025-09-30 04:49:37.571,18.18,40.0,1.0,0.08,0.05,100,100,31.28,23.27,100.0,0.27,0.469,-0.105
1759178982571,2025-09-30 04:49:42.571,19.53,40.0,1.0,0.08,0.05,100,100,29.8,21.82,100.0,-0.29,0.447,-0.076
1759178987571,2025-09-30 04:49:47.571,22.55,40.0,1.0,0.08,0.05,100,100,28.46,20.47,100.0,-0.27,0.427,-0.049
1759178992571,2025-09-30 04:49:52.571,21.79,40.0,1.0,0.08,0.05,100,100,25.42,17.45,100.0,-0.6,0.381,0.011
1759178997571,2025-09-30 04:49:57.571,23.16,40.0,1.0,0.08,0.05,100,100,26.22,18.21,100.0,0.15,0.393,-0.004
1759179002571,2025-09-30 04:50:02.571,22.57,40.0,1.0,0.08,0.05,100,100,24.82,16.84,100.0,-0.27,0.372,0.023
1759179007571,2025-09-30 04:50:07.571,24.9,40.0,1.0,0.08,0.05,100,100,25.44,17.43,100.0,0.12,0.382,0.011
1759179012571,2025-09-30 04:50:12.571,24.08,40.0,1.0,0.08,0.05,100,100,23.08,15.1,100.0,-0.47,0.346,0.058
1759179017571,2025-09-30 04:50:17.571,21.91,40.0,1.0,0.08,0.05,100,100,23.93,15.92,100.0,0.16,0.359,0.042
1759179022571,2025-09-30 04:50:22.571,24.69,40.0,1.0,0.08,0.05,100,100,26.11,18.09,100.0,0.43,0.392,-0.002
1759179027571,2025-09-30 04:50:27.571,25.04,40.0,1.0,0.08,0.05,100,100,23.28,15.31,100.0,-0.56,0.349,0.054
1759179032571,2025-09-30 04:50:32.571,26.54,40.0,1.0,0.08,0.05,100,100,22.95,14.96,100.0,-0.07,0.344,0.061
1759179037571,2025-09-30 04:50:37.571,26.18,40.0,1.0,0.08,0.05,100,100,21.44,13.46,100.0,-0.3,0.322,0.091
1759179042571,2025-09-30 04:50:42.571,26.17,40.0,1.0,0.08,0.05,100,100,21.82,13.82,100.0,0.07,0.327,0.084
1759179047571,2025-09-30 04:50:47.571,25.73,40.0,1.0,0.08,0.05,100,100,21.83,13.83,100.0,0.0,0.328,0.083
1759179052571,2025-09-30 04:50:52.571,26.5,40.0,1.0,0.08,0.05,100,100,22.28,14.27,100.0,0.09,0.334,0.075
1759179057571,2025-09-30 04:50:57.571,26.34,40.0,1.0,0.08,0.05,100,100,21.49,13.5,100.0,-0.15,0.322,0.09
1759179062571,2025-09-30 04:51:02.571,23.89,40.0,1.0,0.08,0.05,100,100,21.66,13.66,100.0,0.03,0.325,0.087
1759179067571,2025-09-30 04:51:07.571,25.4,40.0,1.0,0.08,0.05,100,100,24.13,16.11,100.0,0.49,0.362,0.038
1759179072571,2025-09-30 04:51:12.571,24.99,40.0,1.0,0.08,0.05,100,100,22.58,14.6,100.0,-0.3,0.339,0.068
1759179077571,2025-09-30 04:51:17.571,27.86,40.0,1.0,0.08,0.05,100,100,23.01,15.01,100.0,0.08,0.345,0.06
1759179082571,2025-09-30 04:51:22.571,29.65,40.0,1.0,0.08,0.05,100,100,20.11,12.14,100.0,-0.57,0.302,0.117
1759179087571,2025-09-30 04:51:27.571,31.95,40.0,1.0,0.08,0.05,100,100,18.34,10.35,100.0,-0.36,0.275,0.153
1759179092571,2025-09-30 04:51:32.571,31.71,40.0,1.0,0.08,0.05,100,100,16.03,8.05,100.0,-0.46,0.24,0.199
1759179097571,2025-09-30 04:51:37.571,29.95,40.0,1.0,0.08,0.05,100,100,16.29,8.29,100.0,0.05,0.244,0.194
1759179102571,2025-09-30 04:51:42.571,28.13,40.0,1.0,0.08,0.05,100,100,18.07,10.05,100.0,0.35,0.271,0.159
1759179107571,2025-09-30 04:51:47.571,27.46,40.0,1.0,0.08,0.05,100,100,19.89,11.87,100.0,0.36,0.298,0.123
1759179112571,2025-09-30 04:51:52.571,25.76,40.0,1.0,0.08,0.05,100,100,20.55,12.54,100.0,0.13,0.308,0.109
1759179117571,2025-09-30 04:51:57.571,27.88,40.0,1.0,0.08,0.05,100,100,22.25,14.24,100.0,0.34,0.334,0.075
1759179122571,2025-09-30 04:52:02.571,26.83,40.0,1.0,0.08,0.05,100,100,20.1,12.12,100.0,-0.42,0.301,0.118
1759179127571,2025-09-30 04:52:07.571,28.37,40.0,1.0,0.08,0.05,100,100,21.18,13.17,100.0,0.21,0.318,0.097
1759179132571,2025-09-30 04:52:12.571,28.32,40.0,1.0,0.08,0.05,100,100,19.61,11.63,100.0,-0.31,0.294,0.127
1759179137571,2025-09-30 04:52:17.571,29.74,40.0,1.0,0.08,0.05,100,100,19.68,11.68,100.0,0.01,0.295,0.126
1759179142571,2025-09-30 04:52:22.571,30.29,40.0,1.0,0.08,0.05,100,100,18.25,10.26,100.0,-0.28,0.274,0.155
1759179147571,2025-09-30 04:52:27.571,31.54,40.0,1.0,0.08,0.05,100,100,17.7,9.71,100.0,-0.11,0.266,0.166
1759179152571,2025-09-30 04:52:32.571,31.2,40.0,1.0,0.08,0.05,100,100,16.45,8.46,100.0,-0.25,0.247,0.191
1759179157571,2025-09-30 04:52:37.571,29.14,40.0,1.0,0.08,0.05,100,100,16.8,8.8,100.0,0.07,0.252,0.184
1759179162571,2025-09-30 04:52:42.571,29.66,40.0,1.0,0.08,0.05,100,100,18.88,10.86,100.0,0.41,0.283,0.143
1759179167571,2025-09-30 04:52:47.571,29.67,40.0,1.0,0.08,0.05,100,100,18.33,10.34,100.0,-0.11,0.275,0.153
1759179172571,2025-09-30 04:52:52.571,29.56,40.0,1.0,0.08,0.05,100,100,18.33,10.33,100.0,-0.0,0.275,0.153
1759179177571,2025-09-30 04:52:57.571,26.79,40.0,1.0,0.08,0.05,100,100,18.44,10.44,100.0,0.02,0.277,0.151
1759179182571,2025-09-30 04:53:02.571,25.24,40.0,1.0,0.08,0.05,100,100,21.24,13.21,100.0,0.55,0.319,0.096
1759179187571,2025-09-30 04:53:07.571,24.43,40.0,1.0,0.08,0.05,100,100,22.77,14.76,100.0,0.31,0.342,0.065
1759179192571,2025-09-30 04:53:12.571,25.34,40.0,1.0,0.08,0.05,100,100,23.58,15.57,100.0,0.16,0.354,0.049
1759179197571,2025-09-30 04:53:17.571,24.14,40.0,1.0,0.08,0.05,100,100,22.65,14.66,100.0,-0.18,0.34,0.067
1759179202571,2025-09-30 04:53:22.571,25.12,40.0,1.0,0.08,0.05,100,100,23.87,15.86,100.0,0.24,0.358,0.043
1759179207571,2025-09-30 04:53:27.571,25.89,40.0,1.0,0.08,0.05,100,100,22.87,14.88,100.0,-0.19,0.343,0.062
1759179212571,2025-09-30 04:53:32.571,28.84,40.0,1.0,0.08,0.05,100,100,22.1,14.11,100.0,-0.15,0.332,0.078
1759179217571,2025-09-30 04:53:37.571,28.71,40.0,1.0,0.08,0.05,100,100,19.13,11.16,100.0,-0.59,0.287,0.137
1759179222571,2025-09-30 04:53:42.571,27.82,40.0,1.0,0.08,0.05,100,100,19.29,11.29,100.0,0.03,0.289,0.134
1759179227571,2025-09-30 04:53:47.571,27.19,40.0,1.0,0.08,0.05,100,100,20.19,12.18,100.0,0.18,0.303,0.116
1759179232571,2025-09-30 04:53:52.571,27.43,40.0,1.0,0.08,0.05,100,100,20.82,12.81,100.0,0.13,0.312,0.104
1759179237571,2025-09-30 04:53:57.571,27.35,40.0,1.0,0.08,0.05,100,100,20.57,12.57,100.0,-0.05,0.308,0.109
1759179242571,2025-09-30 04:54:02.571,26.72,40.0,1.0,0.08,0.05,100,100,20.65,12.65,100.0,0.02,0.31,0.107
1759179247571,2025-09-30 04:54:07.571,26.54,40.0,1.0,0.08,0.05,100,100,21.29,13.28,100.0,0.13,0.319,0.094
1759179252571,2025-09-30 04:54:12.571,26.52,40.0,1.0,0.08,0.05,100,100,21.46,13.46,100.0,0.04,0.322,0.091
1759179257571,2025-09-30 04:54:17.571,28.01,40.0,1.0,0.08,0.05,100,100,21.48,13.48,100.0,0.0,0.322,0.09
1759179262571,2025-09-30 04:54:22.571,25.22,40.0,1.0,0.08,0.05,100,100,19.97,11.99,100.0,-0.3,0.3,0.12
1759179267571,2025-09-30 04:54:27.571,27.22,40.0,1.0,0.08,0.05,100,100,22.81,14.78,100.0,0.56,0.342,0.064
1759179272571,2025-09-30 04:54:32.571,27.73,40.0,1.0,0.08,0.05,100,100,20.76,12.78,100.0,-0.4,0.311,0.104
1759179277571,2025-09-30 04:54:37.571,28.79,40.0,1.0,0.08,0.05,100,100,20.26,12.27,100.0,-0.1,0.304,0.115
1759179282571,2025-09-30 04:54:42.571,29.48,40.0,1.0,0.08,0.05,100,100,19.2,11.21,100.0,-0.21,0.288,0.136
1759179287571,2025-09-30 04:54:47.571,29.63,40.0,1.0,0.08,0.05,100,100,18.52,10.52,100.0,-0.14,0.278,0.15
1759179292571,2025-09-30 04:54:52.571,30.54,40.0,1.0,0.08,0.05,100,100,18.37,10.37,100.0,-0.03,0.276,0.153
1759179297571,2025-09-30 04:54:57.571,27.91,40.0,1.0,0.08,0.05,100,100,17.45,9.46,100.0,-0.18,0.262,0.171
1759179302571,2025-09-30 04:55:02.571,27.64,40.0,1.0,0.08,0.05,100,100,20.12,12.09,100.0,0.53,0.302,0.118
1759179307571,2025-09-30 04:55:07.571,27.7,40.0,1.0,0.08,0.05,100,100,20.37,12.36,100.0,0.05,0.305,0.113
1759179312571,2025-09-30 04:55:12.571,27.92,40.0,1.0,0.08,0.05,100,100,20.3,12.3,100.0,-0.01,0.305,0.114
1759179317571,2025-09-30 04:55:17.571,30.4,40.0,1.0,0.08,0.05,100,100,20.08,12.08,100.0,-0.04,0.301,0.118
1759179322571,2025-09-30 04:55:22.571,30.09,40.0,1.0,0.08,0.05,100,100,17.57,9.6,100.0,-0.5,0.264,0.168
1759179327571,2025-09-30 04:55:27.571,29.5,40.0,1.0,0.08,0.05,100,100,17.92,9.91,100.0,0.06,0.269,0.162
1759179332571,2025-09-30 04:55:32.571,27.18,40.0,1.0,0.08,0.05,100,100,18.5,10.5,100.0,0.12,0.278,0.15
1759179337571,2025-09-30 04:55:37.571,24.69,40.0,1.0,0.08,0.05,100,100,20.84,12.82,100.0,0.46,0.313,0.104
1759179342571,2025-09-30 04:55:42.571,26.82,40.0,1.0,0.08,0.05,100,100,23.33,15.31,100.0,0.5,0.35,0.054
1759179347571,2025-09-30 04:55:47.571,26.31,40.0,1.0,0.08,0.05,100,100,21.16,13.18,100.0,-0.43,0.317,0.096
1759179352571,2025-09-30 04:55:52.571,27.41,40.0,1.0,0.08,0.05,100,100,21.7,13.69,100.0,0.1,0.326,0.086
1759179357571,2025-09-30 04:55:57.571,26.77,40.0,1.0,0.08,0.05,100,100,20.58,12.59,100.0,-0.22,0.309,0.108
1759179362571,2025-09-30 04:56:02.571,29.5,40.0,1.0,0.08,0.05,100,100,21.23,13.23,100.0,0.13,0.319,0.095
1759179367571,2025-09-30 04:56:07.571,28.83,40.0,1.0,0.08,0.05,100,100,18.47,10.5,100.0,-0.55,0.277,0.15
1759179372571,2025-09-30 04:56:12.571,31.65,40.0,1.0,0.08,0.05,100,100,19.18,11.17,100.0,0.13,0.288,0.137
1759179377571,2025-09-30 04:56:17.571,31.07,40.0,1.0,0.08,0.05,100,100,16.32,8.35,100.0,-0.57,0.245,0.193
1759179382571,2025-09-30 04:56:22.571,31.07,40.0,1.0,0.08,0.05,100,100,16.93,8.93,100.0,0.12,0.254,0.181
1759179387571,2025-09-30 04:56:27.571,31.85,40.0,1.0,0.08,0.05,100,100,16.93,8.93,100.0,0.0,0.254,0.181
1759179392571,2025-09-30 04:56:32.571,32.99,40.0,1.0,0.08,0.05,100,100,16.14,8.15,100.0,-0.16,0.242,0.197
1759179397571,2025-09-30 04:56:37.571,36.31,40.0,1.0,0.08,0.05,100,100,15.0,7.01,100.0,-0.23,0.225,0.22
1759179402571,2025-09-30 04:56:42.571,37.52,40.0,1.0,0.08,0.05,100,100,11.65,3.69,100.0,-0.66,0.175,0.286
1759179407571,2025-09-30 04:56:47.571,40.52,40.0,1.0,0.08,0.05,100,100,10.47,2.48,100.0,-0.24,0.157,0.31
1759179412571,2025-09-30 04:56:52.571,41.57,40.0,1.0,0.08,0.05,100,100,7.24,-0.52,97.41,-0.6,0.109,0.37
1759179417571,2025-09-30 04:56:57.571,41.57,40.0,1.0,0.08,0.05,100,100,5.59,-1.57,89.58,-0.21,0.084,0.391
1759179422571,2025-09-30 04:57:02.571,42.24,40.0,1.0,0.08,0.05,100,100,4.97,-1.57,81.74,-0.0,0.075,0.391
1759179427571,2025-09-30 04:57:07.571,41.03,40.0,1.0,0.08,0.05,100,100,3.4,-2.24,70.54,-0.13,0.051,0.405
1759179432571,2025-09-30 04:57:12.571,40.54,40.0,1.0,0.08,0.05,100,100,4.22,-1.03,65.41,0.24,0.063,0.381
1759179437571,2025-09-30 04:57:17.571,38.72,40.0,1.0,0.08,0.05,100,100,4.49,-0.54,62.73,0.1,0.067,0.371
1759179442571,2025-09-30 04:57:22.571,38.86,40.0,1.0,0.08,0.05,100,100,6.83,1.28,69.15,0.36,0.103,0.334
1759179447571,2025-09-30 04:57:27.571,36.91,40.0,1.0,0.08,0.05,100,100,7.12,1.14,74.83,-0.03,0.107,0.337
1759179452571,2025-09-30 04:57:32.571,36.1,40.0,1.0,0.08,0.05,100,100,10.34,3.09,90.29,0.39,0.155,0.298
1759179457571,2025-09-30 04:57:37.571,35.87,40.0,1.0,0.08,0.05,100,100,11.91,3.9,100.0,0.16,0.179,0.282
1759179462571,2025-09-30 04:57:42.571,35.57,40.0,1.0,0.08,0.05,100,100,12.13,4.13,100.0,0.05,0.182,0.277
1759179467571,2025-09-30 04:57:47.571,32.55,40.0,1.0,0.08,0.05,100,100,12.44,4.43,100.0,0.06,0.187,0.271
1759179472571,2025-09-30 04:57:52.571,33.37,40.0,1.0,0.08,0.05,100,100,15.48,7.45,100.0,0.6,0.232,0.211
1759179477571,2025-09-30 04:57:57.571,29.68,40.0,1.0,0.08,0.05,100,100,14.62,6.63,100.0,-0.16,0.219,0.227
1759179482571,2025-09-30 04:58:02.571,29.34,40.0,1.0,0.08,0.05,100,100,18.35,10.32,100.0,0.74,0.275,0.154
1759179487571,2025-09-30 04:58:07.571,29.36,40.0,1.0,0.08,0.05,100,100,18.66,10.66,100.0,0.07,0.28,0.147
1759179492571,2025-09-30 04:58:12.571,30.05,40.0,1.0,0.08,0.05,100,100,18.64,10.64,100.0,-0.0,0.28,0.147
1759179497571,2025-09-30 04:58:17.571,28.81,40.0,1.0,0.08,0.05,100,100,17.95,9.95,100.0,-0.14,0.269,0.161
1759179502571,2025-09-30 04:58:22.571,28.13,40.0,1.0,0.08,0.05,100,100,19.2,11.19,100.0,0.25,0.288,0.136
1759179507571,2025-09-30 04:58:27.571,23.95,40.0,1.0,0.08,0.05,100,100,19.87,11.87,100.0,0.14,0.298,0.123
1759179512571,2025-09-30 04:58:32.571,25.28,40.0,1.0,0.08,0.05,100,100,24.09,16.05,100.0,0.84,0.361,0.039
1759179517571,2025-09-30 04:58:37.571,24.99,40.0,1.0,0.08,0.05,100,100,22.71,14.72,100.0,-0.26,0.341,0.066
1759179522571,2025-09-30 04:58:42.571,26.81,40.0,1.0,0.08,0.05,100,100,23.01,15.01,100.0,0.06,0.345,0.06
1759179527571,2025-09-30 04:58:47.571,29.55,28.0,1.0,0.08,0.05,100,100,21.18,13.19,100.0,-0.36,0.318,0.096
1759179532571,2025-09-30 04:58:52.571,28.44,28.0,1.0,0.08,0.05,100,100,5.69,-1.55,92.27,-2.95,0.085,0.151
1759179537571,2025-09-30 04:58:57.571,26.83,28.0,1.0,0.08,0.05,100,100,6.78,-0.44,90.07,0.22,0.102,0.129
1759179542571,2025-09-30 04:59:02.571,28.17,28.0,1.0,0.08,0.05,100,100,8.86,1.17,95.92,0.32,0.133,0.097
1759179547571,2025-09-30 04:59:07.571,27.58,28.0,1.0,0.08,0.05,100,100,7.42,-0.17,95.07,-0.27,0.111,0.123
1759179552571,2025-09-30 04:59:12.571,27.68,28.0,1.0,0.08,0.05,100,100,8.2,0.42,97.17,0.12,0.123,0.112
1759179557571,2025-09-30 04:59:17.571,28.62,28.0,1.0,0.08,0.05,100,100,8.21,0.32,98.75,-0.02,0.123,0.114
1759179562571,2025-09-30 04:59:22.571,28.65,28.0,1.0,0.08,0.05,100,100,7.02,-0.62,95.64,-0.19,0.105,0.132
1759179567571,2025-09-30 04:59:27.571,30.53,28.0,1.0,0.08,0.05,100,100,6.74,-0.65,92.38,-0.01,0.101,0.133
1759179572571,2025-09-30 04:59:32.571,30.8,28.0,1.0,0.08,0.05,100,100,3.83,-2.53,79.72,-0.38,0.057,0.171
1759179577571,2025-09-30 04:59:37.571,30.7,28.0,1.0,0.08,0.05,100,100,2.45,-2.8,65.71,-0.05,0.037,0.176
1759179582571,2025-09-30 04:59:42.571,29.58,28.0,1.0,0.08,0.05,100,100,1.47,-2.7,52.19,0.02,0.022,0.174
1759179587571,2025-09-30 04:59:47.571,28.4,28.0,1.0,0.08,0.05,100,100,1.97,-1.58,44.29,0.22,0.03,0.152
1759179592571,2025-09-30 04:59:52.571,28.42,28.0,1.0,0.08,0.05,100,100,3.0,-0.4,42.31,0.24,0.045,0.128
1759179597571,2025-09-30 04:59:57.571,30.38,28.0,1.0,0.08,0.05,100,100,2.8,-0.42,40.21,-0.0,0.042,0.128
1759179602571,2025-09-30 05:00:02.571,28.19,28.0,1.0,0.08,0.05,100,100,-0.14,-2.38,28.29,-0.39,0.0,0.168
1759179607571,2025-09-30 05:00:07.571,29.51,28.0,1.0,0.08,0.05,100,100,2.02,-0.19,27.35,0.44,0.03,0.124
1759179612571,2025-09-30 05:00:12.571,28.86,28.0,1.0,0.08,0.05,100,100,0.06,-1.51,19.78,-0.26,0.001,0.15
1759179617571,2025-09-30 05:00:17.571,30.43,28.0,1.0,0.08,0.05,100,100,0.38,-0.86,15.46,0.13,0.006,0.137
1759179622571,2025-09-30 05:00:22.571,30.83,28.0,1.0,0.08,0.05,100,100,-2.18,-2.43,3.31,-0.31,0.0,0.169
1759179627571,2025-09-30 05:00:27.571,32.0,28.0,1.0,0.08,0.05,100,100,-3.7,-2.83,-10.82,-0.08,0.0,0.177
1759179632571,2025-09-30 05:00:32.571,33.42,28.0,1.0,0.08,0.05,100,100,-6.47,-4.0,-30.8,-0.23,0.0,0.2
1759179637571,2025-09-30 05:00:37.571,33.79,28.0,1.0,0.08,0.05,100,100,-10.07,-5.42,-57.91,-0.29,0.0,0.228
1759179642571,2025-09-30 05:00:42.571,34.18,28.0,1.0,0.08,0.05,100,100,-12.74,-5.79,-86.86,-0.07,0.0,0.236
1759179647571,2025-09-30 05:00:47.571,32.31,28.0,1.0,0.08,0.05,100,100,-14.18,-6.18,-100.0,-0.08,0.0,0.244
1759179652571,2025-09-30 05:00:52.571,30.76,28.0,1.0,0.08,0.05,100,100,-12.29,-4.31,-100.0,0.37,0.0,0.206
1759179657571,2025-09-30 05:00:57.571,30.83,28.0,1.0,0.08,0.05,100,100,-10.74,-2.76,-100.0,0.31,0.0,0.175
1759179662571,2025-09-30 05:01:02.571,30.27,28.0,1.0,0.08,0.05,100,100,-10.83,-2.83,-100.0,-0.01,0.0,0.177
1759179667571,2025-09-30 05:01:07.571,31.62,28.0,1.0,0.08,0.05,100,100,-10.27,-2.27,-100.0,0.11,0.0,0.165
1759179672571,2025-09-30 05:01:12.571,33.91,28.0,1.0,0.08,0.05,100,100,-11.63,-3.62,-100.0,-0.27,0.0,0.192
1759179677571,2025-09-30 05:01:17.571,35.01,28.0,1.0,0.08,0.05,100,100,-13.94,-5.91,-100.0,-0.46,0.0,0.238
1759179682571,2025-09-30 05:01:22.571,35.28,28.0,1.0,0.08,0.05,100,100,-15.02,-7.01,-100.0,-0.22,0.0,0.26
1759179687571,2025-09-30 05:01:27.571,33.41,28.0,1.0,0.08,0.05,100,100,-15.29,-7.28,-100.0,-0.05,0.0,0.266
1759179692571,2025-09-30 05:01:32.571,36.11,28.0,1.0,0.08,0.05,100,100,-13.39,-5.41,-100.0,0.38,0.0,0.228
1759179697571,2025-09-30 05:01:37.571,36.0,28.0,1.0,0.08,0.05,100,100,-16.13,-8.11,-100.0,-0.54,0.0,0.282
1759179702571,2025-09-30 05:01:42.571,36.13,28.0,1.0,0.08,0.05,100,100,-16.0,-8.0,-100.0,0.02,0.0,0.28
1759179707571,2025-09-30 05:01:47.571,34.85,28.0,1.0,0.08,0.05,100,100,-16.14,-8.13,-100.0,-0.03,0.0,0.283
1759179712571,2025-09-30 05:01:52.571,36.25,28.0,1.0,0.08,0.05,100,100,-14.84,-6.85,-100.0,0.26,0.0,0.257
1759179717571,2025-09-30 05:01:57.571,38.24,28.0,1.0,0.08,0.05,100,100,-16.26,-8.25,-100.0,-0.28,0.0,0.285
1759179722571,2025-09-30 05:02:02.571,36.71,28.0,1.0,0.08,0.05,100,100,-18.26,-10.24,-100.0,-0.4,0.0,0.325
1759179727571,2025-09-30 05:02:07.571,37.53,28.0,1.0,0.08,0.05,100,100,-16.7,-8.71,-100.0,0.31,0.0,0.294
1759179732571,2025-09-30 05:02:12.571,37.32,28.0,1.0,0.08,0.05,100,100,-17.54,-9.53,-100.0,-0.16,0.0,0.311
1759179737571,2025-09-30 05:02:17.571,34.15,28.0,1.0,0.08,0.05,100,100,-17.32,-9.32,-100.0,0.04,0.0,0.306
1759179742571,2025-09-30 05:02:22.571,34.55,28.0,1.0,0.08,0.05,100,100,-14.12,-6.15,-100.0,0.63,0.0,0.243
1759179747571,2025-09-30 05:02:27.571,37.67,28.0,1.0,0.08,0.05,100,100,-14.55,-6.55,-100.0,-0.08,0.0,0.251
1759179752571,2025-09-30 05:02:32.571,38.86,28.0,1.0,0.08,0.05,100,100,-17.7,-9.67,-100.0,-0.62,0.0,0.313
1759179757571,2025-09-30 05:02:37.571,36.62,28.0,1.0,0.08,0.05,100,100,-18.87,-10.86,-100.0,-0.24,0.0,0.337
1759179762571,2025-09-30 05:02:42.571,36.95,28.0,1.0,0.08,0.05,100,100,-16.59,-8.62,-100.0,0.45,0.0,0.292
1759179767571,2025-09-30 05:02:47.571,40.1,28.0,1.0,0.08,0.05,100,100,-16.95,-8.95,-100.0,-0.07,0.0,0.299
1759179772571,2025-09-30 05:02:52.571,40.98,28.0,1.0,0.08,0.05,100,100,-20.14,-12.1,-100.0,-0.63,0.0,0.362
1759179777571,2025-09-30 05:02:57.571,40.25,28.0,1.0,0.08,0.05,100,100,-20.99,-12.98,-100.0,-0.17,0.0,0.38
1759179782571,2025-09-30 05:03:02.571,39.92,28.0,1.0,0.08,0.05,100,100,-20.24,-12.25,-100.0,0.15,0.0,0.365
1759179787571,2025-09-30 05:03:07.571,41.82,28.0,1.0,0.08,0.05,100,100,-19.91,-11.92,-100.0,0.07,0.0,0.358
1759179792571,2025-09-30 05:03:12.571,42.77,28.0,1.0,0.08,0.05,100,100,-21.83,-13.82,-100.0,-0.38,0.0,0.396
1759179797571,2025-09-30 05:03:17.571,40.68,28.0,1.0,0.08,0.05,100,100,-22.78,-14.77,-100.0,-0.19,0.0,0.415
1759179802571,2025-09-30 05:03:22.571,40.61,28.0,1.0,0.08,0.05,100,100,-20.66,-12.68,-100.0,0.42,0.0,0.374
1759179807571,2025-09-30 05:03:27.571,41.88,28.0,1.0,0.08,0.05,100,100,-20.61,-12.61,-100.0,0.02,0.0,0.372
1759179812571,2025-09-30 05:03:32.571,41.64,28.0,1.0,0.08,0.05,100,100,-21.89,-13.88,-100.0,-0.25,0.0,0.398
1759179817571,2025-09-30 05:03:37.571,39.82,28.0,1.0,0.08,0.05,100,100,-21.64,-13.64,-100.0,0.05,0.0,0.393
1759179822571,2025-09-30 05:03:42.571,40.79,28.0,1.0,0.08,0.05,100,100,-19.8,-11.82,-100.0,0.36,0.0,0.356
1759179827571,2025-09-30 05:03:47.571,40.0,28.0,1.0,0.08,0.05,100,100,-20.8,-12.79,-100.0,-0.19,0.0,0.376
1759179832571,2025-09-30 05:03:52.571,38.27,28.0,1.0,0.08,0.05,100,100,-20.0,-12.0,-100.0,0.16,0.0,0.36
1759179837571,2025-09-30 05:03:57.571,38.67,28.0,1.0,0.08,0.05,100,100,-18.25,-10.27,-100.0,0.35,0.0,0.325
1759179842571,2025-09-30 05:04:02.571,38.7,28.0,1.0,0.08,0.05,100,100,-18.68,-10.67,-100.0,-0.08,0.0,0.333
1759179847571,2025-09-30 05:04:07.571,40.23,28.0,1.0,0.08,0.05,100,100,-18.7,-10.7,-100.0,-0.01,0.0,0.334
1759179852571,2025-09-30 05:04:12.571,39.0,28.0,1.0,0.08,0.05,100,100,-20.25,-12.23,-100.0,-0.31,0.0,0.365
1759179857571,2025-09-30 05:04:17.571,39.03,28.0,1.0,0.08,0.05,100,100,-18.99,-11.0,-100.0,0.25,0.0,0.34
1759179862571,2025-09-30 05:04:22.571,40.95,28.0,1.0,0.08,0.05,100,100,-19.03,-11.03,-100.0,-0.01,0.0,0.341
1759179867571,2025-09-30 05:04:27.571,39.54,28.0,1.0,0.08,0.05,100,100,-20.97,-12.95,-100.0,-0.38,0.0,0.379
1759179872571,2025-09-30 05:04:32.571,39.25,28.0,1.0,0.08,0.05,100,100,-19.52,-11.54,-100.0,0.28,0.0,0.351
1759179877571,2025-09-30 05:04:37.571,40.54,28.0,1.0,0.08,0.05,100,100,-19.25,-11.25,-100.0,0.06,0.0,0.345
1759179882571,2025-09-30 05:04:42.571,38.33,28.0,1.0,0.08,0.05,100,100,-20.55,-12.54,-100.0,-0.26,0.0,0.371
1759179887571,2025-09-30 05:04:47.571,38.28,28.0,1.0,0.08,0.05,100,100,-18.31,-10.33,-100.0,0.44,0.0,0.327
1759179892571,2025-09-30 05:04:52.571,37.88,28.0,1.0,0.08,0.05,100,100,-18.28,-10.28,-100.0,0.01,0.0,0.326
1759179897571,2025-09-30 05:04:57.571,37.79,28.0,1.0,0.08,0.05,100,100,-17.88,-9.88,-100.0,0.08,0.0,0.318
1759179902571,2025-09-30 05:05:02.571,34.93,28.0,1.0,0.08,0.05,100,100,-17.79,-9.79,-100.0,0.02,0.0,0.316
1759179907571,2025-09-30 05:05:07.571,36.35,28.0,1.0,0.08,0.05,100,100,-14.9,-6.93,-100.0,0.57,0.0,0.259
1759179912571,2025-09-30 05:05:12.571,37.22,28.0,1.0,0.08,0.05,100,100,-16.37,-8.35,-100.0,-0.29,0.0,0.287
1759179917571,2025-09-30 05:05:17.571,37.02,28.0,1.0,0.08,0.05,100,100,-17.23,-9.22,-100.0,-0.17,0.0,0.304
1759179922571,2025-09-30 05:05:22.571,35.76,28.0,1.0,0.08,0.05,100,100,-17.02,-9.02,-100.0,0.04,0.0,0.3
1759179927571,2025-09-30 05:05:27.571,33.9,28.0,1.0,0.08,0.05,100,100,-15.75,-7.76,-100.0,0.25,0.0,0.275
1759179932571,2025-09-30 05:05:32.571,36.2,28.0,1.0,0.08,0.05,100,100,-13.88,-5.9,-100.0,0.37,0.0,0.238
1759179937571,2025-09-30 05:05:37.571,35.27,28.0,1.0,0.08,0.05,100,100,-16.22,-8.2,-100.0,-0.46,0.0,0.284
1759179942571,2025-09-30 05:05:42.571,33.72,28.0,1.0,0.08,0.05,100,100,-15.26,-7.27,-100.0,0.18,0.0,0.265
1759179947571,2025-09-30 05:05:47.571,31.07,28.0,1.0,0.08,0.05,100,100,-13.71,-5.72,-100.0,0.31,0.0,0.234
1759179952571,2025-09-30 05:05:52.571,30.46,28.0,1.0,0.08,0.05,100,100,-11.05,-3.07,-100.0,0.53,0.0,0.181
1759179957571,2025-09-30 05:05:57.571,31.44,28.0,1.0,0.08,0.05,100,100,-10.46,-2.46,-100.0,0.12,0.0,0.169
1759179962571,2025-09-30 05:06:02.571,34.56,28.0,1.0,0.08,0.05,100,100,-11.45,-3.44,-100.0,-0.2,0.0,0.189
1759179967571,2025-09-30 05:06:07.571,35.42,28.0,1.0,0.08,0.05,100,100,-14.6,-6.56,-100.0,-0.62,0.0,0.251
1759179972571,2025-09-30 05:06:12.571,32.61,28.0,1.0,0.08,0.05,100,100,-15.43,-7.42,-100.0,-0.17,0.0,0.268
1759179977571,2025-09-30 05:06:17.571,34.17,28.0,1.0,0.08,0.05,100,100,-12.59,-4.61,-100.0,0.56,0.0,0.212
1759179982571,2025-09-30 05:06:22.571,33.96,28.0,1.0,0.08,0.05,100,100,-14.19,-6.17,-100.0,-0.31,0.0,0.243
1759179987571,2025-09-30 05:06:27.571,33.22,28.0,1.0,0.08,0.05,100,100,-13.96,-5.96,-100.0,0.04,0.0,0.239
1759179992571,2025-09-30 05:06:32.571,33.5,28.0,1.0,0.08,0.05,100,100,-13.21,-5.22,-100.0,0.15,0.0,0.224
1759179997571,2025-09-30 05:06:37.571,32.16,28.0,1.0,0.08,0.05,100,100,-13.51,-5.5,-100.0,-0.06,0.0,0.23
1759180002571,2025-09-30 05:06:42.571,31.73,28.0,1.0,0.08,0.05,100,100,-12.15,-4.16,-100.0,0.27,0.0,0.203
1759180007571,2025-09-30 05:06:47.571,32.36,28.0,1.0,0.08,0.05,100,100,-11.73,-3.73,-100.0,0.09,0.0,0.195
1759180012571,2025-09-30 05:06:52.571,34.39,28.0,1.0,0.08,0.05,100,100,-12.37,-4.36,-100.0,-0.13,0.0,0.207
1759180017571,2025-09-30 05:06:57.571,34.15,28.0,1.0,0.08,0.05,100,100,-14.41,-6.39,-100.0,-0.41,0.0,0.248
1759180022571,2025-09-30 05:07:02.571,33.88,28.0,1.0,0.08,0.05,100,100,-14.15,-6.15,-100.0,0.05,0.0,0.243
1759180027571,2025-09-30 05:07:07.571,32.27,28.0,1.0,0.08,0.05,100,100,-13.88,-5.88,-100.0,0.05,0.0,0.238
1759180032571,2025-09-30 05:07:12.571,34.43,28.0,1.0,0.08,0.05,100,100,-12.25,-4.27,-100.0,0.32,0.0,0.205
1759180037571,2025-09-30 05:07:17.571,34.45,28.0,1.0,0.08,0.05,100,100,-14.45,-6.43,-100.0,-0.43,0.0,0.249
1759180042571,2025-09-30 05:07:22.571,31.56,28.0,1.0,0.08,0.05,100,100,-14.45,-6.45,-100.0,-0.0,0.0,0.249
1759180047571,2025-09-30 05:07:27.571,32.29,28.0,1.0,0.08,0.05,100,100,-11.53,-3.56,-100.0,0.58,0.0,0.191
1759180052571,2025-09-30 05:07:32.571,33.38,28.0,1.0,0.08,0.05,100,100,-12.3,-4.29,-100.0,-0.15,0.0,0.206
1759180057571,2025-09-30 05:07:37.571,32.51,28.0,1.0,0.08,0.05,100,100,-13.39,-5.38,-100.0,-0.22,0.0,0.228
1759180062571,2025-09-30 05:07:42.571,33.68,28.0,1.0,0.08,0.05,100,100,-12.5,-4.51,-100.0,0.17,0.0,0.21
1759180067571,2025-09-30 05:07:47.571,32.43,28.0,1.0,0.08,0.05,100,100,-13.69,-5.68,-100.0,-0.23,0.0,0.234
1759180072571,2025-09-30 05:07:52.571,34.02,28.0,1.0,0.08,0.05,100,100,-12.41,-4.43,-100.0,0.25,0.0,0.209
1759180077571,2025-09-30 05:07:57.571,35.24,28.0,1.0,0.08,0.05,100,100,-14.04,-6.02,-100.0,-0.32,0.0,0.24
1759180082571,2025-09-30 05:08:02.571,34.15,28.0,1.0,0.08,0.05,100,100,-15.25,-7.24,-100.0,-0.24,0.0,0.265
1759180087571,2025-09-30 05:08:07.571,35.05,28.0,1.0,0.08,0.05,100,100,-14.14,-6.15,-100.0,0.22,0.0,0.243
1759180092571,2025-09-30 05:08:12.571,35.13,28.0,1.0,0.08,0.05,100,100,-15.06,-7.05,-100.0,-0.18,0.0,0.261
1759180097571,2025-09-30 05:08:17.571,37.2,28.0,1.0,0.08,0.05,100,100,-15.13,-7.13,-100.0,-0.02,0.0,0.263
1759180102571,2025-09-30 05:08:22.571,37.08,28.0,1.0,0.08,0.05,100,100,-17.22,-9.2,-100.0,-0.41,0.0,0.304
1759180107571,2025-09-30 05:08:27.571,36.75,28.0,1.0,0.08,0.05,100,100,-17.08,-9.08,-100.0,0.02,0.0,0.302
1759180112571,2025-09-30 05:08:32.571,38.19,28.0,1.0,0.08,0.05,100,100,-16.75,-8.75,-100.0,0.07,0.0,0.295
1759180117571,2025-09-30 05:08:37.571,35.48,28.0,1.0,0.08,0.05,100,100,-18.2,-10.19,-100.0,-0.29,0.0,0.324
1759180122571,2025-09-30 05:08:42.571,34.39,28.0,1.0,0.08,0.05,100,100,-15.45,-7.48,-100.0,0.54,0.0,0.27
1759180127571,2025-09-30 05:08:47.571,33.73,28.0,1.0,0.08,0.05,100,100,-14.38,-6.39,-100.0,0.22,0.0,0.248
1759180132571,2025-09-30 05:08:52.571,33.72,28.0,1.0,0.08,0.05,100,100,-13.72,-5.73,-100.0,0.13,0.0,0.235
1759180137571,2025-09-30 05:08:57.571,34.93,28.0,1.0,0.08,0.05,100,100,-13.72,-5.72,-100.0,0.0,0.0,0.234
1759180142571,2025-09-30 05:09:02.571,34.61,28.0,1.0,0.08,0.05,100,100,-14.94,-6.93,-100.0,-0.24,0.0,0.259
1759180147571,2025-09-30 05:09:07.571,34.23,28.0,1.0,0.08,0.05,100,100,-14.61,-6.61,-100.0,0.06,0.0,0.252
1759180152571,2025-09-30 05:09:12.571,32.91,28.0,1.0,0.08,0.05,100,100,-14.22,-6.23,-100.0,0.08,0.0,0.245
1759180157571,2025-09-30 05:09:17.571,30.73,28.0,1.0,0.08,0.05,100,100,-12.9,-4.91,-100.0,0.26,0.0,0.218
1759180162571,2025-09-30 05:09:22.571,30.47,28.0,1.0,0.08,0.05,100,100,-10.7,-2.73,-100.0,0.44,0.0,0.175
1759180167571,2025-09-30 05:09:27.571,31.89,28.0,1.0,0.08,0.05,100,100,-10.47,-2.47,-100.0,0.05,0.0,0.169
1759180172571,2025-09-30 05:09:32.571,32.48,28.0,1.0,0.08,0.05,100,100,-11.9,-3.89,-100.0,-0.28,0.0,0.198
1759180177571,2025-09-30 05:09:37.571,31.95,28.0,1.0,0.08,0.05,100,100,-12.49,-4.48,-100.0,-0.12,0.0,0.21
1759180182571,2025-09-30 05:09:42.571,34.78,28.0,1.0,0.08,0.05,100,100,-11.94,-3.95,-100.0,0.11,0.0,0.199
1759180187571,2025-09-30 05:09:47.571,33.94,28.0,1.0,0.08,0.05,100,100,-14.81,-6.78,-100.0,-0.57,0.0,0.256
1759180192571,2025-09-30 05:09:52.571,34.01,28.0,1.0,0.08,0.05,100,100,-13.93,-5.94,-100.0,0.17,0.0,0.239
1759180197571,2025-09-30 05:09:57.571,35.22,28.0,1.0,0.08,0.05,100,100,-14.01,-6.01,-100.0,-0.01,0.0,0.24
1759180202571,2025-09-30 05:10:02.571,36.85,28.0,1.0,0.08,0.05,100,100,-15.24,-7.22,-100.0,-0.24,0.0,0.264
1759180207571,2025-09-30 05:10:07.571,34.13,28.0,1.0,0.08,0.05,100,100,-16.87,-8.85,-100.0,-0.33,0.0,0.297
1759180212571,2025-09-30 05:10:12.571,33.47,28.0,1.0,0.08,0.05,100,100,-14.11,-6.13,-100.0,0.54,0.0,0.243
1759180217571,2025-09-30 05:10:17.571,33.33,28.0,1.0,0.08,0.05,100,100,-13.46,-5.47,-100.0,0.13,0.0,0.229
1759180222571,2025-09-30 05:10:22.571,33.11,28.0,1.0,0.08,0.05,100,100,-13.33,-5.33,-100.0,0.03,0.0,0.227
1759180227571,2025-09-30 05:10:27.571,33.79,28.0,1.0,0.08,0.05,100,100,-13.11,-5.11,-100.0,0.04,0.0,0.222
1759180232571,2025-09-30 05:10:32.571,32.74,28.0,1.0,0.08,0.05,100,100,-13.8,-5.79,-100.0,-0.14,0.0,0.236
1759180237571,2025-09-30 05:10:37.571,31.84,28.0,1.0,0.08,0.05,100,100,-12.73,-4.74,-100.0,0.21,0.0,0.215
1759180242571,2025-09-30 05:10:42.571,31.18,28.0,1.0,0.08,0.05,100,100,-11.83,-3.84,-100.0,0.18,0.0,0.197
1759180247571,2025-09-30 05:10:47.571,32.47,28.0,1.0,0.08,0.05,100,100,-11.18,-3.18,-100.0,0.13,0.0,0.184
1759180252571,2025-09-30 05:10:52.571,31.5,28.0,1.0,0.08,0.05,100,100,-12.49,-4.47,-100.0,-0.26,0.0,0.209
1759180257571,2025-09-30 05:10:57.571,30.98,28.0,1.0,0.08,0.05,100,100,-11.49,-3.5,-100.0,0.2,0.0,0.19
1759180262571,2025-09-30 05:11:02.571,32.65,28.0,1.0,0.08,0.05,100,100,-10.98,-2.98,-100.0,0.1,0.0,0.18
1759180267571,2025-09-30 05:11:07.571,31.92,28.0,1.0,0.08,0.05,100,100,-12.66,-4.65,-100.0,-0.33,0.0,0.213
1759180272571,2025-09-30 05:11:12.571,30.36,28.0,1.0,0.08,0.05,100,100,-11.91,-3.92,-100.0,0.15,0.0,0.198
1759180277571,2025-09-30 05:11:17.571,31.04,28.0,1.0,0.08,0.05,100,100,-10.35,-2.36,-100.0,0.31,0.0,0.167
1759180282571,2025-09-30 05:11:22.571,32.79,28.0,1.0,0.08,0.05,100,100,-11.04,-3.04,-100.0,-0.14,0.0,0.181
1759180287571,2025-09-30 05:11:27.571,32.91,28.0,1.0,0.08,0.05,100,100,-12.8,-4.79,-100.0,-0.35,0.0,0.216
1759180292571,2025-09-30 05:11:32.571,31.36,28.0,1.0,0.08,0.05,100,100,-12.91,-4.91,-100.0,-0.02,0.0,0.218
1759180297571,2025-09-30 05:11:37.571,30.39,28.0,1.0,0.08,0.05,100,100,-11.35,-3.36,-100.0,0.31,0.0,0.187
1759180302571,2025-09-30 05:11:42.571,29.73,28.0,1.0,0.08,0.05,100,100,-10.38,-2.39,-100.0,0.19,0.0,0.168
1759180307571,2025-09-30 05:11:47.571,29.45,28.0,1.0,0.08,0.05,100,100,-9.72,-1.73,-100.0,0.13,0.0,0.155
1759180312571,2025-09-30 05:11:52.571,31.1,28.0,1.0,0.08,0.05,100,100,-9.44,-1.45,-100.0,0.06,0.0,0.149
1759180317571,2025-09-30 05:11:57.571,30.86,28.0,1.0,0.08,0.05,100,100,-11.11,-3.1,-100.0,-0.33,0.0,0.182
1759180322571,2025-09-30 05:12:02.571,31.37,28.0,1.0,0.08,0.05,100,100,-10.86,-2.86,-100.0,0.05,0.0,0.177
1759180327571,2025-09-30 05:12:07.571,29.91,28.0,1.0,0.08,0.05,100,100,-11.37,-3.37,-100.0,-0.1,0.0,0.187
1759180332571,2025-09-30 05:12:12.571,28.3,28.0,1.0,0.08,0.05,100,100,-9.9,-1.91,-100.0,0.29,0.0,0.158
1759180337571,2025-09-30 05:12:17.571,26.92,28.0,1.0,0.08,0.05,100,100,-8.28,-0.3,-100.0,0.32,0.0,0.126
1759180342571,2025-09-30 05:12:22.571,28.5,28.0,1.0,0.08,0.05,100,100,-6.47,1.08,-94.59,0.28,0.0,0.098
1759180347571,2025-09-30 05:12:27.571,27.78,28.0,1.0,0.08,0.05,100,100,-8.29,-0.5,-97.1,-0.32,0.0,0.13
1759180352571,2025-09-30 05:12:32.571,28.85,28.0,1.0,0.08,0.05,100,100,-7.45,0.22,-95.99,0.14,0.0,0.116
1759180357571,2025-09-30 05:12:37.571,28.84,28.0,1.0,0.08,0.05,100,100,-8.86,-0.85,-100.0,-0.21,0.0,0.137
1759180362571,2025-09-30 05:12:42.571,27.07,28.0,1.0,0.08,0.05,100,100,-8.84,-0.84,-100.0,0.0,0.0,0.137
1759180367571,2025-09-30 05:12:47.571,27.18,28.0,1.0,0.08,0.05,100,100,-6.67,0.93,-95.33,0.35,0.0,0.101
1759180372571,2025-09-30 05:12:52.571,29.25,28.0,1.0,0.08,0.05,100,100,-6.48,0.82,-91.25,-0.02,0.0,0.104
1759180377571,2025-09-30 05:12:57.571,31.82,28.0,1.0,0.08,0.05,100,100,-9.07,-1.25,-97.48,-0.41,0.0,0.145
1759180382571,2025-09-30 05:13:02.571,30.12,28.0,1.0,0.08,0.05,100,100,-11.85,-3.82,-100.0,-0.51,0.0,0.196
1759180387571,2025-09-30 05:13:07.571,29.17,28.0,1.0,0.08,0.05,100,100,-10.1,-2.12,-100.0,0.34,0.0,0.162
1759180392571,2025-09-30 05:13:12.571,32.25,28.0,1.0,0.08,0.05,100,100,-9.16,-1.17,-100.0,0.19,0.0,0.143
1759180397571,2025-09-30 05:13:17.571,32.59,28.0,1.0,0.08,0.05,100,100,-12.28,-4.25,-100.0,-0.62,0.0,0.205
1759180402571,2025-09-30 05:13:22.571,34.7,28.0,1.0,0.08,0.05,100,100,-12.59,-4.59,-100.0,-0.07,0.0,0.212
1759180407571,2025-09-30 05:13:27.571,34.19,28.0,1.0,0.08,0.05,100,100,-14.72,-6.7,-100.0,-0.42,0.0,0.254
1759180412571,2025-09-30 05:13:32.571,33.66,28.0,1.0,0.08,0.05,100,100,-14.18,-6.19,-100.0,0.1,0.0,0.244
1759180417571,2025-09-30 05:13:37.571,33.12,28.0,1.0,0.08,0.05,100,100,-13.65,-5.66,-100.0,0.11,0.0,0.233
1759180422571,2025-09-30 05:13:42.571,33.71,28.0,1.0,0.08,0.05,100,100,-13.12,-5.12,-100.0,0.11,0.0,0.222
1759180427571,2025-09-30 05:13:47.571,31.19,28.0,1.0,0.08,0.05,100,100,-13.72,-5.71,-100.0,-0.12,0.0,0.234
1759180432571,2025-09-30 05:13:52.571,29.59,28.0,1.0,0.08,0.05,100,100,-11.16,-3.19,-100.0,0.5,0.0,0.184
1759180437571,2025-09-30 05:13:57.571,29.88,28.0,1.0,0.08,0.05,100,100,-9.57,-1.59,-100.0,0.32,0.0,0.152
1759180442571,2025-09-30 05:14:02.571,31.14,28.0,1.0,0.08,0.05,100,100,-9.89,-1.88,-100.0,-0.06,0.0,0.158
1759180447571,2025-09-30 05:14:07.571,31.75,28.0,1.0,0.08,0.05,100,100,-11.16,-3.14,-100.0,-0.25,0.0,0.183
1759180452571,2025-09-30 05:14:12.571,28.34,28.0,1.0,0.08,0.05,100,100,-11.76,-3.75,-100.0,-0.12,0.0,0.195
1759180457571,2025-09-30 05:14:17.571,30.62,28.0,1.0,0.08,0.05,100,100,-8.31,-0.34,-100.0,0.68,0.0,0.127
1759180462571,2025-09-30 05:14:22.571,29.25,28.0,1.0,0.08,0.05,100,100,-10.64,-2.62,-100.0,-0.46,0.0,0.172
1759180467571,2025-09-30 05:14:27.571,31.4,28.0,1.0,0.08,0.05,100,100,-9.23,-1.25,-100.0,0.27,0.0,0.145
1759180472571,2025-09-30 05:14:32.571,30.09,28.0,1.0,0.08,0.05,100,100,-11.42,-3.4,-100.0,-0.43,0.0,0.188
1759180477571,2025-09-30 05:14:37.571,32.23,28.0,1.0,0.08,0.05,100,100,-10.08,-2.09,-100.0,0.26,0.0,0.162
1759180482571,2025-09-30 05:14:42.571,29.89,28.0,1.0,0.08,0.05,100,100,-12.25,-4.23,-100.0,-0.43,0.0,0.205
1759180487571,2025-09-30 05:14:47.571,30.88,28.0,1.0,0.08,0.05,100,100,-9.86,-1.89,-100.0,0.47,0.0,0.158
1759180492571,2025-09-30 05:14:52.571,30.43,28.0,1.0,0.08,0.05,100,100,-10.89,-2.88,-100.0,-0.2,0.0,0.178
1759180497571,2025-09-30 05:14:57.571,32.73,28.0,1.0,0.08,0.05,100,100,-10.43,-2.43,-100.0,0.09,0.0,0.169
1759180502571,2025-09-30 05:15:02.571,35.07,28.0,1.0,0.08,0.05,100,100,-12.75,-4.73,-100.0,-0.46,0.0,0.215
1759180507571,2025-09-30 05:15:07.571,32.53,28.0,1.0,0.08,0.05,100,100,-15.1,-7.07,-100.0,-0.47,0.0,0.261
1759180512571,2025-09-30 05:15:12.571,33.55,28.0,1.0,0.08,0.05,100,100,-12.51,-4.53,-100.0,0.51,0.0,0.211
1759180517571,2025-09-30 05:15:17.571,31.25,28.0,1.0,0.08,0.05,100,100,-13.56,-5.55,-100.0,-0.2,0.0,0.231
1759180522571,2025-09-30 05:15:22.571,30.69,28.0,1.0,0.08,0.05,100,100,-11.23,-3.25,-100.0,0.46,0.0,0.185
1759180527571,2025-09-30 05:15:27.571,29.91,28.0,1.0,0.08,0.05,100,100,-10.68,-2.69,-100.0,0.11,0.0,0.174
1759180532571,2025-09-30 05:15:32.571,30.77,28.0,1.0,0.08,0.05,100,100,-9.9,-1.91,-100.0,0.16,0.0,0.158
1759180537571,2025-09-30 05:15:37.571,34.3,28.0,1.0,0.08,0.05,100,100,-10.77,-2.77,-100.0,-0.17,0.0,0.175
1759180542571,2025-09-30 05:15:42.571,36.22,28.0,1.0,0.08,0.05,100,100,-14.33,-6.3,-100.0,-0.71,0.0,0.246
1759180547571,2025-09-30 05:15:47.571,35.27,28.0,1.0,0.08,0.05,100,100,-16.24,-8.22,-100.0,-0.39,0.0,0.284
1759180552571,2025-09-30 05:15:52.571,35.06,28.0,1.0,0.08,0.05,100,100,-15.26,-7.27,-100.0,0.19,0.0,0.265
1759180557571,2025-09-30 05:15:57.571,37.02,28.0,1.0,0.08,0.05,100,100,-15.06,-7.06,-100.0,0.04,0.0,0.261
1759180562571,2025-09-30 05:16:02.571,39.62,28.0,1.0,0.08,0.05,100,100,-17.04,-9.02,-100.0,-0.39,0.0,0.3
1759180567571,2025-09-30 05:16:07.571,38.91,28.0,1.0,0.08,0.05,100,100,-19.65,-11.62,-100.0,-0.52,0.0,0.352
1759180572571,2025-09-30 05:16:12.571,40.43,28.0,1.0,0.08,0.05,100,100,-18.91,-10.91,-100.0,0.14,0.0,0.338
1759180577571,2025-09-30 05:16:17.571,40.34,28.0,1.0,0.08,0.05,100,100,-20.44,-12.43,-100.0,-0.3,0.0,0.369
1759180582571,2025-09-30 05:16:22.571,43.04,28.0,1.0,0.08,0.05,100,100,-20.34,-12.34,-100.0,0.02,0.0,0.367
1759180587571,2025-09-30 05:16:27.571,42.75,28.0,1.0,0.08,0.05,100,100,-23.07,-15.04,-100.0,-0.54,0.0,0.421
1759180592571,2025-09-30 05:16:32.571,44.02,28.0,1.0,0.08,0.05,100,100,-22.74,-14.75,-100.0,0.06,0.0,0.415
1759180597571,2025-09-30 05:16:37.571,42.72,28.0,1.0,0.08,0.05,100,100,-24.03,-16.02,-100.0,-0.25,0.0,0.44
1759180602571,2025-09-30 05:16:42.571,41.91,28.0,1.0,0.08,0.05,100,100,-22.71,-14.72,-100.0,0.26,0.0,0.414
1759180607571,2025-09-30 05:16:47.571,40.41,28.0,1.0,0.08,0.05,100,100,-21.9,-13.91,-100.0,0.16,0.0,0.398
1759180612571,2025-09-30 05:16:52.571,39.29,28.0,1.0,0.08,0.05,100,100,-20.39,-12.41,-100.0,0.3,0.0,0.368
1759180617571,2025-09-30 05:16:57.571,41.46,28.0,1.0,0.08,0.05,100,100,-19.28,-11.29,-100.0,0.22,0.0,0.346
1759180622571,2025-09-30 05:17:02.571,40.73,28.0,1.0,0.08,0.05,100,100,-21.49,-13.46,-100.0,-0.44,0.0,0.389
1759180627571,2025-09-30 05:17:07.571,40.99,28.0,1.0,0.08,0.05,100,100,-20.72,-12.73,-100.0,0.15,0.0,0.375
1759180632571,2025-09-30 05:17:12.571,42.27,28.0,1.0,0.08,0.05,100,100,-20.99,-12.99,-100.0,-0.05,0.0,0.38
1759180637571,2025-09-30 05:17:17.571,39.28,28.0,1.0,0.08,0.05,100,100,-22.29,-14.27,-100.0,-0.26,0.0,0.405
1759180642571,2025-09-30 05:17:22.571,39.83,28.0,1.0,0.08,0.05,100,100,-19.25,-11.28,-100.0,0.6,0.0,0.346
1759180647571,2025-09-30 05:17:27.571,39.92,28.0,1.0,0.08,0.05,100,100,-19.84,-11.83,-100.0,-0.11,0.0,0.357
1759180652571,2025-09-30 05:17:32.571,40.49,28.0,1.0,0.08,0.05,100,100,-19.92,-11.92,-100.0,-0.02,0.0,0.358
1759180657571,2025-09-30 05:17:37.571,38.0,28.0,1.0,0.08,0.05,100,100,-20.5,-12.49,-100.0,-0.11,0.0,0.37
1759180662571,2025-09-30 05:17:42.571,37.52,28.0,1.0,0.08,0.05,100,100,-17.97,-10.0,-100.0,0.5,0.0,0.32
1759180667571,2025-09-30 05:17:47.571,38.96,28.0,1.0,0.08,0.05,100,100,-17.51,-9.52,-100.0,0.1,0.0,0.31
1759180672571,2025-09-30 05:17:52.571,37.39,28.0,1.0,0.08,0.05,100,100,-18.97,-10.96,-100.0,-0.29,0.0,0.339
1759180677571,2025-09-30 05:17:57.571,40.83,28.0,1.0,0.08,0.05,100,100,-17.37,-9.39,-100.0,0.31,0.0,0.308
1759180682571,2025-09-30 05:18:02.571,42.15,28.0,1.0,0.08,0.05,100,100,-20.86,-12.83,-100.0,-0.69,0.0,0.377
1759180687571,2025-09-30 05:18:07.571,41.7,28.0,1.0,0.08,0.05,100,100,-22.16,-14.15,-100.0,-0.26,0.0,0.403
1759180692571,2025-09-30 05:18:12.571,41.38,28.0,1.0,0.08,0.05,100,100,-21.7,-13.7,-100.0,0.09,0.0,0.394
1759180697571,2025-09-30 05:18:17.571,43.36,28.0,1.0,0.08,0.05,100,100,-21.38,-13.38,-100.0,0.06,0.0,0.388
1759180702571,2025-09-30 05:18:22.571,44.06,28.0,1.0,0.08,0.05,100,100,-23.38,-15.36,-100.0,-0.4,0.0,0.427
1759180707571,2025-09-30 05:18:27.571,43.4,28.0,1.0,0.08,0.05,100,100,-24.06,-16.06,-100.0,-0.14,0.0,0.441
1759180712571,2025-09-30 05:18:32.571,44.84,28.0,1.0,0.08,0.05,100,100,-23.4,-15.4,-100.0,0.13,0.0,0.428
1759180717571,2025-09-30 05:18:37.571,44.45,28.0,1.0,0.08,0.05,100,100,-24.86,-16.84,-100.0,-0.29,0.0,0.457
1759180722571,2025-09-30 05:18:42.571,43.91,28.0,1.0,0.08,0.05,100,100,-24.45,-16.45,-100.0,0.08,0.0,0.449
1759180727571,2025-09-30 05:18:47.571,43.52,28.0,1.0,0.08,0.05,100,100,-23.9,-15.91,-100.0,0.11,0.0,0.438
1759180732571,2025-09-30 05:18:52.571,43.4,28.0,1.0,0.08,0.05,100,100,-23.52,-15.52,-100.0,0.08,0.0,0.43
1759180737571,2025-09-30 05:18:57.571,44.93,28.0,1.0,0.08,0.05,100,100,-23.4,-15.4,-100.0,0.03,0.0,0.428
1759180742571,2025-09-30 05:19:02.571,45.97,28.0,1.0,0.08,0.05,100,100,-24.95,-16.93,-100.0,-0.31,0.0,0.459
1759180747571,2025-09-30 05:19:07.571,47.6,28.0,1.0,0.08,0.05,100,100,-25.98,-17.97,-100.0,-0.21,0.0,0.479
1759180752571,2025-09-30 05:19:12.571,47.45,28.0,1.0,0.08,0.05,100,100,-27.62,-19.6,-100.0,-0.33,0.0,0.512
1759180757571,2025-09-30 05:19:17.571,46.81,28.0,1.0,0.08,0.05,100,100,-27.44,-19.45,-100.0,0.03,0.0,0.509
1759180762571,2025-09-30 05:19:22.571,46.57,28.0,1.0,0.08,0.05,100,100,-26.8,-18.81,-100.0,0.13,0.0,0.496
1759180767571,2025-09-30 05:19:27.571,44.17,28.0,1.0,0.08,0.05,100,100,-26.57,-18.57,-100.0,0.05,0.0,0.491
1759180772571,2025-09-30 05:19:32.571,44.76,28.0,1.0,0.08,0.05,100,100,-24.14,-16.17,-100.0,0.48,0.0,0.443
1759180777571,2025-09-30 05:19:37.571,44.52,28.0,1.0,0.08,0.05,100,100,-24.76,-16.76,-100.0,-0.12,0.0,0.455
1759180782571,2025-09-30 05:19:42.571,42.57,28.0,1.0,0.08,0.05,100,100,-24.52,-16.52,-100.0,0.05,0.0,0.45
1759180787571,2025-09-30 05:19:47.571,41.84,28.0,1.0,0.08,0.05,100,100,-22.55,-14.57,-100.0,0.39,0.0,0.411
1759180792571,2025-09-30 05:19:52.571,40.76,28.0,1.0,0.08,0.05,100,100,-21.83,-13.84,-100.0,0.15,0.0,0.397
1759180797571,2025-09-30 05:19:57.571,40.34,28.0,1.0,0.08,0.05,100,100,-20.75,-12.76,-100.0,0.22,0.0,0.375
1759180802571,2025-09-30 05:20:02.571,40.46,28.0,1.0,0.08,0.05,100,100,-20.34,-12.34,-100.0,0.08,0.0,0.367
1759180807571,2025-09-30 05:20:07.571,38.13,28.0,1.0,0.08,0.05,100,100,-20.46,-12.46,-100.0,-0.02,0.0,0.369
1759180812571,2025-09-30 05:20:12.571,39.47,28.0,1.0,0.08,0.05,100,100,-18.1,-10.13,-100.0,0.47,0.0,0.323
1759180817571,2025-09-30 05:20:17.571,41.35,28.0,1.0,0.08,0.05,100,100,-19.48,-11.47,-100.0,-0.27,0.0,0.349
1759180822571,2025-09-30 05:20:22.571,42.76,28.0,1.0,0.08,0.05,100,100,-21.37,-13.35,-100.0,-0.38,0.0,0.387
1759180827571,2025-09-30 05:20:27.571,45.32,28.0,1.0,0.08,0.05,100,100,-22.77,-14.76,-100.0,-0.28,0.0,0.415
1759180832571,2025-09-30 05:20:32.571,45.99,28.0,1.0,0.08,0.05,100,100,-25.35,-17.32,-100.0,-0.51,0.0,0.466
1759180837571,2025-09-30 05:20:37.571,45.05,28.0,1.0,0.08,0.05,100,100,-26.0,-17.99,-100.0,-0.13,0.0,0.48
1759180842571,2025-09-30 05:20:42.571,45.54,28.0,1.0,0.08,0.05,100,100,-25.04,-17.05,-100.0,0.19,0.0,0.461
1759180847571,2025-09-30 05:20:47.571,45.88,28.0,1.0,0.08,0.05,100,100,-25.55,-17.54,-100.0,-0.1,0.0,0.471
1759180852571,2025-09-30 05:20:52.571,48.98,28.0,1.0,0.08,0.05,100,100,-25.88,-17.88,-100.0,-0.07,0.0,0.478
1759180857571,2025-09-30 05:20:57.571,48.92,28.0,1.0,0.08,0.05,100,100,-29.01,-20.98,-100.0,-0.62,0.0,0.54
1759180862571,2025-09-30 05:21:02.571,49.36,28.0,1.0,0.08,0.05,100,100,-28.92,-20.92,-100.0,0.01,0.0,0.538
1759180867571,2025-09-30 05:21:07.571,49.03,28.0,1.0,0.08,0.05,100,100,-29.37,-21.36,-100.0,-0.09,0.0,0.547
1759180872571,2025-09-30 05:21:12.571,49.06,28.0,1.0,0.08,0.05,100,100,-29.03,-21.03,-100.0,0.07,0.0,0.541
1759180877571,2025-09-30 05:21:17.571,45.01,28.0,1.0,0.08,0.05,100,100,-29.06,-21.06,-100.0,-0.01,0.0,0.541
1759180882571,2025-09-30 05:21:22.571,45.17,28.0,1.0,0.08,0.05,100,100,-24.97,-17.01,-100.0,0.81,0.0,0.46
1759180887571,2025-09-30 05:21:27.571,43.08,28.0,1.0,0.08,0.05,100,100,-25.17,-17.17,-100.0,-0.03,0.0,0.463
1759180892571,2025-09-30 05:21:32.571,43.5,28.0,1.0,0.08,0.05,100,100,-23.06,-15.08,-100.0,0.42,0.0,0.422
1759180897571,2025-09-30 05:21:37.571,42.92,28.0,1.0,0.08,0.05,100,100,-23.5,-15.5,-100.0,-0.08,0.0,0.43
1759180902571,2025-09-30 05:21:42.571,42.97,28.0,1.0,0.08,0.05,100,100,-22.92,-14.92,-100.0,0.11,0.0,0.418
1759180907571,2025-09-30 05:21:47.571,43.34,28.0,1.0,0.08,0.05,100,100,-22.97,-14.97,-100.0,-0.01,0.0,0.419
1759180912571,2025-09-30 05:21:52.571,43.02,28.0,1.0,0.08,0.05,100,100,-23.34,-15.34,-100.0,-0.07,0.0,0.427
1759180917571,2025-09-30 05:21:57.571,42.37,28.0,1.0,0.08,0.05,100,100,-23.02,-15.02,-100.0,0.06,0.0,0.42
1759180922571,2025-09-30 05:22:02.571,43.38,28.0,1.0,0.08,0.05,100,100,-22.36,-14.37,-100.0,0.13,0.0,0.407
1759180927571,2025-09-30 05:22:07.571,41.5,28.0,1.0,0.08,0.05,100,100,-23.39,-15.38,-100.0,-0.2,0.0,0.428
1759180932571,2025-09-30 05:22:12.571,39.47,28.0,1.0,0.08,0.05,100,100,-21.48,-13.5,-100.0,0.38,0.0,0.39
1759180937571,2025-09-30 05:22:17.571,39.07,28.0,1.0,0.08,0.05,100,100,-19.44,-11.47,-100.0,0.41,0.0,0.349
1759180942571,2025-09-30 05:22:22.571,37.71,28.0,1.0,0.08,0.05,100,100,-19.06,-11.07,-100.0,0.08,0.0,0.341
1759180947571,2025-09-30 05:22:27.571,37.7,28.0,1.0,0.08,0.05,100,100,-17.69,-9.71,-100.0,0.27,0.0,0.314
1759180952571,2025-09-30 05:22:32.571,39.64,28.0,1.0,0.08,0.05,100,100,-17.7,-9.7,-100.0,0.0,0.0,0.314
1759180957571,2025-09-30 05:22:37.571,40.83,28.0,1.0,0.08,0.05,100,100,-19.66,-11.64,-100.0,-0.39,0.0,0.353
1759180962571,2025-09-30 05:22:42.571,41.6,28.0,1.0,0.08,0.05,100,100,-20.84,-12.83,-100.0,-0.24,0.0,0.377
1759180967571,2025-09-30 05:22:47.571,38.65,28.0,1.0,0.08,0.05,100,100,-21.6,-13.6,-100.0,-0.15,0.0,0.392
1759180972571,2025-09-30 05:22:52.571,36.61,28.0,1.0,0.08,0.05,100,100,-18.62,-10.65,-100.0,0.59,0.0,0.333
1759180977571,2025-09-30 05:22:57.571,37.84,28.0,1.0,0.08,0.05,100,100,-16.59,-8.61,-100.0,0.41,0.0,0.292
1759180982571,2025-09-30 05:23:02.571,35.69,28.0,1.0,0.08,0.05,100,100,-17.85,-9.84,-100.0,-0.25,0.0,0.317
1759180987571,2025-09-30 05:23:07.571,33.09,28.0,1.0,0.08,0.05,100,100,-15.67,-7.69,-100.0,0.43,0.0,0.274
1759180992571,2025-09-30 05:23:12.571,33.96,28.0,1.0,0.08,0.05,100,100,-13.07,-5.09,-100.0,0.52,0.0,0.222
1759180997571,2025-09-30 05:23:17.571,34.61,28.0,1.0,0.08,0.05,100,100,-13.96,-5.96,-100.0,-0.17,0.0,0.239
1759181002571,2025-09-30 05:23:22.571,35.02,28.0,1.0,0.08,0.05,100,100,-14.62,-6.61,-100.0,-0.13,0.0,0.252
1759181007571,2025-09-30 05:23:27.571,35.07,28.0,1.0,0.08,0.05,100,100,-15.03,-7.02,-100.0,-0.08,0.0,0.26
1759181012571,2025-09-30 05:23:32.571,34.04,28.0,1.0,0.08,0.05,100,100,-15.07,-7.07,-100.0,-0.01,0.0,0.261
1759181017571,2025-09-30 05:23:37.571,31.69,28.0,1.0,0.08,0.05,100,100,-14.03,-6.04,-100.0,0.21,0.0,0.241
1759181022571,2025-09-30 05:23:42.571,29.15,28.0,1.0,0.08,0.05,100,100,-11.67,-3.69,-100.0,0.47,0.0,0.194
1759181027571,2025-09-30 05:23:47.571,30.23,28.0,1.0,0.08,0.05,100,100,-9.13,-1.15,-100.0,0.51,0.0,0.143
1759181032571,2025-09-30 05:23:52.571,32.49,28.0,1.0,0.08,0.05,100,100,-10.24,-2.23,-100.0,-0.22,0.0,0.165
1759181037571,2025-09-30 05:23:57.571,32.97,28.0,1.0,0.08,0.05,100,100,-12.51,-4.49,-100.0,-0.45,0.0,0.21
1759181042571,2025-09-30 05:24:02.571,31.17,28.0,1.0,0.08,0.05,100,100,-12.97,-4.97,-100.0,-0.1,0.0,0.219
1759181047571,2025-09-30 05:24:07.571,31.95,28.0,1.0,0.08,0.05,100,100,-11.15,-3.17,-100.0,0.36,0.0,0.183
1759181052571,2025-09-30 05:24:12.571,32.4,28.0,1.0,0.08,0.05,100,100,-11.95,-3.95,-100.0,-0.16,0.0,0.199
1759181057571,2025-09-30 05:24:17.571,33.12,28.0,1.0,0.08,0.05,100,100,-12.41,-4.4,-100.0,-0.09,0.0,0.208
1759181062571,2025-09-30 05:24:22.571,34.74,28.0,1.0,0.08,0.05,100,100,-13.13,-5.12,-100.0,-0.14,0.0,0.222
1759181067571,2025-09-30 05:24:27.571,33.08,28.0,1.0,0.08,0.05,100,100,-14.76,-6.74,-100.0,-0.32,0.0,0.255
1759181072571,2025-09-30 05:24:32.571,32.52,28.0,1.0,0.08,0.05,100,100,-13.07,-5.08,-100.0,0.33,0.0,0.222
1759181077571,2025-09-30 05:24:37.571,31.2,28.0,1.0,0.08,0.05,100,100,-12.52,-4.52,-100.0,0.11,0.0,0.21
1759181082571,2025-09-30 05:24:42.571,31.93,28.0,1.0,0.08,0.05,100,100,-11.18,-3.2,-100.0,0.27,0.0,0.184
1759181087571,2025-09-30 05:24:47.571,32.08,35.0,1.0,0.08,0.05,100,100,-11.93,-3.93,-100.0,-0.15,0.0,0.199
1759181092571,2025-09-30 05:24:52.571,33.0,35.0,1.0,0.08,0.05,100,100,-3.84,2.92,-85.39,1.37,0.0,0.202
1759181097571,2025-09-30 05:24:57.571,30.81,35.0,1.0,0.08,0.05,100,100,-4.04,2.0,-75.4,-0.18,0.0,0.22
1759181102571,2025-09-30 05:25:02.571,32.5,35.0,1.0,0.08,0.05,100,100,-0.15,4.19,-54.47,0.44,0.0,0.176
1759181107571,2025-09-30 05:25:07.571,31.56,35.0,1.0,0.08,0.05,100,100,-0.88,2.5,-42.0,-0.34,0.0,0.21
1759181112571,2025-09-30 05:25:12.571,33.25,35.0,1.0,0.08,0.05,100,100,1.47,3.44,-24.78,0.19,0.022,0.191
1759181117571,2025-09-30 05:25:17.571,33.61,35.0,1.0,0.08,0.05,100,100,0.45,1.75,-16.04,-0.34,0.007,0.225
1759181122571,2025-09-30 05:25:22.571,34.39,35.0,1.0,0.08,0.05,100,100,0.66,1.39,-9.1,-0.07,0.01,0.232
1759181127571,2025-09-30 05:25:27.571,34.39,35.0,1.0,0.08,0.05,100,100,0.12,0.61,-6.03,-0.16,0.002,0.248
1759181132571,2025-09-30 05:25:32.571,35.41,35.0,1.0,0.08,0.05,100,100,0.36,0.61,-3.01,-0.0,0.005,0.248
1759181137571,2025-09-30 05:25:37.571,35.71,35.0,1.0,0.08,0.05,100,100,-0.83,-0.41,-5.08,-0.2,0.0,0.268
1759181142571,2025-09-30 05:25:42.571,35.51,35.0,1.0,0.08,0.05,100,100,-1.4,-0.71,-8.62,-0.06,0.0,0.274
1759181147571,2025-09-30 05:25:47.571,34.76,35.0,1.0,0.08,0.05,100,100,-1.4,-0.51,-11.15,0.04,0.0,0.27
1759181152571,2025-09-30 05:25:52.571,37.73,35.0,1.0,0.08,0.05,100,100,-0.55,0.24,-9.95,0.15,0.0,0.255
1759181157571,2025-09-30 05:25:57.571,37.26,35.0,1.0,0.08,0.05,100,100,-4.64,-2.73,-23.59,-0.59,0.0,0.315
1759181162571,2025-09-30 05:26:02.571,35.45,35.0,1.0,0.08,0.05,100,100,-5.05,-2.26,-34.88,0.09,0.0,0.305
1759181167571,2025-09-30 05:26:07.571,32.83,35.0,1.0,0.08,0.05,100,100,-3.41,-0.45,-37.15,0.36,0.0,0.269
1759181172571,2025-09-30 05:26:12.571,32.19,35.0,1.0,0.08,0.05,100,100,0.09,2.17,-26.31,0.52,0.001,0.217
1759181177571,2025-09-30 05:26:17.571,29.55,35.0,1.0,0.08,0.05,100,100,1.83,2.81,-12.26,0.13,0.028,0.204
1759181182571,2025-09-30 05:26:22.571,30.0,35.0,1.0,0.08,0.05,100,100,6.68,5.45,15.0,0.53,0.1,0.151
1759181187571,2025-09-30 05:26:27.571,31.11,35.0,1.0,0.08,0.05,100,100,8.2,5.0,40.0,-0.09,0.123,0.16
1759181192571,2025-09-30 05:26:32.571,29.01,35.0,1.0,0.08,0.05,100,100,8.64,3.89,59.46,-0.22,0.13,0.182
1759181197571,2025-09-30 05:26:37.571,31.24,35.0,1.0,0.08,0.05,100,100,13.17,5.99,89.42,0.42,0.197,0.14
1759181202571,2025-09-30 05:26:42.571,31.84,35.0,1.0,0.08,0.05,100,100,11.74,3.76,100.0,-0.45,0.176,0.185
1759181207571,2025-09-30 05:26:47.571,29.57,35.0,1.0,0.08,0.05,100,100,11.15,3.16,100.0,-0.12,0.167,0.197
1759181212571,2025-09-30 05:26:52.571,27.75,35.0,1.0,0.08,0.05,100,100,13.46,5.43,100.0,0.46,0.202,0.151
1759181217571,2025-09-30 05:26:57.571,29.19,35.0,1.0,0.08,0.05,100,100,15.27,7.25,100.0,0.36,0.229,0.115
1759181222571,2025-09-30 05:27:02.571,29.19,35.0,1.0,0.08,0.05,100,100,13.8,5.81,100.0,-0.29,0.207,0.144
1759181227571,2025-09-30 05:27:07.571,29.68,35.0,1.0,0.08,0.05,100,100,13.81,5.81,100.0,-0.0,0.207,0.144
1759181232571,2025-09-30 05:27:12.571,31.01,35.0,1.0,0.08,0.05,100,100,13.31,5.32,100.0,-0.1,0.2,0.154
1759181237571,2025-09-30 05:27:17.571,31.14,35.0,1.0,0.08,0.05,100,100,11.98,3.99,100.0,-0.27,0.18,0.18
1759181242571,2025-09-30 05:27:22.571,29.19,35.0,1.0,0.08,0.05,100,100,11.86,3.86,100.0,-0.02,0.178,0.183
1759181247571,2025-09-30 05:27:27.571,29.73,35.0,1.0,0.08,0.05,100,100,13.82,5.81,100.0,0.39,0.207,0.144
1759181252571,2025-09-30 05:27:32.571,29.59,35.0,1.0,0.08,0.05,100,100,13.27,5.27,100.0,-0.11,0.199,0.155
1759181257571,2025-09-30 05:27:37.571,32.48,35.0,1.0,0.08,0.05,100,100,13.42,5.41,100.0,0.03,0.201,0.152
1759181262571,2025-09-30 05:27:42.571,33.05,35.0,1.0,0.08,0.05,100,100,10.49,2.52,100.0,-0.58,0.157,0.21
1759181267571,2025-09-30 05:27:47.571,34.76,35.0,1.0,0.08,0.05,100,100,9.94,1.95,100.0,-0.11,0.149,0.221
1759181272571,2025-09-30 05:27:52.571,36.7,35.0,1.0,0.08,0.05,100,100,8.22,0.24,100.0,-0.34,0.123,0.255
1759181277571,2025-09-30 05:27:57.571,39.05,35.0,1.0,0.08,0.05,100,100,5.6,-1.7,91.51,-0.39,0.084,0.294
1759181282571,2025-09-30 05:28:02.571,39.51,35.0,1.0,0.08,0.05,100,100,1.63,-4.05,71.29,-0.47,0.025,0.341
1759181287571,2025-09-30 05:28:07.571,40.86,35.0,1.0,0.08,0.05,100,100,-0.61,-4.51,48.75,-0.09,0.0,0.35
1759181292571,2025-09-30 05:28:12.571,42.22,35.0,1.0,0.08,0.05,100,100,-4.32,-5.86,19.45,-0.27,0.0,0.377
1759181297571,2025-09-30 05:28:17.571,42.78,35.0,1.0,0.08,0.05,100,100,-8.56,-7.22,-16.63,-0.27,0.0,0.404
1759181302571,2025-09-30 05:28:22.571,42.44,35.0,1.0,0.08,0.05,100,100,-12.22,-7.78,-55.52,-0.11,0.0,0.416
1759181307571,2025-09-30 05:28:27.571,39.8,35.0,1.0,0.08,0.05,100,100,-14.86,-7.44,-92.73,0.07,0.0,0.409
1759181312571,2025-09-30 05:28:32.571,41.28,35.0,1.0,0.08,0.05,100,100,-12.78,-4.8,-100.0,0.53,0.0,0.356
1759181317571,2025-09-30 05:28:37.571,40.1,35.0,1.0,0.08,0.05,100,100,-14.3,-6.28,-100.0,-0.3,0.0,0.386
1759181322571,2025-09-30 05:28:42.571,38.64,35.0,1.0,0.08,0.05,100,100,-13.09,-5.1,-100.0,0.24,0.0,0.362
1759181327571,2025-09-30 05:28:47.571,38.74,35.0,1.0,0.08,0.05,100,100,-11.63,-3.64,-100.0,0.29,0.0,0.333
1759181332571,2025-09-30 05:28:52.571,39.64,35.0,1.0,0.08,0.05,100,100,-11.74,-3.74,-100.0,-0.02,0.0,0.335
1759181337571,2025-09-30 05:28:57.571,40.76,35.0,1.0,0.08,0.05,100,100,-12.65,-4.64,-100.0,-0.18,0.0,0.353
1759181342571,2025-09-30 05:29:02.571,41.46,35.0,1.0,0.08,0.05,100,100,-13.77,-5.76,-100.0,-0.22,0.0,0.375
1759181347571,2025-09-30 05:29:07.571,39.94,35.0,1.0,0.08,0.05,100,100,-14.47,-6.46,-100.0,-0.14,0.0,0.389
1759181352571,2025-09-30 05:29:12.571,42.03,35.0,1.0,0.08,0.05,100,100,-12.92,-4.94,-100.0,0.31,0.0,0.359
1759181357571,2025-09-30 05:29:17.571,41.12,35.0,1.0,0.08,0.05,100,100,-15.06,-7.03,-100.0,-0.42,0.0,0.401
1759181362571,2025-09-30 05:29:22.571,41.31,35.0,1.0,0.08,0.05,100,100,-14.11,-6.12,-100.0,0.18,0.0,0.382
1759181367571,2025-09-30 05:29:27.571,38.85,35.0,1.0,0.08,0.05,100,100,-14.31,-6.31,-100.0,-0.04,0.0,0.386
1759181372571,2025-09-30 05:29:32.571,37.99,35.0,1.0,0.08,0.05,100,100,-11.82,-3.85,-100.0,0.49,0.0,0.337
1759181377571,2025-09-30 05:29:37.571,39.25,35.0,1.0,0.08,0.05,100,100,-10.98,-2.99,-100.0,0.17,0.0,0.32
1759181382571,2025-09-30 05:29:42.571,42.04,35.0,1.0,0.08,0.05,100,100,-12.27,-4.25,-100.0,-0.25,0.0,0.345
1759181387571,2025-09-30 05:29:47.571,41.61,35.0,1.0,0.08,0.05,100,100,-15.07,-7.04,-100.0,-0.56,0.0,0.401
1759181392571,2025-09-30 05:29:52.571,42.3,35.0,1.0,0.08,0.05,100,100,-14.6,-6.61,-100.0,0.09,0.0,0.392
1759181397571,2025-09-30 05:29:57.571,43.72,35.0,1.0,0.08,0.05,100,100,-15.3,-7.3,-100.0,-0.14,0.0,0.406
1759181402571,2025-09-30 05:30:02.571,43.7,35.0,1.0,0.08,0.05,100,100,-16.73,-8.72,-100.0,-0.28,0.0,0.434
1759181407571,2025-09-30 05:30:07.571,40.08,35.0,1.0,0.08,0.05,100,100,-16.7,-8.7,-100.0,0.0,0.0,0.434
1759181412571,2025-09-30 05:30:12.571,38.41,35.0,1.0,0.08,0.05,100,100,-13.04,-5.08,-100.0,0.73,0.0,0.362
1759181417571,2025-09-30 05:30:17.571,38.62,35.0,1.0,0.08,0.05,100,100,-11.4,-3.41,-100.0,0.33,0.0,0.328
1759181422571,2025-09-30 05:30:22.571,39.22,35.0,1.0,0.08,0.05,100,100,-11.62,-3.62,-100.0,-0.04,0.0,0.332
1759181427571,2025-09-30 05:30:27.571,39.96,35.0,1.0,0.08,0.05,100,100,-12.23,-4.22,-100.0,-0.12,0.0,0.344
1759181432571,2025-09-30 05:30:32.571,39.57,35.0,1.0,0.08,0.05,100,100,-12.96,-4.96,-100.0,-0.15,0.0,0.359
1759181437571,2025-09-30 05:30:37.571,40.35,35.0,1.0,0.08,0.05,100,100,-12.56,-4.57,-100.0,0.08,0.0,0.351
1759181442571,2025-09-30 05:30:42.571,39.83,35.0,1.0,0.08,0.05,100,100,-13.36,-5.35,-100.0,-0.16,0.0,0.367
1759181447571,2025-09-30 05:30:47.571,39.84,35.0,1.0,0.08,0.05,100,100,-12.82,-4.83,-100.0,0.11,0.0,0.357
1759181452571,2025-09-30 05:30:52.571,39.51,35.0,1.0,0.08,0.05,100,100,-12.84,-4.84,-100.0,-0.0,0.0,0.357
1759181457571,2025-09-30 05:30:57.571,40.21,35.0,1.0,0.08,0.05,100,100,-12.51,-4.51,-100.0,0.07,0.0,0.35
1759181462571,2025-09-30 05:31:02.571,40.96,35.0,1.0,0.08,0.05,100,100,-13.22,-5.21,-100.0,-0.14,0.0,0.364
1759181467571,2025-09-30 05:31:07.571,40.17,35.0,1.0,0.08,0.05,100,100,-13.97,-5.96,-100.0,-0.15,0.0,0.379
1759181472571,2025-09-30 05:31:12.571,40.64,35.0,1.0,0.08,0.05,100,100,-13.16,-5.17,-100.0,0.16,0.0,0.363
1759181477571,2025-09-30 05:31:17.571,39.3,35.0,1.0,0.08,0.05,100,100,-13.64,-5.64,-100.0,-0.09,0.0,0.373
1759181482571,2025-09-30 05:31:22.571,38.43,35.0,1.0,0.08,0.05,100,100,-12.29,-4.3,-100.0,0.27,0.0,0.346
1759181487571,2025-09-30 05:31:27.571,37.87,35.0,1.0,0.08,0.05,100,100,-11.42,-3.43,-100.0,0.17,0.0,0.329
1759181492571,2025-09-30 05:31:32.571,35.84,35.0,1.0,0.08,0.05,100,100,-10.87,-2.87,-100.0,0.11,0.0,0.317
1759181497571,2025-09-30 05:31:37.571,37.76,35.0,1.0,0.08,0.05,100,100,-8.82,-0.84,-100.0,0.41,0.0,0.277
1759181502571,2025-09-30 05:31:42.571,37.94,35.0,1.0,0.08,0.05,100,100,-10.78,-2.76,-100.0,-0.38,0.0,0.315
1759181507571,2025-09-30 05:31:47.571,36.38,35.0,1.0,0.08,0.05,100,100,-10.94,-2.94,-100.0,-0.04,0.0,0.319
1759181512571,2025-09-30 05:31:52.571,35.96,35.0,1.0,0.08,0.05,100,100,-9.37,-1.38,-100.0,0.31,0.0,0.288
1759181517571,2025-09-30 05:31:57.571,36.66,35.0,1.0,0.08,0.05,100,100,-8.96,-0.96,-100.0,0.08,0.0,0.279
1759181522571,2025-09-30 05:32:02.571,35.63,35.0,1.0,0.08,0.05,100,100,-9.67,-1.66,-100.0,-0.14,0.0,0.293
1759181527571,2025-09-30 05:32:07.571,35.37,35.0,1.0,0.08,0.05,100,100,-8.62,-0.63,-100.0,0.21,0.0,0.273
1759181532571,2025-09-30 05:32:12.571,39.37,35.0,1.0,0.08,0.05,100,100,-8.37,-0.37,-100.0,0.05,0.0,0.267
1759181537571,2025-09-30 05:32:17.571,38.3,35.0,1.0,0.08,0.05,100,100,-12.41,-4.37,-100.0,-0.8,0.0,0.347
1759181542571,2025-09-30 05:32:22.571,41.08,35.0,1.0,0.08,0.05,100,100,-11.28,-3.3,-100.0,0.22,0.0,0.326
1759181547571,2025-09-30 05:32:27.571,41.5,35.0,1.0,0.08,0.05,100,100,-14.11,-6.08,-100.0,-0.56,0.0,0.382
1759181552571,2025-09-30 05:32:32.571,39.35,35.0,1.0,0.08,0.05,100,100,-14.5,-6.5,-100.0,-0.08,0.0,0.39
1759181557571,2025-09-30 05:32:37.571,40.29,35.0,1.0,0.08,0.05,100,100,-12.33,-4.35,-100.0,0.43,0.0,0.347
1759181562571,2025-09-30 05:32:42.571,40.61,35.0,1.0,0.08,0.05,100,100,-13.3,-5.29,-100.0,-0.19,0.0,0.366
1759181567571,2025-09-30 05:32:47.571,39.57,35.0,1.0,0.08,0.05,100,100,-13.62,-5.61,-100.0,-0.06,0.0,0.372
1759181572571,2025-09-30 05:32:52.571,38.48,35.0,1.0,0.08,0.05,100,100,-12.56,-4.57,-100.0,0.21,0.0,0.351
1759181577571,2025-09-30 05:32:57.571,39.51,35.0,1.0,0.08,0.05,100,100,-11.47,-3.48,-100.0,0.22,0.0,0.33
1759181582571,2025-09-30 05:33:02.571,37.61,35.0,1.0,0.08,0.05,100,100,-12.53,-4.51,-100.0,-0.21,0.0,0.35
1759181587571,2025-09-30 05:33:07.571,38.13,35.0,1.0,0.08,0.05,100,100,-10.59,-2.61,-100.0,0.38,0.0,0.312
1759181592571,2025-09-30 05:33:12.571,38.92,35.0,1.0,0.08,0.05,100,100,-11.13,-3.13,-100.0,-0.1,0.0,0.323
1759181597571,2025-09-30 05:33:17.571,40.81,35.0,1.0,0.08,0.05,100,100,-11.92,-3.92,-100.0,-0.16,0.0,0.338
1759181602571,2025-09-30 05:33:22.571,40.46,35.0,1.0,0.08,0.05,100,100,-13.83,-5.81,-100.0,-0.38,0.0,0.376
1759181607571,2025-09-30 05:33:27.571,38.73,35.0,1.0,0.08,0.05,100,100,-13.46,-5.46,-100.0,0.07,0.0,0.369
1759181612571,2025-09-30 05:33:32.571,39.55,35.0,1.0,0.08,0.05,100,100,-11.72,-3.73,-100.0,0.35,0.0,0.335
1759181617571,2025-09-30 05:33:37.571,37.41,35.0,1.0,0.08,0.05,100,100,-12.56,-4.55,-100.0,-0.16,0.0,0.351
1759181622571,2025-09-30 05:33:42.571,35.3,35.0,1.0,0.08,0.05,100,100,-10.39,-2.41,-100.0,0.43,0.0,0.308
1759181627571,2025-09-30 05:33:47.571,32.66,35.0,1.0,0.08,0.05,100,100,-8.28,-0.3,-100.0,0.42,0.0,0.266
1759181632571,2025-09-30 05:33:52.571,33.15,35.0,1.0,0.08,0.05,100,100,-4.7,2.34,-88.32,0.53,0.0,0.213
1759181637571,2025-09-30 05:33:57.571,32.33,35.0,1.0,0.08,0.05,100,100,-4.48,1.85,-79.08,-0.1,0.0,0.223
1759181642571,2025-09-30 05:34:02.571,33.33,35.0,1.0,0.08,0.05,100,100,-2.58,2.67,-65.74,0.16,0.0,0.207
1759181647571,2025-09-30 05:34:07.571,32.67,35.0,1.0,0.08,0.05,100,100,-2.93,1.67,-57.4,-0.2,0.0,0.227
1759181652571,2025-09-30 05:34:12.571,33.35,35.0,1.0,0.08,0.05,100,100,-1.32,2.33,-45.73,0.13,0.0,0.213
1759181657571,2025-09-30 05:34:17.571,32.34,35.0,1.0,0.08,0.05,100,100,-1.36,1.65,-37.48,-0.14,0.0,0.227
1759181662571,2025-09-30 05:34:22.571,31.78,35.0,1.0,0.08,0.05,100,100,0.74,2.66,-24.17,0.2,0.011,0.207
1759181667571,2025-09-30 05:34:27.571,33.91,35.0,1.0,0.08,0.05,100,100,2.58,3.22,-8.08,0.11,0.039,0.196
1759181672571,2025-09-30 05:34:32.571,33.55,35.0,1.0,0.08,0.05,100,100,0.87,1.09,-2.61,-0.42,0.013,0.238
1759181677571,2025-09-30 05:34:37.571,30.74,35.0,1.0,0.08,0.05,100,100,1.83,1.45,4.64,0.07,0.027,0.231
1759181682571,2025-09-30 05:34:42.571,31.35,35.0,1.0,0.08,0.05,100,100,6.37,4.26,25.97,0.56,0.096,0.175
1759181687571,2025-09-30 05:34:47.571,29.5,35.0,1.0,0.08,0.05,100,100,7.17,3.65,44.19,-0.12,0.108,0.187
1759181692571,2025-09-30 05:34:52.571,30.13,35.0,1.0,0.08,0.05,100,100,11.25,5.5,71.69,0.37,0.169,0.15
1759181697571,2025-09-30 05:34:57.571,28.12,35.0,1.0,0.08,0.05,100,100,12.54,4.87,96.02,-0.13,0.188,0.163
1759181702571,2025-09-30 05:35:02.571,29.71,35.0,1.0,0.08,0.05,100,100,14.9,6.88,100.0,0.4,0.223,0.122
1759181707571,2025-09-30 05:35:07.571,28.85,35.0,1.0,0.08,0.05,100,100,13.28,5.29,100.0,-0.32,0.199,0.154
1759181712571,2025-09-30 05:35:12.571,26.12,35.0,1.0,0.08,0.05,100,100,14.16,6.15,100.0,0.17,0.212,0.137
1759181717571,2025-09-30 05:35:17.571,23.77,35.0,1.0,0.08,0.05,100,100,16.9,8.88,100.0,0.55,0.254,0.082
1759181722571,2025-09-30 05:35:22.571,22.85,35.0,1.0,0.08,0.05,100,100,19.25,11.23,100.0,0.47,0.289,0.035
1759181727571,2025-09-30 05:35:27.571,19.99,35.0,1.0,0.08,0.05,100,100,20.16,12.15,100.0,0.18,0.302,0.017
1759181732571,2025-09-30 05:35:32.571,19.62,35.0,1.0,0.08,0.05,100,100,23.04,15.01,100.0,0.57,0.346,-0.04
1759181737571,2025-09-30 05:35:37.571,19.21,35.0,1.0,0.08,0.05,100,100,23.38,15.38,100.0,0.07,0.351,-0.048
1759181742571,2025-09-30 05:35:42.571,18.91,35.0,1.0,0.08,0.05,100,100,23.8,15.79,100.0,0.08,0.357,-0.056
1759181747571,2025-09-30 05:35:47.571,17.66,35.0,1.0,0.08,0.05,100,100,24.1,16.09,100.0,0.06,0.361,-0.062
1759181752571,2025-09-30 05:35:52.571,16.66,35.0,1.0,0.08,0.05,100,100,25.35,17.34,100.0,0.25,0.38,-0.087
1759181757571,2025-09-30 05:35:57.571,15.97,35.0,1.0,0.08,0.05,100,100,26.35,18.34,100.0,0.2,0.395,-0.107
1759181762571,2025-09-30 05:36:02.571,16.12,35.0,1.0,0.08,0.05,100,100,27.04,19.03,100.0,0.14,0.406,-0.121
1759181767571,2025-09-30 05:36:07.571,14.93,35.0,1.0,0.08,0.05,100,100,26.88,18.88,100.0,-0.03,0.403,-0.118
1759181772571,2025-09-30 05:36:12.571,14.09,35.0,1.0,0.08,0.05,100,100,28.08,20.07,100.0,0.24,0.421,-0.141
1759181777571,2025-09-30 05:36:17.571,15.36,35.0,1.0,0.08,0.05,100,100,28.92,20.91,100.0,0.17,0.434,-0.158
1759181782571,2025-09-30 05:36:22.571,13.79,35.0,1.0,0.08,0.05,100,100,27.63,19.64,100.0,-0.25,0.414,-0.133
1759181787571,2025-09-30 05:36:27.571,14.82,35.0,1.0,0.08,0.05,100,100,29.23,21.21,100.0,0.31,0.438,-0.164
1759181792571,2025-09-30 05:36:32.571,16.18,35.0,1.0,0.08,0.05,100,100,28.17,20.18,100.0,-0.21,0.423,-0.144
1759181797571,2025-09-30 05:36:37.571,14.25,35.0,1.0,0.08,0.05,100,100,26.81,18.82,100.0,-0.27,0.402,-0.116
1759181802571,2025-09-30 05:36:42.571,14.13,35.0,1.0,0.08,0.05,100,100,28.77,20.75,100.0,0.39,0.432,-0.155
1759181807571,2025-09-30 05:36:47.571,15.56,35.0,1.0,0.08,0.05,100,100,28.87,20.87,100.0,0.02,0.433,-0.157
1759181812571,2025-09-30 05:36:52.571,16.55,35.0,1.0,0.08,0.05,100,100,27.42,19.44,100.0,-0.29,0.411,-0.129
1759181817571,2025-09-30 05:36:57.571,18.49,35.0,1.0,0.08,0.05,100,100,26.44,18.45,100.0,-0.2,0.397,-0.109
1759181822571,2025-09-30 05:37:02.571,20.01,35.0,1.0,0.08,0.05,100,100,24.49,16.51,100.0,-0.39,0.367,-0.07
1759181827571,2025-09-30 05:37:07.571,15.75,35.0,1.0,0.08,0.05,100,100,22.97,14.99,100.0,-0.3,0.345,-0.04
1759181832571,2025-09-30 05:37:12.571,14.97,35.0,1.0,0.08,0.05,100,100,27.29,19.25,100.0,0.85,0.409,-0.125
1759181837571,2025-09-30 05:37:17.571,13.25,35.0,1.0,0.08,0.05,100,100,28.04,20.03,100.0,0.16,0.421,-0.141
1759181842571,2025-09-30 05:37:22.571,13.67,35.0,1.0,0.08,0.05,100,100,29.77,21.75,100.0,0.34,0.447,-0.175
1759181847571,2025-09-30 05:37:27.571,16.57,35.0,1.0,0.08,0.05,100,100,29.32,21.33,100.0,-0.09,0.44,-0.167
1759181852571,2025-09-30 05:37:32.571,15.23,35.0,1.0,0.08,0.05,100,100,26.4,18.43,100.0,-0.58,0.396,-0.109
1759181857571,2025-09-30 05:37:37.571,14.94,35.0,1.0,0.08,0.05,100,100,27.78,19.77,100.0,0.27,0.417,-0.135
1759181862571,2025-09-30 05:37:42.571,13.97,35.0,1.0,0.08,0.05,100,100,28.07,20.06,100.0,0.06,0.421,-0.141
1759181867571,2025-09-30 05:37:47.571,13.51,35.0,1.0,0.08,0.05,100,100,29.04,21.03,100.0,0.19,0.436,-0.161
1759181872571,2025-09-30 05:37:52.571,11.8,35.0,1.0,0.08,0.05,100,100,29.5,21.49,100.0,0.09,0.442,-0.17
1759181877571,2025-09-30 05:37:57.571,9.55,35.0,1.0,0.08,0.05,100,100,31.21,23.2,100.0,0.34,0.468,-0.204
1759181882571,2025-09-30 05:38:02.571,8.65,35.0,1.0,0.08,0.05,100,100,33.47,25.45,100.0,0.45,0.502,-0.249
1759181887571,2025-09-30 05:38:07.571,9.1,35.0,1.0,0.08,0.05,100,100,34.36,26.35,100.0,0.18,0.515,-0.267
1759181892571,2025-09-30 05:38:12.571,10.01,35.0,1.0,0.08,0.05,100,100,33.9,25.9,100.0,-0.09,0.508,-0.258
1759181897571,2025-09-30 05:38:17.571,10.77,35.0,1.0,0.08,0.05,100,100,32.98,24.99,100.0,-0.18,0.495,-0.24
1759181902571,2025-09-30 05:38:22.571,11.4,35.0,1.0,0.08,0.05,100,100,32.23,24.23,100.0,-0.15,0.483,-0.225
1759181907571,2025-09-30 05:38:27.571,12.23,35.0,1.0,0.08,0.05,100,100,31.6,23.6,100.0,-0.13,0.474,-0.212
1759181912571,2025-09-30 05:38:32.571,7.67,35.0,1.0,0.08,0.05,100,100,30.77,22.77,100.0,-0.17,0.461,-0.195
1759181917571,2025-09-30 05:38:37.571,8.26,35.0,1.0,0.08,0.05,100,100,35.37,27.33,100.0,0.91,0.531,-0.287
1759181922571,2025-09-30 05:38:42.571,8.84,35.0,1.0,0.08,0.05,100,100,34.74,26.74,100.0,-0.12,0.521,-0.275
1759181927571,2025-09-30 05:38:47.571,9.62,35.0,1.0,0.08,0.05,100,100,34.16,26.16,100.0,-0.12,0.512,-0.263
1759181932571,2025-09-30 05:38:52.571,9.75,35.0,1.0,0.08,0.05,100,100,33.38,25.38,100.0,-0.16,0.501,-0.248
1759181937571,2025-09-30 05:38:57.571,8.89,35.0,1.0,0.08,0.05,100,100,33.25,25.25,100.0,-0.03,0.499,-0.245
1759181942571,2025-09-30 05:39:02.571,10.36,35.0,1.0,0.08,0.05,100,100,34.12,26.11,100.0,0.17,0.512,-0.262
1759181947571,2025-09-30 05:39:07.571,10.34,35.0,1.0,0.08,0.05,100,100,32.63,24.64,100.0,-0.29,0.489,-0.233
1759181952571,2025-09-30 05:39:12.571,10.96,35.0,1.0,0.08,0.05,100,100,32.66,24.66,100.0,0.0,0.49,-0.233
1759181957571,2025-09-30 05:39:17.571,9.12,35.0,1.0,0.08,0.05,100,100,32.04,24.04,100.0,-0.12,0.481,-0.221
1759181962571,2025-09-30 05:39:22.571,9.24,35.0,1.0,0.08,0.05,100,100,33.89,25.88,100.0,0.37,0.508,-0.258
1759181967571,2025-09-30 05:39:27.571,7.89,35.0,1.0,0.08,0.05,100,100,33.76,25.76,100.0,-0.02,0.506,-0.255
1759181972571,2025-09-30 05:39:32.571,8.01,35.0,1.0,0.08,0.05,100,100,35.12,27.11,100.0,0.27,0.527,-0.282
1759181977571,2025-09-30 05:39:37.571,5.8,35.0,1.0,0.08,0.05,100,100,34.99,26.99,100.0,-0.02,0.525,-0.28
1759181982571,2025-09-30 05:39:42.571,8.2,35.0,1.0,0.08,0.05,100,100,37.22,29.2,100.0,0.44,0.558,-0.324
1759181987571,2025-09-30 05:39:47.571,9.68,35.0,1.0,0.08,0.05,100,100,34.77,26.8,100.0,-0.48,0.522,-0.276
1759181992571,2025-09-30 05:39:52.571,10.08,35.0,1.0,0.08,0.05,100,100,33.3,25.32,100.0,-0.3,0.5,-0.246
1759181997571,2025-09-30 05:39:57.571,6.76,35.0,1.0,0.08,0.05,100,100,32.92,24.92,100.0,-0.08,0.494,-0.238
1759182002571,2025-09-30 05:40:02.571,7.4,35.0,1.0,0.08,0.05,100,100,36.27,28.24,100.0,0.66,0.544,-0.305
1759182007571,2025-09-30 05:40:07.571,11.46,35.0,1.0,0.08,0.05,100,100,35.6,27.6,100.0,-0.13,0.534,-0.292
1759182012571,2025-09-30 05:40:12.571,12.39,35.0,1.0,0.08,0.05,100,100,31.5,23.54,100.0,-0.81,0.472,-0.211
1759182017571,2025-09-30 05:40:17.571,11.87,35.0,1.0,0.08,0.05,100,100,30.6,22.61,100.0,-0.19,0.459,-0.192
1759182022571,2025-09-30 05:40:22.571,13.69,35.0,1.0,0.08,0.05,100,100,31.14,23.13,100.0,0.1,0.467,-0.203
1759182027571,2025-09-30 05:40:27.571,14.52,35.0,1.0,0.08,0.05,100,100,29.3,21.31,100.0,-0.36,0.439,-0.166
1759182032571,2025-09-30 05:40:32.571,19.19,35.0,1.0,0.08,0.05,100,100,28.47,20.48,100.0,-0.17,0.427,-0.15
1759182037571,2025-09-30 05:40:37.571,17.0,35.0,1.0,0.08,0.05,100,100,23.76,15.81,100.0,-0.93,0.356,-0.056
1759182042571,2025-09-30 05:40:42.571,20.45,35.0,1.0,0.08,0.05,100,100,26.02,18.0,100.0,0.44,0.39,-0.1
1759182047571,2025-09-30 05:40:47.571,20.45,35.0,1.0,0.08,0.05,100,100,22.51,14.55,100.0,-0.69,0.338,-0.031
1759182052571,2025-09-30 05:40:52.571,19.73,35.0,1.0,0.08,0.05,100,100,22.55,14.55,100.0,0.0,0.338,-0.031
1759182057571,2025-09-30 05:40:57.571,20.04,35.0,1.0,0.08,0.05,100,100,23.28,15.27,100.0,0.14,0.349,-0.045
1759182062571,2025-09-30 05:41:02.571,21.47,35.0,1.0,0.08,0.05,100,100,22.95,14.96,100.0,-0.06,0.344,-0.039
1759182067571,2025-09-30 05:41:07.571,21.71,35.0,1.0,0.08,0.05,100,100,21.52,13.53,100.0,-0.28,0.323,-0.011
1759182072571,2025-09-30 05:41:12.571,21.79,35.0,1.0,0.08,0.05,100,100,21.29,13.29,100.0,-0.05,0.319,-0.006
1759182077571,2025-09-30 05:41:17.571,23.59,35.0,1.0,0.08,0.05,100,100,21.21,13.21,100.0,-0.02,0.318,-0.004
1759182082571,2025-09-30 05:41:22.571,24.65,35.0,1.0,0.08,0.05,100,100,19.39,11.41,100.0,-0.36,0.291,0.032
1759182087571,2025-09-30 05:41:27.571,25.07,35.0,1.0,0.08,0.05,100,100,18.34,10.35,100.0,-0.21,0.275,0.053
1759182092571,2025-09-30 05:41:32.571,24.96,35.0,1.0,0.08,0.05,100,100,17.93,9.93,100.0,-0.08,0.269,0.061
1759182097571,2025-09-30 05:41:37.571,26.24,35.0,1.0,0.08,0.05,100,100,18.04,10.04,100.0,0.02,0.271,0.059
1759182102571,2025-09-30 05:41:42.571,27.66,35.0,1.0,0.08,0.05,100,100,16.75,8.76,100.0,-0.26,0.251,0.085
1759182107571,2025-09-30 05:41:47.571,27.51,35.0,1.0,0.08,0.05,100,100,15.33,7.34,100.0,-0.28,0.23,0.113
1759182112571,2025-09-30 05:41:52.571,28.32,35.0,1.0,0.08,0.05,100,100,15.5,7.49,100.0,0.03,0.232,0.11
1759182117571,2025-09-30 05:41:57.571,27.26,35.0,1.0,0.08,0.05,100,100,14.67,6.68,100.0,-0.16,0.22,0.126
1759182122571,2025-09-30 05:42:02.571,25.22,35.0,1.0,0.08,0.05,100,100,15.75,7.74,100.0,0.21,0.236,0.105
1759182127571,2025-09-30 05:42:07.571,25.5,35.0,1.0,0.08,0.05,100,100,17.8,9.78,100.0,0.41,0.267,0.064
1759182132571,2025-09-30 05:42:12.571,25.65,35.0,1.0,0.08,0.05,100,100,17.5,9.5,100.0,-0.05,0.263,0.07
1759182137571,2025-09-30 05:42:17.571,28.21,35.0,1.0,0.08,0.05,100,100,17.35,9.35,100.0,-0.03,0.26,0.073
1759182142571,2025-09-30 05:42:22.571,26.26,35.0,1.0,0.08,0.05,100,100,14.76,6.79,100.0,-0.51,0.221,0.124
1759182147571,2025-09-30 05:42:27.571,24.68,35.0,1.0,0.08,0.05,100,100,16.76,8.74,100.0,0.39,0.251,0.085
1759182152571,2025-09-30 05:42:32.571,21.69,35.0,1.0,0.08,0.05,100,100,18.34,10.32,100.0,0.32,0.275,0.054
1759182157571,2025-09-30 05:42:37.571,21.36,35.0,1.0,0.08,0.05,100,100,21.34,13.31,100.0,0.6,0.32,-0.006
1759182162571,2025-09-30 05:42:42.571,19.49,35.0,1.0,0.08,0.05,100,100,21.65,13.64,100.0,0.07,0.325,-0.013
1759182167571,2025-09-30 05:42:47.571,18.23,35.0,1.0,0.08,0.05,100,100,23.53,15.51,100.0,0.37,0.353,-0.05
1759182172571,2025-09-30 05:42:52.571,19.3,35.0,1.0,0.08,0.05,100,100,24.78,16.77,100.0,0.25,0.372,-0.075
1759182177571,2025-09-30 05:42:57.571,19.95,35.0,1.0,0.08,0.05,100,100,23.69,15.7,100.0,-0.21,0.355,-0.054
1759182182571,2025-09-30 05:43:02.571,20.87,35.0,1.0,0.08,0.05,100,100,23.05,15.05,100.0,-0.13,0.346,-0.041
1759182187571,2025-09-30 05:43:07.571,19.96,35.0,1.0,0.08,0.05,100,100,22.12,14.13,100.0,-0.19,0.332,-0.023
1759182192571,2025-09-30 05:43:12.571,18.52,35.0,1.0,0.08,0.05,100,100,23.05,15.04,100.0,0.18,0.346,-0.041
1759182197571,2025-09-30 05:43:17.571,19.5,35.0,1.0,0.08,0.05,100,100,24.49,16.48,100.0,0.29,0.367,-0.07
1759182202571,2025-09-30 05:43:22.571,17.47,35.0,1.0,0.08,0.05,100,100,23.49,15.5,100.0,-0.2,0.352,-0.05
1759182207571,2025-09-30 05:43:27.571,19.77,35.0,1.0,0.08,0.05,100,100,25.55,17.53,100.0,0.41,0.383,-0.091
1759182212571,2025-09-30 05:43:32.571,22.02,35.0,1.0,0.08,0.05,100,100,23.2,15.23,100.0,-0.46,0.348,-0.045
1759182217571,2025-09-30 05:43:37.571,21.03,35.0,1.0,0.08,0.05,100,100,20.96,12.98,100.0,-0.45,0.314,0.0
1759182222571,2025-09-30 05:43:42.571,21.71,35.0,1.0,0.08,0.05,100,100,21.98,13.97,100.0,0.2,0.33,-0.019
1759182227571,2025-09-30 05:43:47.571,20.47,35.0,1.0,0.08,0.05,100,100,21.28,13.29,100.0,-0.14,0.319,-0.006
1759182232571,2025-09-30 05:43:52.571,21.66,35.0,1.0,0.08,0.05,100,100,22.55,14.53,100.0,0.25,0.338,-0.031
1759182237571,2025-09-30 05:43:57.571,20.69,35.0,1.0,0.08,0.05,100,100,21.33,13.34,100.0,-0.24,0.32,-0.007
1759182242571,2025-09-30 05:44:02.571,21.47,35.0,1.0,0.08,0.05,100,100,22.32,14.31,100.0,0.2,0.335,-0.026
1759182247571,2025-09-30 05:44:07.571,23.05,35.0,1.0,0.08,0.05,100,100,21.52,13.53,100.0,-0.16,0.323,-0.011
1759182252571,2025-09-30 05:44:12.571,21.84,35.0,1.0,0.08,0.05,100,100,19.93,11.95,100.0,-0.32,0.299,0.021
1759182257571,2025-09-30 05:44:17.571,20.73,35.0,1.0,0.08,0.05,100,100,21.17,13.16,100.0,0.24,0.318,-0.003
1759182262571,2025-09-30 05:44:22.571,22.66,35.0,1.0,0.08,0.05,100,100,22.28,14.27,100.0,0.22,0.334,-0.025
1759182267571,2025-09-30 05:44:27.571,22.09,35.0,1.0,0.08,0.05,100,100,20.32,12.34,100.0,-0.39,0.305,0.013
1759182272571,2025-09-30 05:44:32.571,20.38,35.0,1.0,0.08,0.05,100,100,20.91,12.91,100.0,0.11,0.314,0.002
1759182277571,2025-09-30 05:44:37.571,20.01,35.0,1.0,0.08,0.05,100,100,22.64,14.62,100.0,0.34,0.34,-0.032
1759182282571,2025-09-30 05:44:42.571,21.55,35.0,1.0,0.08,0.05,100,100,22.99,14.99,100.0,0.07,0.345,-0.04
1759182287571,2025-09-30 05:44:47.571,24.04,35.0,1.0,0.08,0.05,100,100,21.44,13.45,100.0,-0.31,0.322,-0.009
1759182292571,2025-09-30 05:44:52.571,24.2,35.0,1.0,0.08,0.05,100,100,18.94,10.96,100.0,-0.5,0.284,0.041
1759182297571,2025-09-30 05:44:57.571,22.54,35.0,1.0,0.08,0.05,100,100,18.8,10.8,100.0,-0.03,0.282,0.044
1759182302571,2025-09-30 05:45:02.571,21.74,35.0,1.0,0.08,0.05,100,100,20.48,12.46,100.0,0.33,0.307,0.011
1759182307571,2025-09-30 05:45:07.571,20.64,35.0,1.0,0.08,0.05,100,100,21.27,13.26,100.0,0.16,0.319,-0.005
1759182312571,2025-09-30 05:45:12.571,21.03,35.0,1.0,0.08,0.05,100,100,22.37,14.36,100.0,0.22,0.336,-0.027
1759182317571,2025-09-30 05:45:17.571,23.48,35.0,1.0,0.08,0.05,100,100,21.97,13.97,100.0,-0.08,0.33,-0.019
1759182322571,2025-09-30 05:45:22.571,22.46,35.0,1.0,0.08,0.05,100,100,19.49,11.52,100.0,-0.49,0.292,0.03
1759182327571,2025-09-30 05:45:27.571,22.06,35.0,1.0,0.08,0.05,100,100,20.55,12.54,100.0,0.21,0.308,0.009
1759182332571,2025-09-30 05:45:32.571,20.42,35.0,1.0,0.08,0.05,100,100,20.95,12.94,100.0,0.08,0.314,0.001
1759182337571,2025-09-30 05:45:37.571,20.51,35.0,1.0,0.08,0.05,100,100,22.59,14.58,100.0,0.33,0.339,-0.032
1759182342571,2025-09-30 05:45:42.571,19.72,35.0,1.0,0.08,0.05,100,100,22.48,14.49,100.0,-0.02,0.337,-0.03
1759182347571,2025-09-30 05:45:47.571,22.01,35.0,1.0,0.08,0.05,100,100,23.28,15.28,100.0,0.16,0.349,-0.046
1759182352571,2025-09-30 05:45:52.571,22.36,35.0,1.0,0.08,0.05,100,100,20.97,12.99,100.0,-0.46,0.315,0.0
1759182357571,2025-09-30 05:45:57.571,25.04,35.0,1.0,0.08,0.05,100,100,20.64,12.64,100.0,-0.07,0.31,0.007
1759182362571,2025-09-30 05:46:02.571,27.7,35.0,1.0,0.08,0.05,100,100,17.93,9.96,100.0,-0.54,0.269,0.061
1759182367571,2025-09-30 05:46:07.571,30.02,35.0,1.0,0.08,0.05,100,100,15.28,7.3,100.0,-0.53,0.229,0.114
1759182372571,2025-09-30 05:46:12.571,29.78,35.0,1.0,0.08,0.05,100,100,12.95,4.98,100.0,-0.47,0.194,0.16
1759182377571,2025-09-30 05:46:17.571,28.57,35.0,1.0,0.08,0.05,100,100,13.22,5.22,100.0,0.05,0.198,0.156
1759182382571,2025-09-30 05:46:22.571,28.15,35.0,1.0,0.08,0.05,100,100,14.44,6.43,100.0,0.24,0.217,0.131
1759182387571,2025-09-30 05:46:27.571,29.71,35.0,1.0,0.08,0.05,100,100,14.86,6.85,100.0,0.09,0.223,0.123
1759182392571,2025-09-30 05:46:32.571,31.04,35.0,1.0,0.08,0.05,100,100,13.27,5.29,100.0,-0.31,0.199,0.154
1759182397571,2025-09-30 05:46:37.571,32.25,35.0,1.0,0.08,0.05,100,100,11.95,3.96,100.0,-0.27,0.179,0.181
1759182402571,2025-09-30 05:46:42.571,34.04,35.0,1.0,0.08,0.05,100,100,10.74,2.75,100.0,-0.24,0.161,0.205
1759182407571,2025-09-30 05:46:47.571,33.38,35.0,1.0,0.08,0.05,100,100,8.94,0.96,100.0,-0.36,0.134,0.241
1759182412571,2025-09-30 05:46:52.571,34.28,35.0,1.0,0.08,0.05,100,100,9.63,1.62,100.0,0.13,0.144,0.228
1759182417571,2025-09-30 05:46:57.571,36.02,35.0,1.0,0.08,0.05,100,100,8.71,0.72,100.0,-0.18,0.131,0.246
1759182422571,2025-09-30 05:47:02.571,36.21,35.0,1.0,0.08,0.05,100,100,6.56,-1.02,94.91,-0.35,0.098,0.28
1759182427571,2025-09-30 05:47:07.571,35.69,35.0,1.0,0.08,0.05,100,100,5.89,-1.21,88.84,-0.04,0.088,0.284
1759182432571,2025-09-30 05:47:12.571,36.66,35.0,1.0,0.08,0.05,100,100,6.14,-0.69,85.36,0.1,0.092,0.274
1759182437571,2025-09-30 05:47:17.571,38.36,35.0,1.0,0.08,0.05,100,100,4.49,-1.66,77.05,-0.19,0.067,0.293
1759182442571,2025-09-30 05:47:22.571,35.79,35.0,1.0,0.08,0.05,100,100,1.44,-3.36,60.23,-0.34,0.022,0.327
1759182447571,2025-09-30 05:47:27.571,34.76,35.0,1.0,0.08,0.05,100,100,3.74,-0.79,56.28,0.51,0.056,0.276
1759182452571,2025-09-30 05:47:32.571,35.03,35.0,1.0,0.08,0.05,100,100,4.84,0.24,57.46,0.21,0.073,0.255
1759182457571,2025-09-30 05:47:37.571,34.82,35.0,1.0,0.08,0.05,100,100,4.55,-0.03,57.3,-0.05,0.068,0.261
1759182462571,2025-09-30 05:47:42.571,34.46,35.0,1.0,0.08,0.05,100,100,4.84,0.18,58.21,0.04,0.073,0.256
1759182467571,2025-09-30 05:47:47.571,33.87,35.0,1.0,0.08,0.05,100,100,5.42,0.54,60.91,0.07,0.081,0.249
1759182472571,2025-09-30 05:47:52.571,29.85,35.0,1.0,0.08,0.05,100,100,6.46,1.13,66.56,0.12,0.097,0.237
1759182477571,2025-09-30 05:47:57.571,30.91,35.0,1.0,0.08,0.05,100,100,12.58,5.15,92.33,0.8,0.189,0.157
1759182482571,2025-09-30 05:48:02.571,32.18,35.0,1.0,0.08,0.05,100,100,12.08,4.09,100.0,-0.21,0.181,0.178
1759182487571,2025-09-30 05:48:07.571,33.57,35.0,1.0,0.08,0.05,100,100,10.81,2.82,100.0,-0.25,0.162,0.204
1759182492571,2025-09-30 05:48:12.571,34.23,35.0,1.0,0.08,0.05,100,100,9.41,1.43,100.0,-0.28,0.141,0.231
1759182497571,2025-09-30 05:48:17.571,33.29,35.0,1.0,0.08,0.05,100,100,8.76,0.77,100.0,-0.13,0.131,0.245
1759182502571,2025-09-30 05:48:22.571,35.55,35.0,1.0,0.08,0.05,100,100,9.72,1.71,100.0,0.19,0.146,0.226
1759182507571,2025-09-30 05:48:27.571,34.32,35.0,1.0,0.08,0.05,100,100,7.21,-0.55,97.25,-0.45,0.108,0.271
1759182512571,2025-09-30 05:48:32.571,36.89,35.0,1.0,0.08,0.05,100,100,8.69,0.68,100.0,0.25,0.13,0.246
1759182517571,2025-09-30 05:48:37.571,36.57,35.0,1.0,0.08,0.05,100,100,5.33,-1.89,90.57,-0.51,0.08,0.298
1759182522571,2025-09-30 05:48:42.571,35.49,35.0,1.0,0.08,0.05,100,100,5.05,-1.57,82.7,0.06,0.076,0.291
1759182527571,2025-09-30 05:48:47.571,34.6,35.0,1.0,0.08,0.05,100,100,5.95,-0.49,80.27,0.22,0.089,0.27
1759182532571,2025-09-30 05:48:52.571,33.58,35.0,1.0,0.08,0.05,100,100,6.98,0.4,82.24,0.18,0.105,0.252
1759182537571,2025-09-30 05:48:57.571,31.14,35.0,1.0,0.08,0.05,100,100,8.58,1.42,89.36,0.21,0.129,0.232
1759182542571,2025-09-30 05:49:02.571,29.64,35.0,1.0,0.08,0.05,100,100,11.89,3.86,100.0,0.49,0.178,0.183
1759182547571,2025-09-30 05:49:07.571,28.99,35.0,1.0,0.08,0.05,100,100,13.38,5.36,100.0,0.3,0.201,0.153
1759182552571,2025-09-30 05:49:12.571,31.54,35.0,1.0,0.08,0.05,100,100,14.02,6.01,100.0,0.13,0.21,0.14
1759182557571,2025-09-30 05:49:17.571,30.98,35.0,1.0,0.08,0.05,100,100,11.44,3.46,100.0,-0.51,0.172,0.191
1759182562571,2025-09-30 05:49:22.571,30.14,35.0,1.0,0.08,0.05,100,100,12.02,4.02,100.0,0.11,0.18,0.18
1759182567571,2025-09-30 05:49:27.571,29.7,35.0,1.0,0.08,0.05,100,100,12.87,4.86,100.0,0.17,0.193,0.163
1759182572571,2025-09-30 05:49:32.571,29.91,35.0,1.0,0.08,0.05,100,100,13.31,5.3,100.0,0.09,0.2,0.154
1759182577571,2025-09-30 05:49:37.571,28.8,35.0,1.0,0.08,0.05,100,100,13.08,5.09,100.0,-0.04,0.196,0.158
1759182582571,2025-09-30 05:49:42.571,30.48,35.0,1.0,0.08,0.05,100,100,14.21,6.2,100.0,0.22,0.213,0.136
1759182587571,2025-09-30 05:49:47.571,32.51,35.0,1.0,0.08,0.05,100,100,12.51,4.52,100.0,-0.34,0.188,0.17
1759182592571,2025-09-30 05:49:52.571,30.64,35.0,1.0,0.08,0.05,100,100,10.47,2.49,100.0,-0.41,0.157,0.21
1759182597571,2025-09-30 05:49:57.571,32.82,35.0,1.0,0.08,0.05,100,100,12.38,4.36,100.0,0.37,0.186,0.173
1759182602571,2025-09-30 05:50:02.571,32.75,35.0,1.0,0.08,0.05,100,100,10.16,2.18,100.0,-0.44,0.152,0.216
1759182607571,2025-09-30 05:50:07.571,34.25,35.0,1.0,0.08,0.05,100,100,10.25,2.25,100.0,0.01,0.154,0.215
1759182612571,2025-09-30 05:50:12.571,34.69,35.0,1.0,0.08,0.05,100,100,8.74,0.75,100.0,-0.3,0.131,0.245
1759182617571,2025-09-30 05:50:17.571,35.52,35.0,1.0,0.08,0.05,100,100,8.31,0.31,100.0,-0.09,0.125,0.254
1759182622571,2025-09-30 05:50:22.571,35.88,35.0,1.0,0.08,0.05,100,100,7.27,-0.52,97.42,-0.17,0.109,0.27
1759182627571,2025-09-30 05:50:27.571,36.7,35.0,1.0,0.08,0.05,100,100,6.56,-0.88,93.02,-0.07,0.098,0.278
1759182632571,2025-09-30 05:50:32.571,36.36,35.0,1.0,0.08,0.05,100,100,5.05,-1.7,84.5,-0.16,0.076,0.294
1759182637571,2025-09-30 05:50:37.571,34.46,35.0,1.0,0.08,0.05,100,100,4.86,-1.36,77.69,0.07,0.073,0.287
1759182642571,2025-09-30 05:50:42.571,34.26,35.0,1.0,0.08,0.05,100,100,6.98,0.54,80.37,0.38,0.105,0.249
1759182647571,2025-09-30 05:50:47.571,33.19,35.0,1.0,0.08,0.05,100,100,7.47,0.74,84.06,0.04,0.112,0.245
1759182652571,2025-09-30 05:50:52.571,32.26,35.0,1.0,0.08,0.05,100,100,9.26,1.81,93.09,0.21,0.139,0.224
1759182657571,2025-09-30 05:50:57.571,34.01,35.0,1.0,0.08,0.05,100,100,10.75,2.74,100.0,0.19,0.161,0.205
1759182662571,2025-09-30 05:51:02.571,32.17,35.0,1.0,0.08,0.05,100,100,8.97,0.99,100.0,-0.35,0.135,0.24
1759182667571,2025-09-30 05:51:07.571,32.51,35.0,1.0,0.08,0.05,100,100,10.85,2.83,100.0,0.37,0.163,0.203
1759182672571,2025-09-30 05:51:12.571,31.21,35.0,1.0,0.08,0.05,100,100,10.49,2.49,100.0,-0.07,0.157,0.21
1759182677571,2025-09-30 05:51:17.571,32.59,35.0,1.0,0.08,0.05,100,100,11.8,3.79,100.0,0.26,0.177,0.184
1759182682571,2025-09-30 05:51:22.571,31.58,35.0,1.0,0.08,0.05,100,100,10.4,2.41,100.0,-0.28,0.156,0.212
1759182687571,2025-09-30 05:51:27.571,33.22,35.0,1.0,0.08,0.05,100,100,11.43,3.42,100.0,0.2,0.171,0.192
1759182692571,2025-09-30 05:51:32.571,32.09,35.0,1.0,0.08,0.05,100,100,9.76,1.78,100.0,-0.33,0.146,0.224
1759182697571,2025-09-30 05:51:37.571,31.23,35.0,1.0,0.08,0.05,100,100,10.92,2.91,100.0,0.23,0.164,0.202
1759182702571,2025-09-30 05:51:42.571,28.56,35.0,1.0,0.08,0.05,100,100,11.78,3.77,100.0,0.17,0.177,0.185
1759182707571,2025-09-30 05:51:47.571,28.04,35.0,1.0,0.08,0.05,100,100,14.46,6.44,100.0,0.53,0.217,0.131
1759182712571,2025-09-30 05:51:52.571,26.78,35.0,1.0,0.08,0.05,100,100,14.97,6.96,100.0,0.11,0.225,0.121
1759182717571,2025-09-30 05:51:57.571,26.53,35.0,1.0,0.08,0.05,100,100,16.23,8.22,100.0,0.25,0.243,0.096
1759182722571,2025-09-30 05:52:02.571,27.28,35.0,1.0,0.08,0.05,100,100,16.48,8.47,100.0,0.05,0.247,0.091
1759182727571,2025-09-30 05:52:07.571,29.38,35.0,1.0,0.08,0.05,100,100,15.71,7.72,100.0,-0.15,0.236,0.106
1759182732571,2025-09-30 05:52:12.571,27.01,35.0,1.0,0.08,0.05,100,100,13.6,5.62,100.0,-0.42,0.204,0.148
1759182737571,2025-09-30 05:52:17.571,26.52,35.0,1.0,0.08,0.05,100,100,16.01,7.99,100.0,0.47,0.24,0.1
1759182742571,2025-09-30 05:52:22.571,27.92,35.0,1.0,0.08,0.05,100,100,16.48,8.48,100.0,0.1,0.247,0.09
1759182747571,2025-09-30 05:52:27.571,28.37,35.0,1.0,0.08,0.05,100,100,15.07,7.08,100.0,-0.28,0.226,0.118
1759182752571,2025-09-30 05:52:32.571,25.83,35.0,1.0,0.08,0.05,100,100,14.63,6.63,100.0,-0.09,0.219,0.127
1759182757571,2025-09-30 05:52:37.571,24.88,35.0,1.0,0.08,0.05,100,100,17.2,9.17,100.0,0.51,0.258,0.077
1759182762571,2025-09-30 05:52:42.571,25.03,35.0,1.0,0.08,0.05,100,100,18.13,10.12,100.0,0.19,0.272,0.058
1759182767571,2025-09-30 05:52:47.571,23.46,35.0,1.0,0.08,0.05,100,100,17.97,9.97,100.0,-0.03,0.27,0.061
1759182772571,2025-09-30 05:52:52.571,23.11,35.0,1.0,0.08,0.05,100,100,19.56,11.54,100.0,0.31,0.293,0.029
1759182777571,2025-09-30 05:52:57.571,24.07,35.0,1.0,0.08,0.05,100,100,19.89,11.89,100.0,0.07,0.298,0.022
1759182782571,2025-09-30 05:53:02.571,24.17,35.0,1.0,0.08,0.05,100,100,18.92,10.93,100.0,-0.19,0.284,0.041
1759182787571,2025-09-30 05:53:07.571,25.87,35.0,1.0,0.08,0.05,100,100,18.83,10.83,100.0,-0.02,0.282,0.043
1759182792571,2025-09-30 05:53:12.571,24.88,35.0,1.0,0.08,0.05,100,100,17.11,9.13,100.0,-0.34,0.257,0.077
1759182797571,2025-09-30 05:53:17.571,27.15,35.0,1.0,0.08,0.05,100,100,18.13,10.12,100.0,0.2,0.272,0.058
1759182802571,2025-09-30 05:53:22.571,25.98,35.0,1.0,0.08,0.05,100,100,15.83,7.85,100.0,-0.45,0.237,0.103
1759182807571,2025-09-30 05:53:27.571,26.72,35.0,1.0,0.08,0.05,100,100,17.03,9.02,100.0,0.23,0.255,0.08
1759182812571,2025-09-30 05:53:32.571,25.81,35.0,1.0,0.08,0.05,100,100,16.27,8.28,100.0,-0.15,0.244,0.094
1759182817571,2025-09-30 05:53:37.571,24.47,35.0,1.0,0.08,0.05,100,100,17.2,9.19,100.0,0.18,0.258,0.076
1759182822571,2025-09-30 05:53:42.571,23.03,35.0,1.0,0.08,0.05,100,100,18.54,10.53,100.0,0.27,0.278,0.049
1759182827571,2025-09-30 05:53:47.571,23.15,35.0,1.0,0.08,0.05,100,100,19.99,11.97,100.0,0.29,0.3,0.021
1759182832571,2025-09-30 05:53:52.571,24.69,35.0,1.0,0.08,0.05,100,100,19.85,11.85,100.0,-0.03,0.298,0.023
1759182837571,2025-09-30 05:53:57.571,26.99,35.0,1.0,0.08,0.05,100,100,18.29,10.31,100.0,-0.31,0.274,0.054
1759182842571,2025-09-30 05:54:02.571,26.21,35.0,1.0,0.08,0.05,100,100,15.99,8.01,100.0,-0.46,0.24,0.1
1759182847571,2025-09-30 05:54:07.571,24.95,35.0,1.0,0.08,0.05,100,100,16.8,8.79,100.0,0.16,0.252,0.084
1759182852571,2025-09-30 05:54:12.571,25.29,35.0,1.0,0.08,0.05,100,100,18.06,10.05,100.0,0.25,0.271,0.059
1759182857571,2025-09-30 05:54:17.571,26.83,35.0,1.0,0.08,0.05,100,100,17.71,9.71,100.0,-0.07,0.266,0.066
1759182862571,2025-09-30 05:54:22.571,27.38,35.0,1.0,0.08,0.05,100,100,16.15,8.17,100.0,-0.31,0.242,0.097
1759182867571,2025-09-30 05:54:27.571,27.48,35.0,1.0,0.08,0.05,100,100,15.62,7.62,100.0,-0.11,0.234,0.108
1759182872571,2025-09-30 05:54:32.571,25.13,35.0,1.0,0.08,0.05,100,100,15.52,7.52,100.0,-0.02,0.233,0.11
1759182877571,2025-09-30 05:54:37.571,25.05,35.0,1.0,0.08,0.05,100,100,17.89,9.87,100.0,0.47,0.268,0.063
1759182882571,2025-09-30 05:54:42.571,24.36,35.0,1.0,0.08,0.05,100,100,17.95,9.95,100.0,0.02,0.269,0.061
1759182887571,2025-09-30 05:54:47.571,25.81,35.0,1.0,0.08,0.05,100,100,18.65,10.64,100.0,0.14,0.28,0.047
1759182892571,2025-09-30 05:54:52.571,25.52,35.0,1.0,0.08,0.05,100,100,17.18,9.19,100.0,-0.29,0.258,0.076
1759182897571,2025-09-30 05:54:57.571,27.01,35.0,1.0,0.08,0.05,100,100,17.48,9.48,100.0,0.06,0.262,0.07
1759182902571,2025-09-30 05:55:02.571,28.99,35.0,1.0,0.08,0.05,100,100,15.98,7.99,100.0,-0.3,0.24,0.1
1759182907571,2025-09-30 05:55:07.571,27.35,35.0,1.0,0.08,0.05,100,100,13.99,6.01,100.0,-0.4,0.21,0.14
1759182912571,2025-09-30 05:55:12.571,27.89,35.0,1.0,0.08,0.05,100,100,15.67,7.65,100.0,0.33,0.235,0.107
1759182917571,2025-09-30 05:55:17.571,28.03,35.0,1.0,0.08,0.05,100,100,15.1,7.11,100.0,-0.11,0.227,0.118
1759182922571,2025-09-30 05:55:22.571,28.41,35.0,1.0,0.08,0.05,100,100,14.97,6.97,100.0,-0.03,0.224,0.121
1759182927571,2025-09-30 05:55:27.571,32.01,35.0,1.0,0.08,0.05,100,100,14.59,6.59,100.0,-0.08,0.219,0.128
1759182932571,2025-09-30 05:55:32.571,30.14,35.0,1.0,0.08,0.05,100,100,10.96,2.99,100.0,-0.72,0.164,0.2
1759182937571,2025-09-30 05:55:37.571,29.23,35.0,1.0,0.08,0.05,100,100,12.88,4.86,100.0,0.37,0.193,0.163
1759182942571,2025-09-30 05:55:42.571,28.3,35.0,1.0,0.08,0.05,100,100,13.78,5.77,100.0,0.18,0.207,0.145
1759182947571,2025-09-30 05:55:47.571,30.04,35.0,1.0,0.08,0.05,100,100,14.71,6.7,100.0,0.19,0.221,0.126
1759182952571,2025-09-30 05:55:52.571,29.45,35.0,1.0,0.08,0.05,100,100,12.94,4.96,100.0,-0.35,0.194,0.161
1759182957571,2025-09-30 05:55:57.571,27.97,35.0,1.0,0.08,0.05,100,100,13.55,5.55,100.0,0.12,0.203,0.149
1759182962571,2025-09-30 05:56:02.571,28.26,35.0,1.0,0.08,0.05,100,100,15.05,7.03,100.0,0.3,0.226,0.119
1759182967571,2025-09-30 05:56:07.571,28.35,35.0,1.0,0.08,0.05,100,100,14.74,6.74,100.0,-0.06,0.221,0.125
1759182972571,2025-09-30 05:56:12.571,29.85,35.0,1.0,0.08,0.05,100,100,14.64,6.65,100.0,-0.02,0.22,0.127
1759182977571,2025-09-30 05:56:17.571,30.19,35.0,1.0,0.08,0.05,100,100,13.14,5.15,100.0,-0.3,0.197,0.157
1759182982571,2025-09-30 05:56:22.571,32.67,35.0,1.0,0.08,0.05,100,100,12.81,4.81,100.0,-0.07,0.192,0.164
1759182987571,2025-09-30 05:56:27.571,31.17,35.0,1.0,0.08,0.05,100,100,10.3,2.33,100.0,-0.5,0.155,0.213
1759182992571,2025-09-30 05:56:32.571,28.32,35.0,1.0,0.08,0.05,100,100,11.84,3.83,100.0,0.3,0.178,0.183
1759182997571,2025-09-30 05:56:37.571,28.56,35.0,1.0,0.08,0.05,100,100,14.71,6.68,100.0,0.57,0.221,0.126
1759183002571,2025-09-30 05:56:42.571,27.36,35.0,1.0,0.08,0.05,100,100,14.43,6.44,100.0,-0.05,0.216,0.131
1759183007571,2025-09-30 05:56:47.571,26.52,35.0,1.0,0.08,0.05,100,100,15.66,7.64,100.0,0.24,0.235,0.107
1759183012571,2025-09-30 05:56:52.571,26.26,35.0,1.0,0.08,0.05,100,100,16.49,8.48,100.0,0.17,0.247,0.09
1759183017571,2025-09-30 05:56:57.571,25.92,35.0,1.0,0.08,0.05,100,100,16.74,8.74,100.0,0.05,0.251,0.085
1759183022571,2025-09-30 05:57:02.571,24.51,35.0,1.0,0.08,0.05,100,100,17.08,9.08,100.0,0.07,0.256,0.078
1759183027571,2025-09-30 05:57:07.571,26.38,35.0,1.0,0.08,0.05,100,100,18.5,10.49,100.0,0.28,0.277,0.05
1759183032571,2025-09-30 05:57:12.571,24.04,35.0,1.0,0.08,0.05,100,100,16.6,8.62,100.0,-0.37,0.249,0.088
1759183037571,2025-09-30 05:57:17.571,24.47,35.0,1.0,0.08,0.05,100,100,18.98,10.96,100.0,0.47,0.285,0.041
1759183042571,2025-09-30 05:57:22.571,26.31,35.0,1.0,0.08,0.05,100,100,18.53,10.53,100.0,-0.09,0.278,0.049
1759183047571,2025-09-30 05:57:27.571,25.35,25.0,1.0,0.08,0.05,100,100,16.67,8.69,100.0,-0.37,0.25,0.086
1759183052571,2025-09-30 05:57:32.571,25.91,25.0,1.0,0.08,0.05,100,100,7.42,-0.35,98.27,-1.81,0.111,0.067
1759183057571,2025-09-30 05:57:37.571,25.98,25.0,1.0,0.08,0.05,100,100,6.57,-0.91,93.69,-0.11,0.099,0.078
1759183062571,2025-09-30 05:57:42.571,24.32,25.0,1.0,0.08,0.05,100,100,6.12,-0.98,88.78,-0.01,0.092,0.08
1759183067571,2025-09-30 05:57:47.571,25.13,25.0,1.0,0.08,0.05,100,100,8.08,0.68,92.2,0.33,0.121,0.046
1759183072571,2025-09-30 05:57:52.571,27.89,25.0,1.0,0.08,0.05,100,100,7.19,-0.13,91.55,-0.16,0.108,0.063
1759183077571,2025-09-30 05:57:57.571,27.9,25.0,1.0,0.08,0.05,100,100,3.26,-2.89,77.12,-0.55,0.049,0.118
1759183082571,2025-09-30 05:58:02.571,29.96,25.0,1.0,0.08,0.05,100,100,2.11,-2.9,62.63,-0.0,0.032,0.118
1759183087571,2025-09-30 05:58:07.571,32.98,25.0,1.0,0.08,0.05,100,100,-1.95,-4.96,37.85,-0.41,0.0,0.159
1759183092571,2025-09-30 05:58:12.571,34.66,25.0,1.0,0.08,0.05,100,100,-8.18,-7.98,-2.06,-0.61,0.0,0.22
1759183097571,2025-09-30 05:58:17.571,34.91,25.0,1.0,0.08,0.05,100,100,-13.71,-9.66,-50.38,-0.34,0.0,0.253
1759183102571,2025-09-30 05:58:22.571,33.25,25.0,1.0,0.08,0.05,100,100,-17.91,-9.91,-99.94,-0.05,0.0,0.258
1759183107571,2025-09-30 05:58:27.571,31.82,25.0,1.0,0.08,0.05,100,100,-16.24,-8.25,-100.0,0.33,0.0,0.225
1759183112571,2025-09-30 05:58:32.571,31.17,25.0,1.0,0.08,0.05,100,100,-14.81,-6.82,-100.0,0.29,0.0,0.196
1759183117571,2025-09-30 05:58:37.571,33.04,25.0,1.0,0.08,0.05,100,100,-14.17,-6.17,-100.0,0.13,0.0,0.183
1759183122571,2025-09-30 05:58:42.571,34.39,25.0,1.0,0.08,0.05,100,100,-16.05,-8.04,-100.0,-0.37,0.0,0.221
1759183127571,2025-09-30 05:58:47.571,35.89,25.0,1.0,0.08,0.05,100,100,-17.41,-9.39,-100.0,-0.27,0.0,0.248
1759183132571,2025-09-30 05:58:52.571,37.44,25.0,1.0,0.08,0.05,100,100,-18.9,-10.89,-100.0,-0.3,0.0,0.278
1759183137571,2025-09-30 05:58:57.571,39.01,25.0,1.0,0.08,0.05,100,100,-20.46,-12.44,-100.0,-0.31,0.0,0.309
1759183142571,2025-09-30 05:59:02.571,38.02,25.0,1.0,0.08,0.05,100,100,-22.02,-14.01,-100.0,-0.31,0.0,0.34
1759183147571,2025-09-30 05:59:07.571,37.27,25.0,1.0,0.08,0.05,100,100,-21.01,-13.02,-100.0,0.2,0.0,0.32
1759183152571,2025-09-30 05:59:12.571,35.99,25.0,1.0,0.08,0.05,100,100,-20.26,-12.27,-100.0,0.15,0.0,0.305
1759183157571,2025-09-30 05:59:17.571,33.75,25.0,1.0,0.08,0.05,100,100,-18.98,-10.99,-100.0,0.26,0.0,0.28
1759183162571,2025-09-30 05:59:22.571,34.33,25.0,1.0,0.08,0.05,100,100,-16.73,-8.75,-100.0,0.45,0.0,0.235
1759183167571,2025-09-30 05:59:27.571,32.6,25.0,1.0,0.08,0.05,100,100,-17.34,-9.33,-100.0,-0.12,0.0,0.247
1759183172571,2025-09-30 05:59:32.571,32.42,25.0,1.0,0.08,0.05,100,100,-15.58,-7.6,-100.0,0.35,0.0,0.212
1759183177571,2025-09-30 05:59:37.571,30.55,25.0,1.0,0.08,0.05,100,100,-15.42,-7.42,-100.0,0.03,0.0,0.208
1759183182571,2025-09-30 05:59:42.571,30.02,25.0,1.0,0.08,0.05,100,100,-13.53,-5.55,-100.0,0.38,0.0,0.171
1759183187571,2025-09-30 05:59:47.571,29.17,25.0,1.0,0.08,0.05,100,100,-13.01,-5.02,-100.0,0.11,0.0,0.16
1759183192571,2025-09-30 05:59:52.571,31.6,25.0,1.0,0.08,0.05,100,100,-12.16,-4.17,-100.0,0.17,0.0,0.143
1759183197571,2025-09-30 05:59:57.571,32.03,25.0,1.0,0.08,0.05,100,100,-14.63,-6.6,-100.0,-0.49,0.0,0.192
1759183202571,2025-09-30 06:00:02.571,31.95,25.0,1.0,0.08,0.05,100,100,-15.04,-7.03,-100.0,-0.09,0.0,0.201
1759183207571,2025-09-30 06:00:07.571,33.8,25.0,1.0,0.08,0.05,100,100,-14.95,-6.95,-100.0,0.02,0.0,0.199
1759183212571,2025-09-30 06:00:12.571,34.02,25.0,1.0,0.08,0.05,100,100,-16.82,-8.8,-100.0,-0.37,0.0,0.236
1759183217571,2025-09-30 06:00:17.571,36.28,25.0,1.0,0.08,0.05,100,100,-17.03,-9.02,-100.0,-0.04,0.0,0.24
1759183222571,2025-09-30 06:00:22.571,35.66,25.0,1.0,0.08,0.05,100,100,-19.31,-11.28,-100.0,-0.45,0.0,0.286
1759183227571,2025-09-30 06:00:27.571,36.17,25.0,1.0,0.08,0.05,100,100,-18.65,-10.66,-100.0,0.13,0.0,0.273
1759183232571,2025-09-30 06:00:32.571,35.77,25.0,1.0,0.08,0.05,100,100,-19.17,-11.17,-100.0,-0.1,0.0,0.283
1759183237571,2025-09-30 06:00:37.571,36.88,25.0,1.0,0.08,0.05,100,100,-18.77,-10.77,-100.0,0.08,0.0,0.275
1759183242571,2025-09-30 06:00:42.571,39.38,25.0,1.0,0.08,0.05,100,100,-19.89,-11.88,-100.0,-0.22,0.0,0.298
1759183247571,2025-09-30 06:00:47.571,39.91,25.0,1.0,0.08,0.05,100,100,-22.4,-14.38,-100.0,-0.5,0.0,0.348
1759183252571,2025-09-30 06:00:52.571,40.45,25.0,1.0,0.08,0.05,100,100,-22.91,-14.91,-100.0,-0.11,0.0,0.358
1759183257571,2025-09-30 06:00:57.571,41.56,25.0,1.0,0.08,0.05,100,100,-23.45,-15.45,-100.0,-0.11,0.0,0.369
1759183262571,2025-09-30 06:01:02.571,40.71,25.0,1.0,0.08,0.05,100,100,-24.57,-16.56,-100.0,-0.22,0.0,0.391
1759183267571,2025-09-30 06:01:07.571,42.2,25.0,1.0,0.08,0.05,100,100,-23.7,-15.71,-100.0,0.17,0.0,0.374
1759183272571,2025-09-30 06:01:12.571,44.35,25.0,1.0,0.08,0.05,100,100,-25.21,-17.2,-100.0,-0.3,0.0,0.404
1759183277571,2025-09-30 06:01:17.571,46.94,25.0,1.0,0.08,0.05,100,100,-27.37,-19.35,-100.0,-0.43,0.0,0.447
1759183282571,2025-09-30 06:01:22.571,44.98,25.0,1.0,0.08,0.05,100,100,-29.96,-21.94,-100.0,-0.52,0.0,0.499
1759183287571,2025-09-30 06:01:27.571,45.84,25.0,1.0,0.08,0.05,100,100,-27.96,-19.98,-100.0,0.39,0.0,0.46
1759183292571,2025-09-30 06:01:32.571,47.05,25.0,1.0,0.08,0.05,100,100,-28.85,-20.84,-100.0,-0.17,0.0,0.477
1759183297571,2025-09-30 06:01:37.571,43.45,25.0,1.0,0.08,0.05,100,100,-30.06,-22.05,-100.0,-0.24,0.0,0.501
1759183302571,2025-09-30 06:01:42.571,42.45,25.0,1.0,0.08,0.05,100,100,-26.41,-18.45,-100.0,0.72,0.0,0.429
1759183307571,2025-09-30 06:01:47.571,42.42,25.0,1.0,0.08,0.05,100,100,-25.44,-17.45,-100.0,0.2,0.0,0.409
1759183312571,2025-09-30 06:01:52.571,40.35,25.0,1.0,0.08,0.05,100,100,-25.42,-17.42,-100.0,0.01,0.0,0.408
1759183317571,2025-09-30 06:01:57.571,41.25,25.0,1.0,0.08,0.05,100,100,-23.33,-15.35,-100.0,0.41,0.0,0.367
1759183322571,2025-09-30 06:02:02.571,39.95,25.0,1.0,0.08,0.05,100,100,-24.26,-16.25,-100.0,-0.18,0.0,0.385
1759183327571,2025-09-30 06:02:07.571,39.95,25.0,1.0,0.08,0.05,100,100,-22.94,-14.95,-100.0,0.26,0.0,0.359
1759183332571,2025-09-30 06:02:12.571,41.45,25.0,1.0,0.08,0.05,100,100,-22.95,-14.95,-100.0,0.0,0.0,0.359
1759183337571,2025-09-30 06:02:17.571,43.49,25.0,1.0,0.08,0.05,100,100,-24.47,-16.45,-100.0,-0.3,0.0,0.389
1759183342571,2025-09-30 06:02:22.571,45.79,25.0,1.0,0.08,0.05,100,100,-26.51,-18.49,-100.0,-0.41,0.0,0.43
1759183347571,2025-09-30 06:02:27.571,47.48,25.0,1.0,0.08,0.05,100,100,-28.81,-20.79,-100.0,-0.46,0.0,0.476
1759183352571,2025-09-30 06:02:32.571,48.26,25.0,1.0,0.08,0.05,100,100,-30.49,-22.48,-100.0,-0.34,0.0,0.51
1759183357571,2025-09-30 06:02:37.571,47.36,25.0,1.0,0.08,0.05,100,100,-31.27,-23.26,-100.0,-0.16,0.0,0.525
1759183362571,2025-09-30 06:02:42.571,47.29,25.0,1.0,0.08,0.05,100,100,-30.35,-22.36,-100.0,0.18,0.0,0.507
1759183367571,2025-09-30 06:02:47.571,48.38,25.0,1.0,0.08,0.05,100,100,-30.29,-22.29,-100.0,0.01,0.0,0.506
1759183372571,2025-09-30 06:02:52.571,48.6,25.0,1.0,0.08,0.05,100,100,-31.4,-23.38,-100.0,-0.22,0.0,0.528
1759183377571,2025-09-30 06:02:57.571,49.35,25.0,1.0,0.08,0.05,100,100,-31.6,-23.6,-100.0,-0.04,0.0,0.532
1759183382571,2025-09-30 06:03:02.571,48.45,25.0,1.0,0.08,0.05,100,100,-32.35,-24.35,-100.0,-0.15,0.0,0.547
1759183387571,2025-09-30 06:03:07.571,48.64,25.0,1.0,0.08,0.05,100,100,-31.44,-23.45,-100.0,0.18,0.0,0.529
1759183392571,2025-09-30 06:03:12.571,46.68,25.0,1.0,0.08,0.05,100,100,-31.64,-23.64,-100.0,-0.04,0.0,0.533
1759183397571,2025-09-30 06:03:17.571,45.26,25.0,1.0,0.08,0.05,100,100,-29.66,-21.68,-100.0,0.39,0.0,0.494
1759183402571,2025-09-30 06:03:22.571,45.6,25.0,1.0,0.08,0.05,100,100,-28.24,-20.26,-100.0,0.28,0.0,0.465
1759183407571,2025-09-30 06:03:27.571,47.26,25.0,1.0,0.08,0.05,100,100,-28.6,-20.6,-100.0,-0.07,0.0,0.472
1759183412571,2025-09-30 06:03:32.571,47.04,25.0,1.0,0.08,0.05,100,100,-30.28,-22.26,-100.0,-0.33,0.0,0.505
1759183417571,2025-09-30 06:03:37.571,44.18,25.0,1.0,0.08,0.05,100,100,-30.04,-22.04,-100.0,0.04,0.0,0.501
1759183422571,2025-09-30 06:03:42.571,45.58,25.0,1.0,0.08,0.05,100,100,-27.15,-19.18,-100.0,0.57,0.0,0.444
1759183427571,2025-09-30 06:03:47.571,46.52,25.0,1.0,0.08,0.05,100,100,-28.6,-20.58,-100.0,-0.28,0.0,0.472
1759183432571,2025-09-30 06:03:52.571,44.42,25.0,1.0,0.08,0.05,100,100,-29.53,-21.52,-100.0,-0.19,0.0,0.49
1759183437571,2025-09-30 06:03:57.571,45.39,40.0,1.0,0.08,0.05,100,100,-27.4,-19.42,-100.0,0.42,0.0,0.448
1759183442571,2025-09-30 06:04:02.571,46.43,40.0,1.0,0.08,0.05,100,100,-13.25,-5.39,-100.0,2.81,0.0,0.468
1759183447571,2025-09-30 06:04:07.571,45.97,40.0,1.0,0.08,0.05,100,100,-14.44,-6.43,-100.0,-0.21,0.0,0.489
1759183452571,2025-09-30 06:04:12.571,47.46,40.0,1.0,0.08,0.05,100,100,-13.96,-5.97,-100.0,0.09,0.0,0.479
1759183457571,2025-09-30 06:04:17.571,47.31,40.0,1.0,0.08,0.05,100,100,-15.47,-7.46,-100.0,-0.3,0.0,0.509
1759183462571,2025-09-30 06:04:22.571,45.79,40.0,1.0,0.08,0.05,100,100,-15.3,-7.31,-100.0,0.03,0.0,0.506
1759183467571,2025-09-30 06:04:27.571,42.13,40.0,1.0,0.08,0.05,100,100,-13.77,-5.79,-100.0,0.3,0.0,0.476
1759183472571,2025-09-30 06:04:32.571,40.42,40.0,1.0,0.08,0.05,100,100,-10.09,-2.13,-100.0,0.73,0.0,0.403
1759183477571,2025-09-30 06:04:37.571,40.11,40.0,1.0,0.08,0.05,100,100,-8.4,-0.42,-100.0,0.34,0.0,0.368
1759183482571,2025-09-30 06:04:42.571,39.64,40.0,1.0,0.08,0.05,100,100,-8.11,-0.11,-100.0,0.06,0.0,0.362
1759183487571,2025-09-30 06:04:47.571,38.81,40.0,1.0,0.08,0.05,100,100,-7.49,0.36,-98.21,0.09,0.0,0.353
1759183492571,2025-09-30 06:04:52.571,37.05,40.0,1.0,0.08,0.05,100,100,-6.18,1.19,-92.26,0.17,0.0,0.336
1759183497571,2025-09-30 06:04:57.571,35.18,40.0,1.0,0.08,0.05,100,100,-3.23,2.95,-77.49,0.35,0.0,0.301
1759183502571,2025-09-30 06:05:02.571,36.76,40.0,1.0,0.08,0.05,100,100,0.56,4.82,-53.41,0.37,0.008,0.264
1759183507571,2025-09-30 06:05:07.571,36.87,40.0,1.0,0.08,0.05,100,100,0.25,3.24,-37.19,-0.31,0.004,0.295
1759183512571,2025-09-30 06:05:12.571,39.24,40.0,1.0,0.08,0.05,100,100,1.4,3.13,-21.56,-0.02,0.021,0.297
1759183517571,2025-09-30 06:05:17.571,45.01,40.0,1.0,0.08,0.05,100,100,-0.69,0.76,-17.77,-0.47,0.0,0.345
1759183522571,2025-09-30 06:05:22.571,45.09,40.0,1.0,0.08,0.05,100,100,-8.49,-5.01,-42.81,-1.15,0.0,0.46
1759183527571,2025-09-30 06:05:27.571,42.72,40.0,1.0,0.08,0.05,100,100,-10.55,-5.09,-68.28,-0.02,0.0,0.462
1759183532571,2025-09-30 06:05:32.571,42.29,40.0,1.0,0.08,0.05,100,100,-9.24,-2.72,-81.86,0.48,0.0,0.414
1759183537571,2025-09-30 06:05:37.571,43.21,40.0,1.0,0.08,0.05,100,100,-9.75,-2.29,-93.31,0.08,0.0,0.406
1759183542571,2025-09-30 06:05:42.571,43.44,40.0,1.0,0.08,0.05,100,100,-11.22,-3.21,-100.0,-0.18,0.0,0.424
1759183547571,2025-09-30 06:05:47.571,40.58,40.0,1.0,0.08,0.05,100,100,-11.44,-3.44,-100.0,-0.05,0.0,0.429
1759183552571,2025-09-30 06:05:52.571,35.94,40.0,1.0,0.08,0.05,100,100,-8.55,-0.58,-100.0,0.57,0.0,0.372
1759183557571,2025-09-30 06:05:57.571,37.55,40.0,1.0,0.08,0.05,100,100,-2.27,4.06,-79.7,0.93,0.0,0.279
1759183562571,2025-09-30 06:06:02.571,38.39,40.0,1.0,0.08,0.05,100,100,-2.96,2.45,-67.45,-0.32,0.0,0.311
1759183567571,2025-09-30 06:06:07.571,38.41,40.0,1.0,0.08,0.05,100,100,-3.16,1.61,-59.42,-0.17,0.0,0.328
1759183572571,2025-09-30 06:06:12.571,37.9,40.0,1.0,0.08,0.05,100,100,-2.53,1.59,-51.47,-0.0,0.0,0.328
1759183577571,2025-09-30 06:06:17.571,35.74,40.0,1.0,0.08,0.05,100,100,-1.17,2.1,-40.94,0.1,0.0,0.318
1759183582571,2025-09-30 06:06:22.571,36.03,40.0,1.0,0.08,0.05,100,100,2.72,4.26,-19.62,0.43,0.041,0.275
1759183587571,2025-09-30 06:06:27.571,35.74,40.0,1.0,0.08,0.05,100,100,3.99,3.97,0.25,-0.06,0.06,0.281
1759183592571,2025-09-30 06:06:32.571,37.99,40.0,1.0,0.08,0.05,100,100,5.98,4.26,21.53,0.06,0.09,0.275
1759183597571,2025-09-30 06:06:37.571,35.84,40.0,1.0,0.08,0.05,100,100,4.52,2.01,31.59,-0.45,0.068,0.32
1759183602571,2025-09-30 06:06:42.571,35.95,40.0,1.0,0.08,0.05,100,100,8.37,4.16,52.39,0.43,0.126,0.277
1759183607571,2025-09-30 06:06:47.571,35.48,40.0,1.0,0.08,0.05,100,100,9.86,4.05,72.65,-0.02,0.148,0.279
1759183612571,2025-09-30 06:06:52.571,34.69,40.0,1.0,0.08,0.05,100,100,12.15,4.52,95.28,0.09,0.182,0.27
1759183617571,2025-09-30 06:06:57.571,31.66,40.0,1.0,0.08,0.05,100,100,13.32,5.31,100.0,0.16,0.2,0.254
1759183622571,2025-09-30 06:07:02.571,31.34,40.0,1.0,0.08,0.05,100,100,16.37,8.34,100.0,0.61,0.246,0.193
1759183627571,2025-09-30 06:07:07.571,31.56,40.0,1.0,0.08,0.05,100,100,16.67,8.66,100.0,0.07,0.25,0.187
1759183632571,2025-09-30 06:07:12.571,34.07,40.0,1.0,0.08,0.05,100,100,16.44,8.44,100.0,-0.04,0.247,0.191
1759183637571,2025-09-30 06:07:17.571,32.82,40.0,1.0,0.08,0.05,100,100,13.9,5.93,100.0,-0.5,0.209,0.241
1759183642571,2025-09-30 06:07:22.571,30.69,40.0,1.0,0.08,0.05,100,100,15.2,7.18,100.0,0.25,0.228,0.216
1759183647571,2025-09-30 06:07:27.571,30.37,40.0,1.0,0.08,0.05,100,100,17.33,9.31,100.0,0.42,0.26,0.174
1759183652571,2025-09-30 06:07:32.571,29.75,40.0,1.0,0.08,0.05,100,100,17.63,9.63,100.0,0.06,0.264,0.167
1759183657571,2025-09-30 06:07:37.571,31.57,40.0,1.0,0.08,0.05,100,100,18.25,10.25,100.0,0.12,0.274,0.155
1759183662571,2025-09-30 06:07:42.571,28.68,40.0,1.0,0.08,0.05,100,100,16.41,8.43,100.0,-0.36,0.246,0.191
1759183667571,2025-09-30 06:07:47.571,30.35,40.0,1.0,0.08,0.05,100,100,19.35,11.32,100.0,0.58,0.29,0.134
1759183672571,2025-09-30 06:07:52.571,30.31,40.0,1.0,0.08,0.05,100,100,17.63,9.65,100.0,-0.34,0.264,0.167
1759183677571,2025-09-30 06:07:57.571,30.57,40.0,1.0,0.08,0.05,100,100,17.69,9.69,100.0,0.01,0.265,0.166
1759183682571,2025-09-30 06:08:02.571,29.67,40.0,1.0,0.08,0.05,100,100,17.43,9.43,100.0,-0.05,0.261,0.171
1759183687571,2025-09-30 06:08:07.571,32.09,40.0,1.0,0.08,0.05,100,100,18.34,10.33,100.0,0.18,0.275,0.153
1759183692571,2025-09-30 06:08:12.571,29.61,40.0,1.0,0.08,0.05,100,100,15.89,7.91,100.0,-0.48,0.238,0.202
1759183697571,2025-09-30 06:08:17.571,27.66,40.0,1.0,0.08,0.05,100,100,18.41,10.39,100.0,0.5,0.276,0.152
1759183702571,2025-09-30 06:08:22.571,30.21,40.0,1.0,0.08,0.05,100,100,20.36,12.34,100.0,0.39,0.305,0.113
1759183707571,2025-09-30 06:08:27.571,30.3,40.0,1.0,0.08,0.05,100,100,17.77,9.79,100.0,-0.51,0.266,0.164
1759183712571,2025-09-30 06:08:32.571,31.77,40.0,1.0,0.08,0.05,100,100,17.7,9.7,100.0,-0.02,0.265,0.166
1759183717571,2025-09-30 06:08:37.571,33.8,40.0,1.0,0.08,0.05,100,100,16.22,8.23,100.0,-0.29,0.243,0.195
1759183722571,2025-09-30 06:08:42.571,35.53,40.0,1.0,0.08,0.05,100,100,14.18,6.2,100.0,-0.41,0.213,0.236
1759183727571,2025-09-30 06:08:47.571,34.98,40.0,1.0,0.08,0.05,100,100,12.46,4.47,100.0,-0.34,0.187,0.271
1759183732571,2025-09-30 06:08:52.571,37.4,40.0,1.0,0.08,0.05,100,100,13.03,5.02,100.0,0.11,0.195,0.26
1759183737571,2025-09-30 06:08:57.571,37.83,40.0,1.0,0.08,0.05,100,100,10.58,2.6,100.0,-0.48,0.159,0.308
1759183742571,2025-09-30 06:09:02.571,37.4,40.0,1.0,0.08,0.05,100,100,10.17,2.17,100.0,-0.09,0.153,0.317
1759183747571,2025-09-30 06:09:07.571,41.15,40.0,1.0,0.08,0.05,100,100,10.6,2.6,100.0,0.08,0.159,0.308
1759183752571,2025-09-30 06:09:12.571,40.13,40.0,1.0,0.08,0.05,100,100,6.35,-1.15,94.25,-0.75,0.095,0.383
1759183757571,2025-09-30 06:09:17.571,38.77,40.0,1.0,0.08,0.05,100,100,7.37,-0.13,93.63,0.2,0.111,0.363
1759183762571,2025-09-30 06:09:22.571,36.59,40.0,1.0,0.08,0.05,100,100,9.23,1.23,99.79,0.27,0.138,0.335
1759183767571,2025-09-30 06:09:27.571,35.96,40.0,1.0,0.08,0.05,100,100,11.43,3.41,100.0,0.43,0.171,0.292
1759183772571,2025-09-30 06:09:32.571,38.33,40.0,1.0,0.08,0.05,100,100,12.04,4.04,100.0,0.13,0.181,0.279
1759183777571,2025-09-30 06:09:37.571,39.96,40.0,1.0,0.08,0.05,100,100,9.64,1.67,100.0,-0.47,0.145,0.327
1759183782571,2025-09-30 06:09:42.571,42.77,40.0,1.0,0.08,0.05,100,100,8.03,0.04,100.0,-0.32,0.12,0.359
1759183787571,2025-09-30 06:09:47.571,42.27,40.0,1.0,0.08,0.05,100,100,4.09,-2.77,86.14,-0.56,0.061,0.415
1759183792571,2025-09-30 06:09:52.571,40.34,40.0,1.0,0.08,0.05,100,100,3.71,-2.27,74.77,0.1,0.056,0.405
1759183797571,2025-09-30 06:09:57.571,39.45,40.0,1.0,0.08,0.05,100,100,5.52,-0.34,73.05,0.39,0.083,0.367
1759183802571,2025-09-30 06:10:02.571,40.64,40.0,1.0,0.08,0.05,100,100,6.63,0.55,75.82,0.18,0.099,0.349
1759183807571,2025-09-30 06:10:07.571,40.34,40.0,1.0,0.08,0.05,100,100,5.15,-0.64,72.61,-0.24,0.077,0.373
1759183812571,2025-09-30 06:10:12.571,39.52,40.0,1.0,0.08,0.05,100,100,5.34,-0.34,70.92,0.06,0.08,0.367
1759183817571,2025-09-30 06:10:17.571,39.24,40.0,1.0,0.08,0.05,100,100,6.35,0.48,73.32,0.16,0.095,0.35
1759183822571,2025-09-30 06:10:22.571,39.39,40.0,1.0,0.08,0.05,100,100,6.93,0.76,77.1,0.06,0.104,0.345
1759183827571,2025-09-30 06:10:27.571,39.83,40.0,1.0,0.08,0.05,100,100,7.02,0.61,80.15,-0.03,0.105,0.348
1759183832571,2025-09-30 06:10:32.571,39.45,40.0,1.0,0.08,0.05,100,100,6.64,0.17,80.98,-0.09,0.1,0.357
1759183837571,2025-09-30 06:10:37.571,39.61,40.0,1.0,0.08,0.05,100,100,7.25,0.55,83.74,0.08,0.109,0.349
1759183842571,2025-09-30 06:10:42.571,39.24,40.0,1.0,0.08,0.05,100,100,7.24,0.39,85.67,-0.03,0.109,0.352
1759183847571,2025-09-30 06:10:47.571,37.71,40.0,1.0,0.08,0.05,100,100,7.93,0.76,89.49,0.08,0.119,0.345
1759183852571,2025-09-30 06:10:52.571,41.4,40.0,1.0,0.08,0.05,100,100,10.3,2.29,100.0,0.31,0.155,0.314
1759183857571,2025-09-30 06:10:57.571,39.88,40.0,1.0,0.08,0.05,100,100,6.0,-1.4,92.99,-0.74,0.09,0.388
1759183862571,2025-09-30 06:11:02.571,39.11,40.0,1.0,0.08,0.05,100,100,7.62,0.12,93.58,0.3,0.114,0.358
1759183867571,2025-09-30 06:11:07.571,38.03,40.0,1.0,0.08,0.05,100,100,8.74,0.89,98.04,0.15,0.131,0.342
1759183872571,2025-09-30 06:11:12.571,37.67,40.0,1.0,0.08,0.05,100,100,9.98,1.97,100.0,0.22,0.15,0.321
1759183877571,2025-09-30 06:11:17.571,37.01,40.0,1.0,0.08,0.05,100,100,10.34,2.33,100.0,0.07,0.155,0.313
1759183882571,2025-09-30 06:11:22.571,38.06,40.0,1.0,0.08,0.05,100,100,10.99,2.99,100.0,0.13,0.165,0.3
1759183887571,2025-09-30 06:11:27.571,38.2,40.0,1.0,0.08,0.05,100,100,9.93,1.94,100.0,-0.21,0.149,0.321
1759183892571,2025-09-30 06:11:32.571,37.95,40.0,1.0,0.08,0.05,100,100,9.8,1.8,100.0,-0.03,0.147,0.324
1759183897571,2025-09-30 06:11:37.571,37.33,40.0,1.0,0.08,0.05,100,100,10.05,2.05,100.0,0.05,0.151,0.319
1759183902571,2025-09-30 06:11:42.571,38.35,40.0,1.0,0.08,0.05,100,100,10.68,2.67,100.0,0.12,0.16,0.307
1759183907571,2025-09-30 06:11:47.571,37.91,40.0,1.0,0.08,0.05,100,100,9.64,1.65,100.0,-0.21,0.145,0.327
1759183912571,2025-09-30 06:11:52.571,38.21,40.0,1.0,0.08,0.05,100,100,10.1,2.09,100.0,0.09,0.151,0.318
1759183917571,2025-09-30 06:11:57.571,38.41,40.0,1.0,0.08,0.05,100,100,9.79,1.79,100.0,-0.06,0.147,0.324
1759183922571,2025-09-30 06:12:02.571,36.75,40.0,1.0,0.08,0.05,100,100,9.59,1.59,100.0,-0.04,0.144,0.328
1759183927571,2025-09-30 06:12:07.571,34.95,40.0,1.0,0.08,0.05,100,100,11.27,3.25,100.0,0.33,0.169,0.295
1759183932571,2025-09-30 06:12:12.571,33.27,40.0,1.0,0.08,0.05,100,100,13.07,5.05,100.0,0.36,0.196,0.259
1759183937571,2025-09-30 06:12:17.571,32.58,40.0,1.0,0.08,0.05,100,100,14.74,6.73,100.0,0.34,0.221,0.225
1759183942571,2025-09-30 06:12:22.571,31.88,40.0,1.0,0.08,0.05,100,100,15.43,7.42,100.0,0.14,0.231,0.212
1759183947571,2025-09-30 06:12:27.571,32.9,40.0,1.0,0.08,0.05,100,100,16.13,8.12,100.0,0.14,0.242,0.198
1759183952571,2025-09-30 06:12:32.571,34.72,40.0,1.0,0.08,0.05,100,100,15.09,7.1,100.0,-0.2,0.226,0.218
1759183957571,2025-09-30 06:12:37.571,35.49,40.0,1.0,0.08,0.05,100,100,13.27,5.28,100.0,-0.36,0.199,0.254
1759183962571,2025-09-30 06:12:42.571,34.91,40.0,1.0,0.08,0.05,100,100,12.5,4.51,100.0,-0.16,0.187,0.27
1759183967571,2025-09-30 06:12:47.571,34.5,40.0,1.0,0.08,0.05,100,100,13.1,5.09,100.0,0.12,0.196,0.258
1759183972571,2025-09-30 06:12:52.571,35.32,40.0,1.0,0.08,0.05,100,100,13.51,5.5,100.0,0.08,0.203,0.25
1759183977571,2025-09-30 06:12:57.571,34.38,40.0,1.0,0.08,0.05,100,100,12.67,4.68,100.0,-0.16,0.19,0.266
1759183982571,2025-09-30 06:13:02.571,34.61,40.0,1.0,0.08,0.05,100,100,13.62,5.62,100.0,0.19,0.204,0.248
1759183987571,2025-09-30 06:13:07.571,34.56,40.0,1.0,0.08,0.05,100,100,13.39,5.39,100.0,-0.05,0.201,0.252
1759183992571,2025-09-30 06:13:12.571,32.87,40.0,1.0,0.08,0.05,100,100,13.44,5.44,100.0,0.01,0.202,0.251
1759183997571,2025-09-30 06:13:17.571,33.63,40.0,1.0,0.08,0.05,100,100,15.15,7.13,100.0,0.34,0.227,0.217
1759184002571,2025-09-30 06:13:22.571,34.35,40.0,1.0,0.08,0.05,100,100,14.36,6.37,100.0,-0.15,0.215,0.233
1759184007571,2025-09-30 06:13:27.571,36.08,40.0,1.0,0.08,0.05,100,100,13.64,5.65,100.0,-0.14,0.205,0.247
1759184012571,2025-09-30 06:13:32.571,32.67,40.0,1.0,0.08,0.05,100,100,11.91,3.92,100.0,-0.35,0.179,0.282
1759184017571,2025-09-30 06:13:37.571,30.37,40.0,1.0,0.08,0.05,100,100,15.36,7.33,100.0,0.68,0.23,0.213
1759184022571,2025-09-30 06:13:42.571,27.29,40.0,1.0,0.08,0.05,100,100,17.65,9.63,100.0,0.46,0.265,0.167
1759184027571,2025-09-30 06:13:47.571,27.67,40.0,1.0,0.08,0.05,100,100,20.74,12.71,100.0,0.62,0.311,0.106
1759184032571,2025-09-30 06:13:52.571,26.3,40.0,1.0,0.08,0.05,100,100,20.33,12.33,100.0,-0.07,0.305,0.113
1759184037571,2025-09-30 06:13:57.571,25.07,40.0,1.0,0.08,0.05,100,100,21.71,13.7,100.0,0.27,0.326,0.086
1759184042571,2025-09-30 06:14:02.571,26.28,40.0,1.0,0.08,0.05,100,100,22.94,14.93,100.0,0.25,0.344,0.061
1759184047571,2025-09-30 06:14:07.571,28.1,40.0,1.0,0.08,0.05,100,100,21.71,13.72,100.0,-0.24,0.326,0.086
1759184052571,2025-09-30 06:14:12.571,27.97,40.0,1.0,0.08,0.05,100,100,19.88,11.9,100.0,-0.36,0.298,0.122
1759184057571,2025-09-30 06:14:17.571,29.29,40.0,1.0,0.08,0.05,100,100,20.03,12.03,100.0,0.03,0.3,0.119
1759184062571,2025-09-30 06:14:22.571,29.05,40.0,1.0,0.08,0.05,100,100,18.69,10.71,100.0,-0.26,0.28,0.146
1759184067571,2025-09-30 06:14:27.571,28.99,40.0,1.0,0.08,0.05,100,100,18.95,10.95,100.0,0.05,0.284,0.141
1759184072571,2025-09-30 06:14:32.571,31.07,40.0,1.0,0.08,0.05,100,100,19.01,11.01,100.0,0.01,0.285,0.14
1759184077571,2025-09-30 06:14:37.571,30.18,40.0,1.0,0.08,0.05,100,100,16.91,8.93,100.0,-0.42,0.254,0.181
1759184082571,2025-09-30 06:14:42.571,28.21,40.0,1.0,0.08,0.05,100,100,17.82,9.82,100.0,0.18,0.267,0.164
1759184087571,2025-09-30 06:14:47.571,31.1,40.0,1.0,0.08,0.05,100,100,19.81,11.79,100.0,0.4,0.297,0.124
1759184092571,2025-09-30 06:14:52.571,31.65,40.0,1.0,0.08,0.05,100,100,16.88,8.9,100.0,-0.58,0.253,0.182
1759184097571,2025-09-30 06:14:57.571,33.06,40.0,1.0,0.08,0.05,100,100,16.34,8.35,100.0,-0.11,0.245,0.193
1759184102571,2025-09-30 06:15:02.571,30.22,40.0,1.0,0.08,0.05,100,100,14.93,6.94,100.0,-0.28,0.224,0.221
1759184107571,2025-09-30 06:15:07.571,32.63,40.0,1.0,0.08,0.05,100,100,17.81,9.78,100.0,0.57,0.267,0.164
1759184112571,2025-09-30 06:15:12.571,33.47,40.0,1.0,0.08,0.05,100,100,15.34,7.37,100.0,-0.48,0.23,0.213
1759184117571,2025-09-30 06:15:17.571,31.77,40.0,1.0,0.08,0.05,100,100,14.52,6.53,100.0,-0.17,0.218,0.229
1759184122571,2025-09-30 06:15:22.571,31.11,40.0,1.0,0.08,0.05,100,100,16.25,8.23,100.0,0.34,0.244,0.195
1759184127571,2025-09-30 06:15:27.571,33.25,40.0,1.0,0.08,0.05,100,100,16.89,8.89,100.0,0.13,0.253,0.182
1759184132571,2025-09-30 06:15:32.571,32.28,40.0,1.0,0.08,0.05,100,100,14.73,6.75,100.0,-0.43,0.221,0.225
1759184137571,2025-09-30 06:15:37.571,31.4,40.0,1.0,0.08,0.05,100,100,15.73,7.72,100.0,0.19,0.236,0.206
1759184142571,2025-09-30 06:15:42.571,32.92,40.0,1.0,0.08,0.05,100,100,16.61,8.6,100.0,0.18,0.249,0.188
1759184147571,2025-09-30 06:15:47.571,31.6,40.0,1.0,0.08,0.05,100,100,15.07,7.08,100.0,-0.3,0.226,0.218
1759184152571,2025-09-30 06:15:52.571,30.85,40.0,1.0,0.08,0.05,100,100,16.41,8.4,100.0,0.26,0.246,0.192
1759184157571,2025-09-30 06:15:57.571,29.57,40.0,1.0,0.08,0.05,100,100,17.16,9.15,100.0,0.15,0.257,0.177
1759184162571,2025-09-30 06:16:02.571,28.79,40.0,1.0,0.08,0.05,100,100,18.44,10.43,100.0,0.26,0.277,0.151
1759184167571,2025-09-30 06:16:07.571,29.49,40.0,1.0,0.08,0.05,100,100,19.22,11.21,100.0,0.16,0.288,0.136
1759184172571,2025-09-30 06:16:12.571,32.52,40.0,1.0,0.08,0.05,100,100,18.51,10.51,100.0,-0.14,0.278,0.15
1759184177571,2025-09-30 06:16:17.571,34.04,40.0,1.0,0.08,0.05,100,100,15.45,7.48,100.0,-0.61,0.232,0.21
1759184182571,2025-09-30 06:16:22.571,36.85,40.0,1.0,0.08,0.05,100,100,13.95,5.96,100.0,-0.3,0.209,0.241
1759184187571,2025-09-30 06:16:27.571,36.11,40.0,1.0,0.08,0.05,100,100,11.12,3.15,100.0,-0.56,0.167,0.297
1759184192571,2025-09-30 06:16:32.571,38.67,40.0,1.0,0.08,0.05,100,100,11.9,3.89,100.0,0.15,0.179,0.282
1759184197571,2025-09-30 06:16:37.571,39.11,40.0,1.0,0.08,0.05,100,100,9.31,1.33,100.0,-0.51,0.14,0.333
1759184202571,2025-09-30 06:16:42.571,38.31,40.0,1.0,0.08,0.05,100,100,8.89,0.89,100.0,-0.09,0.133,0.342
1759184207571,2025-09-30 06:16:47.571,36.22,40.0,1.0,0.08,0.05,100,100,9.7,1.69,100.0,0.16,0.146,0.326
1759184212571,2025-09-30 06:16:52.571,37.34,40.0,1.0,0.08,0.05,100,100,11.8,3.78,100.0,0.42,0.177,0.284
1759184217571,2025-09-30 06:16:57.571,37.07,40.0,1.0,0.08,0.05,100,100,10.65,2.66,100.0,-0.22,0.16,0.307
1759184222571,2025-09-30 06:17:02.571,35.63,40.0,1.0,0.08,0.05,100,100,10.94,2.93,100.0,0.05,0.164,0.301
1759184227571,2025-09-30 06:17:07.571,33.92,40.0,1.0,0.08,0.05,100,100,12.38,4.37,100.0,0.29,0.186,0.273
1759184232571,2025-09-30 06:17:12.571,33.5,40.0,1.0,0.08,0.05,100,100,14.09,6.08,100.0,0.34,0.211,0.238
1759184237571,2025-09-30 06:17:17.571,34.7,40.0,1.0,0.08,0.05,100,100,14.5,6.5,100.0,0.08,0.218,0.23
1759184242571,2025-09-30 06:17:22.571,32.58,40.0,1.0,0.08,0.05,100,100,13.29,5.3,100.0,-0.24,0.199,0.254
1759184247571,2025-09-30 06:17:27.571,33.28,40.0,1.0,0.08,0.05,100,100,15.44,7.42,100.0,0.42,0.232,0.212
1759184252571,2025-09-30 06:17:32.571,32.72,40.0,1.0,0.08,0.05,100,100,14.72,6.72,100.0,-0.14,0.221,0.226
1759184257571,2025-09-30 06:17:37.571,35.43,40.0,1.0,0.08,0.05,100,100,15.29,7.28,100.0,0.11,0.229,0.214
1759184262571,2025-09-30 06:17:42.571,38.46,40.0,1.0,0.08,0.05,100,100,12.55,4.57,100.0,-0.54,0.188,0.269
1759184267571,2025-09-30 06:17:47.571,38.25,40.0,1.0,0.08,0.05,100,100,9.51,1.54,100.0,-0.61,0.143,0.329
1759184272571,2025-09-30 06:17:52.571,36.6,40.0,1.0,0.08,0.05,100,100,9.75,1.75,100.0,0.04,0.146,0.325
1759184277571,2025-09-30 06:17:57.571,37.21,40.0,1.0,0.08,0.05,100,100,11.41,3.4,100.0,0.33,0.171,0.292
1759184282571,2025-09-30 06:18:02.571,37.59,40.0,1.0,0.08,0.05,100,100,10.78,2.79,100.0,-0.12,0.162,0.304
1759184287571,2025-09-30 06:18:07.571,37.69,40.0,1.0,0.08,0.05,100,100,10.41,2.41,100.0,-0.08,0.156,0.312
1759184292571,2025-09-30 06:18:12.571,38.81,40.0,1.0,0.08,0.05,100,100,10.31,2.31,100.0,-0.02,0.155,0.314
1759184297571,2025-09-30 06:18:17.571,38.81,40.0,1.0,0.08,0.05,100,100,9.18,1.19,100.0,-0.22,0.138,0.336
1759184302571,2025-09-30 06:18:22.571,39.91,40.0,1.0,0.08,0.05,100,100,9.19,1.19,100.0,-0.0,0.138,0.336
1759184307571,2025-09-30 06:18:27.571,39.65,40.0,1.0,0.08,0.05,100,100,8.07,0.09,100.0,-0.22,0.121,0.358
1759184312571,2025-09-30 06:18:32.571,41.51,40.0,1.0,0.08,0.05,100,100,8.35,0.35,100.0,0.05,0.125,0.353
1759184317571,2025-09-30 06:18:37.571,41.92,40.0,1.0,0.08,0.05,100,100,5.86,-1.51,92.44,-0.37,0.088,0.39
1759184322571,2025-09-30 06:18:42.571,45.77,40.0,1.0,0.08,0.05,100,100,4.7,-1.92,82.84,-0.08,0.071,0.398
1759184327571,2025-09-30 06:18:47.571,43.13,40.0,1.0,0.08,0.05,100,100,-1.49,-5.77,53.97,-0.77,0.0,0.475
1759184332571,2025-09-30 06:18:52.571,42.6,25.0,1.0,0.08,0.05,100,100,-0.03,-3.13,38.34,0.53,0.0,0.423
1759184337571,2025-09-30 06:18:57.571,45.63,25.0,1.0,0.08,0.05,100,100,-21.71,-17.6,-49.64,-2.89,0.0,0.412
1759184342571,2025-09-30 06:19:02.571,46.1,25.0,1.0,0.08,0.05,100,100,-28.66,-20.63,-100.0,-0.61,0.0,0.473
1759184347571,2025-09-30 06:19:07.571,46.1,25.0,1.0,0.08,0.05,100,100,-29.11,-21.1,-100.0,-0.1,0.0,0.482
1759184352571,2025-09-30 06:19:12.571,44.65,25.0,1.0,0.08,0.05,100,100,-29.1,-21.1,-100.0,0.0,0.0,0.482
1759184357571,2025-09-30 06:19:17.571,45.72,25.0,1.0,0.08,0.05,100,100,-27.63,-19.65,-100.0,0.29,0.0,0.453
1759184362571,2025-09-30 06:19:22.571,45.72,25.0,1.0,0.08,0.05,100,100,-28.73,-20.72,-100.0,-0.21,0.0,0.474
1759184367571,2025-09-30 06:19:27.571,44.54,25.0,1.0,0.08,0.05,100,100,-28.72,-20.72,-100.0,-0.0,0.0,0.474
1759184372571,2025-09-30 06:19:32.571,44.43,25.0,1.0,0.08,0.05,100,100,-27.53,-19.54,-100.0,0.24,0.0,0.451
1759184377571,2025-09-30 06:19:37.571,47.95,25.0,1.0,0.08,0.05,100,100,-27.43,-19.43,-100.0,0.02,0.0,0.449
1759184382571,2025-09-30 06:19:42.571,47.89,25.0,1.0,0.08,0.05,100,100,-30.99,-22.95,-100.0,-0.71,0.0,0.519
1759184387571,2025-09-30 06:19:47.571,48.73,25.0,1.0,0.08,0.05,100,100,-30.89,-22.89,-100.0,0.01,0.0,0.518
1759184392571,2025-09-30 06:19:52.571,49.25,25.0,1.0,0.08,0.05,100,100,-31.74,-23.73,-100.0,-0.17,0.0,0.535
1759184397571,2025-09-30 06:19:57.571,48.41,25.0,1.0,0.08,0.05,100,100,-32.26,-24.25,-100.0,-0.1,0.0,0.545
1759184402571,2025-09-30 06:20:02.571,48.23,25.0,1.0,0.08,0.05,100,100,-31.4,-23.41,-100.0,0.17,0.0,0.528
1759184407571,2025-09-30 06:20:07.571,49.0,25.0,1.0,0.08,0.05,100,100,-31.23,-23.23,-100.0,0.04,0.0,0.525
1759184412571,2025-09-30 06:20:12.571,46.48,25.0,1.0,0.08,0.05,100,100,-32.01,-24.0,-100.0,-0.15,0.0,0.54
1759184417571,2025-09-30 06:20:17.571,47.33,25.0,1.0,0.08,0.05,100,100,-29.45,-21.48,-100.0,0.5,0.0,0.49
1759184422571,2025-09-30 06:20:22.571,48.69,25.0,1.0,0.08,0.05,100,100,-30.34,-22.33,-100.0,-0.17,0.0,0.507
1759184427571,2025-09-30 06:20:27.571,47.38,25.0,1.0,0.08,0.05,100,100,-31.71,-23.69,-100.0,-0.27,0.0,0.534
1759184432571,2025-09-30 06:20:32.571,47.32,25.0,1.0,0.08,0.05,100,100,-30.36,-22.38,-100.0,0.26,0.0,0.508
1759184437571,2025-09-30 06:20:37.571,46.49,25.0,1.0,0.08,0.05,100,100,-30.32,-22.32,-100.0,0.01,0.0,0.506
1759184442571,2025-09-30 06:20:42.571,46.52,25.0,1.0,0.08,0.05,100,100,-29.48,-21.49,-100.0,0.17,0.0,0.49
1759184447571,2025-09-30 06:20:47.571,46.51,25.0,1.0,0.08,0.05,100,100,-29.52,-21.52,-100.0,-0.01,0.0,0.49
1759184452571,2025-09-30 06:20:52.571,43.89,25.0,1.0,0.08,0.05,100,100,-29.51,-21.51,-100.0,0.0,0.0,0.49
1759184457571,2025-09-30 06:20:57.571,44.41,25.0,1.0,0.08,0.05,100,100,-26.86,-18.89,-100.0,0.53,0.0,0.438
1759184462571,2025-09-30 06:21:02.571,45.79,25.0,1.0,0.08,0.05,100,100,-27.41,-19.41,-100.0,-0.1,0.0,0.448
1759184467571,2025-09-30 06:21:07.571,48.36,25.0,1.0,0.08,0.05,100,100,-28.8,-20.79,-100.0,-0.28,0.0,0.476
1759184472571,2025-09-30 06:21:12.571,47.2,25.0,1.0,0.08,0.05,100,100,-31.39,-23.36,-100.0,-0.51,0.0,0.527
1759184477571,2025-09-30 06:21:17.571,46.49,25.0,1.0,0.08,0.05,100,100,-30.19,-22.2,-100.0,0.23,0.0,0.504
1759184482571,2025-09-30 06:21:22.571,46.21,25.0,1.0,0.08,0.05,100,100,-29.48,-21.49,-100.0,0.14,0.0,0.49
1759184487571,2025-09-30 06:21:27.571,45.43,25.0,1.0,0.08,0.05,100,100,-29.2,-21.21,-100.0,0.06,0.0,0.484
1759184492571,2025-09-30 06:21:32.571,41.34,25.0,1.0,0.08,0.05,100,100,-28.43,-20.43,-100.0,0.15,0.0,0.469
1759184497571,2025-09-30 06:21:37.571,39.54,25.0,1.0,0.08,0.05,100,100,-24.3,-16.34,-100.0,0.82,0.0,0.387
1759184502571,2025-09-30 06:21:42.571,39.2,25.0,1.0,0.08,0.05,100,100,-22.52,-14.54,-100.0,0.36,0.0,0.351
1759184507571,2025-09-30 06:21:47.571,40.49,25.0,1.0,0.08,0.05,100,100,-22.2,-14.2,-100.0,0.07,0.0,0.344
1759184512571,2025-09-30 06:21:52.571,42.73,25.0,1.0,0.08,0.05,100,100,-23.5,-15.49,-100.0,-0.26,0.0,0.37
1759184517571,2025-09-30 06:21:57.571,43.05,25.0,1.0,0.08,0.05,100,100,-25.75,-17.73,-100.0,-0.45,0.0,0.415
1759184522571,2025-09-30 06:22:02.571,44.1,25.0,1.0,0.08,0.05,100,100,-26.05,-18.05,-100.0,-0.06,0.0,0.421
1759184527571,2025-09-30 06:22:07.571,42.49,25.0,1.0,0.08,0.05,100,100,-27.11,-19.1,-100.0,-0.21,0.0,0.442
1759184532571,2025-09-30 06:22:12.571,42.86,25.0,1.0,0.08,0.05,100,100,-25.47,-17.49,-100.0,0.32,0.0,0.41
1759184537571,2025-09-30 06:22:17.571,44.34,25.0,1.0,0.08,0.05,100,100,-25.86,-17.86,-100.0,-0.07,0.0,0.417
1759184542571,2025-09-30 06:22:22.571,44.62,25.0,1.0,0.08,0.05,100,100,-27.35,-19.34,-100.0,-0.3,0.0,0.447
1759184547571,2025-09-30 06:22:27.571,45.32,25.0,1.0,0.08,0.05,100,100,-27.62,-19.62,-100.0,-0.06,0.0,0.452
1759184552571,2025-09-30 06:22:32.571,45.93,25.0,1.0,0.08,0.05,100,100,-28.33,-20.32,-100.0,-0.14,0.0,0.466
1759184557571,2025-09-30 06:22:37.571,46.05,25.0,1.0,0.08,0.05,100,100,-28.93,-20.93,-100.0,-0.12,0.0,0.479
1759184562571,2025-09-30 06:22:42.571,41.17,25.0,1.0,0.08,0.05,100,100,-29.05,-21.05,-100.0,-0.03,0.0,0.481
1759184567571,2025-09-30 06:22:47.571,35.61,25.0,1.0,0.08,0.05,100,100,-24.12,-16.17,-100.0,0.98,0.0,0.383
1759184572571,2025-09-30 06:22:52.571,33.46,25.0,1.0,0.08,0.05,100,100,-18.55,-10.61,-100.0,1.11,0.0,0.272
1759184577571,2025-09-30 06:22:57.571,32.94,25.0,1.0,0.08,0.05,100,100,-16.44,-8.46,-100.0,0.43,0.0,0.229
1759184582571,2025-09-30 06:23:02.571,30.54,25.0,1.0,0.08,0.05,100,100,-15.94,-7.94,-100.0,0.1,0.0,0.219
1759184587571,2025-09-30 06:23:07.571,29.85,25.0,1.0,0.08,0.05,100,100,-13.52,-5.54,-100.0,0.48,0.0,0.171
1759184592571,2025-09-30 06:23:12.571,29.27,25.0,1.0,0.08,0.05,100,100,-12.85,-4.85,-100.0,0.14,0.0,0.157
1759184597571,2025-09-30 06:23:17.571,28.99,25.0,1.0,0.08,0.05,100,100,-12.26,-4.27,-100.0,0.12,0.0,0.145
1759184602571,2025-09-30 06:23:22.571,29.57,25.0,1.0,0.08,0.05,100,100,-11.99,-3.99,-100.0,0.06,0.0,0.14
1759184607571,2025-09-30 06:23:27.571,27.64,25.0,1.0,0.08,0.05,100,100,-12.58,-4.57,-100.0,-0.12,0.0,0.151
1759184612571,2025-09-30 06:23:32.571,26.19,25.0,1.0,0.08,0.05,100,100,-10.62,-2.64,-100.0,0.39,0.0,0.113
1759184617571,2025-09-30 06:23:37.571,29.25,25.0,1.0,0.08,0.05,100,100,-9.18,-1.19,-100.0,0.29,0.0,0.084
1759184622571,2025-09-30 06:23:42.571,30.35,25.0,1.0,0.08,0.05,100,100,-12.28,-4.25,-100.0,-0.61,0.0,0.145
1759184627571,2025-09-30 06:23:47.571,29.58,25.0,1.0,0.08,0.05,100,100,-13.36,-5.35,-100.0,-0.22,0.0,0.167
1759184632571,2025-09-30 06:23:52.571,29.68,25.0,1.0,0.08,0.05,100,100,-12.57,-4.58,-100.0,0.16,0.0,0.152
1759184637571,2025-09-30 06:23:57.571,29.76,25.0,1.0,0.08,0.05,100,100,-12.68,-4.68,-100.0,-0.02,0.0,0.154
1759184642571,2025-09-30 06:24:02.571,32.33,25.0,1.0,0.08,0.05,100,100,-12.76,-4.76,-100.0,-0.02,0.0,0.155
1759184647571,2025-09-30 06:24:07.571,33.9,25.0,1.0,0.08,0.05,100,100,-15.35,-7.33,-100.0,-0.51,0.0,0.207
1759184652571,2025-09-30 06:24:12.571,29.17,25.0,1.0,0.08,0.05,100,100,-16.92,-8.9,-100.0,-0.32,0.0,0.238
1759184657571,2025-09-30 06:24:17.571,28.1,25.0,1.0,0.08,0.05,100,100,-12.12,-4.17,-100.0,0.95,0.0,0.143
1759184662571,2025-09-30 06:24:22.571,27.53,25.0,1.0,0.08,0.05,100,100,-11.09,-3.1,-100.0,0.21,0.0,0.122
1759184667571,2025-09-30 06:24:27.571,27.75,25.0,1.0,0.08,0.05,100,100,-10.52,-2.53,-100.0,0.11,0.0,0.111
1759184672571,2025-09-30 06:24:32.571,29.86,25.0,1.0,0.08,0.05,100,100,-10.75,-2.75,-100.0,-0.04,0.0,0.115
1759184677571,2025-09-30 06:24:37.571,29.04,25.0,1.0,0.08,0.05,100,100,-12.88,-4.86,-100.0,-0.42,0.0,0.157
1759184682571,2025-09-30 06:24:42.571,29.25,25.0,1.0,0.08,0.05,100,100,-12.03,-4.04,-100.0,0.16,0.0,0.141
1759184687571,2025-09-30 06:24:47.571,28.44,25.0,1.0,0.08,0.05,100,100,-12.25,-4.25,-100.0,-0.04,0.0,0.145
1759184692571,2025-09-30 06:24:52.571,28.29,25.0,1.0,0.08,0.05,100,100,-11.44,-3.44,-100.0,0.16,0.0,0.129
1759184697571,2025-09-30 06:24:57.571,26.05,25.0,1.0,0.08,0.05,100,100,-11.29,-3.29,-100.0,0.03,0.0,0.126
1759184702571,2025-09-30 06:25:02.571,24.43,25.0,1.0,0.08,0.05,100,100,-9.02,-1.05,-100.0,0.45,0.0,0.081
1759184707571,2025-09-30 06:25:07.571,24.45,25.0,1.0,0.08,0.05,100,100,-7.19,0.57,-97.15,0.32,0.0,0.049
1759184712571,2025-09-30 06:25:12.571,23.79,25.0,1.0,0.08,0.05,100,100,-7.0,0.55,-94.4,-0.0,0.0,0.049
1759184717571,2025-09-30 06:25:17.571,24.19,25.0,1.0,0.08,0.05,100,100,-5.85,1.21,-88.35,0.13,0.0,0.036
1759184722571,2025-09-30 06:25:22.571,23.61,25.0,1.0,0.08,0.05,100,100,-5.94,0.81,-84.31,-0.08,0.0,0.044
1759184727571,2025-09-30 06:25:27.571,23.82,25.0,1.0,0.08,0.05,100,100,-4.79,1.39,-77.34,0.12,0.0,0.032
1759184732571,2025-09-30 06:25:32.571,25.23,25.0,1.0,0.08,0.05,100,100,-4.54,1.18,-71.45,-0.04,0.0,0.036
1759184737571,2025-09-30 06:25:37.571,24.06,25.0,1.0,0.08,0.05,100,100,-6.05,-0.23,-72.59,-0.28,0.0,0.065
1759184742571,2025-09-30 06:25:42.571,23.17,25.0,1.0,0.08,0.05,100,100,-4.48,0.94,-67.89,0.23,0.0,0.041
1759184747571,2025-09-30 06:25:47.571,22.99,25.0,1.0,0.08,0.05,100,100,-2.86,1.83,-58.73,0.18,0.0,0.023
1759184752571,2025-09-30 06:25:52.571,25.18,25.0,1.0,0.08,0.05,100,100,-1.89,2.01,-48.69,0.03,0.0,0.02
1759184757571,2025-09-30 06:25:57.571,25.23,25.0,1.0,0.08,0.05,100,100,-4.17,-0.18,-49.59,-0.44,0.0,0.064
1759184762571,2025-09-30 06:26:02.571,26.01,25.0,1.0,0.08,0.05,100,100,-4.29,-0.23,-50.75,-0.01,0.0,0.065
1759184767571,2025-09-30 06:26:07.571,26.46,25.0,1.0,0.08,0.05,100,100,-5.48,-1.01,-55.79,-0.16,0.0,0.08
1759184772571,2025-09-30 06:26:12.571,25.65,25.0,1.0,0.08,0.05,100,100,-6.51,-1.46,-63.1,-0.09,0.0,0.089
1759184777571,2025-09-30 06:26:17.571,25.48,25.0,1.0,0.08,0.05,100,100,-5.95,-0.65,-66.35,0.16,0.0,0.073
1759184782571,2025-09-30 06:26:22.571,29.19,25.0,1.0,0.08,0.05,100,100,-5.98,-0.48,-68.75,0.03,0.0,0.07
1759184787571,2025-09-30 06:26:27.571,29.5,25.0,1.0,0.08,0.05,100,100,-11.41,-4.19,-89.72,-0.74,0.0,0.144
1759184792571,2025-09-30 06:26:32.571,30.02,25.0,1.0,0.08,0.05,100,100,-12.5,-4.5,-100.0,-0.06,0.0,0.15
1759184797571,2025-09-30 06:26:37.571,29.71,25.0,1.0,0.08,0.05,100,100,-13.02,-5.02,-100.0,-0.1,0.0,0.16
1759184802571,2025-09-30 06:26:42.571,26.41,25.0,1.0,0.08,0.05,100,100,-12.71,-4.71,-100.0,0.06,0.0,0.154
1759184807571,2025-09-30 06:26:47.571,27.16,25.0,1.0,0.08,0.05,100,100,-9.38,-1.41,-100.0,0.66,0.0,0.088
1759184812571,2025-09-30 06:26:52.571,29.51,25.0,1.0,0.08,0.05,100,100,-10.17,-2.16,-100.0,-0.15,0.0,0.103
1759184817571,2025-09-30 06:26:57.571,27.02,25.0,1.0,0.08,0.05,100,100,-12.54,-4.51,-100.0,-0.47,0.0,0.15
1759184822571,2025-09-30 06:27:02.571,27.69,40.0,1.0,0.08,0.05,100,100,-10.0,-2.02,-100.0,0.5,0.0,0.1
1759184827571,2025-09-30 06:27:07.571,27.74,40.0,1.0,0.08,0.05,100,100,9.38,12.31,-38.45,2.87,0.141,0.114
1759184832571,2025-09-30 06:27:12.571,28.04,40.0,1.0,0.08,0.05,100,100,14.08,12.26,22.84,-0.01,0.211,0.115
1759184837571,2025-09-30 06:27:17.571,30.58,40.0,1.0,0.08,0.05,100,100,18.56,11.96,82.61,-0.06,0.278,0.121
1759184842571,2025-09-30 06:27:22.571,29.99,40.0,1.0,0.08,0.05,100,100,17.4,9.42,100.0,-0.51,0.261,0.172
1759184847571,2025-09-30 06:27:27.571,31.81,40.0,1.0,0.08,0.05,100,100,18.02,10.01,100.0,0.12,0.27,0.16
1759184852571,2025-09-30 06:27:32.571,30.65,40.0,1.0,0.08,0.05,100,100,16.17,8.19,100.0,-0.36,0.243,0.196
1759184857571,2025-09-30 06:27:37.571,30.35,40.0,1.0,0.08,0.05,100,100,17.37,9.35,100.0,0.23,0.26,0.173
1759184862571,2025-09-30 06:27:42.571,29.57,40.0,1.0,0.08,0.05,100,100,17.65,9.65,100.0,0.06,0.265,0.167
1759184867571,2025-09-30 06:27:47.571,30.29,40.0,1.0,0.08,0.05,100,100,18.44,10.43,100.0,0.16,0.277,0.151
1759184872571,2025-09-30 06:27:52.571,30.51,40.0,1.0,0.08,0.05,100,100,17.71,9.71,100.0,-0.14,0.266,0.166
1759184877571,2025-09-30 06:27:57.571,30.83,40.0,1.0,0.08,0.05,100,100,17.49,9.49,100.0,-0.04,0.262,0.17
1759184882571,2025-09-30 06:28:02.571,31.05,40.0,1.0,0.08,0.05,100,100,17.17,9.17,100.0,-0.06,0.258,0.177
1759184887571,2025-09-30 06:28:07.571,33.53,40.0,1.0,0.08,0.05,100,100,16.95,8.95,100.0,-0.04,0.254,0.181
1759184892571,2025-09-30 06:28:12.571,33.3,40.0,1.0,0.08,0.05,100,100,14.45,6.47,100.0,-0.5,0.217,0.231
1759184897571,2025-09-30 06:28:17.571,32.94,40.0,1.0,0.08,0.05,100,100,14.7,6.7,100.0,0.05,0.221,0.226
1759184902571,2025-09-30 06:28:22.571,33.35,40.0,1.0,0.08,0.05,100,100,15.06,7.06,100.0,0.07,0.226,0.219
1759184907571,2025-09-30 06:28:27.571,32.45,40.0,1.0,0.08,0.05,100,100,14.65,6.65,100.0,-0.08,0.22,0.227
1759184912571,2025-09-30 06:28:32.571,33.74,40.0,1.0,0.08,0.05,100,100,15.56,7.55,100.0,0.18,0.233,0.209
1759184917571,2025-09-30 06:28:37.571,32.46,40.0,1.0,0.08,0.05,100,100,14.25,6.26,100.0,-0.26,0.214,0.235
1759184922571,2025-09-30 06:28:42.571,33.84,40.0,1.0,0.08,0.05,100,100,15.55,7.54,100.0,0.26,0.233,0.209
1759184927571,2025-09-30 06:28:47.571,36.27,40.0,1.0,0.08,0.05,100,100,14.14,6.16,100.0,-0.28,0.212,0.237
1759184932571,2025-09-30 06:28:52.571,36.1,40.0,1.0,0.08,0.05,100,100,11.7,3.73,100.0,-0.49,0.176,0.285
1759184937571,2025-09-30 06:28:57.571,35.38,40.0,1.0,0.08,0.05,100,100,11.9,3.9,100.0,0.03,0.178,0.282
1759184942571,2025-09-30 06:29:02.571,34.83,40.0,1.0,0.08,0.05,100,100,12.62,4.62,100.0,0.14,0.189,0.268
1759184947571,2025-09-30 06:29:07.571,37.27,40.0,1.0,0.08,0.05,100,100,13.18,5.17,100.0,0.11,0.198,0.257
1759184952571,2025-09-30 06:29:12.571,40.32,40.0,1.0,0.08,0.05,100,100,10.7,2.73,100.0,-0.49,0.161,0.305
1759184957571,2025-09-30 06:29:17.571,40.0,40.0,1.0,0.08,0.05,100,100,7.52,-0.32,98.38,-0.61,0.113,0.366
1759184962571,2025-09-30 06:29:22.571,38.46,40.0,1.0,0.08,0.05,100,100,7.88,0.0,98.39,0.07,0.118,0.36
1759184967571,2025-09-30 06:29:27.571,38.0,40.0,1.0,0.08,0.05,100,100,9.56,1.54,100.0,0.31,0.143,0.329
1759184972571,2025-09-30 06:29:32.571,33.42,40.0,1.0,0.08,0.05,100,100,10.01,2.0,100.0,0.09,0.15,0.32
1759184977571,2025-09-30 06:29:37.571,34.36,40.0,1.0,0.08,0.05,100,100,14.63,6.58,100.0,0.92,0.219,0.228
1759184982571,2025-09-30 06:29:42.571,34.64,40.0,1.0,0.08,0.05,100,100,13.63,5.64,100.0,-0.19,0.204,0.247
1759184987571,2025-09-30 06:29:47.571,36.33,40.0,1.0,0.08,0.05,100,100,13.36,5.36,100.0,-0.06,0.2,0.253
1759184992571,2025-09-30 06:29:52.571,33.48,40.0,1.0,0.08,0.05,100,100,11.65,3.67,100.0,-0.34,0.175,0.287
1759184997571,2025-09-30 06:29:57.571,33.56,40.0,1.0,0.08,0.05,100,100,14.55,6.52,100.0,0.57,0.218,0.23
1759185002571,2025-09-30 06:30:02.571,37.17,40.0,1.0,0.08,0.05,100,100,14.44,6.44,100.0,-0.02,0.217,0.231
1759185007571,2025-09-30 06:30:07.571,35.51,40.0,1.0,0.08,0.05,100,100,10.8,2.83,100.0,-0.72,0.162,0.303
1759185012571,2025-09-30 06:30:12.571,36.43,40.0,1.0,0.08,0.05,100,100,12.51,4.49,100.0,0.33,0.188,0.27
1759185017571,2025-09-30 06:30:17.571,34.56,40.0,1.0,0.08,0.05,100,100,11.56,3.57,100.0,-0.18,0.173,0.289
1759185022571,2025-09-30 06:30:22.571,33.34,40.0,1.0,0.08,0.05,100,100,13.46,5.44,100.0,0.37,0.202,0.251
1759185027571,2025-09-30 06:30:27.571,33.78,40.0,1.0,0.08,0.05,100,100,14.67,6.66,100.0,0.24,0.22,0.227
1759185032571,2025-09-30 06:30:32.571,35.09,40.0,1.0,0.08,0.05,100,100,14.21,6.22,100.0,-0.09,0.213,0.236
1759185037571,2025-09-30 06:30:37.571,32.18,40.0,1.0,0.08,0.05,100,100,12.89,4.91,100.0,-0.26,0.193,0.262
1759185042571,2025-09-30 06:30:42.571,33.96,40.0,1.0,0.08,0.05,100,100,15.84,7.82,100.0,0.58,0.238,0.204
1759185047571,2025-09-30 06:30:47.571,31.21,40.0,1.0,0.08,0.05,100,100,14.02,6.04,100.0,-0.36,0.21,0.239
1759185052571,2025-09-30 06:30:52.571,32.57,40.0,1.0,0.08,0.05,100,100,16.82,8.79,100.0,0.55,0.252,0.184
1759185057571,2025-09-30 06:30:57.571,33.13,40.0,1.0,0.08,0.05,100,100,15.42,7.43,100.0,-0.27,0.231,0.211
1759185062571,2025-09-30 06:31:02.571,34.3,40.0,1.0,0.08,0.05,100,100,14.87,6.87,100.0,-0.11,0.223,0.223
1759185067571,2025-09-30 06:31:07.571,33.44,40.0,1.0,0.08,0.05,100,100,13.69,5.7,100.0,-0.23,0.205,0.246
1759185072571,2025-09-30 06:31:12.571,33.06,40.0,1.0,0.08,0.05,100,100,14.57,6.56,100.0,0.17,0.219,0.229
1759185077571,2025-09-30 06:31:17.571,31.04,40.0,1.0,0.08,0.05,100,100,14.95,6.94,100.0,0.08,0.224,0.221
1759185082571,2025-09-30 06:31:22.571,30.16,40.0,1.0,0.08,0.05,100,100,16.98,8.96,100.0,0.4,0.255,0.181
1759185087571,2025-09-30 06:31:27.571,30.04,40.0,1.0,0.08,0.05,100,100,17.85,9.84,100.0,0.18,0.268,0.163
1759185092571,2025-09-30 06:31:32.571,30.61,40.0,1.0,0.08,0.05,100,100,17.97,9.96,100.0,0.03,0.269,0.161
1759185097571,2025-09-30 06:31:37.571,31.39,40.0,1.0,0.08,0.05,100,100,17.38,9.39,100.0,-0.12,0.261,0.172
1759185102571,2025-09-30 06:31:42.571,32.54,40.0,1.0,0.08,0.05,100,100,16.61,8.61,100.0,-0.15,0.249,0.188
1759185107571,2025-09-30 06:31:47.571,34.31,40.0,1.0,0.08,0.05,100,100,15.45,7.46,100.0,-0.23,0.232,0.211
1759185112571,2025-09-30 06:31:52.571,36.72,40.0,1.0,0.08,0.05,100,100,13.67,5.69,100.0,-0.35,0.205,0.246
1759185117571,2025-09-30 06:31:57.571,38.61,40.0,1.0,0.08,0.05,100,100,11.25,3.28,100.0,-0.48,0.169,0.294
1759185122571,2025-09-30 06:32:02.571,37.75,40.0,1.0,0.08,0.05,100,100,9.37,1.39,100.0,-0.38,0.141,0.332
1759185127571,2025-09-30 06:32:07.571,36.71,40.0,1.0,0.08,0.05,100,100,10.26,2.25,100.0,0.17,0.154,0.315
1759185132571,2025-09-30 06:32:12.571,38.24,40.0,1.0,0.08,0.05,100,100,11.3,3.29,100.0,0.21,0.169,0.294
1759185137571,2025-09-30 06:32:17.571,40.22,40.0,1.0,0.08,0.05,100,100,9.74,1.76,100.0,-0.31,0.146,0.325
1759185142571,2025-09-30 06:32:22.571,39.45,40.0,1.0,0.08,0.05,100,100,7.67,-0.22,98.9,-0.4,0.115,0.364
1759185147571,2025-09-30 06:32:27.571,38.28,40.0,1.0,0.08,0.05,100,100,8.55,0.55,100.0,0.15,0.128,0.349
1759185152571,2025-09-30 06:32:32.571,36.89,40.0,1.0,0.08,0.05,100,100,9.73,1.72,100.0,0.23,0.146,0.326
1759185157571,2025-09-30 06:32:37.571,39.34,40.0,1.0,0.08,0.05,100,100,11.13,3.11,100.0,0.28,0.167,0.298
1759185162571,2025-09-30 06:32:42.571,40.28,40.0,1.0,0.08,0.05,100,100,8.64,0.66,100.0,-0.49,0.13,0.347
1759185167571,2025-09-30 06:32:47.571,41.58,40.0,1.0,0.08,0.05,100,100,7.6,-0.28,98.61,-0.19,0.114,0.366
1759185172571,2025-09-30 06:32:52.571,40.32,40.0,1.0,0.08,0.05,100,100,5.67,-1.58,90.72,-0.26,0.085,0.392
1759185177571,2025-09-30 06:32:57.571,39.84,40.0,1.0,0.08,0.05,100,100,6.82,-0.32,89.12,0.25,0.102,0.366
1759185182571,2025-09-30 06:33:02.571,37.53,40.0,1.0,0.08,0.05,100,100,7.36,0.16,89.92,0.1,0.11,0.357
1759185187571,2025-09-30 06:33:07.571,37.88,40.0,1.0,0.08,0.05,100,100,10.5,2.47,100.0,0.46,0.157,0.311
1759185192571,2025-09-30 06:33:12.571,39.15,40.0,1.0,0.08,0.05,100,100,10.12,2.12,100.0,-0.07,0.152,0.318
1759185197571,2025-09-30 06:33:17.571,37.16,40.0,1.0,0.08,0.05,100,100,8.84,0.85,100.0,-0.25,0.133,0.343
1759185202571,2025-09-30 06:33:22.571,36.46,40.0,1.0,0.08,0.05,100,100,10.86,2.84,100.0,0.4,0.163,0.303
1759185207571,2025-09-30 06:33:27.571,37.48,40.0,1.0,0.08,0.05,100,100,11.55,3.54,100.0,0.14,0.173,0.289
1759185212571,2025-09-30 06:33:32.571,37.38,40.0,1.0,0.08,0.05,100,100,10.51,2.52,100.0,-0.2,0.158,0.31
1759185217571,2025-09-30 06:33:37.571,36.15,40.0,1.0,0.08,0.05,100,100,10.62,2.62,100.0,0.02,0.159,0.308
1759185222571,2025-09-30 06:33:42.571,37.17,40.0,1.0,0.08,0.05,100,100,11.86,3.85,100.0,0.25,0.178,0.283
1759185227571,2025-09-30 06:33:47.571,37.67,40.0,1.0,0.08,0.05,100,100,10.82,2.83,100.0,-0.2,0.162,0.303
1759185232571,2025-09-30 06:33:52.571,37.38,40.0,1.0,0.08,0.05,100,100,10.32,2.33,100.0,-0.1,0.155,0.313
1759185237571,2025-09-30 06:33:57.571,38.52,40.0,1.0,0.08,0.05,100,100,10.62,2.62,100.0,0.06,0.159,0.308
1759185242571,2025-09-30 06:34:02.571,38.2,40.0,1.0,0.08,0.05,100,100,9.47,1.48,100.0,-0.23,0.142,0.33
1759185247571,2025-09-30 06:34:07.571,37.91,40.0,1.0,0.08,0.05,100,100,9.8,1.8,100.0,0.06,0.147,0.324
1759185252571,2025-09-30 06:34:12.571,36.79,40.0,1.0,0.08,0.05,100,100,10.09,2.09,100.0,0.06,0.151,0.318
1759185257571,2025-09-30 06:34:17.571,37.22,40.0,1.0,0.08,0.05,100,100,11.22,3.21,100.0,0.22,0.168,0.296
1759185262571,2025-09-30 06:34:22.571,33.49,40.0,1.0,0.08,0.05,100,100,10.78,2.78,100.0,-0.09,0.162,0.304
1759185267571,2025-09-30 06:34:27.571,33.75,40.0,1.0,0.08,0.05,100,100,14.55,6.51,100.0,0.75,0.218,0.23
1759185272571,2025-09-30 06:34:32.571,34.93,40.0,1.0,0.08,0.05,100,100,14.25,6.25,100.0,-0.05,0.214,0.235
1759185277571,2025-09-30 06:34:37.571,36.54,40.0,1.0,0.08,0.05,100,100,13.06,5.07,100.0,-0.24,0.196,0.259
1759185282571,2025-09-30 06:34:42.571,36.95,40.0,1.0,0.08,0.05,100,100,11.44,3.46,100.0,-0.32,0.172,0.291
1759185287571,2025-09-30 06:34:47.571,37.22,40.0,1.0,0.08,0.05,100,100,11.05,3.05,100.0,-0.08,0.166,0.299
1759185292571,2025-09-30 06:34:52.571,36.97,40.0,1.0,0.08,0.05,100,100,10.78,2.78,100.0,-0.05,0.162,0.304
1759185297571,2025-09-30 06:34:57.571,38.88,40.0,1.0,0.08,0.05,100,100,11.03,3.03,100.0,0.05,0.165,0.299
1759185302571,2025-09-30 06:35:02.571,37.76,40.0,1.0,0.08,0.05,100,100,9.1,1.12,100.0,-0.38,0.136,0.338
1759185307571,2025-09-30 06:35:07.571,39.14,40.0,1.0,0.08,0.05,100,100,10.26,2.24,100.0,0.23,0.154,0.315
1759185312571,2025-09-30 06:35:12.571,35.99,40.0,1.0,0.08,0.05,100,100,8.84,0.86,100.0,-0.28,0.133,0.343
1759185317571,2025-09-30 06:35:17.571,37.68,40.0,1.0,0.08,0.05,100,100,12.04,4.01,100.0,0.63,0.181,0.28
1759185322571,2025-09-30 06:35:22.571,37.96,40.0,1.0,0.08,0.05,100,100,10.3,2.32,100.0,-0.34,0.154,0.314
1759185327571,2025-09-30 06:35:27.571,37.5,40.0,1.0,0.08,0.05,100,100,10.04,2.04,100.0,-0.06,0.151,0.319
1759185332571,2025-09-30 06:35:32.571,36.56,40.0,1.0,0.08,0.05,100,100,10.51,2.5,100.0,0.09,0.158,0.31
1759185337571,2025-09-30 06:35:37.571,39.31,40.0,1.0,0.08,0.05,100,100,11.45,3.44,100.0,0.19,0.172,0.291
1759185342571,2025-09-30 06:35:42.571,37.75,40.0,1.0,0.08,0.05,100,100,8.66,0.69,100.0,-0.55,0.13,0.346
1759185347571,2025-09-30 06:35:47.571,39.74,40.0,1.0,0.08,0.05,100,100,10.27,2.25,100.0,0.31,0.154,0.315
1759185352571,2025-09-30 06:35:52.571,38.96,40.0,1.0,0.08,0.05,100,100,8.24,0.26,100.0,-0.4,0.124,0.355
1759185357571,2025-09-30 06:35:57.571,37.86,40.0,1.0,0.08,0.05,100,100,9.05,1.04,100.0,0.16,0.136,0.339
1759185362571,2025-09-30 06:36:02.571,35.6,40.0,1.0,0.08,0.05,100,100,10.16,2.14,100.0,0.22,0.152,0.317
1759185367571,2025-09-30 06:36:07.571,37.41,40.0,1.0,0.08,0.05,100,100,12.42,4.4,100.0,0.45,0.186,0.272
1759185372571,2025-09-30 06:36:12.571,37.04,40.0,1.0,0.08,0.05,100,100,10.58,2.59,100.0,-0.36,0.159,0.308
1759185377571,2025-09-30 06:36:17.571,37.96,40.0,1.0,0.08,0.05,100,100,10.97,2.96,100.0,0.07,0.164,0.301
1759185382571,2025-09-30 06:36:22.571,39.1,40.0,1.0,0.08,0.05,100,100,10.03,2.04,100.0,-0.18,0.15,0.319
1759185387571,2025-09-30 06:36:27.571,36.68,40.0,1.0,0.08,0.05,100,100,8.89,0.9,100.0,-0.23,0.133,0.342
1759185392571,2025-09-30 06:36:32.571,36.34,40.0,1.0,0.08,0.05,100,100,11.34,3.32,100.0,0.48,0.17,0.294
1759185397571,2025-09-30 06:36:37.571,37.45,40.0,1.0,0.08,0.05,100,100,11.66,3.66,100.0,0.07,0.175,0.287
1759185402571,2025-09-30 06:36:42.571,37.06,40.0,1.0,0.08,0.05,100,100,10.54,2.55,100.0,-0.22,0.158,0.309
1759185407571,2025-09-30 06:36:47.571,40.93,40.0,1.0,0.08,0.05,100,100,10.94,2.94,100.0,0.08,0.164,0.301
1759185412571,2025-09-30 06:36:52.571,40.51,40.0,1.0,0.08,0.05,100,100,6.66,-0.93,95.36,-0.77,0.1,0.379
1759185417571,2025-09-30 06:36:57.571,39.09,40.0,1.0,0.08,0.05,100,100,6.92,-0.51,92.83,0.08,0.104,0.37
1759185422571,2025-09-30 06:37:02.571,37.13,40.0,1.0,0.08,0.05,100,100,8.71,0.91,97.37,0.28,0.131,0.342
1759185427571,2025-09-30 06:37:07.571,35.91,40.0,1.0,0.08,0.05,100,100,10.89,2.87,100.0,0.39,0.163,0.303
1759185432571,2025-09-30 06:37:12.571,36.44,40.0,1.0,0.08,0.05,100,100,12.1,4.09,100.0,0.24,0.181,0.278
1759185437571,2025-09-30 06:37:17.571,37.17,40.0,1.0,0.08,0.05,100,100,11.55,3.56,100.0,-0.11,0.173,0.289
1759185442571,2025-09-30 06:37:22.571,38.31,40.0,1.0,0.08,0.05,100,100,10.82,2.83,100.0,-0.15,0.162,0.303
1759185447571,2025-09-30 06:37:27.571,38.5,40.0,1.0,0.08,0.05,100,100,9.68,1.69,100.0,-0.23,0.145,0.326
1759185452571,2025-09-30 06:37:32.571,38.12,40.0,1.0,0.08,0.05,100,100,9.49,1.5,100.0,-0.04,0.142,0.33
1759185457571,2025-09-30 06:37:37.571,37.51,40.0,1.0,0.08,0.05,100,100,9.89,1.88,100.0,0.08,0.148,0.322
1759185462571,2025-09-30 06:37:42.571,40.93,40.0,1.0,0.08,0.05,100,100,10.49,2.49,100.0,0.12,0.157,0.31
1759185467571,2025-09-30 06:37:47.571,39.31,40.0,1.0,0.08,0.05,100,100,6.66,-0.93,95.33,-0.68,0.1,0.379
1759185472571,2025-09-30 06:37:52.571,38.01,40.0,1.0,0.08,0.05,100,100,8.61,0.69,98.77,0.32,0.129,0.346
1759185477571,2025-09-30 06:37:57.571,40.37,40.0,1.0,0.08,0.05,100,100,10.0,1.99,100.0,0.26,0.15,0.32
1759185482571,2025-09-30 06:38:02.571,43.17,40.0,1.0,0.08,0.05,100,100,7.46,-0.37,98.15,-0.47,0.112,0.367
1759185487571,2025-09-30 06:38:07.571,43.61,40.0,1.0,0.08,0.05,100,100,3.39,-3.17,82.3,-0.56,0.051,0.423
1759185492571,2025-09-30 06:38:12.571,45.76,40.0,1.0,0.08,0.05,100,100,1.53,-3.61,64.26,-0.09,0.023,0.432
1759185497571,2025-09-30 06:38:17.571,47.83,40.0,1.0,0.08,0.05,100,100,-2.94,-5.76,35.46,-0.43,0.0,0.475
1759185502571,2025-09-30 06:38:22.571,48.05,40.0,1.0,0.08,0.05,100,100,-8.14,-7.83,-3.67,-0.41,0.0,0.517
1759185507571,2025-09-30 06:38:27.571,50.92,25.0,1.0,0.08,0.05,100,100,-11.56,-8.05,-43.91,-0.04,0.0,0.521
1759185512571,2025-09-30 06:38:32.571,51.08,25.0,1.0,0.08,0.05,100,100,-34.09,-25.92,-100.0,-3.57,0.0,0.578
1759185517571,2025-09-30 06:38:37.571,50.5,25.0,1.0,0.08,0.05,100,100,-34.08,-26.08,-100.0,-0.03,0.0,0.582
1759185522571,2025-09-30 06:38:42.571,51.26,25.0,1.0,0.08,0.05,100,100,-33.5,-25.5,-100.0,0.12,0.0,0.57
1759185527571,2025-09-30 06:38:47.571,54.36,25.0,1.0,0.08,0.05,100,100,-34.26,-26.26,-100.0,-0.15,0.0,0.585
1759185532571,2025-09-30 06:38:52.571,52.87,25.0,1.0,0.08,0.05,100,100,-37.39,-29.36,-100.0,-0.62,0.0,0.647
1759185537571,2025-09-30 06:38:57.571,52.45,25.0,1.0,0.08,0.05,100,100,-35.85,-27.87,-100.0,0.3,0.0,0.617
1759185542571,2025-09-30 06:39:02.571,53.13,25.0,1.0,0.08,0.05,100,100,-35.45,-27.45,-100.0,0.08,0.0,0.609
1759185547571,2025-09-30 06:39:07.571,52.53,25.0,1.0,0.08,0.05,100,100,-36.14,-28.13,-100.0,-0.14,0.0,0.623
1759185552571,2025-09-30 06:39:12.571,54.0,25.0,1.0,0.08,0.05,100,100,-35.52,-27.53,-100.0,0.12,0.0,0.611
1759185557571,2025-09-30 06:39:17.571,53.98,25.0,1.0,0.08,0.05,100,100,-37.01,-29.0,-100.0,-0.29,0.0,0.64
1759185562571,2025-09-30 06:39:22.571,54.21,25.0,1.0,0.08,0.05,100,100,-36.98,-28.98,-100.0,0.0,0.0,0.64
1759185567571,2025-09-30 06:39:27.571,54.78,25.0,1.0,0.08,0.05,100,100,-37.21,-29.21,-100.0,-0.05,0.0,0.644
1759185572571,2025-09-30 06:39:32.571,54.66,25.0,1.0,0.08,0.05,100,100,-37.79,-29.78,-100.0,-0.11,0.0,0.656
1759185577571,2025-09-30 06:39:37.571,53.6,25.0,1.0,0.08,0.05,100,100,-37.66,-29.66,-100.0,0.02,0.0,0.653
1759185582571,2025-09-30 06:39:42.571,54.25,25.0,1.0,0.08,0.05,100,100,-36.59,-28.6,-100.0,0.21,0.0,0.632
1759185587571,2025-09-30 06:39:47.571,54.77,25.0,1.0,0.08,0.05,100,100,-37.26,-29.25,-100.0,-0.13,0.0,0.645
1759185592571,2025-09-30 06:39:52.571,54.26,25.0,1.0,0.08,0.05,100,100,-37.77,-29.77,-100.0,-0.1,0.0,0.655
1759185597571,2025-09-30 06:39:57.571,52.49,25.0,1.0,0.08,0.05,100,100,-37.25,-29.26,-100.0,0.1,0.0,0.645
1759185602571,2025-09-30 06:40:02.571,52.83,25.0,1.0,0.08,0.05,100,100,-35.48,-27.49,-100.0,0.35,0.0,0.61
1759185607571,2025-09-30 06:40:07.571,52.79,25.0,1.0,0.08,0.05,100,100,-35.83,-27.83,-100.0,-0.07,0.0,0.617
1759185612571,2025-09-30 06:40:12.571,53.16,25.0,1.0,0.08,0.05,100,100,-35.79,-27.79,-100.0,0.01,0.0,0.616
1759185617571,2025-09-30 06:40:17.571,54.43,25.0,1.0,0.08,0.05,100,100,-36.16,-28.16,-100.0,-0.07,0.0,0.623
1759185622571,2025-09-30 06:40:22.571,53.45,25.0,1.0,0.08,0.05,100,100,-37.44,-29.43,-100.0,-0.25,0.0,0.649
1759185627571,2025-09-30 06:40:27.571,51.93,25.0,1.0,0.08,0.05,100,100,-36.44,-28.45,-100.0,0.2,0.0,0.629
1759185632571,2025-09-30 06:40:32.571,51.85,25.0,1.0,0.08,0.05,100,100,-34.91,-26.93,-100.0,0.31,0.0,0.599
1759185637571,2025-09-30 06:40:37.571,51.11,25.0,1.0,0.08,0.05,100,100,-34.85,-26.85,-100.0,0.02,0.0,0.597
1759185642571,2025-09-30 06:40:42.571,50.27,25.0,1.0,0.08,0.05,100,100,-34.1,-26.11,-100.0,0.15,0.0,0.582
1759185647571,2025-09-30 06:40:47.571,51.66,25.0,1.0,0.08,0.05,100,100,-33.27,-25.27,-100.0,0.17,0.0,0.565
1759185652571,2025-09-30 06:40:52.571,51.68,25.0,1.0,0.08,0.05,100,100,-34.68,-26.66,-100.0,-0.28,0.0,0.593
1759185657571,2025-09-30 06:40:57.571,52.39,25.0,1.0,0.08,0.05,100,100,-34.68,-26.68,-100.0,-0.0,0.0,0.594
1759185662571,2025-09-30 06:41:02.571,54.04,25.0,1.0,0.08,0.05,100,100,-35.4,-27.39,-100.0,-0.14,0.0,0.608
1759185667571,2025-09-30 06:41:07.571,56.13,25.0,1.0,0.08,0.05,100,100,-37.06,-29.04,-100.0,-0.33,0.0,0.641
1759185672571,2025-09-30 06:41:12.571,55.77,25.0,1.0,0.08,0.05,100,100,-39.15,-31.13,-100.0,-0.42,0.0,0.683
1759185677571,2025-09-30 06:41:17.571,57.42,25.0,1.0,0.08,0.05,100,100,-38.77,-30.77,-100.0,0.07,0.0,0.675
1759185682571,2025-09-30 06:41:22.571,55.65,25.0,1.0,0.08,0.05,100,100,-40.44,-32.42,-100.0,-0.33,0.0,0.708
1759185687571,2025-09-30 06:41:27.571,54.23,25.0,1.0,0.08,0.05,100,100,-38.64,-30.65,-100.0,0.35,0.0,0.673
1759185692571,2025-09-30 06:41:32.571,52.93,25.0,1.0,0.08,0.05,100,100,-37.21,-29.23,-100.0,0.29,0.0,0.645
1759185697571,2025-09-30 06:41:37.571,51.05,25.0,1.0,0.08,0.05,100,100,-35.92,-27.93,-100.0,0.26,0.0,0.619
1759185702571,2025-09-30 06:41:42.571,50.08,25.0,1.0,0.08,0.05,100,100,-34.03,-26.05,-100.0,0.38,0.0,0.581
1759185707571,2025-09-30 06:41:47.571,50.9,25.0,1.0,0.08,0.05,100,100,-33.07,-25.08,-100.0,0.19,0.0,0.562
1759185712571,2025-09-30 06:41:52.571,49.72,25.0,1.0,0.08,0.05,100,100,-33.91,-25.9,-100.0,-0.16,0.0,0.578
1759185717571,2025-09-30 06:41:57.571,49.07,25.0,1.0,0.08,0.05,100,100,-32.71,-24.72,-100.0,0.24,0.0,0.554
1759185722571,2025-09-30 06:42:02.571,49.35,25.0,1.0,0.08,0.05,100,100,-32.06,-24.07,-100.0,0.13,0.0,0.541
1759185727571,2025-09-30 06:42:07.571,50.07,25.0,1.0,0.08,0.05,100,100,-32.35,-24.35,-100.0,-0.06,0.0,0.547
1759185732571,2025-09-30 06:42:12.571,50.23,25.0,1.0,0.08,0.05,100,100,-33.08,-25.07,-100.0,-0.15,0.0,0.561
1759185737571,2025-09-30 06:42:17.571,47.43,25.0,1.0,0.08,0.05,100,100,-33.23,-25.23,-100.0,-0.03,0.0,0.565
1759185742571,2025-09-30 06:42:22.571,46.91,25.0,1.0,0.08,0.05,100,100,-30.4,-22.43,-100.0,0.56,0.0,0.509
1759185747571,2025-09-30 06:42:27.571,45.2,25.0,1.0,0.08,0.05,100,100,-29.91,-21.91,-100.0,0.1,0.0,0.498
1759185752571,2025-09-30 06:42:32.571,45.68,25.0,1.0,0.08,0.05,100,100,-28.18,-20.2,-100.0,0.34,0.0,0.464
1759185757571,2025-09-30 06:42:37.571,46.71,25.0,1.0,0.08,0.05,100,100,-28.68,-20.68,-100.0,-0.1,0.0,0.474
1759185762571,2025-09-30 06:42:42.571,49.09,25.0,1.0,0.08,0.05,100,100,-29.72,-21.71,-100.0,-0.21,0.0,0.494
1759185767571,2025-09-30 06:42:47.571,50.99,25.0,1.0,0.08,0.05,100,100,-32.12,-24.09,-100.0,-0.48,0.0,0.542
1759185772571,2025-09-30 06:42:52.571,51.4,25.0,1.0,0.08,0.05,100,100,-34.01,-25.99,-100.0,-0.38,0.0,0.58
1759185777571,2025-09-30 06:42:57.571,50.01,25.0,1.0,0.08,0.05,100,100,-34.4,-26.4,-100.0,-0.08,0.0,0.588
1759185782571,2025-09-30 06:43:02.571,48.83,25.0,1.0,0.08,0.05,100,100,-33.0,-25.01,-100.0,0.28,0.0,0.56
1759185787571,2025-09-30 06:43:07.571,45.73,25.0,1.0,0.08,0.05,100,100,-31.82,-23.83,-100.0,0.24,0.0,0.537
1759185792571,2025-09-30 06:43:12.571,46.37,25.0,1.0,0.08,0.05,100,100,-28.7,-20.73,-100.0,0.62,0.0,0.475
1759185797571,2025-09-30 06:43:17.571,45.92,25.0,1.0,0.08,0.05,100,100,-29.37,-21.37,-100.0,-0.13,0.0,0.487
1759185802571,2025-09-30 06:43:22.571,47.35,25.0,1.0,0.08,0.05,100,100,-28.92,-20.92,-100.0,0.09,0.0,0.478
1759185807571,2025-09-30 06:43:27.571,46.67,25.0,1.0,0.08,0.05,100,100,-30.37,-22.35,-100.0,-0.29,0.0,0.507
1759185812571,2025-09-30 06:43:32.571,47.64,25.0,1.0,0.08,0.05,100,100,-29.67,-21.67,-100.0,0.14,0.0,0.493
1759185817571,2025-09-30 06:43:37.571,49.98,25.0,1.0,0.08,0.05,100,100,-30.65,-22.64,-100.0,-0.19,0.0,0.513
1759185822571,2025-09-30 06:43:42.571,51.69,25.0,1.0,0.08,0.05,100,100,-33.0,-24.98,-100.0,-0.47,0.0,0.56
1759185827571,2025-09-30 06:43:47.571,50.74,25.0,1.0,0.08,0.05,100,100,-34.71,-26.69,-100.0,-0.34,0.0,0.594
1759185832571,2025-09-30 06:43:52.571,52.59,25.0,1.0,0.08,0.05,100,100,-33.73,-25.74,-100.0,0.19,0.0,0.575
1759185837571,2025-09-30 06:43:57.571,53.87,25.0,1.0,0.08,0.05,100,100,-35.61,-27.59,-100.0,-0.37,0.0,0.612
1759185842571,2025-09-30 06:44:02.571,53.18,25.0,1.0,0.08,0.05,100,100,-36.89,-28.87,-100.0,-0.26,0.0,0.637
1759185847571,2025-09-30 06:44:07.571,54.82,25.0,1.0,0.08,0.05,100,100,-36.17,-28.18,-100.0,0.14,0.0,0.624
1759185852571,2025-09-30 06:44:12.571,54.29,25.0,1.0,0.08,0.05,100,100,-37.84,-29.82,-100.0,-0.33,0.0,0.656
1759185857571,2025-09-30 06:44:17.571,52.56,25.0,1.0,0.08,0.05,100,100,-37.28,-29.29,-100.0,0.11,0.0,0.646
1759185862571,2025-09-30 06:44:22.571,52.23,25.0,1.0,0.08,0.05,100,100,-35.55,-27.56,-100.0,0.34,0.0,0.611
1759185867571,2025-09-30 06:44:27.571,52.49,25.0,1.0,0.08,0.05,100,100,-35.23,-27.23,-100.0,0.07,0.0,0.605
1759185872571,2025-09-30 06:44:32.571,52.48,25.0,1.0,0.08,0.05,100,100,-35.49,-27.49,-100.0,-0.05,0.0,0.61
1759185877571,2025-09-30 06:44:37.571,53.95,25.0,1.0,0.08,0.05,100,100,-35.48,-27.48,-100.0,0.0,0.0,0.61
1759185882571,2025-09-30 06:44:42.571,53.47,25.0,1.0,0.08,0.05,100,100,-36.97,-28.95,-100.0,-0.29,0.0,0.639
1759185887571,2025-09-30 06:44:47.571,54.08,25.0,1.0,0.08,0.05,100,100,-36.46,-28.47,-100.0,0.1,0.0,0.629
1759185892571,2025-09-30 06:44:52.571,54.63,25.0,1.0,0.08,0.05,100,100,-37.09,-29.08,-100.0,-0.12,0.0,0.642
1759185897571,2025-09-30 06:44:57.571,54.87,25.0,1.0,0.08,0.05,100,100,-37.63,-29.63,-100.0,-0.11,0.0,0.653
1759185902571,2025-09-30 06:45:02.571,58.28,25.0,1.0,0.08,0.05,100,100,-37.87,-29.87,-100.0,-0.05,0.0,0.657
1759185907571,2025-09-30 06:45:07.571,60.31,25.0,1.0,0.08,0.05,100,100,-41.31,-33.28,-100.0,-0.68,0.0,0.726
1759185912571,2025-09-30 06:45:12.571,63.68,25.0,1.0,0.08,0.05,100,100,-43.33,-35.31,-100.0,-0.41,0.0,0.766
1759185917571,2025-09-30 06:45:17.571,62.5,25.0,1.0,0.08,0.05,100,100,-46.71,-38.68,-100.0,-0.67,0.0,0.834
1759185922571,2025-09-30 06:45:22.571,64.61,25.0,1.0,0.08,0.05,100,100,-45.48,-37.5,-100.0,0.24,0.0,0.81
1759185927571,2025-09-30 06:45:27.571,64.58,25.0,1.0,0.08,0.05,100,100,-47.63,-39.61,-100.0,-0.42,0.0,0.852
1759185932571,2025-09-30 06:45:32.571,63.42,25.0,1.0,0.08,0.05,100,100,-47.58,-39.58,-100.0,0.01,0.0,0.852
1759185937571,2025-09-30 06:45:37.571,61.04,25.0,1.0,0.08,0.05,100,100,-46.4,-38.42,-100.0,0.23,0.0,0.828
1759185942571,2025-09-30 06:45:42.571,59.93,25.0,1.0,0.08,0.05,100,100,-44.02,-36.04,-100.0,0.47,0.0,0.781
1759185947571,2025-09-30 06:45:47.571,61.81,25.0,1.0,0.08,0.05,100,100,-42.92,-34.93,-100.0,0.22,0.0,0.759
1759185952571,2025-09-30 06:45:52.571,60.6,25.0,1.0,0.08,0.05,100,100,-44.83,-36.81,-100.0,-0.38,0.0,0.796
1759185957571,2025-09-30 06:45:57.571,59.14,25.0,1.0,0.08,0.05,100,100,-43.58,-35.6,-100.0,0.24,0.0,0.772
1759185962571,2025-09-30 06:46:02.571,59.31,25.0,1.0,0.08,0.05,100,100,-42.12,-34.14,-100.0,0.29,0.0,0.743
1759185967571,2025-09-30 06:46:07.571,58.79,25.0,1.0,0.08,0.05,100,100,-42.31,-34.31,-100.0,-0.03,0.0,0.746
1759185972571,2025-09-30 06:46:12.571,58.25,25.0,1.0,0.08,0.05,100,100,-41.78,-33.79,-100.0,0.11,0.0,0.736
1759185977571,2025-09-30 06:46:17.571,60.07,25.0,1.0,0.08,0.05,100,100,-41.25,-33.25,-100.0,0.11,0.0,0.725
1759185982571,2025-09-30 06:46:22.571,59.92,25.0,1.0,0.08,0.05,100,100,-43.09,-35.07,-100.0,-0.36,0.0,0.761
1759185987571,2025-09-30 06:46:27.571,61.3,25.0,1.0,0.08,0.05,100,100,-42.92,-34.92,-100.0,0.03,0.0,0.758
1759185992571,2025-09-30 06:46:32.571,58.63,25.0,1.0,0.08,0.05,100,100,-44.32,-36.3,-100.0,-0.28,0.0,0.786
1759185997571,2025-09-30 06:46:37.571,61.22,25.0,1.0,0.08,0.05,100,100,-41.6,-33.63,-100.0,0.54,0.0,0.733
1759186002571,2025-09-30 06:46:42.571,62.38,25.0,1.0,0.08,0.05,100,100,-44.25,-36.22,-100.0,-0.52,0.0,0.784
1759186007571,2025-09-30 06:46:47.571,65.87,25.0,1.0,0.08,0.05,100,100,-45.39,-37.38,-100.0,-0.23,0.0,0.808
1759186012571,2025-09-30 06:46:52.571,64.66,25.0,1.0,0.08,0.05,100,100,-48.91,-40.87,-100.0,-0.7,0.0,0.877
1759186017571,2025-09-30 06:46:57.571,62.72,25.0,1.0,0.08,0.05,100,100,-47.64,-39.66,-100.0,0.24,0.0,0.853
1759186022571,2025-09-30 06:47:02.571,61.12,25.0,1.0,0.08,0.05,100,100,-45.7,-37.72,-100.0,0.39,0.0,0.814
1759186027571,2025-09-30 06:47:07.571,63.97,25.0,1.0,0.08,0.05,100,100,-44.1,-36.12,-100.0,0.32,0.0,0.782
1759186032571,2025-09-30 06:47:12.571,65.54,25.0,1.0,0.08,0.05,100,100,-47.0,-38.97,-100.0,-0.57,0.0,0.839
1759186037571,2025-09-30 06:47:17.571,62.77,25.0,1.0,0.08,0.05,100,100,-48.55,-40.54,-100.0,-0.31,0.0,0.871
1759186042571,2025-09-30 06:47:22.571,62.98,25.0,1.0,0.08,0.05,100,100,-45.75,-37.77,-100.0,0.55,0.0,0.815
1759186047571,2025-09-30 06:47:27.571,63.93,25.0,1.0,0.08,0.05,100,100,-45.99,-37.98,-100.0,-0.04,0.0,0.82
1759186052571,2025-09-30 06:47:32.571,63.67,25.0,1.0,0.08,0.05,100,100,-46.94,-38.93,-100.0,-0.19,0.0,0.839
1759186057571,2025-09-30 06:47:37.571,62.83,25.0,1.0,0.08,0.05,100,100,-46.67,-38.67,-100.0,0.05,0.0,0.833
1759186062571,2025-09-30 06:47:42.571,63.22,25.0,1.0,0.08,0.05,100,100,-45.82,-37.83,-100.0,0.17,0.0,0.817
1759186067571,2025-09-30 06:47:47.571,64.64,25.0,1.0,0.08,0.05,100,100,-46.23,-38.22,-100.0,-0.08,0.0,0.824
1759186072571,2025-09-30 06:47:52.571,64.99,25.0,1.0,0.08,0.05,100,100,-47.66,-39.64,-100.0,-0.28,0.0,0.853
1759186077571,2025-09-30 06:47:57.571,65.2,25.0,1.0,0.08,0.05,100,100,-47.99,-39.99,-100.0,-0.07,0.0,0.86
1759186082571,2025-09-30 06:48:02.571,65.81,25.0,1.0,0.08,0.05,100,100,-48.2,-40.2,-100.0,-0.04,0.0,0.864
1759186087571,2025-09-30 06:48:07.571,66.79,25.0,1.0,0.08,0.05,100,100,-48.81,-40.81,-100.0,-0.12,0.0,0.876
1759186092571,2025-09-30 06:48:12.571,68.14,25.0,1.0,0.08,0.05,100,100,-49.8,-41.79,-100.0,-0.2,0.0,0.896
1759186097571,2025-09-30 06:48:17.571,68.94,25.0,1.0,0.08,0.05,100,100,-51.16,-43.14,-100.0,-0.27,0.0,0.923
1759186102571,2025-09-30 06:48:22.571,66.31,25.0,1.0,0.08,0.05,100,100,-51.95,-43.94,-100.0,-0.16,0.0,0.939
1759186107571,2025-09-30 06:48:27.571,66.85,25.0,1.0,0.08,0.05,100,100,-49.29,-41.31,-100.0,0.52,0.0,0.886
1759186112571,2025-09-30 06:48:32.571,65.59,25.0,1.0,0.08,0.05,100,100,-49.85,-41.85,-100.0,-0.11,0.0,0.897
1759186117571,2025-09-30 06:48:37.571,65.33,25.0,1.0,0.08,0.05,100,100,-48.58,-40.59,-100.0,0.25,0.0,0.872
1759186122571,2025-09-30 06:48:42.571,66.1,25.0,1.0,0.08,0.05,100,100,-48.32,-40.33,-100.0,0.05,0.0,0.867
1759186127571,2025-09-30 06:48:47.571,65.21,25.0,1.0,0.08,0.05,100,100,-49.1,-41.1,-100.0,-0.15,0.0,0.882
1759186132571,2025-09-30 06:48:52.571,66.28,25.0,1.0,0.08,0.05,100,100,-48.2,-40.21,-100.0,0.18,0.0,0.864
1759186137571,2025-09-30 06:48:57.571,65.17,25.0,1.0,0.08,0.05,100,100,-49.29,-41.28,-100.0,-0.21,0.0,0.886
1759186142571,2025-09-30 06:49:02.571,64.62,25.0,1.0,0.08,0.05,100,100,-48.16,-40.17,-100.0,0.22,0.0,0.863
1759186147571,2025-09-30 06:49:07.571,64.22,25.0,1.0,0.08,0.05,100,100,-47.62,-39.62,-100.0,0.11,0.0,0.852
1759186152571,2025-09-30 06:49:12.571,62.11,25.0,1.0,0.08,0.05,100,100,-47.22,-39.22,-100.0,0.08,0.0,0.844
1759186157571,2025-09-30 06:49:17.571,60.81,25.0,1.0,0.08,0.05,100,100,-45.09,-37.11,-100.0,0.42,0.0,0.802
1759186162571,2025-09-30 06:49:22.571,61.31,25.0,1.0,0.08,0.05,100,100,-43.8,-35.81,-100.0,0.26,0.0,0.776
1759186167571,2025-09-30 06:49:27.571,62.47,25.0,1.0,0.08,0.05,100,100,-44.31,-36.31,-100.0,-0.1,0.0,0.786
1759186172571,2025-09-30 06:49:32.571,60.33,25.0,1.0,0.08,0.05,100,100,-45.48,-37.47,-100.0,-0.23,0.0,0.809
1759186177571,2025-09-30 06:49:37.571,61.21,25.0,1.0,0.08,0.05,100,100,-43.31,-35.33,-100.0,0.43,0.0,0.767
1759186182571,2025-09-30 06:49:42.571,60.42,25.0,1.0,0.08,0.05,100,100,-44.22,-36.21,-100.0,-0.17,0.0,0.784
1759186187571,2025-09-30 06:49:47.571,60.58,25.0,1.0,0.08,0.05,100,100,-43.41,-35.42,-100.0,0.16,0.0,0.768
1759186192571,2025-09-30 06:49:52.571,60.61,25.0,1.0,0.08,0.05,100,100,-43.58,-35.58,-100.0,-0.03,0.0,0.772
1759186197571,2025-09-30 06:49:57.571,58.74,25.0,1.0,0.08,0.05,100,100,-43.61,-35.61,-100.0,-0.01,0.0,0.772
1759186202571,2025-09-30 06:50:02.571,57.14,25.0,1.0,0.08,0.05,100,100,-41.72,-33.74,-100.0,0.37,0.0,0.735
1759186207571,2025-09-30 06:50:07.571,58.42,25.0,1.0,0.08,0.05,100,100,-40.12,-32.14,-100.0,0.32,0.0,0.703
1759186212571,2025-09-30 06:50:12.571,58.26,25.0,1.0,0.08,0.05,100,100,-41.43,-33.42,-100.0,-0.26,0.0,0.728
1759186217571,2025-09-30 06:50:17.571,56.1,25.0,1.0,0.08,0.05,100,100,-41.26,-33.26,-100.0,0.03,0.0,0.725
1759186222571,2025-09-30 06:50:22.571,56.31,25.0,1.0,0.08,0.05,100,100,-39.08,-31.1,-100.0,0.43,0.0,0.682
1759186227571,2025-09-30 06:50:27.571,56.7,25.0,1.0,0.08,0.05,100,100,-39.32,-31.31,-100.0,-0.04,0.0,0.686
1759186232571,2025-09-30 06:50:32.571,56.16,25.0,1.0,0.08,0.05,100,100,-39.71,-31.7,-100.0,-0.08,0.0,0.694
1759186237571,2025-09-30 06:50:37.571,54.99,25.0,1.0,0.08,0.05,100,100,-39.15,-31.16,-100.0,0.11,0.0,0.683
1759186242571,2025-09-30 06:50:42.571,54.43,25.0,1.0,0.08,0.05,100,100,-37.98,-29.99,-100.0,0.23,0.0,0.66
1759186247571,2025-09-30 06:50:47.571,54.58,25.0,1.0,0.08,0.05,100,100,-37.43,-29.43,-100.0,0.11,0.0,0.649
1759186252571,2025-09-30 06:50:52.571,52.85,25.0,1.0,0.08,0.05,100,100,-37.58,-29.58,-100.0,-0.03,0.0,0.652
1759186257571,2025-09-30 06:50:57.571,52.74,40.0,1.0,0.08,0.05,100,100,-35.83,-27.85,-100.0,0.35,0.0,0.617
1759186262571,2025-09-30 06:51:02.571,54.39,40.0,1.0,0.08,0.05,100,100,-20.59,-12.74,-100.0,3.02,0.0,0.615
1759186267571,2025-09-30 06:51:07.571,56.12,40.0,1.0,0.08,0.05,100,100,-22.4,-14.39,-100.0,-0.33,0.0,0.648
1759186272571,2025-09-30 06:51:12.571,56.71,40.0,1.0,0.08,0.05,100,100,-24.14,-16.12,-100.0,-0.35,0.0,0.682
1759186277571,2025-09-30 06:51:17.571,54.11,40.0,1.0,0.08,0.05,100,100,-24.72,-16.71,-100.0,-0.12,0.0,0.694
1759186282571,2025-09-30 06:51:22.571,53.86,40.0,1.0,0.08,0.05,100,100,-22.09,-14.11,-100.0,0.52,0.0,0.642
1759186287571,2025-09-30 06:51:27.571,54.29,40.0,1.0,0.08,0.05,100,100,-21.85,-13.86,-100.0,0.05,0.0,0.637
1759186292571,2025-09-30 06:51:32.571,55.34,40.0,1.0,0.08,0.05,100,100,-22.29,-14.29,-100.0,-0.09,0.0,0.646
1759186297571,2025-09-30 06:51:37.571,54.83,40.0,1.0,0.08,0.05,100,100,-23.35,-15.34,-100.0,-0.21,0.0,0.667
1759186302571,2025-09-30 06:51:42.571,56.31,40.0,1.0,0.08,0.05,100,100,-22.82,-14.83,-100.0,0.1,0.0,0.657
1759186307571,2025-09-30 06:51:47.571,60.32,40.0,1.0,0.08,0.05,100,100,-24.32,-16.31,-100.0,-0.3,0.0,0.686
1759186312571,2025-09-30 06:51:52.571,62.25,40.0,1.0,0.08,0.05,100,100,-28.36,-20.32,-100.0,-0.8,0.0,0.766
1759186317571,2025-09-30 06:51:57.571,62.3,40.0,1.0,0.08,0.05,100,100,-30.26,-22.25,-100.0,-0.39,0.0,0.805
1759186322571,2025-09-30 06:52:02.571,64.49,40.0,1.0,0.08,0.05,100,100,-30.3,-22.3,-100.0,-0.01,0.0,0.806
1759186327571,2025-09-30 06:52:07.571,64.0,40.0,1.0,0.08,0.05,100,100,-32.51,-24.49,-100.0,-0.44,0.0,0.85
1759186332571,2025-09-30 06:52:12.571,64.77,40.0,1.0,0.08,0.05,100,100,-31.99,-24.0,-100.0,0.1,0.0,0.84
1759186337571,2025-09-30 06:52:17.571,63.27,40.0,1.0,0.08,0.05,100,100,-32.78,-24.77,-100.0,-0.15,0.0,0.855
1759186342571,2025-09-30 06:52:22.571,64.36,40.0,1.0,0.08,0.05,100,100,-31.26,-23.27,-100.0,0.3,0.0,0.825
1759186347571,2025-09-30 06:52:27.571,63.95,40.0,1.0,0.08,0.05,100,100,-32.37,-24.36,-100.0,-0.22,0.0,0.847
1759186352571,2025-09-30 06:52:32.571,64.61,40.0,1.0,0.08,0.05,100,100,-31.94,-23.95,-100.0,0.08,0.0,0.839
1759186357571,2025-09-30 06:52:37.571,65.53,40.0,1.0,0.08,0.05,100,100,-32.62,-24.61,-100.0,-0.13,0.0,0.852
1759186362571,2025-09-30 06:52:42.571,64.72,40.0,1.0,0.08,0.05,100,100,-33.54,-25.53,-100.0,-0.18,0.0,0.871
1759186367571,2025-09-30 06:52:47.571,63.43,40.0,1.0,0.08,0.05,100,100,-32.71,-24.72,-100.0,0.16,0.0,0.854
1759186372571,2025-09-30 06:52:52.571,64.62,40.0,1.0,0.08,0.05,100,100,-31.42,-23.43,-100.0,0.26,0.0,0.829
1759186377571,2025-09-30 06:52:57.571,64.07,40.0,1.0,0.08,0.05,100,100,-32.63,-24.62,-100.0,-0.24,0.0,0.852
1759186382571,2025-09-30 06:53:02.571,62.92,40.0,1.0,0.08,0.05,100,100,-32.06,-24.07,-100.0,0.11,0.0,0.841
1759186387571,2025-09-30 06:53:07.571,64.57,40.0,1.0,0.08,0.05,100,100,-30.9,-22.92,-100.0,0.23,0.0,0.818
1759186392571,2025-09-30 06:53:12.571,64.06,40.0,1.0,0.08,0.05,100,100,-32.59,-24.57,-100.0,-0.33,0.0,0.851
1759186397571,2025-09-30 06:53:17.571,63.3,40.0,1.0,0.08,0.05,100,100,-32.05,-24.06,-100.0,0.1,0.0,0.841
1759186402571,2025-09-30 06:53:22.571,63.55,40.0,1.0,0.08,0.05,100,100,-31.29,-23.3,-100.0,0.15,0.0,0.826
1759186407571,2025-09-30 06:53:27.571,63.5,40.0,1.0,0.08,0.05,100,100,-31.55,-23.55,-100.0,-0.05,0.0,0.831
1759186412571,2025-09-30 06:53:32.571,62.6,40.0,1.0,0.08,0.05,100,100,-31.5,-23.5,-100.0,0.01,0.0,0.83
1759186417571,2025-09-30 06:53:37.571,62.53,40.0,1.0,0.08,0.05,100,100,-30.59,-22.6,-100.0,0.18,0.0,0.812
1759186422571,2025-09-30 06:53:42.571,63.68,40.0,1.0,0.08,0.05,100,100,-30.53,-22.53,-100.0,0.02,0.0,0.811
1759186427571,2025-09-30 06:53:47.571,64.27,40.0,1.0,0.08,0.05,100,100,-31.69,-23.68,-100.0,-0.23,0.0,0.834
1759186432571,2025-09-30 06:53:52.571,63.97,40.0,1.0,0.08,0.05,100,100,-32.27,-24.27,-100.0,-0.12,0.0,0.845
1759186437571,2025-09-30 06:53:57.571,62.28,40.0,1.0,0.08,0.05,100,100,-31.97,-23.97,-100.0,0.06,0.0,0.839
1759186442571,2025-09-30 06:54:02.571,59.94,40.0,1.0,0.08,0.05,100,100,-30.26,-22.28,-100.0,0.34,0.0,0.806
1759186447571,2025-09-30 06:54:07.571,59.79,40.0,1.0,0.08,0.05,100,100,-27.92,-19.94,-100.0,0.47,0.0,0.759
1759186452571,2025-09-30 06:54:12.571,60.6,40.0,1.0,0.08,0.05,100,100,-27.78,-19.79,-100.0,0.03,0.0,0.756
1759186457571,2025-09-30 06:54:17.571,58.79,40.0,1.0,0.08,0.05,100,100,-28.6,-20.6,-100.0,-0.16,0.0,0.772
1759186462571,2025-09-30 06:54:22.571,59.32,40.0,1.0,0.08,0.05,100,100,-26.77,-18.79,-100.0,0.36,0.0,0.736
1759186467571,2025-09-30 06:54:27.571,60.87,40.0,1.0,0.08,0.05,100,100,-27.32,-19.32,-100.0,-0.11,0.0,0.746
1759186472571,2025-09-30 06:54:32.571,60.11,40.0,1.0,0.08,0.05,100,100,-28.89,-20.87,-100.0,-0.31,0.0,0.777
1759186477571,2025-09-30 06:54:37.571,58.0,40.0,1.0,0.08,0.05,100,100,-28.1,-20.11,-100.0,0.15,0.0,0.762
1759186482571,2025-09-30 06:54:42.571,57.68,40.0,1.0,0.08,0.05,100,100,-25.97,-18.0,-100.0,0.42,0.0,0.72
1759186487571,2025-09-30 06:54:47.571,60.11,40.0,1.0,0.08,0.05,100,100,-25.68,-17.68,-100.0,0.06,0.0,0.714
1759186492571,2025-09-30 06:54:52.571,61.63,40.0,1.0,0.08,0.05,100,100,-28.14,-20.11,-100.0,-0.49,0.0,0.762
1759186497571,2025-09-30 06:54:57.571,60.4,40.0,1.0,0.08,0.05,100,100,-29.65,-21.63,-100.0,-0.3,0.0,0.793
1759186502571,2025-09-30 06:55:02.571,62.37,40.0,1.0,0.08,0.05,100,100,-28.39,-20.4,-100.0,0.25,0.0,0.768
1759186507571,2025-09-30 06:55:07.571,60.11,40.0,1.0,0.08,0.05,100,100,-30.39,-22.37,-100.0,-0.39,0.0,0.807
1759186512571,2025-09-30 06:55:12.571,61.06,40.0,1.0,0.08,0.05,100,100,-28.08,-20.11,-100.0,0.45,0.0,0.762
1759186517571,2025-09-30 06:55:17.571,62.67,40.0,1.0,0.08,0.05,100,100,-29.07,-21.06,-100.0,-0.19,0.0,0.781
1759186522571,2025-09-30 06:55:22.571,64.19,40.0,1.0,0.08,0.05,100,100,-30.69,-22.67,-100.0,-0.32,0.0,0.813
1759186527571,2025-09-30 06:55:27.571,62.8,40.0,1.0,0.08,0.05,100,100,-32.21,-24.19,-100.0,-0.3,0.0,0.844
1759186532571,2025-09-30 06:55:32.571,64.07,40.0,1.0,0.08,0.05,100,100,-30.78,-22.8,-100.0,0.28,0.0,0.816
1759186537571,2025-09-30 06:55:37.571,67.21,40.0,1.0,0.08,0.05,100,100,-32.08,-24.07,-100.0,-0.25,0.0,0.841
1759186542571,2025-09-30 06:55:42.571,68.41,40.0,1.0,0.08,0.05,100,100,-35.24,-27.21,-100.0,-0.63,0.0,0.904
1759186547571,2025-09-30 06:55:47.571,68.77,40.0,1.0,0.08,0.05,100,100,-36.42,-28.41,-100.0,-0.24,0.0,0.928
1759186552571,2025-09-30 06:55:52.571,70.12,40.0,1.0,0.08,0.05,100,100,-36.77,-28.77,-100.0,-0.07,0.0,0.935
1759186557571,2025-09-30 06:55:57.571,68.7,40.0,1.0,0.08,0.05,100,100,-38.14,-30.12,-100.0,-0.27,0.0,0.962
1759186562571,2025-09-30 06:56:02.571,67.87,40.0,1.0,0.08,0.05,100,100,-36.69,-28.7,-100.0,0.28,0.0,0.934
1759186567571,2025-09-30 06:56:07.571,67.4,40.0,1.0,0.08,0.05,100,100,-35.86,-27.87,-100.0,0.17,0.0,0.917
1759186572571,2025-09-30 06:56:12.571,68.59,40.0,1.0,0.08,0.05,100,100,-35.39,-27.4,-100.0,0.09,0.0,0.908
1759186577571,2025-09-30 06:56:17.571,68.39,40.0,1.0,0.08,0.05,100,100,-36.6,-28.59,-100.0,-0.24,0.0,0.932
1759186582571,2025-09-30 06:56:22.571,67.78,40.0,1.0,0.08,0.05,100,100,-36.39,-28.39,-100.0,0.04,0.0,0.928
1759186587571,2025-09-30 06:56:27.571,68.74,40.0,1.0,0.08,0.05,100,100,-35.77,-27.78,-100.0,0.12,0.0,0.916
1759186592571,2025-09-30 06:56:32.571,69.58,40.0,1.0,0.08,0.05,100,100,-36.75,-28.74,-100.0,-0.19,0.0,0.935
1759186597571,2025-09-30 06:56:37.571,69.46,40.0,1.0,0.08,0.05,100,100,-37.59,-29.58,-100.0,-0.17,0.0,0.952
1759186602571,2025-09-30 06:56:42.571,67.79,40.0,1.0,0.08,0.05,100,100,-37.46,-29.46,-100.0,0.02,0.0,0.949
1759186607571,2025-09-30 06:56:47.571,66.79,40.0,1.0,0.08,0.05,100,100,-35.78,-27.79,-100.0,0.33,0.0,0.916
1759186612571,2025-09-30 06:56:52.571,67.0,40.0,1.0,0.08,0.05,100,100,-34.78,-26.79,-100.0,0.2,0.0,0.896
1759186617571,2025-09-30 06:56:57.571,66.44,40.0,1.0,0.08,0.05,100,100,-35.0,-27.0,-100.0,-0.04,0.0,0.9
1759186622571,2025-09-30 06:57:02.571,64.14,40.0,1.0,0.08,0.05,100,100,-34.44,-26.44,-100.0,0.11,0.0,0.889
1759186627571,2025-09-30 06:57:07.571,65.01,40.0,1.0,0.08,0.05,100,100,-32.12,-24.14,-100.0,0.46,0.0,0.843
1759186632571,2025-09-30 06:57:12.571,66.04,40.0,1.0,0.08,0.05,100,100,-33.01,-25.01,-100.0,-0.17,0.0,0.86
1759186637571,2025-09-30 06:57:17.571,64.11,40.0,1.0,0.08,0.05,100,100,-34.05,-26.04,-100.0,-0.21,0.0,0.881
1759186642571,2025-09-30 06:57:22.571,65.5,40.0,1.0,0.08,0.05,100,100,-32.09,-24.11,-100.0,0.39,0.0,0.842
1759186647571,2025-09-30 06:57:27.571,67.5,40.0,1.0,0.08,0.05,100,100,-33.51,-25.5,-100.0,-0.28,0.0,0.87
1759186652571,2025-09-30 06:57:32.571,68.07,40.0,1.0,0.08,0.05,100,100,-35.52,-27.5,-100.0,-0.4,0.0,0.91
1759186657571,2025-09-30 06:57:37.571,68.93,40.0,1.0,0.08,0.05,100,100,-36.07,-28.07,-100.0,-0.11,0.0,0.921
1759186662571,2025-09-30 06:57:42.571,71.21,40.0,1.0,0.08,0.05,100,100,-36.94,-28.93,-100.0,-0.17,0.0,0.939
1759186667571,2025-09-30 06:57:47.571,71.54,40.0,1.0,0.08,0.05,100,100,-39.24,-31.21,-100.0,-0.46,0.0,0.984
1759186672571,2025-09-30 06:57:52.571,71.69,40.0,1.0,0.08,0.05,100,100,-39.54,-31.54,-100.0,-0.07,0.0,0.991
1759186677571,2025-09-30 06:57:57.571,68.08,40.0,1.0,0.08,0.05,100,100,-39.69,-31.69,-100.0,-0.03,0.0,0.994
1759186682571,2025-09-30 06:58:02.571,68.16,40.0,1.0,0.08,0.05,100,100,-36.05,-28.08,-100.0,0.72,0.0,0.922
1759186687571,2025-09-30 06:58:07.571,69.05,40.0,1.0,0.08,0.05,100,100,-36.16,-28.16,-100.0,-0.02,0.0,0.923
1759186692571,2025-09-30 06:58:12.571,68.91,40.0,1.0,0.08,0.05,100,100,-37.06,-29.05,-100.0,-0.18,0.0,0.941
1759186697571,2025-09-30 06:58:17.571,68.41,40.0,1.0,0.08,0.05,100,100,-36.91,-28.91,-100.0,0.03,0.0,0.938
1759186702571,2025-09-30 06:58:22.571,70.5,40.0,1.0,0.08,0.05,100,100,-36.41,-28.41,-100.0,0.1,0.0,0.928
1759186707571,2025-09-30 06:58:27.571,69.09,40.0,1.0,0.08,0.05,100,100,-38.52,-30.5,-100.0,-0.42,0.0,0.97
1759186712571,2025-09-30 06:58:32.571,70.53,40.0,1.0,0.08,0.05,100,100,-37.07,-29.09,-100.0,0.28,0.0,0.942
1759186717571,2025-09-30 06:58:37.571,71.51,40.0,1.0,0.08,0.05,100,100,-38.55,-30.53,-100.0,-0.29,0.0,0.971
1759186722571,2025-09-30 06:58:42.571,71.35,40.0,1.0,0.08,0.05,100,100,-39.52,-31.51,-100.0,-0.19,0.0,0.99
1759186727571,2025-09-30 06:58:47.571,70.27,40.0,1.0,0.08,0.05,100,100,-39.34,-31.35,-100.0,0.03,0.0,0.987
1759186732571,2025-09-30 06:58:52.571,69.56,40.0,1.0,0.08,0.05,100,100,-38.26,-30.27,-100.0,0.22,0.0,0.965
1759186737571,2025-09-30 06:58:57.571,71.19,40.0,1.0,0.08,0.05,100,100,-37.56,-29.56,-100.0,0.14,0.0,0.951
1759186742571,2025-09-30 06:59:02.571,70.47,40.0,1.0,0.08,0.05,100,100,-39.2,-31.19,-100.0,-0.32,0.0,0.984
1759186747571,2025-09-30 06:59:07.571,70.59,40.0,1.0,0.08,0.05,100,100,-38.46,-30.47,-100.0,0.14,0.0,0.969
1759186752571,2025-09-30 06:59:12.571,72.01,32.0,1.0,0.08,0.05,100,100,-38.59,-30.59,-100.0,-0.02,0.0,0.972
1759186757571,2025-09-30 06:59:17.571,75.17,32.0,1.0,0.08,0.05,100,100,-48.1,-40.01,-100.0,-1.88,0.0,1.0
1759186762571,2025-09-30 06:59:22.571,78.48,32.0,1.0,0.08,0.05,100,100,-51.2,-43.17,-100.0,-0.63,0.0,1.063
1759186767571,2025-09-30 06:59:27.571,78.57,32.0,1.0,0.08,0.05,100,100,-54.51,-46.48,-100.0,-0.66,0.0,1.13
1759186772571,2025-09-30 06:59:32.571,75.62,32.0,1.0,0.08,0.05,100,100,-54.57,-46.57,-100.0,-0.02,0.0,1.131
1759186777571,2025-09-30 06:59:37.571,73.25,32.0,1.0,0.08,0.05,100,100,-51.59,-43.62,-100.0,0.59,0.0,1.072
1759186782571,2025-09-30 06:59:42.571,71.68,32.0,1.0,0.08,0.05,100,100,-49.23,-41.25,-100.0,0.47,0.0,1.025
1759186787571,2025-09-30 06:59:47.571,72.52,32.0,1.0,0.08,0.05,100,100,-47.66,-39.68,-100.0,0.32,0.0,0.994
1759186792571,2025-09-30 06:59:52.571,74.72,32.0,1.0,0.08,0.05,100,100,-48.52,-40.52,-100.0,-0.17,0.0,1.01
1759186797571,2025-09-30 06:59:57.571,76.15,32.0,1.0,0.08,0.05,100,100,-50.75,-42.72,-100.0,-0.44,0.0,1.054
1759186802571,2025-09-30 07:00:02.571,77.81,32.0,1.0,0.08,0.05,100,100,-52.16,-44.15,-100.0,-0.29,0.0,1.083
1759186807571,2025-09-30 07:00:07.571,79.14,32.0,1.0,0.08,0.05,100,100,-53.83,-45.81,-100.0,-0.33,0.0,1.116
1759186812571,2025-09-30 07:00:12.571,80.59,32.0,1.0,0.08,0.05,100,100,-55.16,-47.14,-100.0,-0.27,0.0,1.143
1759186817571,2025-09-30 07:00:17.571,81.09,32.0,1.0,0.08,0.05,100,100,-56.6,-48.59,-100.0,-0.29,0.0,1.172
1759186822571,2025-09-30 07:00:22.571,81.8,32.0,1.0,0.08,0.05,100,100,-57.1,-49.09,-100.0,-0.1,0.0,1.182
1759186827571,2025-09-30 07:00:27.571,81.62,32.0,1.0,0.08,0.05,100,100,-57.81,-49.8,-100.0,-0.14,0.0,1.196
1759186832571,2025-09-30 07:00:32.571,81.84,32.0,1.0,0.08,0.05,100,100,-57.62,-49.62,-100.0,0.03,0.0,1.192
1759186837571,2025-09-30 07:00:37.571,82.13,32.0,1.0,0.08,0.05,100,100,-57.84,-49.84,-100.0,-0.04,0.0,1.197
1759186842571,2025-09-30 07:00:42.571,82.74,32.0,1.0,0.08,0.05,100,100,-58.13,-50.13,-100.0,-0.06,0.0,1.203
1759186847571,2025-09-30 07:00:47.571,79.89,32.0,1.0,0.08,0.05,100,100,-58.75,-50.74,-100.0,-0.12,0.0,1.215
1759186852571,2025-09-30 07:00:52.571,80.2,32.0,1.0,0.08,0.05,100,100,-55.86,-47.89,-100.0,0.57,0.0,1.158
1759186857571,2025-09-30 07:00:57.571,78.4,32.0,1.0,0.08,0.05,100,100,-56.2,-48.2,-100.0,-0.06,0.0,1.164
1759186862571,2025-09-30 07:01:02.571,77.31,32.0,1.0,0.08,0.05,100,100,-54.38,-46.4,-100.0,0.36,0.0,1.128
1759186867571,2025-09-30 07:01:07.571,79.13,32.0,1.0,0.08,0.05,100,100,-53.29,-45.31,-100.0,0.22,0.0,1.106
1759186872571,2025-09-30 07:01:12.571,75.99,32.0,1.0,0.08,0.05,100,100,-55.15,-47.13,-100.0,-0.37,0.0,1.143
1759186877571,2025-09-30 07:01:17.571,75.37,32.0,1.0,0.08,0.05,100,100,-51.96,-43.99,-100.0,0.63,0.0,1.08
1759186882571,2025-09-30 07:01:22.571,73.93,32.0,1.0,0.08,0.05,100,100,-51.37,-43.37,-100.0,0.12,0.0,1.067
1759186887571,2025-09-30 07:01:27.571,75.18,32.0,1.0,0.08,0.05,100,100,-49.92,-41.93,-100.0,0.29,0.0,1.039
1759186892571,2025-09-30 07:01:32.571,74.8,32.0,1.0,0.08,0.05,100,100,-51.19,-43.18,-100.0,-0.25,0.0,1.064
1759186897571,2025-09-30 07:01:37.571,76.45,32.0,1.0,0.08,0.05,100,100,-50.8,-42.8,-100.0,0.08,0.0,1.056
1759186902571,2025-09-30 07:01:42.571,75.83,32.0,1.0,0.08,0.05,100,100,-52.47,-44.45,-100.0,-0.33,0.0,1.089
1759186907571,2025-09-30 07:01:47.571,78.13,32.0,1.0,0.08,0.05,100,100,-51.82,-43.83,-100.0,0.12,0.0,1.077
1759186912571,2025-09-30 07:01:52.571,77.96,32.0,1.0,0.08,0.05,100,100,-54.15,-46.13,-100.0,-0.46,0.0,1.123
1759186917571,2025-09-30 07:01:57.571,77.79,32.0,1.0,0.08,0.05,100,100,-53.96,-45.96,-100.0,0.03,0.0,1.119
1759186922571,2025-09-30 07:02:02.571,76.24,32.0,1.0,0.08,0.05,100,100,-53.79,-45.79,-100.0,0.03,0.0,1.116
1759186927571,2025-09-30 07:02:07.571,74.82,32.0,1.0,0.08,0.05,100,100,-52.22,-44.24,-100.0,0.31,0.0,1.085
1759186932571,2025-09-30 07:02:12.571,71.66,32.0,1.0,0.08,0.05,100,100,-50.8,-42.82,-100.0,0.28,0.0,1.056
1759186937571,2025-09-30 07:02:17.571,72.37,32.0,1.0,0.08,0.05,100,100,-47.63,-39.66,-100.0,0.63,0.0,0.993
1759186942571,2025-09-30 07:02:22.571,71.75,32.0,1.0,0.08,0.05,100,100,-48.37,-40.37,-100.0,-0.14,0.0,1.007
1759186947571,2025-09-30 07:02:27.571,71.95,32.0,1.0,0.08,0.05,100,100,-47.74,-39.75,-100.0,0.12,0.0,0.995
1759186952571,2025-09-30 07:02:32.571,70.99,32.0,1.0,0.08,0.05,100,100,-47.95,-39.95,-100.0,-0.04,0.0,0.999
1759186957571,2025-09-30 07:02:37.571,70.32,32.0,1.0,0.08,0.05,100,100,-46.98,-38.99,-100.0,0.19,0.0,0.98
1759186962571,2025-09-30 07:02:42.571,69.32,32.0,1.0,0.08,0.05,100,100,-46.31,-38.32,-100.0,0.14,0.0,0.966
1759186967571,2025-09-30 07:02:47.571,67.27,32.0,1.0,0.08,0.05,100,100,-45.31,-37.32,-100.0,0.2,0.0,0.946
1759186972571,2025-09-30 07:02:52.571,66.42,32.0,1.0,0.08,0.05,100,100,-43.25,-35.27,-100.0,0.41,0.0,0.905
1759186977571,2025-09-30 07:02:57.571,65.89,32.0,1.0,0.08,0.05,100,100,-42.41,-34.42,-100.0,0.17,0.0,0.888
1759186982571,2025-09-30 07:03:02.571,65.69,32.0,1.0,0.08,0.05,100,100,-41.89,-33.89,-100.0,0.11,0.0,0.878
1759186987571,2025-09-30 07:03:07.571,64.65,32.0,1.0,0.08,0.05,100,100,-41.68,-33.69,-100.0,0.04,0.0,0.874
1759186992571,2025-09-30 07:03:12.571,63.19,32.0,1.0,0.08,0.05,100,100,-40.64,-32.65,-100.0,0.21,0.0,0.853
1759186997571,2025-09-30 07:03:17.571,64.91,32.0,1.0,0.08,0.05,100,100,-39.18,-31.19,-100.0,0.29,0.0,0.824
1759187002571,2025-09-30 07:03:22.571,65.04,32.0,1.0,0.08,0.05,100,100,-40.93,-32.91,-100.0,-0.34,0.0,0.858
1759187007571,2025-09-30 07:03:27.571,64.7,32.0,1.0,0.08,0.05,100,100,-41.05,-33.04,-100.0,-0.03,0.0,0.861
1759187012571,2025-09-30 07:03:32.571,62.18,32.0,1.0,0.08,0.05,100,100,-40.7,-32.7,-100.0,0.07,0.0,0.854
1759187017571,2025-09-30 07:03:37.571,60.74,32.0,1.0,0.08,0.05,100,100,-38.16,-30.18,-100.0,0.5,0.0,0.804
1759187022571,2025-09-30 07:03:42.571,60.01,32.0,1.0,0.08,0.05,100,100,-36.72,-28.74,-100.0,0.29,0.0,0.775
1759187027571,2025-09-30 07:03:47.571,60.74,32.0,1.0,0.08,0.05,100,100,-36.01,-28.01,-100.0,0.14,0.0,0.76
1759187032571,2025-09-30 07:03:52.571,61.09,32.0,1.0,0.08,0.05,100,100,-36.75,-28.74,-100.0,-0.14,0.0,0.775
1759187037571,2025-09-30 07:03:57.571,59.13,32.0,1.0,0.08,0.05,100,100,-37.1,-29.09,-100.0,-0.07,0.0,0.782
1759187042571,2025-09-30 07:04:02.571,58.45,32.0,1.0,0.08,0.05,100,100,-35.11,-27.13,-100.0,0.39,0.0,0.743
1759187047571,2025-09-30 07:04:07.571,57.37,32.0,1.0,0.08,0.05,100,100,-34.45,-26.45,-100.0,0.14,0.0,0.729
1759187052571,2025-09-30 07:04:12.571,58.09,32.0,1.0,0.08,0.05,100,100,-33.35,-25.37,-100.0,0.22,0.0,0.707
1759187057571,2025-09-30 07:04:17.571,57.17,32.0,1.0,0.08,0.05,100,100,-34.1,-26.09,-100.0,-0.15,0.0,0.722
1759187062571,2025-09-30 07:04:22.571,57.92,32.0,1.0,0.08,0.05,100,100,-33.16,-25.17,-100.0,0.18,0.0,0.703
1759187067571,2025-09-30 07:04:27.571,58.96,32.0,1.0,0.08,0.05,100,100,-33.93,-25.92,-100.0,-0.15,0.0,0.718
1759187072571,2025-09-30 07:04:32.571,55.39,32.0,1.0,0.08,0.05,100,100,-34.97,-26.96,-100.0,-0.21,0.0,0.739
1759187077571,2025-09-30 07:04:37.571,54.71,32.0,1.0,0.08,0.05,100,100,-31.35,-23.39,-100.0,0.71,0.0,0.668
1759187082571,2025-09-30 07:04:42.571,55.37,32.0,1.0,0.08,0.05,100,100,-30.7,-22.71,-100.0,0.14,0.0,0.654
1759187087571,2025-09-30 07:04:47.571,55.91,32.0,1.0,0.08,0.05,100,100,-31.38,-23.37,-100.0,-0.13,0.0,0.667
1759187092571,2025-09-30 07:04:52.571,56.84,32.0,1.0,0.08,0.05,100,100,-31.91,-23.91,-100.0,-0.11,0.0,0.678
1759187097571,2025-09-30 07:04:57.571,59.23,32.0,1.0,0.08,0.05,100,100,-32.85,-24.84,-100.0,-0.19,0.0,0.697
1759187102571,2025-09-30 07:05:02.571,59.1,32.0,1.0,0.08,0.05,100,100,-35.25,-27.23,-100.0,-0.48,0.0,0.745
1759187107571,2025-09-30 07:05:07.571,58.19,32.0,1.0,0.08,0.05,100,100,-35.1,-27.1,-100.0,0.03,0.0,0.742
1759187112571,2025-09-30 07:05:12.571,57.72,32.0,1.0,0.08,0.05,100,100,-34.18,-26.19,-100.0,0.18,0.0,0.724
1759187117571,2025-09-30 07:05:17.571,56.93,32.0,1.0,0.08,0.05,100,100,-33.71,-25.72,-100.0,0.1,0.0,0.714
1759187122571,2025-09-30 07:05:22.571,56.87,32.0,1.0,0.08,0.05,100,100,-32.93,-24.93,-100.0,0.16,0.0,0.699
1759187127571,2025-09-30 07:05:27.571,57.71,32.0,1.0,0.08,0.05,100,100,-32.87,-24.87,-100.0,0.01,0.0,0.697
1759187132571,2025-09-30 07:05:32.571,58.37,32.0,1.0,0.08,0.05,100,100,-33.71,-25.71,-100.0,-0.17,0.0,0.714
1759187137571,2025-09-30 07:05:37.571,55.24,32.0,1.0,0.08,0.05,100,100,-34.37,-26.37,-100.0,-0.13,0.0,0.727
1759187142571,2025-09-30 07:05:42.571,53.61,32.0,1.0,0.08,0.05,100,100,-31.21,-23.24,-100.0,0.63,0.0,0.665
1759187147571,2025-09-30 07:05:47.571,50.98,32.0,1.0,0.08,0.05,100,100,-29.59,-21.61,-100.0,0.33,0.0,0.632
1759187152571,2025-09-30 07:05:52.571,51.58,32.0,1.0,0.08,0.05,100,100,-26.95,-18.98,-100.0,0.53,0.0,0.58
1759187157571,2025-09-30 07:05:57.571,52.84,32.0,1.0,0.08,0.05,100,100,-27.58,-19.58,-100.0,-0.12,0.0,0.592
1759187162571,2025-09-30 07:06:02.571,52.27,32.0,1.0,0.08,0.05,100,100,-28.85,-20.84,-100.0,-0.25,0.0,0.617
1759187167571,2025-09-30 07:06:07.571,54.77,32.0,1.0,0.08,0.05,100,100,-28.26,-20.27,-100.0,0.11,0.0,0.605
1759187172571,2025-09-30 07:06:12.571,52.62,32.0,1.0,0.08,0.05,100,100,-30.79,-22.77,-100.0,-0.5,0.0,0.655
1759187177571,2025-09-30 07:06:17.571,52.55,32.0,1.0,0.08,0.05,100,100,-28.6,-20.62,-100.0,0.43,0.0,0.612
1759187182571,2025-09-30 07:06:22.571,49.9,32.0,1.0,0.08,0.05,100,100,-28.55,-20.55,-100.0,0.01,0.0,0.611
1759187187571,2025-09-30 07:06:27.571,48.96,32.0,1.0,0.08,0.05,100,100,-25.87,-17.9,-100.0,0.53,0.0,0.558
1759187192571,2025-09-30 07:06:32.571,49.37,32.0,1.0,0.08,0.05,100,100,-24.95,-16.96,-100.0,0.19,0.0,0.539
1759187197571,2025-09-30 07:06:37.571,47.64,32.0,1.0,0.08,0.05,100,100,-25.37,-17.37,-100.0,-0.08,0.0,0.547
1759187202571,2025-09-30 07:06:42.571,46.79,32.0,1.0,0.08,0.05,100,100,-23.63,-15.64,-100.0,0.34,0.0,0.513
1759187207571,2025-09-30 07:06:47.571,45.03,32.0,1.0,0.08,0.05,100,100,-22.78,-14.79,-100.0,0.17,0.0,0.496
1759187212571,2025-09-30 07:06:52.571,42.53,32.0,1.0,0.08,0.05,100,100,-21.01,-13.03,-100.0,0.35,0.0,0.461
1759187217571,2025-09-30 07:06:57.571,41.19,32.0,1.0,0.08,0.05,100,100,-18.5,-10.53,-100.0,0.5,0.0,0.411
1759187222571,2025-09-30 07:07:02.571,41.94,32.0,1.0,0.08,0.05,100,100,-17.17,-9.19,-100.0,0.27,0.0,0.384
1759187227571,2025-09-30 07:07:07.571,41.8,32.0,1.0,0.08,0.05,100,100,-17.95,-9.94,-100.0,-0.15,0.0,0.399
1759187232571,2025-09-30 07:07:12.571,42.02,32.0,1.0,0.08,0.05,100,100,-17.79,-9.8,-100.0,0.03,0.0,0.396
1759187237571,2025-09-30 07:07:17.571,44.73,32.0,1.0,0.08,0.05,100,100,-18.02,-10.02,-100.0,-0.05,0.0,0.4
1759187242571,2025-09-30 07:07:22.571,46.68,32.0,1.0,0.08,0.05,100,100,-20.76,-12.73,-100.0,-0.54,0.0,0.455
1759187247571,2025-09-30 07:07:27.571,47.24,32.0,1.0,0.08,0.05,100,100,-22.7,-14.68,-100.0,-0.39,0.0,0.494
1759187252571,2025-09-30 07:07:32.571,46.03,32.0,1.0,0.08,0.05,100,100,-23.24,-15.24,-100.0,-0.11,0.0,0.505
1759187257571,2025-09-30 07:07:37.571,45.61,32.0,1.0,0.08,0.05,100,100,-22.01,-14.03,-100.0,0.24,0.0,0.481
1759187262571,2025-09-30 07:07:42.571,43.95,32.0,1.0,0.08,0.05,100,100,-21.61,-13.61,-100.0,0.08,0.0,0.472
1759187267571,2025-09-30 07:07:47.571,44.37,32.0,1.0,0.08,0.05,100,100,-19.94,-11.95,-100.0,0.33,0.0,0.439
1759187272571,2025-09-30 07:07:52.571,41.55,32.0,1.0,0.08,0.05,100,100,-20.37,-12.37,-100.0,-0.08,0.0,0.447
1759187277571,2025-09-30 07:07:57.571,43.35,32.0,1.0,0.08,0.05,100,100,-17.53,-9.55,-100.0,0.56,0.0,0.391
1759187282571,2025-09-30 07:08:02.571,43.36,32.0,1.0,0.08,0.05,100,100,-19.37,-11.35,-100.0,-0.36,0.0,0.427
1759187287571,2025-09-30 07:08:07.571,43.67,32.0,1.0,0.08,0.05,100,100,-19.36,-11.36,-100.0,-0.0,0.0,0.427
1759187292571,2025-09-30 07:08:12.571,42.76,32.0,1.0,0.08,0.05,100,100,-19.67,-11.67,-100.0,-0.06,0.0,0.433
1759187297571,2025-09-30 07:08:17.571,41.65,32.0,1.0,0.08,0.05,100,100,-18.75,-10.76,-100.0,0.18,0.0,0.415
1759187302571,2025-09-30 07:08:22.571,39.99,32.0,1.0,0.08,0.05,100,100,-17.64,-9.65,-100.0,0.22,0.0,0.393
1759187307571,2025-09-30 07:08:27.571,40.45,32.0,1.0,0.08,0.05,100,100,-15.97,-7.99,-100.0,0.33,0.0,0.36
1759187312571,2025-09-30 07:08:32.571,38.84,32.0,1.0,0.08,0.05,100,100,-16.46,-8.45,-100.0,-0.09,0.0,0.369
1759187317571,2025-09-30 07:08:37.571,42.39,32.0,1.0,0.08,0.05,100,100,-14.82,-6.84,-100.0,0.32,0.0,0.337
1759187322571,2025-09-30 07:08:42.571,42.12,32.0,1.0,0.08,0.05,100,100,-18.43,-10.39,-100.0,-0.71,0.0,0.408
1759187327571,2025-09-30 07:08:47.571,43.84,32.0,1.0,0.08,0.05,100,100,-18.11,-10.12,-100.0,0.06,0.0,0.402
1759187332571,2025-09-30 07:08:52.571,43.53,32.0,1.0,0.08,0.05,100,100,-19.86,-11.84,-100.0,-0.35,0.0,0.437
1759187337571,2025-09-30 07:08:57.571,42.62,32.0,1.0,0.08,0.05,100,100,-19.52,-11.53,-100.0,0.06,0.0,0.431
1759187342571,2025-09-30 07:09:02.571,43.36,32.0,1.0,0.08,0.05,100,100,-18.61,-10.62,-100.0,0.18,0.0,0.412
1759187347571,2025-09-30 07:09:07.571,43.22,32.0,1.0,0.08,0.05,100,100,-19.36,-11.36,-100.0,-0.15,0.0,0.427
1759187352571,2025-09-30 07:09:12.571,42.54,32.0,1.0,0.08,0.05,100,100,-19.22,-11.22,-100.0,0.03,0.0,0.424
1759187357571,2025-09-30 07:09:17.571,43.5,32.0,1.0,0.08,0.05,100,100,-18.53,-10.54,-100.0,0.14,0.0,0.411
1759187362571,2025-09-30 07:09:22.571,45.02,32.0,1.0,0.08,0.05,100,100,-19.51,-11.5,-100.0,-0.19,0.0,0.43
1759187367571,2025-09-30 07:09:27.571,46.46,32.0,1.0,0.08,0.05,100,100,-21.03,-13.02,-100.0,-0.3,0.0,0.46
1759187372571,2025-09-30 07:09:32.571,47.56,32.0,1.0,0.08,0.05,100,100,-22.47,-14.46,-100.0,-0.29,0.0,0.489
1759187377571,2025-09-30 07:09:37.571,44.93,32.0,1.0,0.08,0.05,100,100,-23.57,-15.56,-100.0,-0.22,0.0,0.511
1759187382571,2025-09-30 07:09:42.571,42.94,32.0,1.0,0.08,0.05,100,100,-20.91,-12.93,-100.0,0.52,0.0,0.459
1759187387571,2025-09-30 07:09:47.571,40.36,32.0,1.0,0.08,0.05,100,100,-18.92,-10.94,-100.0,0.4,0.0,0.419
1759187392571,2025-09-30 07:09:52.571,40.03,32.0,1.0,0.08,0.05,100,100,-16.33,-8.36,-100.0,0.52,0.0,0.367
1759187397571,2025-09-30 07:09:57.571,39.51,32.0,1.0,0.08,0.05,100,100,-16.03,-8.03,-100.0,0.07,0.0,0.361
1759187402571,2025-09-30 07:10:02.571,37.52,32.0,1.0,0.08,0.05,100,100,-15.51,-7.51,-100.0,0.1,0.0,0.35
1759187407571,2025-09-30 07:10:07.571,36.54,32.0,1.0,0.08,0.05,100,100,-13.5,-5.52,-100.0,0.4,0.0,0.31
1759187412571,2025-09-30 07:10:12.571,40.51,32.0,1.0,0.08,0.05,100,100,-12.53,-4.54,-100.0,0.2,0.0,0.291
1759187417571,2025-09-30 07:10:17.571,41.61,32.0,1.0,0.08,0.05,100,100,-16.55,-8.51,-100.0,-0.79,0.0,0.37
1759187422571,2025-09-30 07:10:22.571,41.03,32.0,1.0,0.08,0.05,100,100,-17.62,-9.61,-100.0,-0.22,0.0,0.392
1759187427571,2025-09-30 07:10:27.571,41.5,32.0,1.0,0.08,0.05,100,100,-17.03,-9.03,-100.0,0.12,0.0,0.381
1759187432571,2025-09-30 07:10:32.571,39.93,32.0,1.0,0.08,0.05,100,100,-17.51,-9.5,-100.0,-0.09,0.0,0.39
1759187437571,2025-09-30 07:10:37.571,38.28,32.0,1.0,0.08,0.05,100,100,-15.91,-7.93,-100.0,0.31,0.0,0.359
1759187442571,2025-09-30 07:10:42.571,35.76,32.0,1.0,0.08,0.05,100,100,-14.26,-6.28,-100.0,0.33,0.0,0.326
1759187447571,2025-09-30 07:10:47.571,37.56,32.0,1.0,0.08,0.05,100,100,-11.73,-3.76,-100.0,0.5,0.0,0.275
1759187452571,2025-09-30 07:10:52.571,38.15,32.0,1.0,0.08,0.05,100,100,-13.58,-5.56,-100.0,-0.36,0.0,0.311
1759187457571,2025-09-30 07:10:57.571,37.52,32.0,1.0,0.08,0.05,100,100,-14.15,-6.15,-100.0,-0.12,0.0,0.323
1759187462571,2025-09-30 07:11:02.571,37.79,32.0,1.0,0.08,0.05,100,100,-13.51,-5.52,-100.0,0.13,0.0,0.31
1759187467571,2025-09-30 07:11:07.571,36.18,32.0,1.0,0.08,0.05,100,100,-13.79,-5.79,-100.0,-0.05,0.0,0.316
1759187472571,2025-09-30 07:11:12.571,33.47,32.0,1.0,0.08,0.05,100,100,-12.17,-4.18,-100.0,0.32,0.0,0.284
1759187477571,2025-09-30 07:11:17.571,31.46,32.0,1.0,0.08,0.05,100,100,-9.44,-1.47,-100.0,0.54,0.0,0.229
1759187482571,2025-09-30 07:11:22.571,30.22,32.0,1.0,0.08,0.05,100,100,-7.22,0.54,-97.29,0.4,0.0,0.189
1759187487571,2025-09-30 07:11:27.571,29.82,32.0,1.0,0.08,0.05,100,100,-5.28,1.78,-88.39,0.25,0.0,0.164
1759187492571,2025-09-30 07:11:32.571,29.85,32.0,1.0,0.08,0.05,100,100,-4.01,2.18,-77.49,0.08,0.0,0.156
1759187497571,2025-09-30 07:11:37.571,31.09,32.0,1.0,0.08,0.05,100,100,-3.19,2.15,-66.74,-0.01,0.0,0.157
1759187502571,2025-09-30 07:11:42.571,33.99,32.0,1.0,0.08,0.05,100,100,-4.08,0.91,-62.2,-0.25,0.0,0.182
1759187507571,2025-09-30 07:11:47.571,31.15,32.0,1.0,0.08,0.05,100,100,-7.79,-1.99,-72.16,-0.58,0.0,0.24
1759187512571,2025-09-30 07:11:52.571,31.26,32.0,1.0,0.08,0.05,100,100,-4.56,0.85,-67.93,0.57,0.0,0.183
1759187517571,2025-09-30 07:11:57.571,31.14,32.0,1.0,0.08,0.05,100,100,-4.4,0.74,-64.24,-0.02,0.0,0.185
1759187522571,2025-09-30 07:12:02.571,27.76,32.0,1.0,0.08,0.05,100,100,-3.93,0.86,-59.94,0.02,0.0,0.183
1759187527571,2025-09-30 07:12:07.571,29.07,32.0,1.0,0.08,0.05,100,100,1.17,4.24,-38.75,0.68,0.018,0.115
1759187532571,2025-09-30 07:12:12.571,27.61,32.0,1.0,0.08,0.05,100,100,0.99,2.93,-24.09,-0.26,0.015,0.141
1759187537571,2025-09-30 07:12:17.571,27.22,32.0,1.0,0.08,0.05,100,100,4.23,4.39,-2.15,0.29,0.063,0.112
1759187542571,2025-09-30 07:12:22.571,26.22,32.0,1.0,0.08,0.05,100,100,6.53,4.78,21.77,0.08,0.098,0.104
1759187547571,2025-09-30 07:12:27.571,26.61,32.0,1.0,0.08,0.05,100,100,9.84,5.78,50.66,0.2,0.148,0.084
1759187552571,2025-09-30 07:12:32.571,27.59,32.0,1.0,0.08,0.05,100,100,11.59,5.39,77.61,-0.08,0.174,0.092
1759187557571,2025-09-30 07:12:37.571,29.53,32.0,1.0,0.08,0.05,100,100,12.37,4.41,99.66,-0.2,0.186,0.112
1759187562571,2025-09-30 07:12:42.571,28.5,32.0,1.0,0.08,0.05,100,100,10.45,2.47,100.0,-0.39,0.157,0.151
1759187567571,2025-09-30 07:12:47.571,30.92,32.0,1.0,0.08,0.05,100,100,11.51,3.5,100.0,0.21,0.173,0.13
1759187572571,2025-09-30 07:12:52.571,31.37,32.0,1.0,0.08,0.05,100,100,9.05,1.08,100.0,-0.48,0.136,0.178
1759187577571,2025-09-30 07:12:57.571,31.96,32.0,1.0,0.08,0.05,100,100,8.62,0.63,100.0,-0.09,0.129,0.187
1759187582571,2025-09-30 07:13:02.571,31.69,32.0,1.0,0.08,0.05,100,100,8.03,0.04,100.0,-0.12,0.12,0.199
1759187587571,2025-09-30 07:13:07.571,29.18,32.0,1.0,0.08,0.05,100,100,8.32,0.31,100.0,0.06,0.125,0.194
1759187592571,2025-09-30 07:13:12.571,24.47,32.0,1.0,0.08,0.05,100,100,10.85,2.82,100.0,0.5,0.163,0.144
1759187597571,2025-09-30 07:13:17.571,25.22,32.0,1.0,0.08,0.05,100,100,15.58,7.53,100.0,0.94,0.234,0.049
1759187602571,2025-09-30 07:13:22.571,25.39,32.0,1.0,0.08,0.05,100,100,14.78,6.78,100.0,-0.15,0.222,0.064
1759187607571,2025-09-30 07:13:27.571,27.16,32.0,1.0,0.08,0.05,100,100,14.61,6.61,100.0,-0.04,0.219,0.068
1759187612571,2025-09-30 07:13:32.571,27.14,32.0,1.0,0.08,0.05,100,100,12.83,4.84,100.0,-0.35,0.192,0.103
1759187617571,2025-09-30 07:13:37.571,27.01,32.0,1.0,0.08,0.05,100,100,12.86,4.86,100.0,0.0,0.193,0.103
1759187622571,2025-09-30 07:13:42.571,25.79,32.0,1.0,0.08,0.05,100,100,12.99,4.99,100.0,0.03,0.195,0.1
1759187627571,2025-09-30 07:13:47.571,24.54,32.0,1.0,0.08,0.05,100,100,14.23,6.21,100.0,0.24,0.213,0.076
1759187632571,2025-09-30 07:13:52.571,23.7,32.0,1.0,0.08,0.05,100,100,15.47,7.46,100.0,0.25,0.232,0.051
1759187637571,2025-09-30 07:13:57.571,23.81,32.0,1.0,0.08,0.05,100,100,16.31,8.3,100.0,0.17,0.245,0.034
1759187642571,2025-09-30 07:14:02.571,24.99,32.0,1.0,0.08,0.05,100,100,16.19,8.19,100.0,-0.02,0.243,0.036
1759187647571,2025-09-30 07:14:07.571,23.97,32.0,1.0,0.08,0.05,100,100,15.0,7.01,100.0,-0.24,0.225,0.06
1759187652571,2025-09-30 07:14:12.571,25.52,32.0,1.0,0.08,0.05,100,100,16.04,8.03,100.0,0.2,0.241,0.039
1759187657571,2025-09-30 07:14:17.571,24.03,32.0,1.0,0.08,0.05,100,100,14.47,6.48,100.0,-0.31,0.217,0.07
1759187662571,2025-09-30 07:14:22.571,23.26,32.0,1.0,0.08,0.05,100,100,15.98,7.97,100.0,0.3,0.24,0.041
1759187667571,2025-09-30 07:14:27.571,20.24,32.0,1.0,0.08,0.05,100,100,16.75,8.74,100.0,0.15,0.251,0.025
1759187672571,2025-09-30 07:14:32.571,20.37,32.0,1.0,0.08,0.05,100,100,19.79,11.76,100.0,0.6,0.297,-0.035
1759187677571,2025-09-30 07:14:37.571,20.19,32.0,1.0,0.08,0.05,100,100,19.63,11.63,100.0,-0.03,0.294,-0.033
1759187682571,2025-09-30 07:14:42.571,20.87,32.0,1.0,0.08,0.05,100,100,19.82,11.81,100.0,0.04,0.297,-0.036
1759187687571,2025-09-30 07:14:47.571,20.8,32.0,1.0,0.08,0.05,100,100,19.12,11.13,100.0,-0.14,0.287,-0.023
1759187692571,2025-09-30 07:14:52.571,20.57,32.0,1.0,0.08,0.05,100,100,19.2,11.2,100.0,0.01,0.288,-0.024
1759187697571,2025-09-30 07:14:57.571,21.36,32.0,1.0,0.08,0.05,100,100,19.43,11.43,100.0,0.05,0.291,-0.029
1759187702571,2025-09-30 07:15:02.571,20.66,32.0,1.0,0.08,0.05,100,100,18.64,10.64,100.0,-0.16,0.28,-0.013
1759187707571,2025-09-30 07:15:07.571,20.7,32.0,1.0,0.08,0.05,100,100,19.34,11.34,100.0,0.14,0.29,-0.027
1759187712571,2025-09-30 07:15:12.571,23.39,32.0,1.0,0.08,0.05,100,100,19.3,11.3,100.0,-0.01,0.29,-0.026
1759187717571,2025-09-30 07:15:17.571,26.57,32.0,1.0,0.08,0.05,100,100,16.58,8.61,100.0,-0.54,0.249,0.028
1759187722571,2025-09-30 07:15:22.571,26.07,32.0,1.0,0.08,0.05,100,100,13.39,5.43,100.0,-0.64,0.201,0.091
1759187727571,2025-09-30 07:15:27.571,25.0,32.0,1.0,0.08,0.05,100,100,13.94,5.93,100.0,0.1,0.209,0.081
1759187732571,2025-09-30 07:15:32.571,21.71,32.0,1.0,0.08,0.05,100,100,15.01,7.0,100.0,0.21,0.225,0.06
1759187737571,2025-09-30 07:15:37.571,20.28,32.0,1.0,0.08,0.05,100,100,18.33,10.29,100.0,0.66,0.275,-0.006
1759187742571,2025-09-30 07:15:42.571,19.95,32.0,1.0,0.08,0.05,100,100,19.73,11.72,100.0,0.28,0.296,-0.034
1759187747571,2025-09-30 07:15:47.571,18.32,32.0,1.0,0.08,0.05,100,100,20.05,12.05,100.0,0.07,0.301,-0.041
1759187752571,2025-09-30 07:15:52.571,18.22,32.0,1.0,0.08,0.05,100,100,21.7,13.68,100.0,0.33,0.325,-0.074
1759187757571,2025-09-30 07:15:57.571,18.45,32.0,1.0,0.08,0.05,100,100,21.78,13.78,100.0,0.02,0.327,-0.076
1759187762571,2025-09-30 07:16:02.571,17.6,32.0,1.0,0.08,0.05,100,100,21.55,13.55,100.0,-0.04,0.323,-0.071
1759187767571,2025-09-30 07:16:07.571,16.29,32.0,1.0,0.08,0.05,100,100,22.4,14.4,100.0,0.17,0.336,-0.088
1759187772571,2025-09-30 07:16:12.571,14.24,32.0,1.0,0.08,0.05,100,100,23.72,15.71,100.0,0.26,0.356,-0.114
1759187777571,2025-09-30 07:16:17.571,13.88,32.0,1.0,0.08,0.05,100,100,25.78,17.76,100.0,0.41,0.387,-0.155
1759187782571,2025-09-30 07:16:22.571,13.67,32.0,1.0,0.08,0.05,100,100,26.12,18.12,100.0,0.07,0.392,-0.162
1759187787571,2025-09-30 07:16:27.571,13.14,32.0,1.0,0.08,0.05,100,100,26.33,18.33,100.0,0.04,0.395,-0.167
1759187792571,2025-09-30 07:16:32.571,13.37,32.0,1.0,0.08,0.05,100,100,26.86,18.86,100.0,0.11,0.403,-0.177
1759187797571,2025-09-30 07:16:37.571,11.55,32.0,1.0,0.08,0.05,100,100,26.62,18.63,100.0,-0.05,0.399,-0.173
1759187802571,2025-09-30 07:16:42.571,10.57,32.0,1.0,0.08,0.05,100,100,28.47,20.45,100.0,0.36,0.427,-0.209
1759187807571,2025-09-30 07:16:47.571,10.3,32.0,1.0,0.08,0.05,100,100,29.44,21.43,100.0,0.2,0.442,-0.229
1759187812571,2025-09-30 07:16:52.571,12.9,32.0,1.0,0.08,0.05,100,100,29.71,21.7,100.0,0.05,0.446,-0.234
1759187817571,2025-09-30 07:16:57.571,15.7,32.0,1.0,0.08,0.05,100,100,27.08,19.1,100.0,-0.52,0.406,-0.182
1759187822571,2025-09-30 07:17:02.571,15.54,32.0,1.0,0.08,0.05,100,100,24.28,16.3,100.0,-0.56,0.364,-0.126
1759187827571,2025-09-30 07:17:07.571,13.23,32.0,1.0,0.08,0.05,100,100,24.46,16.46,100.0,0.03,0.367,-0.129
1759187832571,2025-09-30 07:17:12.571,11.81,32.0,1.0,0.08,0.05,100,100,26.79,18.77,100.0,0.46,0.402,-0.175
1759187837571,2025-09-30 07:17:17.571,11.51,32.0,1.0,0.08,0.05,100,100,28.2,20.19,100.0,0.28,0.423,-0.204
1759187842571,2025-09-30 07:17:22.571,11.11,32.0,1.0,0.08,0.05,100,100,28.49,20.49,100.0,0.06,0.427,-0.21
1759187847571,2025-09-30 07:17:27.571,11.89,32.0,1.0,0.08,0.05,100,100,28.9,20.89,100.0,0.08,0.433,-0.218
1759187852571,2025-09-30 07:17:32.571,12.66,32.0,1.0,0.08,0.05,100,100,28.11,20.11,100.0,-0.16,0.422,-0.202
1759187857571,2025-09-30 07:17:37.571,11.54,32.0,1.0,0.08,0.05,100,100,27.33,19.34,100.0,-0.16,0.41,-0.187
1759187862571,2025-09-30 07:17:42.571,11.4,32.0,1.0,0.08,0.05,100,100,28.47,20.46,100.0,0.22,0.427,-0.209
1759187867571,2025-09-30 07:17:47.571,9.8,32.0,1.0,0.08,0.05,100,100,28.6,20.6,100.0,0.03,0.429,-0.212
1759187872571,2025-09-30 07:17:52.571,9.74,32.0,1.0,0.08,0.05,100,100,30.22,22.2,100.0,0.32,0.453,-0.244
1759187877571,2025-09-30 07:17:57.571,9.67,32.0,1.0,0.08,0.05,100,100,30.26,22.26,100.0,0.01,0.454,-0.245
1759187882571,2025-09-30 07:18:02.571,10.09,32.0,1.0,0.08,0.05,100,100,30.33,22.33,100.0,0.01,0.455,-0.247
1759187887571,2025-09-30 07:18:07.571,8.75,32.0,1.0,0.08,0.05,100,100,29.91,21.91,100.0,-0.08,0.449,-0.238
1759187892571,2025-09-30 07:18:12.571,6.11,32.0,1.0,0.08,0.05,100,100,31.26,23.25,100.0,0.27,0.469,-0.265
1759187897571,2025-09-30 07:18:17.571,8.06,32.0,1.0,0.08,0.05,100,100,33.92,25.89,100.0,0.53,0.509,-0.318
1759187902571,2025-09-30 07:18:22.571,9.54,32.0,1.0,0.08,0.05,100,100,31.92,23.94,100.0,-0.39,0.479,-0.279
1759187907571,2025-09-30 07:18:27.571,8.28,32.0,1.0,0.08,0.05,100,100,30.44,22.46,100.0,-0.3,0.457,-0.249
1759187912571,2025-09-30 07:18:32.571,8.72,32.0,1.0,0.08,0.05,100,100,31.74,23.72,100.0,0.25,0.476,-0.274
1759187917571,2025-09-30 07:18:37.571,11.92,32.0,1.0,0.08,0.05,100,100,31.27,23.28,100.0,-0.09,0.469,-0.266
1759187922571,2025-09-30 07:18:42.571,12.78,32.0,1.0,0.08,0.05,100,100,28.04,20.08,100.0,-0.64,0.421,-0.202
1759187927571,2025-09-30 07:18:47.571,12.25,32.0,1.0,0.08,0.05,100,100,27.21,19.22,100.0,-0.17,0.408,-0.184
1759187932571,2025-09-30 07:18:52.571,13.15,32.0,1.0,0.08,0.05,100,100,27.76,19.75,100.0,0.11,0.416,-0.195
1759187937571,2025-09-30 07:18:57.571,15.65,32.0,1.0,0.08,0.05,100,100,26.84,18.85,100.0,-0.18,0.403,-0.177
1759187942571,2025-09-30 07:19:02.571,15.35,32.0,1.0,0.08,0.05,100,100,24.32,16.35,100.0,-0.5,0.365,-0.127
1759187947571,2025-09-30 07:19:07.571,14.17,32.0,1.0,0.08,0.05,100,100,24.65,16.65,100.0,0.06,0.37,-0.133
1759187952571,2025-09-30 07:19:12.571,16.93,32.0,1.0,0.08,0.05,100,100,25.84,17.83,100.0,0.24,0.388,-0.157
1759187957571,2025-09-30 07:19:17.571,17.21,32.0,1.0,0.08,0.05,100,100,23.05,15.07,100.0,-0.55,0.346,-0.101
1759187962571,2025-09-30 07:19:22.571,16.44,32.0,1.0,0.08,0.05,100,100,22.78,14.79,100.0,-0.06,0.342,-0.096
1759187967571,2025-09-30 07:19:27.571,17.02,32.0,1.0,0.08,0.05,100,100,23.57,15.56,100.0,0.15,0.353,-0.111
1759187972571,2025-09-30 07:19:32.571,18.96,32.0,1.0,0.08,0.05,100,100,22.97,14.98,100.0,-0.12,0.345,-0.1
1759187977571,2025-09-30 07:19:37.571,20.22,32.0,1.0,0.08,0.05,100,100,21.02,13.04,100.0,-0.39,0.315,-0.061
1759187982571,2025-09-30 07:19:42.571,21.12,32.0,1.0,0.08,0.05,100,100,19.76,11.78,100.0,-0.25,0.296,-0.036
1759187987571,2025-09-30 07:19:47.571,21.54,32.0,1.0,0.08,0.05,100,100,18.87,10.88,100.0,-0.18,0.283,-0.018
1759187992571,2025-09-30 07:19:52.571,19.01,32.0,1.0,0.08,0.05,100,100,18.46,10.46,100.0,-0.08,0.277,-0.009
1759187997571,2025-09-30 07:19:57.571,20.95,32.0,1.0,0.08,0.05,100,100,21.02,12.99,100.0,0.51,0.315,-0.06
1759188002571,2025-09-30 07:20:02.571,22.37,32.0,1.0,0.08,0.05,100,100,19.03,11.05,100.0,-0.39,0.285,-0.021
1759188007571,2025-09-30 07:20:07.571,22.52,32.0,1.0,0.08,0.05,100,100,17.62,9.63,100.0,-0.28,0.264,0.007
1759188012571,2025-09-30 07:20:12.571,22.7,32.0,1.0,0.08,0.05,100,100,17.48,9.48,100.0,-0.03,0.262,0.01
1759188017571,2025-09-30 07:20:17.571,21.36,32.0,1.0,0.08,0.05,100,100,17.3,9.3,100.0,-0.04,0.259,0.014
1759188022571,2025-09-30 07:20:22.571,22.62,32.0,1.0,0.08,0.05,100,100,18.65,10.64,100.0,0.27,0.28,-0.013
1759188027571,2025-09-30 07:20:27.571,22.3,32.0,1.0,0.08,0.05,100,100,17.37,9.38,100.0,-0.25,0.261,0.012
1759188032571,2025-09-30 07:20:32.571,19.94,32.0,1.0,0.08,0.05,100,100,17.7,9.7,100.0,0.06,0.265,0.006
1759188037571,2025-09-30 07:20:37.571,20.74,32.0,1.0,0.08,0.05,100,100,20.08,12.06,100.0,0.47,0.301,-0.041
1759188042571,2025-09-30 07:20:42.571,21.02,32.0,1.0,0.08,0.05,100,100,19.25,11.26,100.0,-0.16,0.289,-0.025
1759188047571,2025-09-30 07:20:47.571,20.82,32.0,1.0,0.08,0.05,100,100,18.98,10.98,100.0,-0.06,0.285,-0.02
1759188052571,2025-09-30 07:20:52.571,21.91,32.0,1.0,0.08,0.05,100,100,19.18,11.18,100.0,0.04,0.288,-0.024
1759188057571,2025-09-30 07:20:57.571,24.4,32.0,1.0,0.08,0.05,100,100,18.08,10.09,100.0,-0.22,0.271,-0.002
1759188062571,2025-09-30 07:21:02.571,24.07,32.0,1.0,0.08,0.05,100,100,15.57,7.6,100.0,-0.5,0.234,0.048
1759188067571,2025-09-30 07:21:07.571,25.28,32.0,1.0,0.08,0.05,100,100,15.93,7.93,100.0,0.07,0.239,0.041
1759188072571,2025-09-30 07:21:12.571,25.53,32.0,1.0,0.08,0.05,100,100,14.71,6.72,100.0,-0.24,0.221,0.066
1759188077571,2025-09-30 07:21:17.571,21.05,32.0,1.0,0.08,0.05,100,100,14.46,6.47,100.0,-0.05,0.217,0.071
1759188082571,2025-09-30 07:21:22.571,21.69,32.0,1.0,0.08,0.05,100,100,19.0,10.95,100.0,0.9,0.285,-0.019
1759188087571,2025-09-30 07:21:27.571,23.03,32.0,1.0,0.08,0.05,100,100,18.31,10.31,100.0,-0.13,0.275,-0.006
1759188092571,2025-09-30 07:21:32.571,23.2,32.0,1.0,0.08,0.05,100,100,16.95,8.97,100.0,-0.27,0.254,0.021
1759188097571,2025-09-30 07:21:37.571,22.33,32.0,1.0,0.08,0.05,100,100,16.8,8.8,100.0,-0.03,0.252,0.024
1759188102571,2025-09-30 07:21:42.571,24.28,32.0,1.0,0.08,0.05,100,100,17.68,9.67,100.0,0.17,0.265,0.007
1759188107571,2025-09-30 07:21:47.571,23.49,32.0,1.0,0.08,0.05,100,100,15.7,7.72,100.0,-0.39,0.236,0.046
1759188112571,2025-09-30 07:21:52.571,24.76,32.0,1.0,0.08,0.05,100,100,16.52,8.51,100.0,0.16,0.248,0.03
1759188117571,2025-09-30 07:21:57.571,23.8,32.0,1.0,0.08,0.05,100,100,15.22,7.24,100.0,-0.25,0.228,0.055
1759188122571,2025-09-30 07:22:02.571,24.38,32.0,1.0,0.08,0.05,100,100,16.21,8.2,100.0,0.19,0.243,0.036
1759188127571,2025-09-30 07:22:07.571,24.38,32.0,1.0,0.08,0.05,100,100,15.61,7.62,100.0,-0.12,0.234,0.048
1759188132571,2025-09-30 07:22:12.571,25.29,32.0,1.0,0.08,0.05,100,100,15.62,7.62,100.0,0.0,0.234,0.048
1759188137571,2025-09-30 07:22:17.571,23.68,32.0,1.0,0.08,0.05,100,100,14.7,6.71,100.0,-0.18,0.22,0.066
1759188142571,2025-09-30 07:22:22.571,23.96,32.0,1.0,0.08,0.05,100,100,16.34,8.32,100.0,0.32,0.245,0.034
1759188147571,2025-09-30 07:22:27.571,24.26,32.0,1.0,0.08,0.05,100,100,16.03,8.04,100.0,-0.06,0.24,0.039
1759188152571,2025-09-30 07:22:32.571,23.32,32.0,1.0,0.08,0.05,100,100,15.74,7.74,100.0,-0.06,0.236,0.045
1759188157571,2025-09-30 07:22:37.571,25.01,32.0,1.0,0.08,0.05,100,100,16.69,8.68,100.0,0.19,0.25,0.026
1759188162571,2025-09-30 07:22:42.571,23.19,32.0,1.0,0.08,0.05,100,100,14.97,6.99,100.0,-0.34,0.225,0.06
1759188167571,2025-09-30 07:22:47.571,24.8,32.0,1.0,0.08,0.05,100,100,16.83,8.81,100.0,0.36,0.252,0.024
1759188172571,2025-09-30 07:22:52.571,23.39,32.0,1.0,0.08,0.05,100,100,15.18,7.2,100.0,-0.32,0.228,0.056
1759188177571,2025-09-30 07:22:57.571,21.28,32.0,1.0,0.08,0.05,100,100,16.63,8.61,100.0,0.28,0.249,0.028
1759188182571,2025-09-30 07:23:02.571,22.82,32.0,1.0,0.08,0.05,100,100,18.74,10.72,100.0,0.42,0.281,-0.014
1759188187571,2025-09-30 07:23:07.571,23.65,32.0,1.0,0.08,0.05,100,100,17.17,9.18,100.0,-0.31,0.257,0.016
1759188192571,2025-09-30 07:23:12.571,24.41,32.0,1.0,0.08,0.05,100,100,16.34,8.35,100.0,-0.17,0.245,0.033
1759188197571,2025-09-30 07:23:17.571,23.94,32.0,1.0,0.08,0.05,100,100,15.58,7.59,100.0,-0.15,0.234,0.048
1759188202571,2025-09-30 07:23:22.571,23.65,32.0,1.0,0.08,0.05,100,100,16.07,8.06,100.0,0.1,0.241,0.039
1759188207571,2025-09-30 07:23:27.571,23.43,32.0,1.0,0.08,0.05,100,100,16.35,8.35,100.0,0.06,0.245,0.033
1759188212571,2025-09-30 07:23:32.571,22.85,32.0,1.0,0.08,0.05,100,100,16.57,8.57,100.0,0.05,0.249,0.029
1759188217571,2025-09-30 07:23:37.571,21.05,32.0,1.0,0.08,0.05,100,100,17.16,9.15,100.0,0.12,0.257,0.017
1759188222571,2025-09-30 07:23:42.571,20.1,32.0,1.0,0.08,0.05,100,100,18.97,10.95,100.0,0.36,0.284,-0.019
1759188227571,2025-09-30 07:23:47.571,20.77,32.0,1.0,0.08,0.05,100,100,19.91,11.9,100.0,0.19,0.299,-0.038
1759188232571,2025-09-30 07:23:52.571,23.92,32.0,1.0,0.08,0.05,100,100,19.23,11.23,100.0,-0.13,0.288,-0.025
1759188237571,2025-09-30 07:23:57.571,23.37,32.0,1.0,0.08,0.05,100,100,16.05,8.08,100.0,-0.63,0.241,0.038
1759188242571,2025-09-30 07:24:02.571,24.93,32.0,1.0,0.08,0.05,100,100,16.63,8.63,100.0,0.11,0.25,0.027
1759188247571,2025-09-30 07:24:07.571,23.68,32.0,1.0,0.08,0.05,100,100,15.05,7.07,100.0,-0.31,0.226,0.059
1759188252571,2025-09-30 07:24:12.571,23.67,32.0,1.0,0.08,0.05,100,100,16.34,8.32,100.0,0.25,0.245,0.034
1759188257571,2025-09-30 07:24:17.571,23.79,32.0,1.0,0.08,0.05,100,100,16.33,8.33,100.0,0.0,0.245,0.033
1759188262571,2025-09-30 07:24:22.571,23.85,32.0,1.0,0.08,0.05,100,100,16.21,8.21,100.0,-0.02,0.243,0.036
1759188267571,2025-09-30 07:24:27.571,21.64,32.0,1.0,0.08,0.05,100,100,16.15,8.15,100.0,-0.01,0.242,0.037
1759188272571,2025-09-30 07:24:32.571,21.0,32.0,1.0,0.08,0.05,100,100,18.38,10.36,100.0,0.44,0.276,-0.007
1759188277571,2025-09-30 07:24:37.571,19.76,32.0,1.0,0.08,0.05,100,100,19.0,11.0,100.0,0.13,0.285,-0.02
1759188282571,2025-09-30 07:24:42.571,19.03,32.0,1.0,0.08,0.05,100,100,20.25,12.24,100.0,0.25,0.304,-0.045
1759188287571,2025-09-30 07:24:47.571,20.63,32.0,1.0,0.08,0.05,100,100,20.98,12.97,100.0,0.15,0.315,-0.059
1759188292571,2025-09-30 07:24:52.571,21.2,32.0,1.0,0.08,0.05,100,100,19.35,11.37,100.0,-0.32,0.29,-0.027
1759188297571,2025-09-30 07:24:57.571,18.54,32.0,1.0,0.08,0.05,100,100,18.79,10.8,100.0,-0.11,0.282,-0.016
1759188302571,2025-09-30 07:25:02.571,19.58,32.0,1.0,0.08,0.05,100,100,21.48,13.46,100.0,0.53,0.322,-0.069
1759188307571,2025-09-30 07:25:07.571,20.91,32.0,1.0,0.08,0.05,100,100,20.41,12.42,100.0,-0.21,0.306,-0.048
1759188312571,2025-09-30 07:25:12.571,19.34,32.0,1.0,0.08,0.05,100,100,19.07,11.09,100.0,-0.27,0.286,-0.022
1759188317571,2025-09-30 07:25:17.571,19.79,32.0,1.0,0.08,0.05,100,100,20.68,12.66,100.0,0.32,0.31,-0.053
1759188322571,2025-09-30 07:25:22.571,22.51,32.0,1.0,0.08,0.05,100,100,20.2,12.21,100.0,-0.09,0.303,-0.044
1759188327571,2025-09-30 07:25:27.571,22.36,32.0,1.0,0.08,0.05,100,100,17.46,9.49,100.0,-0.54,0.262,0.01
1759188332571,2025-09-30 07:25:32.571,22.31,32.0,1.0,0.08,0.05,100,100,17.64,9.64,100.0,0.03,0.265,0.007
1759188337571,2025-09-30 07:25:37.571,23.13,32.0,1.0,0.08,0.05,100,100,17.69,9.69,100.0,0.01,0.265,0.006
1759188342571,2025-09-30 07:25:42.571,24.68,32.0,1.0,0.08,0.05,100,100,16.87,8.87,100.0,-0.16,0.253,0.023
1759188347571,2025-09-30 07:25:47.571,23.73,32.0,1.0,0.08,0.05,100,100,15.3,7.32,100.0,-0.31,0.23,0.054
1759188352571,2025-09-30 07:25:52.571,24.04,32.0,1.0,0.08,0.05,100,100,16.28,8.27,100.0,0.19,0.244,0.035
1759188357571,2025-09-30 07:25:57.571,26.38,32.0,1.0,0.08,0.05,100,100,15.96,7.96,100.0,-0.06,0.239,0.041
1759188362571,2025-09-30 07:26:02.571,26.88,32.0,1.0,0.08,0.05,100,100,13.6,5.62,100.0,-0.47,0.204,0.088
1759188367571,2025-09-30 07:26:07.571,25.48,32.0,1.0,0.08,0.05,100,100,13.12,5.12,100.0,-0.1,0.197,0.098
1759188372571,2025-09-30 07:26:12.571,26.0,32.0,1.0,0.08,0.05,100,100,14.54,6.52,100.0,0.28,0.218,0.07
1759188377571,2025-09-30 07:26:17.571,27.99,32.0,1.0,0.08,0.05,100,100,14.0,6.0,100.0,-0.1,0.21,0.08
1759188382571,2025-09-30 07:26:22.571,24.28,32.0,1.0,0.08,0.05,100,100,11.99,4.01,100.0,-0.4,0.18,0.12
1759188387571,2025-09-30 07:26:27.571,27.33,32.0,1.0,0.08,0.05,100,100,15.76,7.72,100.0,0.74,0.236,0.046
1759188392571,2025-09-30 07:26:32.571,27.19,32.0,1.0,0.08,0.05,100,100,12.64,4.67,100.0,-0.61,0.19,0.107
1759188397571,2025-09-30 07:26:37.571,26.06,32.0,1.0,0.08,0.05,100,100,12.81,4.81,100.0,0.03,0.192,0.104
1759188402571,2025-09-30 07:26:42.571,22.9,32.0,1.0,0.08,0.05,100,100,13.95,5.94,100.0,0.23,0.209,0.081
1759188407571,2025-09-30 07:26:47.571,25.06,32.0,1.0,0.08,0.05,100,100,17.13,9.1,100.0,0.63,0.257,0.018
1759188412571,2025-09-30 07:26:52.571,23.35,32.0,1.0,0.08,0.05,100,100,14.92,6.94,100.0,-0.43,0.224,0.061
1759188417571,2025-09-30 07:26:57.571,23.96,32.0,1.0,0.08,0.05,100,100,16.66,8.65,100.0,0.34,0.25,0.027
1759188422571,2025-09-30 07:27:02.571,24.59,32.0,1.0,0.08,0.05,100,100,16.03,8.04,100.0,-0.12,0.24,0.039
1759188427571,2025-09-30 07:27:07.571,23.55,32.0,1.0,0.08,0.05,100,100,15.4,7.41,100.0,-0.13,0.231,0.052
1759188432571,2025-09-30 07:27:12.571,20.45,32.0,1.0,0.08,0.05,100,100,16.46,8.45,100.0,0.21,0.247,0.031
1759188437571,2025-09-30 07:27:17.571,21.05,32.0,1.0,0.08,0.05,100,100,19.58,11.55,100.0,0.62,0.294,-0.031
1759188442571,2025-09-30 07:27:22.571,20.75,32.0,1.0,0.08,0.05,100,100,18.94,10.95,100.0,-0.12,0.284,-0.019
1759188447571,2025-09-30 07:27:27.571,19.84,32.0,1.0,0.08,0.05,100,100,19.25,11.25,100.0,0.06,0.289,-0.025
1759188452571,2025-09-30 07:27:32.571,22.08,32.0,1.0,0.08,0.05,100,100,20.17,12.16,100.0,0.18,0.303,-0.043
1759188457571,2025-09-30 07:27:37.571,22.26,32.0,1.0,0.08,0.05,100,100,17.89,9.92,100.0,-0.45,0.268,0.002
1759188462571,2025-09-30 07:27:42.571,23.95,32.0,1.0,0.08,0.05,100,100,17.73,9.74,100.0,-0.04,0.266,0.005
1759188467571,2025-09-30 07:27:47.571,22.1,32.0,1.0,0.08,0.05,100,100,16.04,8.05,100.0,-0.34,0.241,0.039
1759188472571,2025-09-30 07:27:52.571,23.45,32.0,1.0,0.08,0.05,100,100,17.92,9.9,100.0,0.37,0.269,0.002
1759188477571,2025-09-30 07:27:57.571,22.05,32.0,1.0,0.08,0.05,100,100,16.53,8.55,100.0,-0.27,0.248,0.029
1759188482571,2025-09-30 07:28:02.571,24.29,32.0,1.0,0.08,0.05,100,100,17.96,9.95,100.0,0.28,0.269,0.001
1759188487571,2025-09-30 07:28:07.571,24.11,32.0,1.0,0.08,0.05,100,100,15.69,7.71,100.0,-0.45,0.235,0.046
1759188492571,2025-09-30 07:28:12.571,24.98,32.0,1.0,0.08,0.05,100,100,15.89,7.89,100.0,0.04,0.238,0.042
1759188497571,2025-09-30 07:28:17.571,24.02,32.0,1.0,0.08,0.05,100,100,15.01,7.02,100.0,-0.18,0.225,0.06
1759188502571,2025-09-30 07:28:22.571,25.83,32.0,1.0,0.08,0.05,100,100,15.99,7.98,100.0,0.19,0.24,0.04
1759188507571,2025-09-30 07:28:27.571,27.28,32.0,1.0,0.08,0.05,100,100,14.16,6.17,100.0,-0.36,0.212,0.077
1759188512571,2025-09-30 07:28:32.571,29.26,32.0,1.0,0.08,0.05,100,100,12.71,4.72,100.0,-0.29,0.191,0.106
1759188517571,2025-09-30 07:28:37.571,28.1,32.0,1.0,0.08,0.05,100,100,10.72,2.74,100.0,-0.4,0.161,0.145
1759188522571,2025-09-30 07:28:42.571,28.18,32.0,1.0,0.08,0.05,100,100,11.92,3.9,100.0,0.23,0.179,0.122
1759188527571,2025-09-30 07:28:47.571,27.9,32.0,1.0,0.08,0.05,100,100,11.82,3.82,100.0,-0.02,0.177,0.124
1759188532571,2025-09-30 07:28:52.571,26.59,32.0,1.0,0.08,0.05,100,100,12.1,4.1,100.0,0.06,0.182,0.118
1759188537571,2025-09-30 07:28:57.571,29.26,32.0,1.0,0.08,0.05,100,100,13.42,5.41,100.0,0.26,0.201,0.092
1759188542571,2025-09-30 07:29:02.571,29.86,32.0,1.0,0.08,0.05,100,100,10.71,2.74,100.0,-0.53,0.161,0.145
1759188547571,2025-09-30 07:29:07.571,30.85,32.0,1.0,0.08,0.05,100,100,10.13,2.14,100.0,-0.12,0.152,0.157
1759188552571,2025-09-30 07:29:12.571,30.49,32.0,1.0,0.08,0.05,100,100,9.14,1.15,100.0,-0.2,0.137,0.177
1759188557571,2025-09-30 07:29:17.571,32.34,32.0,1.0,0.08,0.05,100,100,9.51,1.51,100.0,0.07,0.143,0.17
1759188562571,2025-09-30 07:29:22.571,31.03,32.0,1.0,0.08,0.05,100,100,7.5,-0.34,98.28,-0.37,0.112,0.207
1759188567571,2025-09-30 07:29:27.571,30.87,32.0,1.0,0.08,0.05,100,100,8.99,0.97,100.0,0.26,0.135,0.181
1759188572571,2025-09-30 07:29:32.571,32.51,32.0,1.0,0.08,0.05,100,100,9.13,1.13,100.0,0.03,0.137,0.177
1759188577571,2025-09-30 07:29:37.571,31.45,32.0,1.0,0.08,0.05,100,100,7.27,-0.51,97.46,-0.33,0.109,0.21
1759188582571,2025-09-30 07:29:42.571,30.9,32.0,1.0,0.08,0.05,100,100,8.56,0.55,100.0,0.21,0.128,0.189
1759188587571,2025-09-30 07:29:47.571,32.69,32.0,1.0,0.08,0.05,100,100,9.11,1.1,100.0,0.11,0.137,0.178
1759188592571,2025-09-30 07:29:52.571,29.42,32.0,1.0,0.08,0.05,100,100,7.02,-0.69,96.57,-0.36,0.105,0.214
1759188597571,2025-09-30 07:29:57.571,27.4,32.0,1.0,0.08,0.05,100,100,10.61,2.58,100.0,0.65,0.159,0.148
1759188602571,2025-09-30 07:30:02.571,27.02,32.0,1.0,0.08,0.05,100,100,12.62,4.6,100.0,0.41,0.189,0.108
1759188607571,2025-09-30 07:30:07.571,25.76,32.0,1.0,0.08,0.05,100,100,12.99,4.98,100.0,0.08,0.195,0.1
1759188612571,2025-09-30 07:30:12.571,26.2,32.0,1.0,0.08,0.05,100,100,14.26,6.24,100.0,0.25,0.214,0.075
1759188617571,2025-09-30 07:30:17.571,27.62,32.0,1.0,0.08,0.05,100,100,13.8,5.8,100.0,-0.09,0.207,0.084
1759188622571,2025-09-30 07:30:22.571,30.62,32.0,1.0,0.08,0.05,100,100,12.37,4.38,100.0,-0.28,0.186,0.112
1759188627571,2025-09-30 07:30:27.571,28.82,32.0,1.0,0.08,0.05,100,100,9.35,1.38,100.0,-0.6,0.14,0.172
1759188632571,2025-09-30 07:30:32.571,29.09,32.0,1.0,0.08,0.05,100,100,11.2,3.18,100.0,0.36,0.168,0.136
1759188637571,2025-09-30 07:30:37.571,29.68,32.0,1.0,0.08,0.05,100,100,10.91,2.91,100.0,-0.05,0.164,0.142
1759188642571,2025-09-30 07:30:42.571,29.04,32.0,1.0,0.08,0.05,100,100,10.32,2.32,100.0,-0.12,0.155,0.154
1759188647571,2025-09-30 07:30:47.571,29.89,32.0,1.0,0.08,0.05,100,100,10.96,2.96,100.0,0.13,0.164,0.141
1759188652571,2025-09-30 07:30:52.571,30.46,32.0,1.0,0.08,0.05,100,100,10.1,2.11,100.0,-0.17,0.152,0.158
1759188657571,2025-09-30 07:30:57.571,29.03,32.0,1.0,0.08,0.05,100,100,9.54,1.54,100.0,-0.11,0.143,0.169
1759188662571,2025-09-30 07:31:02.571,26.08,32.0,1.0,0.08,0.05,100,100,10.99,2.97,100.0,0.29,0.165,0.141
1759188667571,2025-09-30 07:31:07.571,25.47,32.0,1.0,0.08,0.05,100,100,13.95,5.92,100.0,0.59,0.209,0.082
1759188672571,2025-09-30 07:31:12.571,23.18,32.0,1.0,0.08,0.05,100,100,14.54,6.53,100.0,0.12,0.218,0.069
1759188677571,2025-09-30 07:31:17.571,21.81,32.0,1.0,0.08,0.05,100,100,16.84,8.82,100.0,0.46,0.253,0.024
1759188682571,2025-09-30 07:31:22.571,24.29,32.0,1.0,0.08,0.05,100,100,18.2,10.19,100.0,0.27,0.273,-0.004
1759188687571,2025-09-30 07:31:27.571,27.95,32.0,1.0,0.08,0.05,100,100,15.68,7.71,100.0,-0.5,0.235,0.046
1759188692571,2025-09-30 07:31:32.571,27.04,32.0,1.0,0.08,0.05,100,100,12.01,4.05,100.0,-0.73,0.18,0.119
1759188697571,2025-09-30 07:31:37.571,27.92,32.0,1.0,0.08,0.05,100,100,12.96,4.96,100.0,0.18,0.194,0.101
1759188702571,2025-09-30 07:31:42.571,27.95,32.0,1.0,0.08,0.05,100,100,12.07,4.08,100.0,-0.18,0.181,0.118
1759188707571,2025-09-30 07:31:47.571,28.31,32.0,1.0,0.08,0.05,100,100,12.05,4.05,100.0,-0.01,0.181,0.119
1759188712571,2025-09-30 07:31:52.571,28.12,32.0,1.0,0.08,0.05,100,100,11.69,3.69,100.0,-0.07,0.175,0.126
1759188717571,2025-09-30 07:31:57.571,29.13,32.0,1.0,0.08,0.05,100,100,11.88,3.88,100.0,0.04,0.178,0.122
1759188722571,2025-09-30 07:32:02.571,30.58,32.0,1.0,0.08,0.05,100,100,10.86,2.87,100.0,-0.2,0.163,0.143
1759188727571,2025-09-30 07:32:07.571,30.41,32.0,1.0,0.08,0.05,100,100,9.41,1.42,100.0,-0.29,0.141,0.172
1759188732571,2025-09-30 07:32:12.571,28.67,32.0,1.0,0.08,0.05,100,100,9.59,1.59,100.0,0.03,0.144,0.168
1759188737571,2025-09-30 07:32:17.571,27.87,32.0,1.0,0.08,0.05,100,100,11.35,3.33,100.0,0.35,0.17,0.133
1759188742571,2025-09-30 07:32:22.571,26.83,32.0,1.0,0.08,0.05,100,100,12.14,4.13,100.0,0.16,0.182,0.117
1759188747571,2025-09-30 07:32:27.571,23.4,32.0,1.0,0.08,0.05,100,100,13.18,5.17,100.0,0.21,0.198,0.097
1759188752571,2025-09-30 07:32:32.571,24.8,32.0,1.0,0.08,0.05,100,100,16.63,8.6,100.0,0.69,0.25,0.028
1759188757571,2025-09-30 07:32:37.571,25.75,32.0,1.0,0.08,0.05,100,100,15.19,7.2,100.0,-0.28,0.228,0.056
1759188762571,2025-09-30 07:32:42.571,22.0,32.0,1.0,0.08,0.05,100,100,14.24,6.25,100.0,-0.19,0.214,0.075
1759188767571,2025-09-30 07:32:47.571,22.46,32.0,1.0,0.08,0.05,100,100,18.04,10.0,100.0,0.75,0.271,-0.0
1759188772571,2025-09-30 07:32:52.571,23.21,32.0,1.0,0.08,0.05,100,100,17.54,9.54,100.0,-0.09,0.263,0.009
1759188777571,2025-09-30 07:32:57.571,22.57,32.0,1.0,0.08,0.05,100,100,16.78,8.79,100.0,-0.15,0.252,0.024
1759188782571,2025-09-30 07:33:02.571,20.99,32.0,1.0,0.08,0.05,100,100,17.44,9.43,100.0,0.13,0.262,0.011
1759188787571,2025-09-30 07:33:07.571,19.3,32.0,1.0,0.08,0.05,100,100,19.03,11.01,100.0,0.32,0.285,-0.02
1759188792571,2025-09-30 07:33:12.571,20.75,32.0,1.0,0.08,0.05,100,100,20.71,12.7,100.0,0.34,0.311,-0.054
1759188797571,2025-09-30 07:33:17.571,20.12,32.0,1.0,0.08,0.05,100,100,19.24,11.25,100.0,-0.29,0.289,-0.025
1759188802571,2025-09-30 07:33:22.571,20.41,32.0,1.0,0.08,0.05,100,100,19.89,11.88,100.0,0.13,0.298,-0.038
1759188807571,2025-09-30 07:33:27.571,18.81,32.0,1.0,0.08,0.05,100,100,19.59,11.59,100.0,-0.06,0.294,-0.032
1759188812571,2025-09-30 07:33:32.571,17.51,32.0,1.0,0.08,0.05,100,100,21.2,13.19,100.0,0.32,0.318,-0.064
1759188817571,2025-09-30 07:33:37.571,16.34,32.0,1.0,0.08,0.05,100,100,22.5,14.49,100.0,0.26,0.338,-0.09
1759188822571,2025-09-30 07:33:42.571,15.54,32.0,1.0,0.08,0.05,100,100,23.67,15.66,100.0,0.23,0.355,-0.113
1759188827571,2025-09-30 07:33:47.571,18.45,32.0,1.0,0.08,0.05,100,100,24.47,16.46,100.0,0.16,0.367,-0.129
1759188832571,2025-09-30 07:33:52.571,16.59,32.0,1.0,0.08,0.05,100,100,21.52,13.55,100.0,-0.58,0.323,-0.071
1759188837571,2025-09-30 07:33:57.571,17.0,32.0,1.0,0.08,0.05,100,100,23.43,15.41,100.0,0.37,0.352,-0.108
1759188842571,2025-09-30 07:34:02.571,18.56,32.0,1.0,0.08,0.05,100,100,22.99,15.0,100.0,-0.08,0.345,-0.1
1759188847571,2025-09-30 07:34:07.571,18.21,32.0,1.0,0.08,0.05,100,100,21.42,13.44,100.0,-0.31,0.321,-0.069
1759188852571,2025-09-30 07:34:12.571,17.76,32.0,1.0,0.08,0.05,100,100,21.8,13.79,100.0,0.07,0.327,-0.076
1759188857571,2025-09-30 07:34:17.571,15.81,32.0,1.0,0.08,0.05,100,100,22.24,14.24,100.0,0.09,0.334,-0.085
1759188862571,2025-09-30 07:34:22.571,16.15,32.0,1.0,0.08,0.05,100,100,24.2,16.19,100.0,0.39,0.363,-0.124
1759188867571,2025-09-30 07:34:27.571,14.96,32.0,1.0,0.08,0.05,100,100,23.85,15.85,100.0,-0.07,0.358,-0.117
1759188872571,2025-09-30 07:34:32.571,14.06,32.0,1.0,0.08,0.05,100,100,25.05,17.04,100.0,0.24,0.376,-0.141
1759188877571,2025-09-30 07:34:37.571,12.77,32.0,1.0,0.08,0.05,100,100,25.95,17.94,100.0,0.18,0.389,-0.159
1759188882571,2025-09-30 07:34:42.571,13.9,32.0,1.0,0.08,0.05,100,100,27.25,19.23,100.0,0.26,0.409,-0.185
1759188887571,2025-09-30 07:34:47.571,17.17,32.0,1.0,0.08,0.05,100,100,26.08,18.1,100.0,-0.23,0.391,-0.162
1759188892571,2025-09-30 07:34:52.571,15.87,32.0,1.0,0.08,0.05,100,100,22.8,14.83,100.0,-0.65,0.342,-0.097
1759188897571,2025-09-30 07:34:57.571,16.05,32.0,1.0,0.08,0.05,100,100,24.14,16.13,100.0,0.26,0.362,-0.123
1759188902571,2025-09-30 07:35:02.571,15.52,32.0,1.0,0.08,0.05,100,100,23.94,15.95,100.0,-0.04,0.359,-0.119
1759188907571,2025-09-30 07:35:07.571,15.9,25.0,1.0,0.08,0.05,100,100,24.48,16.48,100.0,0.11,0.367,-0.13
1759188912571,2025-09-30 07:35:12.571,17.2,25.0,1.0,0.08,0.05,100,100,17.02,9.1,100.0,-1.48,0.255,-0.122
1759188917571,2025-09-30 07:35:17.571,17.19,25.0,1.0,0.08,0.05,100,100,15.79,7.8,100.0,-0.26,0.237,-0.096
1759188922571,2025-09-30 07:35:22.571,17.78,25.0,1.0,0.08,0.05,100,100,15.81,7.81,100.0,0.0,0.237,-0.096
1759188927571,2025-09-30 07:35:27.571,16.4,25.0,1.0,0.08,0.05,100,100,15.22,7.22,100.0,-0.12,0.228,-0.084
1759188932571,2025-09-30 07:35:32.571,15.04,25.0,1.0,0.08,0.05,100,100,16.61,8.6,100.0,0.28,0.249,-0.112
1759188937571,2025-09-30 07:35:37.571,15.35,25.0,1.0,0.08,0.05,100,100,17.97,9.96,100.0,0.27,0.27,-0.139
1759188942571,2025-09-30 07:35:42.571,13.1,25.0,1.0,0.08,0.05,100,100,17.65,9.65,100.0,-0.06,0.265,-0.133
1759188947571,2025-09-30 07:35:47.571,16.4,25.0,1.0,0.08,0.05,100,100,19.92,11.9,100.0,0.45,0.299,-0.178
1759188952571,2025-09-30 07:35:52.571,19.19,25.0,1.0,0.08,0.05,100,100,16.57,8.6,100.0,-0.66,0.249,-0.112
1759188957571,2025-09-30 07:35:57.571,20.32,25.0,1.0,0.08,0.05,100,100,13.78,5.81,100.0,-0.56,0.207,-0.056
1759188962571,2025-09-30 07:36:02.571,19.77,25.0,1.0,0.08,0.05,100,100,12.66,4.68,100.0,-0.23,0.19,-0.034
1759188967571,2025-09-30 07:36:07.571,18.69,25.0,1.0,0.08,0.05,100,100,13.24,5.23,100.0,0.11,0.199,-0.045
1759188972571,2025-09-30 07:36:12.571,18.4,25.0,1.0,0.08,0.05,100,100,14.32,6.31,100.0,0.21,0.215,-0.066
1759188977571,2025-09-30 07:36:17.571,17.28,25.0,1.0,0.08,0.05,100,100,14.61,6.6,100.0,0.06,0.219,-0.072
1759188982571,2025-09-30 07:36:22.571,16.2,25.0,1.0,0.08,0.05,100,100,15.73,7.72,100.0,0.22,0.236,-0.094
1759188987571,2025-09-30 07:36:27.571,14.22,25.0,1.0,0.08,0.05,100,100,16.81,8.8,100.0,0.21,0.252,-0.116
1759188992571,2025-09-30 07:36:32.571,14.15,25.0,1.0,0.08,0.05,100,100,18.8,10.78,100.0,0.4,0.282,-0.156
1759188997571,2025-09-30 07:36:37.571,16.1,25.0,1.0,0.08,0.05,100,100,18.85,10.85,100.0,0.01,0.283,-0.157
1759189002571,2025-09-30 07:36:42.571,15.38,25.0,1.0,0.08,0.05,100,100,16.88,8.9,100.0,-0.39,0.253,-0.118
1759189007571,2025-09-30 07:36:47.571,14.47,25.0,1.0,0.08,0.05,100,100,17.62,9.62,100.0,0.14,0.264,-0.132
1759189012571,2025-09-30 07:36:52.571,13.01,25.0,1.0,0.08,0.05,100,100,18.54,10.53,100.0,0.18,0.278,-0.151
1759189017571,2025-09-30 07:36:57.571,12.67,25.0,1.0,0.08,0.05,100,100,20.01,11.99,100.0,0.29,0.3,-0.18
1759189022571,2025-09-30 07:37:02.571,12.81,25.0,1.0,0.08,0.05,100,100,20.34,12.33,100.0,0.07,0.305,-0.187
1759189027571,2025-09-30 07:37:07.571,12.75,25.0,1.0,0.08,0.05,100,100,20.18,12.19,100.0,-0.03,0.303,-0.184
1759189032571,2025-09-30 07:37:12.571,10.9,25.0,1.0,0.08,0.05,100,100,20.25,12.25,100.0,0.01,0.304,-0.185
1759189037571,2025-09-30 07:37:17.571,7.6,25.0,1.0,0.08,0.05,100,100,22.12,14.1,100.0,0.37,0.332,-0.222
1759189042571,2025-09-30 07:37:22.571,7.33,25.0,1.0,0.08,0.05,100,100,25.43,17.4,100.0,0.66,0.381,-0.288
1759189047571,2025-09-30 07:37:27.571,7.74,25.0,1.0,0.08,0.05,100,100,25.67,17.67,100.0,0.05,0.385,-0.293
1759189052571,2025-09-30 07:37:32.571,8.85,25.0,1.0,0.08,0.05,100,100,25.26,17.26,100.0,-0.08,0.379,-0.285
1759189057571,2025-09-30 07:37:37.571,7.56,25.0,1.0,0.08,0.05,100,100,24.14,16.15,100.0,-0.22,0.362,-0.263
1759189062571,2025-09-30 07:37:42.571,8.67,25.0,1.0,0.08,0.05,100,100,25.45,17.44,100.0,0.26,0.382,-0.289
1759189067571,2025-09-30 07:37:47.571,7.67,25.0,1.0,0.08,0.05,100,100,24.32,16.33,100.0,-0.22,0.365,-0.267
1759189072571,2025-09-30 07:37:52.571,9.03,25.0,1.0,0.08,0.05,100,100,25.34,17.33,100.0,0.2,0.38,-0.287
1759189077571,2025-09-30 07:37:57.571,7.24,25.0,1.0,0.08,0.05,100,100,23.96,15.97,100.0,-0.27,0.359,-0.259
1759189082571,2025-09-30 07:38:02.571,10.39,25.0,1.0,0.08,0.05,100,100,25.77,17.76,100.0,0.36,0.387,-0.295
1759189087571,2025-09-30 07:38:07.571,11.08,25.0,1.0,0.08,0.05,100,100,22.57,14.61,100.0,-0.63,0.339,-0.232
1759189092571,2025-09-30 07:38:12.571,11.5,25.0,1.0,0.08,0.05,100,100,21.91,13.92,100.0,-0.14,0.329,-0.218
1759189097571,2025-09-30 07:38:17.571,12.33,25.0,1.0,0.08,0.05,100,100,21.5,13.5,100.0,-0.08,0.322,-0.21
1759189102571,2025-09-30 07:38:22.571,12.01,25.0,1.0,0.08,0.05,100,100,20.66,12.67,100.0,-0.17,0.31,-0.193
1759189107571,2025-09-30 07:38:27.571,11.11,25.0,1.0,0.08,0.05,100,100,21.0,12.99,100.0,0.06,0.315,-0.2
1759189112571,2025-09-30 07:38:32.571,9.25,25.0,1.0,0.08,0.05,100,100,21.9,13.89,100.0,0.18,0.328,-0.218
1759189117571,2025-09-30 07:38:37.571,9.79,25.0,1.0,0.08,0.05,100,100,23.77,15.75,100.0,0.37,0.357,-0.255
1759189122571,2025-09-30 07:38:42.571,9.42,25.0,1.0,0.08,0.05,100,100,23.21,15.21,100.0,-0.11,0.348,-0.244
1759189127571,2025-09-30 07:38:47.571,9.29,25.0,1.0,0.08,0.05,100,100,23.58,15.58,100.0,0.07,0.354,-0.252
1759189132571,2025-09-30 07:38:52.571,9.66,25.0,1.0,0.08,0.05,100,100,23.71,15.71,100.0,0.03,0.356,-0.254
1759189137571,2025-09-30 07:38:57.571,9.6,25.0,1.0,0.08,0.05,100,100,23.33,15.34,100.0,-0.07,0.35,-0.247
1759189142571,2025-09-30 07:39:02.571,10.49,25.0,1.0,0.08,0.05,100,100,23.4,15.4,100.0,0.01,0.351,-0.248
1759189147571,2025-09-30 07:39:07.571,8.21,25.0,1.0,0.08,0.05,100,100,22.5,14.51,100.0,-0.18,0.337,-0.23
1759189152571,2025-09-30 07:39:12.571,11.28,25.0,1.0,0.08,0.05,100,100,24.81,16.79,100.0,0.46,0.372,-0.276
1759189157571,2025-09-30 07:39:17.571,12.23,25.0,1.0,0.08,0.05,100,100,21.69,13.72,100.0,-0.61,0.325,-0.214
1759189162571,2025-09-30 07:39:22.571,12.42,25.0,1.0,0.08,0.05,100,100,20.76,12.77,100.0,-0.19,0.311,-0.195
1759189167571,2025-09-30 07:39:27.571,12.54,25.0,1.0,0.08,0.05,100,100,20.58,12.58,100.0,-0.04,0.309,-0.192
1759189172571,2025-09-30 07:39:32.571,13.11,25.0,1.0,0.08,0.05,100,100,20.46,12.46,100.0,-0.02,0.307,-0.189
1759189177571,2025-09-30 07:39:37.571,14.3,25.0,1.0,0.08,0.05,100,100,19.89,11.89,100.0,-0.11,0.298,-0.178
1759189182571,2025-09-30 07:39:42.571,16.4,25.0,1.0,0.08,0.05,100,100,18.69,10.7,100.0,-0.24,0.28,-0.154
1759189187571,2025-09-30 07:39:47.571,15.83,25.0,1.0,0.08,0.05,100,100,16.58,8.6,100.0,-0.42,0.249,-0.112
1759189192571,2025-09-30 07:39:52.571,17.33,25.0,1.0,0.08,0.05,100,100,17.17,9.17,100.0,0.11,0.258,-0.123
1759189197571,2025-09-30 07:39:57.571,18.67,25.0,1.0,0.08,0.05,100,100,15.66,7.67,100.0,-0.3,0.235,-0.093
1759189202571,2025-09-30 07:40:02.571,18.15,25.0,1.0,0.08,0.05,100,100,14.32,6.33,100.0,-0.27,0.215,-0.067
1759189207571,2025-09-30 07:40:07.571,14.25,25.0,1.0,0.08,0.05,100,100,14.86,6.85,100.0,0.1,0.223,-0.077
1759189212571,2025-09-30 07:40:12.571,15.2,25.0,1.0,0.08,0.05,100,100,18.79,10.75,100.0,0.78,0.282,-0.155
1759189217571,2025-09-30 07:40:17.571,18.29,25.0,1.0,0.08,0.05,100,100,17.79,9.8,100.0,-0.19,0.267,-0.136
1759189222571,2025-09-30 07:40:22.571,16.91,25.0,1.0,0.08,0.05,100,100,14.68,6.71,100.0,-0.62,0.22,-0.074
1759189227571,2025-09-30 07:40:27.571,18.33,25.0,1.0,0.08,0.05,100,100,16.11,8.09,100.0,0.28,0.242,-0.102
1759189232571,2025-09-30 07:40:32.571,17.89,25.0,1.0,0.08,0.05,100,100,14.66,6.67,100.0,-0.28,0.22,-0.073
1759189237571,2025-09-30 07:40:37.571,18.57,25.0,1.0,0.08,0.05,100,100,15.11,7.11,100.0,0.09,0.227,-0.082
1759189242571,2025-09-30 07:40:42.571,15.77,35.0,1.0,0.08,0.05,100,100,14.43,6.43,100.0,-0.14,0.216,-0.069
1759189247571,2025-09-30 07:40:47.571,16.43,35.0,1.0,0.08,0.05,100,100,27.35,19.23,100.0,2.56,0.41,-0.125
1759189252571,2025-09-30 07:40:52.571,14.86,35.0,1.0,0.08,0.05,100,100,26.57,18.57,100.0,-0.13,0.399,-0.111
1759189257571,2025-09-30 07:40:57.571,16.04,35.0,1.0,0.08,0.05,100,100,28.15,20.14,100.0,0.31,0.422,-0.143
1759189262571,2025-09-30 07:41:02.571,18.56,35.0,1.0,0.08,0.05,100,100,26.94,18.96,100.0,-0.24,0.404,-0.119
1759189267571,2025-09-30 07:41:07.571,19.78,35.0,1.0,0.08,0.05,100,100,24.41,16.44,100.0,-0.5,0.366,-0.069
1759189272571,2025-09-30 07:41:12.571,20.57,35.0,1.0,0.08,0.05,100,100,23.21,15.22,100.0,-0.24,0.348,-0.044
1759189277571,2025-09-30 07:41:17.571,19.97,35.0,1.0,0.08,0.05,100,100,22.42,14.43,100.0,-0.16,0.336,-0.029
1759189282571,2025-09-30 07:41:22.571,18.02,35.0,1.0,0.08,0.05,100,100,23.03,15.03,100.0,0.12,0.345,-0.041
1759189287571,2025-09-30 07:41:27.571,17.78,35.0,1.0,0.08,0.05,100,100,25.0,16.98,100.0,0.39,0.375,-0.08
1759189292571,2025-09-30 07:41:32.571,16.79,35.0,1.0,0.08,0.05,100,100,25.22,17.22,100.0,0.05,0.378,-0.084
1759189297571,2025-09-30 07:41:37.571,18.72,35.0,1.0,0.08,0.05,100,100,26.22,18.21,100.0,0.2,0.393,-0.104
1759189302571,2025-09-30 07:41:42.571,19.29,35.0,1.0,0.08,0.05,100,100,24.26,16.28,100.0,-0.39,0.364,-0.066
1759189307571,2025-09-30 07:41:47.571,17.78,35.0,1.0,0.08,0.05,100,100,23.7,15.71,100.0,-0.11,0.356,-0.054
1759189312571,2025-09-30 07:41:52.571,16.09,35.0,1.0,0.08,0.05,100,100,25.23,17.22,100.0,0.3,0.379,-0.084
1759189317571,2025-09-30 07:41:57.571,15.9,35.0,1.0,0.08,0.05,100,100,26.93,18.91,100.0,0.34,0.404,-0.118
1759189322571,2025-09-30 07:42:02.571,15.32,35.0,1.0,0.08,0.05,100,100,27.1,19.1,100.0,0.04,0.407,-0.122
1759189327571,2025-09-30 07:42:07.571,14.69,35.0,1.0,0.08,0.05,100,100,27.69,19.68,100.0,0.12,0.415,-0.134
1759189332571,2025-09-30 07:42:12.571,12.79,35.0,1.0,0.08,0.05,100,100,28.32,20.31,100.0,0.13,0.425,-0.146
1759189337571,2025-09-30 07:42:17.571,12.03,35.0,1.0,0.08,0.05,100,100,30.23,22.21,100.0,0.38,0.453,-0.184
1759189342571,2025-09-30 07:42:22.571,12.37,35.0,1.0,0.08,0.05,100,100,30.98,22.97,100.0,0.15,0.465,-0.199
1759189347571,2025-09-30 07:42:27.571,11.79,35.0,1.0,0.08,0.05,100,100,30.63,22.63,100.0,-0.07,0.459,-0.193
1759189352571,2025-09-30 07:42:32.571,15.6,35.0,1.0,0.08,0.05,100,100,31.22,23.21,100.0,0.12,0.468,-0.204
1759189357571,2025-09-30 07:42:37.571,14.09,35.0,1.0,0.08,0.05,100,100,27.36,19.4,100.0,-0.76,0.41,-0.128
1759189362571,2025-09-30 07:42:42.571,12.55,35.0,1.0,0.08,0.05,100,100,28.93,20.91,100.0,0.3,0.434,-0.158
1759189367571,2025-09-30 07:42:47.571,12.82,35.0,1.0,0.08,0.05,100,100,30.46,22.45,100.0,0.31,0.457,-0.189
1759189372571,2025-09-30 07:42:52.571,12.27,35.0,1.0,0.08,0.05,100,100,30.17,22.18,100.0,-0.05,0.453,-0.184
1759189377571,2025-09-30 07:42:57.571,12.11,35.0,1.0,0.08,0.05,100,100,30.73,22.73,100.0,0.11,0.461,-0.195
1759189382571,2025-09-30 07:43:02.571,11.26,35.0,1.0,0.08,0.05,100,100,30.89,22.89,100.0,0.03,0.463,-0.198
1759189387571,2025-09-30 07:43:07.571,10.24,35.0,1.0,0.08,0.05,100,100,31.74,23.74,100.0,0.17,0.476,-0.215
1759189392571,2025-09-30 07:43:12.571,11.26,35.0,1.0,0.08,0.05,100,100,32.77,24.76,100.0,0.21,0.492,-0.235
1759189397571,2025-09-30 07:43:17.571,13.14,35.0,1.0,0.08,0.05,100,100,31.73,23.74,100.0,-0.2,0.476,-0.215
1759189402571,2025-09-30 07:43:22.571,14.38,35.0,1.0,0.08,0.05,100,100,29.84,21.86,100.0,-0.38,0.448,-0.177
1759189407571,2025-09-30 07:43:27.571,14.63,35.0,1.0,0.08,0.05,100,100,28.61,20.62,100.0,-0.25,0.429,-0.152
1759189412571,2025-09-30 07:43:32.571,13.91,35.0,1.0,0.08,0.05,100,100,28.37,20.37,100.0,-0.05,0.426,-0.147
1759189417571,2025-09-30 07:43:37.571,16.45,35.0,1.0,0.08,0.05,100,100,29.1,21.09,100.0,0.14,0.436,-0.162
1759189422571,2025-09-30 07:43:42.571,16.33,35.0,1.0,0.08,0.05,100,100,26.52,18.55,100.0,-0.51,0.398,-0.111
1759189427571,2025-09-30 07:43:47.571,18.58,35.0,1.0,0.08,0.05,100,100,26.67,18.67,100.0,0.02,0.4,-0.113
1759189432571,2025-09-30 07:43:52.571,19.65,35.0,1.0,0.08,0.05,100,100,24.4,16.42,100.0,-0.45,0.366,-0.068
1759189437571,2025-09-30 07:43:57.571,22.0,35.0,1.0,0.08,0.05,100,100,23.34,15.35,100.0,-0.21,0.35,-0.047
1759189442571,2025-09-30 07:44:02.571,23.42,35.0,1.0,0.08,0.05,100,100,20.97,13.0,100.0,-0.47,0.315,0.0
1759189447571,2025-09-30 07:44:07.571,22.28,35.0,1.0,0.08,0.05,100,100,19.57,11.58,100.0,-0.28,0.293,0.028
1759189452571,2025-09-30 07:44:12.571,21.17,35.0,1.0,0.08,0.05,100,100,20.73,12.72,100.0,0.23,0.311,0.006
1759189457571,2025-09-30 07:44:17.571,20.02,35.0,1.0,0.08,0.05,100,100,21.84,13.83,100.0,0.22,0.328,-0.017
1759189462571,2025-09-30 07:44:22.571,18.36,35.0,1.0,0.08,0.05,100,100,23.0,14.98,100.0,0.23,0.345,-0.04
1759189467571,2025-09-30 07:44:27.571,18.6,35.0,1.0,0.08,0.05,100,100,24.66,16.64,100.0,0.33,0.37,-0.073
1759189472571,2025-09-30 07:44:32.571,20.1,35.0,1.0,0.08,0.05,100,100,24.4,16.4,100.0,-0.05,0.366,-0.068
1759189477571,2025-09-30 07:44:37.571,20.92,35.0,1.0,0.08,0.05,100,100,22.88,14.9,100.0,-0.3,0.343,-0.038
1759189482571,2025-09-30 07:44:42.571,22.53,35.0,1.0,0.08,0.05,100,100,22.07,14.08,100.0,-0.16,0.331,-0.022
1759189487571,2025-09-30 07:44:47.571,22.22,35.0,1.0,0.08,0.05,100,100,20.45,12.47,100.0,-0.32,0.307,0.011
1759189492571,2025-09-30 07:44:52.571,26.28,35.0,1.0,0.08,0.05,100,100,20.79,12.78,100.0,0.06,0.312,0.004
1759189497571,2025-09-30 07:44:57.571,24.46,35.0,1.0,0.08,0.05,100,100,16.68,8.72,100.0,-0.81,0.25,0.086
1759189502571,2025-09-30 07:45:02.571,24.0,35.0,1.0,0.08,0.05,100,100,18.56,10.54,100.0,0.36,0.278,0.049
1759189507571,2025-09-30 07:45:07.571,24.39,35.0,1.0,0.08,0.05,100,100,19.01,11.0,100.0,0.09,0.285,0.04
1759189512571,2025-09-30 07:45:12.571,25.8,35.0,1.0,0.08,0.05,100,100,18.6,10.61,100.0,-0.08,0.279,0.048
1759189517571,2025-09-30 07:45:17.571,22.83,35.0,1.0,0.08,0.05,100,100,17.19,9.2,100.0,-0.28,0.258,0.076
1759189522571,2025-09-30 07:45:22.571,22.37,35.0,1.0,0.08,0.05,100,100,20.2,12.17,100.0,0.59,0.303,0.017
1759189527571,2025-09-30 07:45:27.571,21.38,35.0,1.0,0.08,0.05,100,100,20.63,12.63,100.0,0.09,0.309,0.007
1759189532571,2025-09-30 07:45:32.571,20.6,35.0,1.0,0.08,0.05,100,100,21.63,13.62,100.0,0.2,0.324,-0.012
1759189537571,2025-09-30 07:45:37.571,20.69,35.0,1.0,0.08,0.05,100,100,22.41,14.4,100.0,0.16,0.336,-0.028
1759189542571,2025-09-30 07:45:42.571,18.09,35.0,1.0,0.08,0.05,100,100,22.31,14.31,100.0,-0.02,0.335,-0.026
1759189547571,2025-09-30 07:45:47.571,18.74,35.0,1.0,0.08,0.05,100,100,24.93,16.91,100.0,0.52,0.374,-0.078
1759189552571,2025-09-30 07:45:52.571,19.05,35.0,1.0,0.08,0.05,100,100,24.26,16.26,100.0,-0.13,0.364,-0.065
1759189557571,2025-09-30 07:45:57.571,18.69,35.0,1.0,0.08,0.05,100,100,23.95,15.95,100.0,-0.06,0.359,-0.059
1759189562571,2025-09-30 07:46:02.571,17.97,35.0,1.0,0.08,0.05,100,100,24.31,16.31,100.0,0.07,0.365,-0.066
1759189567571,2025-09-30 07:46:07.571,19.35,35.0,1.0,0.08,0.05,100,100,25.04,17.03,100.0,0.14,0.376,-0.081
1759189572571,2025-09-30 07:46:12.571,22.79,35.0,1.0,0.08,0.05,100,100,23.63,15.65,100.0,-0.28,0.354,-0.053
1759189577571,2025-09-30 07:46:17.571,22.93,35.0,1.0,0.08,0.05,100,100,20.18,12.21,100.0,-0.69,0.303,0.016
1759189582571,2025-09-30 07:46:22.571,21.52,35.0,1.0,0.08,0.05,100,100,20.07,12.07,100.0,-0.03,0.301,0.019
1759189587571,2025-09-30 07:46:27.571,20.23,35.0,1.0,0.08,0.05,100,100,21.5,13.48,100.0,0.28,0.322,-0.01
1759189592571,2025-09-30 07:46:32.571,21.6,35.0,1.0,0.08,0.05,100,100,22.78,14.77,100.0,0.26,0.342,-0.035
1759189597571,2025-09-30 07:46:37.571,22.86,35.0,1.0,0.08,0.05,100,100,21.38,13.4,100.0,-0.27,0.321,-0.008
1759189602571,2025-09-30 07:46:42.571,22.7,35.0,1.0,0.08,0.05,100,100,20.13,12.14,100.0,-0.25,0.302,0.017
1759189607571,2025-09-30 07:46:47.571,26.26,35.0,1.0,0.08,0.05,100,100,20.3,12.3,100.0,0.03,0.305,0.014
1759189612571,2025-09-30 07:46:52.571,25.44,35.0,1.0,0.08,0.05,100,100,16.71,8.74,100.0,-0.71,0.251,0.085
1759189617571,2025-09-30 07:46:57.571,24.3,35.0,1.0,0.08,0.05,100,100,17.57,9.56,100.0,0.16,0.263,0.069
1759189622571,2025-09-30 07:47:02.571,23.92,35.0,1.0,0.08,0.05,100,100,18.71,10.7,100.0,0.23,0.281,0.046
1759189627571,2025-09-30 07:47:07.571,24.46,35.0,1.0,0.08,0.05,100,100,19.08,11.08,100.0,0.08,0.286,0.038
1759189632571,2025-09-30 07:47:12.571,25.09,35.0,1.0,0.08,0.05,100,100,18.53,10.54,100.0,-0.11,0.278,0.049
1759189637571,2025-09-30 07:47:17.571,24.97,35.0,1.0,0.08,0.05,100,100,17.9,9.91,100.0,-0.13,0.269,0.062
1759189642571,2025-09-30 07:47:22.571,24.0,35.0,1.0,0.08,0.05,100,100,18.04,10.03,100.0,0.03,0.271,0.059
1759189647571,2025-09-30 07:47:27.571,25.24,35.0,1.0,0.08,0.05,100,100,19.01,11.0,100.0,0.19,0.285,0.04
1759189652571,2025-09-30 07:47:32.571,27.72,35.0,1.0,0.08,0.05,100,100,17.75,9.76,100.0,-0.25,0.266,0.065
1759189657571,2025-09-30 07:47:37.571,25.27,35.0,1.0,0.08,0.05,100,100,15.26,7.28,100.0,-0.5,0.229,0.114
1759189662571,2025-09-30 07:47:42.571,23.68,35.0,1.0,0.08,0.05,100,100,17.75,9.73,100.0,0.49,0.266,0.065
1759189667571,2025-09-30 07:47:47.571,18.49,35.0,1.0,0.08,0.05,100,100,19.33,11.32,100.0,0.32,0.29,0.034
1759189672571,2025-09-30 07:47:52.571,18.0,35.0,1.0,0.08,0.05,100,100,24.56,16.51,100.0,1.04,0.368,-0.07
1759189677571,2025-09-30 07:47:57.571,18.28,35.0,1.0,0.08,0.05,100,100,25.0,17.0,100.0,0.1,0.375,-0.08
1759189682571,2025-09-30 07:48:02.571,18.09,35.0,1.0,0.08,0.05,100,100,24.72,16.72,100.0,-0.06,0.371,-0.074
1759189687571,2025-09-30 07:48:07.571,20.5,35.0,1.0,0.08,0.05,100,100,24.91,16.91,100.0,0.04,0.374,-0.078
1759189692571,2025-09-30 07:48:12.571,22.34,35.0,1.0,0.08,0.05,100,100,22.48,14.5,100.0,-0.48,0.337,-0.03
1759189697571,2025-09-30 07:48:17.571,24.14,35.0,1.0,0.08,0.05,100,100,20.65,12.66,100.0,-0.37,0.31,0.007
1759189702571,2025-09-30 07:48:22.571,24.53,35.0,1.0,0.08,0.05,100,100,18.84,10.86,100.0,-0.36,0.283,0.043
1759189707571,2025-09-30 07:48:27.571,23.65,35.0,1.0,0.08,0.05,100,100,18.47,10.47,100.0,-0.08,0.277,0.051
1759189712571,2025-09-30 07:48:32.571,22.89,35.0,1.0,0.08,0.05,100,100,19.36,11.35,100.0,0.18,0.29,0.033
1759189717571,2025-09-30 07:48:37.571,21.49,35.0,1.0,0.08,0.05,100,100,20.12,12.11,100.0,0.15,0.302,0.018
1759189722571,2025-09-30 07:48:42.571,20.12,35.0,1.0,0.08,0.05,100,100,21.52,13.51,100.0,0.28,0.323,-0.01
1759189727571,2025-09-30 07:48:47.571,20.16,35.0,1.0,0.08,0.05,100,100,22.9,14.88,100.0,0.27,0.343,-0.038
1759189732571,2025-09-30 07:48:52.571,19.85,35.0,1.0,0.08,0.05,100,100,22.84,14.84,100.0,-0.01,0.343,-0.037
1759189737571,2025-09-30 07:48:57.571,20.87,35.0,1.0,0.08,0.05,100,100,23.15,15.15,100.0,0.06,0.347,-0.043
1759189742571,2025-09-30 07:49:02.571,21.49,35.0,1.0,0.08,0.05,100,100,22.12,14.13,100.0,-0.2,0.332,-0.023
1759189747571,2025-09-30 07:49:07.571,20.11,35.0,1.0,0.08,0.05,100,100,21.5,13.51,100.0,-0.13,0.323,-0.01
1759189752571,2025-09-30 07:49:12.571,19.87,35.0,1.0,0.08,0.05,100,100,22.9,14.89,100.0,0.28,0.344,-0.038
1759189757571,2025-09-30 07:49:17.571,19.62,35.0,1.0,0.08,0.05,100,100,23.13,15.13,100.0,0.05,0.347,-0.043
1759189762571,2025-09-30 07:49:22.571,20.3,35.0,1.0,0.08,0.05,100,100,23.38,15.38,100.0,0.05,0.351,-0.048
1759189767571,2025-09-30 07:49:27.571,18.75,35.0,1.0,0.08,0.05,100,100,22.69,14.7,100.0,-0.14,0.34,-0.034
1759189772571,2025-09-30 07:49:32.571,19.43,35.0,1.0,0.08,0.05,100,100,24.26,16.25,100.0,0.31,0.364,-0.065
1759189777571,2025-09-30 07:49:37.571,20.65,35.0,1.0,0.08,0.05,100,100,23.56,15.57,100.0,-0.14,0.353,-0.051
1759189782571,2025-09-30 07:49:42.571,24.21,35.0,1.0,0.08,0.05,100,100,22.34,14.35,100.0,-0.24,0.335,-0.027
1759189787571,2025-09-30 07:49:47.571,24.46,35.0,1.0,0.08,0.05,100,100,18.75,10.79,100.0,-0.71,0.281,0.044
1759189792571,2025-09-30 07:49:52.571,27.0,35.0,1.0,0.08,0.05,100,100,18.54,10.54,100.0,-0.05,0.278,0.049
1759189797571,2025-09-30 07:49:57.571,28.75,35.0,1.0,0.08,0.05,100,100,15.97,8.0,100.0,-0.51,0.24,0.1
1759189802571,2025-09-30 07:50:02.571,31.54,35.0,1.0,0.08,0.05,100,100,14.23,6.25,100.0,-0.35,0.213,0.135
1759189807571,2025-09-30 07:50:07.571,35.71,35.0,1.0,0.08,0.05,100,100,11.43,3.46,100.0,-0.56,0.171,0.191
1759189812571,2025-09-30 07:50:12.571,34.94,35.0,1.0,0.08,0.05,100,100,6.96,-0.71,96.44,-0.83,0.104,0.274
1759189817571,2025-09-30 07:50:17.571,37.3,35.0,1.0,0.08,0.05,100,100,7.81,0.06,96.75,0.15,0.117,0.259
1759189822571,2025-09-30 07:50:22.571,36.62,35.0,1.0,0.08,0.05,100,100,4.5,-2.3,85.26,-0.47,0.067,0.306
1759189827571,2025-09-30 07:50:27.571,36.86,35.0,1.0,0.08,0.05,100,100,4.56,-1.62,77.15,0.14,0.068,0.292
1759189832571,2025-09-30 07:50:32.571,34.83,35.0,1.0,0.08,0.05,100,100,3.57,-1.86,67.85,-0.05,0.053,0.297
1759189837571,2025-09-30 07:50:37.571,35.56,35.0,1.0,0.08,0.05,100,100,5.68,0.17,68.68,0.41,0.085,0.257
1759189842571,2025-09-30 07:50:42.571,36.48,35.0,1.0,0.08,0.05,100,100,4.71,-0.56,65.9,-0.14,0.071,0.271
1759189847571,2025-09-30 07:50:47.571,37.13,35.0,1.0,0.08,0.05,100,100,3.19,-1.48,58.49,-0.18,0.048,0.29
1759189852571,2025-09-30 07:50:52.571,37.5,35.0,1.0,0.08,0.05,100,100,1.7,-2.13,47.86,-0.13,0.025,0.303
1759189857571,2025-09-30 07:50:57.571,37.01,35.0,1.0,0.08,0.05,100,100,0.33,-2.5,35.36,-0.07,0.005,0.31
1759189862571,2025-09-30 07:51:02.571,38.18,35.0,1.0,0.08,0.05,100,100,0.01,-2.01,25.29,0.1,0.0,0.3
1759189867571,2025-09-30 07:51:07.571,39.76,35.0,1.0,0.08,0.05,100,100,-2.44,-3.18,9.4,-0.23,0.0,0.324
1759189872571,2025-09-30 07:51:12.571,41.37,35.0,1.0,0.08,0.05,100,100,-5.93,-4.76,-14.4,-0.32,0.0,0.355
1759189877571,2025-09-30 07:51:17.571,38.25,35.0,1.0,0.08,0.05,100,100,-10.08,-6.37,-46.24,-0.32,0.0,0.387
1759189882571,2025-09-30 07:51:22.571,38.17,35.0,1.0,0.08,0.05,100,100,-8.22,-3.25,-62.5,0.62,0.0,0.325
1759189887571,2025-09-30 07:51:27.571,39.14,35.0,1.0,0.08,0.05,100,100,-9.44,-3.17,-78.37,0.02,0.0,0.323
1759189892571,2025-09-30 07:51:32.571,37.17,35.0,1.0,0.08,0.05,100,100,-12.08,-4.14,-99.08,-0.19,0.0,0.343
1759189897571,2025-09-30 07:51:37.571,35.77,35.0,1.0,0.08,0.05,100,100,-10.15,-2.17,-100.0,0.4,0.0,0.303
1759189902571,2025-09-30 07:51:42.571,36.38,35.0,1.0,0.08,0.05,100,100,-8.76,-0.77,-100.0,0.28,0.0,0.275
1759189907571,2025-09-30 07:51:47.571,36.62,35.0,1.0,0.08,0.05,100,100,-9.38,-1.38,-100.0,-0.12,0.0,0.288
1759189912571,2025-09-30 07:51:52.571,37.3,35.0,1.0,0.08,0.05,100,100,-9.62,-1.62,-100.0,-0.05,0.0,0.292
1759189917571,2025-09-30 07:51:57.571,40.12,35.0,1.0,0.08,0.05,100,100,-10.31,-2.3,-100.0,-0.14,0.0,0.306
1759189922571,2025-09-30 07:52:02.571,42.67,35.0,1.0,0.08,0.05,100,100,-13.15,-5.12,-100.0,-0.56,0.0,0.362
1759189927571,2025-09-30 07:52:07.571,42.47,35.0,1.0,0.08,0.05,100,100,-15.69,-7.67,-100.0,-0.51,0.0,0.413
1759189932571,2025-09-30 07:52:12.571,41.77,35.0,1.0,0.08,0.05,100,100,-15.47,-7.47,-100.0,0.04,0.0,0.409
1759189937571,2025-09-30 07:52:17.571,38.98,35.0,1.0,0.08,0.05,100,100,-14.76,-6.77,-100.0,0.14,0.0,0.395
1759189942571,2025-09-30 07:52:22.571,39.54,35.0,1.0,0.08,0.05,100,100,-11.95,-3.98,-100.0,0.56,0.0,0.34
1759189947571,2025-09-30 07:52:27.571,39.9,35.0,1.0,0.08,0.05,100,100,-12.54,-4.54,-100.0,-0.11,0.0,0.351
1759189952571,2025-09-30 07:52:32.571,40.37,35.0,1.0,0.08,0.05,100,100,-12.91,-4.9,-100.0,-0.07,0.0,0.358
1759189957571,2025-09-30 07:52:37.571,41.16,35.0,1.0,0.08,0.05,100,100,-13.37,-5.37,-100.0,-0.09,0.0,0.367
1759189962571,2025-09-30 07:52:42.571,43.08,35.0,1.0,0.08,0.05,100,100,-14.17,-6.16,-100.0,-0.16,0.0,0.383
1759189967571,2025-09-30 07:52:47.571,42.71,35.0,1.0,0.08,0.05,100,100,-16.1,-8.08,-100.0,-0.38,0.0,0.422
1759189972571,2025-09-30 07:52:52.571,42.66,35.0,1.0,0.08,0.05,100,100,-15.71,-7.71,-100.0,0.07,0.0,0.414
1759189977571,2025-09-30 07:52:57.571,42.87,35.0,1.0,0.08,0.05,100,100,-15.66,-7.66,-100.0,0.01,0.0,0.413
1759189982571,2025-09-30 07:53:02.571,42.82,35.0,1.0,0.08,0.05,100,100,-15.87,-7.87,-100.0,-0.04,0.0,0.417
1759189987571,2025-09-30 07:53:07.571,42.6,35.0,1.0,0.08,0.05,100,100,-15.82,-7.82,-100.0,0.01,0.0,0.416
1759189992571,2025-09-30 07:53:12.571,43.55,35.0,1.0,0.08,0.05,100,100,-15.6,-7.6,-100.0,0.04,0.0,0.412
1759189997571,2025-09-30 07:53:17.571,40.11,35.0,1.0,0.08,0.05,100,100,-16.55,-8.55,-100.0,-0.19,0.0,0.431
1759190002571,2025-09-30 07:53:22.571,38.02,35.0,1.0,0.08,0.05,100,100,-13.07,-5.11,-100.0,0.69,0.0,0.362
1759190007571,2025-09-30 07:53:27.571,40.28,35.0,1.0,0.08,0.05,100,100,-11.0,-3.02,-100.0,0.42,0.0,0.32
1759190012571,2025-09-30 07:53:32.571,39.72,35.0,1.0,0.08,0.05,100,100,-13.3,-5.28,-100.0,-0.45,0.0,0.366
1759190017571,2025-09-30 07:53:37.571,40.75,35.0,1.0,0.08,0.05,100,100,-12.72,-4.72,-100.0,0.11,0.0,0.354
1759190022571,2025-09-30 07:53:42.571,38.84,35.0,1.0,0.08,0.05,100,100,-13.76,-5.75,-100.0,-0.21,0.0,0.375
1759190027571,2025-09-30 07:53:47.571,39.74,35.0,1.0,0.08,0.05,100,100,-11.82,-3.84,-100.0,0.38,0.0,0.337
1759190032571,2025-09-30 07:53:52.571,39.88,35.0,1.0,0.08,0.05,100,100,-12.74,-4.74,-100.0,-0.18,0.0,0.355
1759190037571,2025-09-30 07:53:57.571,36.64,35.0,1.0,0.08,0.05,100,100,-12.88,-4.88,-100.0,-0.03,0.0,0.358
1759190042571,2025-09-30 07:54:02.571,36.38,35.0,1.0,0.08,0.05,100,100,-9.6,-1.64,-100.0,0.65,0.0,0.293
1759190047571,2025-09-30 07:54:07.571,35.63,35.0,1.0,0.08,0.05,100,100,-9.37,-1.38,-100.0,0.05,0.0,0.288
1759190052571,2025-09-30 07:54:12.571,34.09,35.0,1.0,0.08,0.05,100,100,-8.62,-0.63,-100.0,0.15,0.0,0.273
1759190057571,2025-09-30 07:54:17.571,34.2,35.0,1.0,0.08,0.05,100,100,-6.71,0.91,-95.44,0.31,0.0,0.242
1759190062571,2025-09-30 07:54:22.571,33.86,35.0,1.0,0.08,0.05,100,100,-6.52,0.8,-91.46,-0.02,0.0,0.244
1759190067571,2025-09-30 07:54:27.571,31.9,35.0,1.0,0.08,0.05,100,100,-5.71,1.14,-85.73,0.07,0.0,0.237
1759190072571,2025-09-30 07:54:32.571,31.21,35.0,1.0,0.08,0.05,100,100,-2.51,3.1,-70.26,0.39,0.0,0.198
1759190077571,2025-09-30 07:54:37.571,31.3,35.0,1.0,0.08,0.05,100,100,-0.3,3.79,-51.29,0.14,0.0,0.184
1759190082571,2025-09-30 07:54:42.571,32.42,35.0,1.0,0.08,0.05,100,100,1.08,3.7,-32.79,-0.02,0.016,0.186
1759190087571,2025-09-30 07:54:47.571,33.86,35.0,1.0,0.08,0.05,100,100,0.98,2.58,-19.87,-0.22,0.015,0.208
1759190092571,2025-09-30 07:54:52.571,33.46,35.0,1.0,0.08,0.05,100,100,-0.0,1.14,-14.16,-0.29,0.0,0.237
1759190097571,2025-09-30 07:54:57.571,31.06,35.0,1.0,0.08,0.05,100,100,1.03,1.54,-6.45,0.08,0.015,0.229
1759190102571,2025-09-30 07:55:02.571,32.55,35.0,1.0,0.08,0.05,100,100,5.03,3.94,13.26,0.48,0.075,0.181
1759190107571,2025-09-30 07:55:07.571,32.12,35.0,1.0,0.08,0.05,100,100,4.48,2.45,25.53,-0.3,0.067,0.211
1759190112571,2025-09-30 07:55:12.571,29.09,35.0,1.0,0.08,0.05,100,100,6.08,2.88,39.95,0.09,0.091,0.202
1759190117571,2025-09-30 07:55:17.571,28.13,35.0,1.0,0.08,0.05,100,100,11.5,5.91,69.51,0.61,0.173,0.142
1759190122571,2025-09-30 07:55:22.571,27.51,35.0,1.0,0.08,0.05,100,100,14.88,6.87,100.0,0.19,0.223,0.123
1759190127571,2025-09-30 07:55:27.571,26.13,35.0,1.0,0.08,0.05,100,100,15.49,7.49,100.0,0.12,0.232,0.11
1759190132571,2025-09-30 07:55:32.571,26.43,35.0,1.0,0.08,0.05,100,100,16.88,8.87,100.0,0.28,0.253,0.083
1759190137571,2025-09-30 07:55:37.571,25.79,35.0,1.0,0.08,0.05,100,100,16.57,8.57,100.0,-0.06,0.249,0.089
1759190142571,2025-09-30 07:55:42.571,24.15,35.0,1.0,0.08,0.05,100,100,17.21,9.21,100.0,0.13,0.258,0.076
1759190147571,2025-09-30 07:55:47.571,22.92,35.0,1.0,0.08,0.05,100,100,18.87,10.85,100.0,0.33,0.283,0.043
1759190152571,2025-09-30 07:55:52.571,21.75,35.0,1.0,0.08,0.05,100,100,20.09,12.08,100.0,0.25,0.301,0.018
1759190157571,2025-09-30 07:55:57.571,21.41,35.0,1.0,0.08,0.05,100,100,21.26,13.25,100.0,0.23,0.319,-0.005
1759190162571,2025-09-30 07:56:02.571,22.89,35.0,1.0,0.08,0.05,100,100,21.6,13.59,100.0,0.07,0.324,-0.012
1759190167571,2025-09-30 07:56:07.571,20.51,35.0,1.0,0.08,0.05,100,100,20.09,12.11,100.0,-0.3,0.301,0.018
1759190172571,2025-09-30 07:56:12.571,18.33,35.0,1.0,0.08,0.05,100,100,22.51,14.49,100.0,0.48,0.338,-0.03
1759190177571,2025-09-30 07:56:17.571,18.34,35.0,1.0,0.08,0.05,100,100,24.7,16.67,100.0,0.44,0.37,-0.073
1759190182571,2025-09-30 07:56:22.571,17.28,35.0,1.0,0.08,0.05,100,100,24.66,16.66,100.0,-0.0,0.37,-0.073
1759190187571,2025-09-30 07:56:27.571,18.95,35.0,1.0,0.08,0.05,100,100,25.74,17.72,100.0,0.21,0.386,-0.094
1759190192571,2025-09-30 07:56:32.571,20.18,35.0,1.0,0.08,0.05,100,100,24.04,16.05,100.0,-0.33,0.361,-0.061
1759190197571,2025-09-30 07:56:37.571,19.85,35.0,1.0,0.08,0.05,100,100,22.81,14.82,100.0,-0.25,0.342,-0.036
1759190202571,2025-09-30 07:56:42.571,19.07,35.0,1.0,0.08,0.05,100,100,23.15,15.15,100.0,0.07,0.347,-0.043
1759190207571,2025-09-30 07:56:47.571,20.36,35.0,1.0,0.08,0.05,100,100,23.94,15.93,100.0,0.16,0.359,-0.059
1759190212571,2025-09-30 07:56:52.571,20.08,35.0,1.0,0.08,0.05,100,100,22.62,14.64,100.0,-0.26,0.339,-0.033
1759190217571,2025-09-30 07:56:57.571,17.55,35.0,1.0,0.08,0.05,100,100,22.92,14.92,100.0,0.06,0.344,-0.038
1759190222571,2025-09-30 07:57:02.571,18.3,35.0,1.0,0.08,0.05,100,100,25.47,17.45,100.0,0.51,0.382,-0.089
1759190227571,2025-09-30 07:57:07.571,18.42,35.0,1.0,0.08,0.05,100,100,24.69,16.7,100.0,-0.15,0.37,-0.074
1759190232571,2025-09-30 07:57:12.571,17.02,35.0,1.0,0.08,0.05,100,100,24.58,16.58,100.0,-0.02,0.369,-0.072
1759190237571,2025-09-30 07:57:17.571,16.76,35.0,1.0,0.08,0.05,100,100,25.99,17.98,100.0,0.28,0.39,-0.1
1759190242571,2025-09-30 07:57:22.571,15.1,35.0,1.0,0.08,0.05,100,100,26.24,18.24,100.0,0.05,0.394,-0.105
1759190247571,2025-09-30 07:57:27.571,14.03,35.0,1.0,0.08,0.05,100,100,27.92,19.9,100.0,0.33,0.419,-0.138
1759190252571,2025-09-30 07:57:32.571,15.88,35.0,1.0,0.08,0.05,100,100,28.98,20.97,100.0,0.21,0.435,-0.159
1759190257571,2025-09-30 07:57:37.571,15.02,35.0,1.0,0.08,0.05,100,100,27.11,19.12,100.0,-0.37,0.407,-0.122
1759190262571,2025-09-30 07:57:42.571,13.29,35.0,1.0,0.08,0.05,100,100,27.98,19.98,100.0,0.17,0.42,-0.14
1759190267571,2025-09-30 07:57:47.571,13.06,35.0,1.0,0.08,0.05,100,100,29.72,21.71,100.0,0.35,0.446,-0.174
1759190272571,2025-09-30 07:57:52.571,14.01,35.0,1.0,0.08,0.05,100,100,29.94,21.94,100.0,0.05,0.449,-0.179
1759190277571,2025-09-30 07:57:57.571,10.59,35.0,1.0,0.08,0.05,100,100,28.98,20.99,100.0,-0.19,0.435,-0.16
1759190282571,2025-09-30 07:58:02.571,10.38,35.0,1.0,0.08,0.05,100,100,32.45,24.41,100.0,0.68,0.487,-0.228
1759190287571,2025-09-30 07:58:07.571,10.09,35.0,1.0,0.08,0.05,100,100,32.62,24.62,100.0,0.04,0.489,-0.232
1759190292571,2025-09-30 07:58:12.571,8.86,35.0,1.0,0.08,0.05,100,100,32.91,24.91,100.0,0.06,0.494,-0.238
1759190297571,2025-09-30 07:58:17.571,10.69,35.0,1.0,0.08,0.05,100,100,34.15,26.14,100.0,0.25,0.512,-0.263
1759190302571,2025-09-30 07:58:22.571,10.54,35.0,1.0,0.08,0.05,100,100,32.29,24.31,100.0,-0.37,0.484,-0.226
1759190307571,2025-09-30 07:58:27.571,11.18,35.0,1.0,0.08,0.05,100,100,32.46,24.46,100.0,0.03,0.487,-0.229
1759190312571,2025-09-30 07:58:32.571,11.98,35.0,1.0,0.08,0.05,100,100,31.81,23.82,100.0,-0.13,0.477,-0.216
1759190317571,2025-09-30 07:58:37.571,9.36,35.0,1.0,0.08,0.05,100,100,31.01,23.02,100.0,-0.16,0.465,-0.2
1759190322571,2025-09-30 07:58:42.571,8.05,35.0,1.0,0.08,0.05,100,100,33.67,25.64,100.0,0.52,0.505,-0.253
1759190327571,2025-09-30 07:58:47.571,11.07,35.0,1.0,0.08,0.05,100,100,34.96,26.95,100.0,0.26,0.524,-0.279
1759190332571,2025-09-30 07:58:52.571,9.93,35.0,1.0,0.08,0.05,100,100,31.9,23.93,100.0,-0.6,0.478,-0.219
1759190337571,2025-09-30 07:58:57.571,8.6,35.0,1.0,0.08,0.05,100,100,33.08,25.07,100.0,0.23,0.496,-0.241
1759190342571,2025-09-30 07:59:02.571,9.48,35.0,1.0,0.08,0.05,100,100,34.41,26.4,100.0,0.27,0.516,-0.268
1759190347571,2025-09-30 07:59:07.571,10.41,35.0,1.0,0.08,0.05,100,100,33.51,25.52,100.0,-0.18,0.503,-0.25
1759190352571,2025-09-30 07:59:12.571,10.97,35.0,1.0,0.08,0.05,100,100,32.58,24.59,100.0,-0.19,0.489,-0.232
1759190357571,2025-09-30 07:59:17.571,11.38,35.0,1.0,0.08,0.05,100,100,32.03,24.03,100.0,-0.11,0.48,-0.221
1759190362571,2025-09-30 07:59:22.571,10.13,35.0,1.0,0.08,0.05,100,100,31.62,23.62,100.0,-0.08,0.474,-0.212
1759190367571,2025-09-30 07:59:27.571,7.9,35.0,1.0,0.08,0.05,100,100,32.88,24.87,100.0,0.25,0.493,-0.237
1759190372571,2025-09-30 07:59:32.571,8.73,35.0,1.0,0.08,0.05,100,100,35.12,27.1,100.0,0.45,0.527,-0.282
1759190377571,2025-09-30 07:59:37.571,9.19,35.0,1.0,0.08,0.05,100,100,34.26,26.27,100.0,-0.17,0.514,-0.265
1759190382571,2025-09-30 07:59:42.571,6.16,35.0,1.0,0.08,0.05,100,100,33.81,25.81,100.0,-0.09,0.507,-0.256
1759190387571,2025-09-30 07:59:47.571,5.22,35.0,1.0,0.08,0.05,100,100,36.87,28.84,100.0,0.6,0.553,-0.317
1759190392571,2025-09-30 07:59:52.571,5.9,35.0,1.0,0.08,0.05,100,100,37.79,29.78,100.0,0.19,0.567,-0.336
1759190397571,2025-09-30 07:59:57.571,5.38,35.0,1.0,0.08,0.05,100,100,37.1,29.1,100.0,-0.14,0.556,-0.322
1759190402571,2025-09-30 08:00:02.571,5.09,35.0,1.0,0.08,0.05,100,100,37.63,29.62,100.0,0.1,0.564,-0.332
1759190407571,2025-09-30 08:00:07.571,6.17,35.0,1.0,0.08,0.05,100,100,37.91,29.91,100.0,0.06,0.569,-0.338
1759190412571,2025-09-30 08:00:12.571,5.06,35.0,1.0,0.08,0.05,100,100,36.82,28.83,100.0,-0.22,0.552,-0.317
1759190417571,2025-09-30 08:00:17.571,4.51,35.0,1.0,0.08,0.05,100,100,37.95,29.94,100.0,0.22,0.569,-0.339
1759190422571,2025-09-30 08:00:22.571,4.58,35.0,1.0,0.08,0.05,100,100,38.49,30.49,100.0,0.11,0.577,-0.35
1759190427571,2025-09-30 08:00:27.571,4.49,35.0,1.0,0.08,0.05,100,100,38.42,30.42,100.0,-0.01,0.576,-0.348
1759190432571,2025-09-30 08:00:32.571,5.03,35.0,1.0,0.08,0.05,100,100,38.51,30.51,100.0,0.02,0.578,-0.35
1759190437571,2025-09-30 08:00:37.571,4.07,35.0,1.0,0.08,0.05,100,100,37.96,29.97,100.0,-0.11,0.569,-0.339
1759190442571,2025-09-30 08:00:42.571,3.87,35.0,1.0,0.08,0.05,100,100,38.94,30.93,100.0,0.19,0.584,-0.359
1759190447571,2025-09-30 08:00:47.571,7.03,35.0,1.0,0.08,0.05,100,100,39.13,31.13,100.0,0.04,0.587,-0.363
1759190452571,2025-09-30 08:00:52.571,8.88,35.0,1.0,0.08,0.05,100,100,35.94,27.97,100.0,-0.63,0.539,-0.299
1759190457571,2025-09-30 08:00:57.571,7.61,35.0,1.0,0.08,0.05,100,100,34.1,26.12,100.0,-0.37,0.511,-0.262
1759190462571,2025-09-30 08:01:02.571,7.97,35.0,1.0,0.08,0.05,100,100,35.4,27.39,100.0,0.25,0.531,-0.288
1759190467571,2025-09-30 08:01:07.571,9.82,35.0,1.0,0.08,0.05,100,100,35.03,27.03,100.0,-0.07,0.525,-0.281
1759190472571,2025-09-30 08:01:12.571,9.49,35.0,1.0,0.08,0.05,100,100,33.16,25.18,100.0,-0.37,0.497,-0.244
1759190477571,2025-09-30 08:01:17.571,10.3,35.0,1.0,0.08,0.05,100,100,33.51,25.51,100.0,0.07,0.503,-0.25
1759190482571,2025-09-30 08:01:22.571,7.89,35.0,1.0,0.08,0.05,100,100,32.69,24.7,100.0,-0.16,0.49,-0.234
1759190487571,2025-09-30 08:01:27.571,7.12,35.0,1.0,0.08,0.05,100,100,35.13,27.11,100.0,0.48,0.527,-0.282
1759190492571,2025-09-30 08:01:32.571,7.62,35.0,1.0,0.08,0.05,100,100,35.89,27.88,100.0,0.16,0.538,-0.298
1759190497571,2025-09-30 08:01:37.571,7.19,35.0,1.0,0.08,0.05,100,100,35.38,27.38,100.0,-0.1,0.531,-0.288
1759190502571,2025-09-30 08:01:42.571,7.51,35.0,1.0,0.08,0.05,100,100,35.82,27.81,100.0,0.09,0.537,-0.296
1759190507571,2025-09-30 08:01:47.571,7.93,35.0,1.0,0.08,0.05,100,100,35.49,27.49,100.0,-0.06,0.532,-0.29
1759190512571,2025-09-30 08:01:52.571,10.25,35.0,1.0,0.08,0.05,100,100,35.07,27.07,100.0,-0.08,0.526,-0.281
1759190517571,2025-09-30 08:01:57.571,9.54,35.0,1.0,0.08,0.05,100,100,32.73,24.75,100.0,-0.46,0.491,-0.235
1759190522571,2025-09-30 08:02:02.571,7.68,35.0,1.0,0.08,0.05,100,100,33.47,25.46,100.0,0.14,0.502,-0.249
1759190527571,2025-09-30 08:02:07.571,6.33,35.0,1.0,0.08,0.05,100,100,35.33,27.32,100.0,0.37,0.53,-0.286
1759190532571,2025-09-30 08:02:12.571,5.45,35.0,1.0,0.08,0.05,100,100,36.68,28.67,100.0,0.27,0.55,-0.313
1759190537571,2025-09-30 08:02:17.571,5.82,35.0,1.0,0.08,0.05,100,100,37.56,29.55,100.0,0.18,0.563,-0.331
1759190542571,2025-09-30 08:02:22.571,4.15,35.0,1.0,0.08,0.05,100,100,37.17,29.18,100.0,-0.07,0.558,-0.324
1759190547571,2025-09-30 08:02:27.571,4.12,35.0,1.0,0.08,0.05,100,100,38.87,30.85,100.0,0.33,0.583,-0.357
1759190552571,2025-09-30 08:02:32.571,2.81,35.0,1.0,0.08,0.05,100,100,38.88,30.88,100.0,0.01,0.583,-0.358
1759190557571,2025-09-30 08:02:37.571,1.31,35.0,1.0,0.08,0.05,100,100,40.2,32.19,100.0,0.26,0.603,-0.384
1759190562571,2025-09-30 08:02:42.571,0.81,35.0,1.0,0.08,0.05,100,100,41.71,33.69,100.0,0.3,0.626,-0.414
1759190567571,2025-09-30 08:02:47.571,0.92,35.0,1.0,0.08,0.05,100,100,42.19,34.19,100.0,0.1,0.633,-0.424
1759190572571,2025-09-30 08:02:52.571,-0.3,35.0,1.0,0.08,0.05,100,100,42.08,34.08,100.0,-0.02,0.631,-0.422
1759190577571,2025-09-30 08:02:57.571,-0.19,35.0,1.0,0.08,0.05,100,100,43.31,35.3,100.0,0.24,0.65,-0.446
1759190582571,2025-09-30 08:03:02.571,1.69,35.0,1.0,0.08,0.05,100,100,43.19,35.19,100.0,-0.02,0.648,-0.444
1759190587571,2025-09-30 08:03:07.571,1.75,35.0,1.0,0.08,0.05,100,100,41.29,33.31,100.0,-0.38,0.619,-0.406
1759190592571,2025-09-30 08:03:12.571,1.55,35.0,1.0,0.08,0.05,100,100,41.25,33.25,100.0,-0.01,0.619,-0.405
1759190597571,2025-09-30 08:03:17.571,2.31,35.0,1.0,0.08,0.05,100,100,41.45,33.45,100.0,0.04,0.622,-0.409
1759190602571,2025-09-30 08:03:22.571,4.11,35.0,1.0,0.08,0.05,100,100,40.69,32.69,100.0,-0.15,0.61,-0.394
1759190607571,2025-09-30 08:03:27.571,3.62,35.0,1.0,0.08,0.05,100,100,38.88,30.89,100.0,-0.36,0.583,-0.358
1759190612571,2025-09-30 08:03:32.571,3.72,35.0,1.0,0.08,0.05,100,100,39.38,31.38,100.0,0.1,0.591,-0.368
1759190617571,2025-09-30 08:03:37.571,1.52,35.0,1.0,0.08,0.05,100,100,39.28,31.28,100.0,-0.02,0.589,-0.366
1759190622571,2025-09-30 08:03:42.571,1.76,35.0,1.0,0.08,0.05,100,100,41.5,33.48,100.0,0.44,0.622,-0.41
1759190627571,2025-09-30 08:03:47.571,4.37,35.0,1.0,0.08,0.05,100,100,41.24,33.24,100.0,-0.05,0.619,-0.405
1759190632571,2025-09-30 08:03:52.571,5.77,35.0,1.0,0.08,0.05,100,100,38.61,30.63,100.0,-0.52,0.579,-0.353
1759190637571,2025-09-30 08:03:57.571,5.76,35.0,1.0,0.08,0.05,100,100,37.22,29.23,100.0,-0.28,0.558,-0.325
1759190642571,2025-09-30 08:04:02.571,6.71,35.0,1.0,0.08,0.05,100,100,37.24,29.24,100.0,0.0,0.559,-0.325
1759190647571,2025-09-30 08:04:07.571,9.04,35.0,1.0,0.08,0.05,100,100,36.28,28.29,100.0,-0.19,0.544,-0.306
1759190652571,2025-09-30 08:04:12.571,10.63,35.0,1.0,0.08,0.05,100,100,33.93,25.96,100.0,-0.47,0.509,-0.259
1759190657571,2025-09-30 08:04:17.571,7.79,35.0,1.0,0.08,0.05,100,100,32.36,24.37,100.0,-0.32,0.485,-0.227
1759190662571,2025-09-30 08:04:22.571,8.78,35.0,1.0,0.08,0.05,100,100,35.24,27.21,100.0,0.57,0.529,-0.284
1759190667571,2025-09-30 08:04:27.571,11.34,35.0,1.0,0.08,0.05,100,100,34.21,26.22,100.0,-0.2,0.513,-0.264
1759190672571,2025-09-30 08:04:32.571,12.64,35.0,1.0,0.08,0.05,100,100,31.64,23.66,100.0,-0.51,0.475,-0.213
1759190677571,2025-09-30 08:04:37.571,12.18,35.0,1.0,0.08,0.05,100,100,30.35,22.36,100.0,-0.26,0.455,-0.187
1759190682571,2025-09-30 08:04:42.571,11.59,35.0,1.0,0.08,0.05,100,100,30.83,22.82,100.0,0.09,0.462,-0.196
1759190687571,2025-09-30 08:04:47.571,9.63,35.0,1.0,0.08,0.05,100,100,31.41,23.41,100.0,0.12,0.471,-0.208
1759190692571,2025-09-30 08:04:52.571,8.89,35.0,1.0,0.08,0.05,100,100,33.39,25.37,100.0,0.39,0.501,-0.247
1759190697571,2025-09-30 08:04:57.571,10.67,35.0,1.0,0.08,0.05,100,100,34.11,26.11,100.0,0.15,0.512,-0.262
1759190702571,2025-09-30 08:05:02.571,12.5,35.0,1.0,0.08,0.05,100,100,32.32,24.33,100.0,-0.35,0.485,-0.227
1759190707571,2025-09-30 08:05:07.571,13.93,35.0,1.0,0.08,0.05,100,100,30.48,22.5,100.0,-0.37,0.457,-0.19
1759190712571,2025-09-30 08:05:12.571,14.55,35.0,1.0,0.08,0.05,100,100,29.05,21.07,100.0,-0.29,0.436,-0.161
1759190717571,2025-09-30 08:05:17.571,17.87,35.0,1.0,0.08,0.05,100,100,28.44,20.45,100.0,-0.12,0.427,-0.149
1759190722571,2025-09-30 08:05:22.571,19.35,35.0,1.0,0.08,0.05,100,100,25.1,17.13,100.0,-0.66,0.377,-0.083
1759190727571,2025-09-30 08:05:27.571,19.2,35.0,1.0,0.08,0.05,100,100,23.63,15.65,100.0,-0.3,0.354,-0.053
1759190732571,2025-09-30 08:05:32.571,18.43,35.0,1.0,0.08,0.05,100,100,23.8,15.8,100.0,0.03,0.357,-0.056
1759190737571,2025-09-30 08:05:37.571,19.23,35.0,1.0,0.08,0.05,100,100,24.58,16.57,100.0,0.15,0.369,-0.071
1759190742571,2025-09-30 08:05:42.571,20.91,35.0,1.0,0.08,0.05,100,100,23.76,15.77,100.0,-0.16,0.356,-0.055
1759190747571,2025-09-30 08:05:47.571,19.2,35.0,1.0,0.08,0.05,100,100,22.07,14.09,100.0,-0.34,0.331,-0.022
1759190752571,2025-09-30 08:05:52.571,19.3,35.0,1.0,0.08,0.05,100,100,23.82,15.8,100.0,0.34,0.357,-0.056
1759190757571,2025-09-30 08:05:57.571,19.01,35.0,1.0,0.08,0.05,100,100,23.7,15.7,100.0,-0.02,0.355,-0.054
1759190762571,2025-09-30 08:06:02.571,19.36,35.0,1.0,0.08,0.05,100,100,23.99,15.99,100.0,0.06,0.36,-0.06
1759190767571,2025-09-30 08:06:07.571,18.4,35.0,1.0,0.08,0.05,100,100,23.64,15.64,100.0,-0.07,0.355,-0.053
1759190772571,2025-09-30 08:06:12.571,21.61,35.0,1.0,0.08,0.05,100,100,24.61,16.6,100.0,0.19,0.369,-0.072
1759190777571,2025-09-30 08:06:17.571,23.55,35.0,1.0,0.08,0.05,100,100,21.36,13.39,100.0,-0.64,0.32,-0.008
1759190782571,2025-09-30 08:06:22.571,23.8,35.0,1.0,0.08,0.05,100,100,19.43,11.45,100.0,-0.39,0.292,0.031
1759190787571,2025-09-30 08:06:27.571,23.41,35.0,1.0,0.08,0.05,100,100,19.2,11.2,100.0,-0.05,0.288,0.036
1759190792571,2025-09-30 08:06:32.571,24.09,35.0,1.0,0.08,0.05,100,100,19.6,11.59,100.0,0.08,0.294,0.028
1759190797571,2025-09-30 08:06:37.571,23.8,35.0,1.0,0.08,0.05,100,100,18.91,10.91,100.0,-0.14,0.284,0.042
1759190802571,2025-09-30 08:06:42.571,24.9,35.0,1.0,0.08,0.05,100,100,19.2,11.2,100.0,0.06,0.288,0.036
1759190807571,2025-09-30 08:06:47.571,24.93,35.0,1.0,0.08,0.05,100,100,18.08,10.1,100.0,-0.22,0.271,0.058
1759190812571,2025-09-30 08:06:52.571,25.49,35.0,1.0,0.08,0.05,100,100,18.07,10.07,100.0,-0.0,0.271,0.059
1759190817571,2025-09-30 08:06:57.571,28.07,35.0,1.0,0.08,0.05,100,100,17.5,9.51,100.0,-0.11,0.263,0.07
1759190822571,2025-09-30 08:07:02.571,29.14,35.0,1.0,0.08,0.05,100,100,14.9,6.93,100.0,-0.52,0.224,0.121
1759190827571,2025-09-30 08:07:07.571,29.26,35.0,1.0,0.08,0.05,100,100,13.85,5.86,100.0,-0.21,0.208,0.143
1759190832571,2025-09-30 08:07:12.571,29.71,35.0,1.0,0.08,0.05,100,100,13.74,5.74,100.0,-0.02,0.206,0.145
1759190837571,2025-09-30 08:07:17.571,32.4,35.0,1.0,0.08,0.05,100,100,13.28,5.29,100.0,-0.09,0.199,0.154
1759190842571,2025-09-30 08:07:22.571,32.24,35.0,1.0,0.08,0.05,100,100,10.57,2.6,100.0,-0.54,0.159,0.208
1759190847571,2025-09-30 08:07:27.571,33.17,35.0,1.0,0.08,0.05,100,100,10.76,2.76,100.0,0.03,0.161,0.205
1759190852571,2025-09-30 08:07:32.571,30.53,35.0,1.0,0.08,0.05,100,100,9.82,1.83,100.0,-0.19,0.147,0.223
1759190857571,2025-09-30 08:07:37.571,31.59,35.0,1.0,0.08,0.05,100,100,12.5,4.47,100.0,0.53,0.187,0.171
1759190862571,2025-09-30 08:07:42.571,29.97,35.0,1.0,0.08,0.05,100,100,11.39,3.41,100.0,-0.21,0.171,0.192
1759190867571,2025-09-30 08:07:47.571,32.92,35.0,1.0,0.08,0.05,100,100,13.05,5.03,100.0,0.33,0.196,0.159
1759190872571,2025-09-30 08:07:52.571,34.87,35.0,1.0,0.08,0.05,100,100,10.05,2.08,100.0,-0.59,0.151,0.218
1759190877571,2025-09-30 08:07:57.571,36.32,35.0,1.0,0.08,0.05,100,100,8.11,0.13,100.0,-0.39,0.122,0.257
1759190882571,2025-09-30 08:08:02.571,38.83,35.0,1.0,0.08,0.05,100,100,6.14,-1.32,93.41,-0.29,0.092,0.286
1759190887571,2025-09-30 08:08:07.571,40.3,35.0,1.0,0.08,0.05,100,100,2.09,-3.83,74.26,-0.5,0.031,0.337
1759190892571,2025-09-30 08:08:12.571,40.07,35.0,1.0,0.08,0.05,100,100,-1.49,-5.3,47.76,-0.29,0.0,0.366
1759190897571,2025-09-30 08:08:17.571,39.29,35.0,1.0,0.08,0.05,100,100,-3.28,-5.07,22.39,0.05,0.0,0.361
1759190902571,2025-09-30 08:08:22.571,40.09,35.0,1.0,0.08,0.05,100,100,-4.21,-4.29,0.93,0.16,0.0,0.346
1759190907571,2025-09-30 08:08:27.571,37.35,35.0,1.0,0.08,0.05,100,100,-7.06,-5.09,-24.52,-0.16,0.0,0.362
1759190912571,2025-09-30 08:08:32.571,38.84,35.0,1.0,0.08,0.05,100,100,-5.22,-2.35,-36.25,0.55,0.0,0.307
1759190917571,2025-09-30 08:08:37.571,41.0,35.0,1.0,0.08,0.05,100,100,-8.29,-3.84,-55.45,-0.3,0.0,0.337
1759190922571,2025-09-30 08:08:42.571,39.17,35.0,1.0,0.08,0.05,100,100,-12.85,-6.0,-85.43,-0.43,0.0,0.38
1759190927571,2025-09-30 08:08:47.571,40.13,35.0,1.0,0.08,0.05,100,100,-12.16,-4.17,-100.0,0.36,0.0,0.343
1759190932571,2025-09-30 08:08:52.571,37.88,35.0,1.0,0.08,0.05,100,100,-13.14,-5.13,-100.0,-0.19,0.0,0.363
1759190937571,2025-09-30 08:08:57.571,39.69,35.0,1.0,0.08,0.05,100,100,-10.85,-2.88,-100.0,0.45,0.0,0.318
1759190942571,2025-09-30 08:09:02.571,39.32,35.0,1.0,0.08,0.05,100,100,-12.71,-4.69,-100.0,-0.36,0.0,0.354
1759190947571,2025-09-30 08:09:07.571,39.28,35.0,1.0,0.08,0.05,100,100,-12.31,-4.32,-100.0,0.07,0.0,0.346
1759190952571,2025-09-30 08:09:12.571,39.08,35.0,1.0,0.08,0.05,100,100,-12.28,-4.28,-100.0,0.01,0.0,0.346
1759190957571,2025-09-30 08:09:17.571,39.81,35.0,1.0,0.08,0.05,100,100,-12.07,-4.08,-100.0,0.04,0.0,0.342
1759190962571,2025-09-30 08:09:22.571,40.43,35.0,1.0,0.08,0.05,100,100,-12.82,-4.81,-100.0,-0.15,0.0,0.356
1759190967571,2025-09-30 08:09:27.571,41.98,35.0,1.0,0.08,0.05,100,100,-13.44,-5.43,-100.0,-0.12,0.0,0.369
1759190972571,2025-09-30 08:09:32.571,42.91,35.0,1.0,0.08,0.05,100,100,-15.0,-6.98,-100.0,-0.31,0.0,0.4
1759190977571,2025-09-30 08:09:37.571,42.66,35.0,1.0,0.08,0.05,100,100,-15.92,-7.91,-100.0,-0.19,0.0,0.418
1759190982571,2025-09-30 08:09:42.571,42.24,35.0,1.0,0.08,0.05,100,100,-15.66,-7.66,-100.0,0.05,0.0,0.413
1759190987571,2025-09-30 08:09:47.571,42.13,35.0,1.0,0.08,0.05,100,100,-15.24,-7.24,-100.0,0.08,0.0,0.405
1759190992571,2025-09-30 08:09:52.571,42.46,35.0,1.0,0.08,0.05,100,100,-15.13,-7.13,-100.0,0.02,0.0,0.403
1759190997571,2025-09-30 08:09:57.571,41.43,35.0,1.0,0.08,0.05,100,100,-15.47,-7.46,-100.0,-0.07,0.0,0.409
1759191002571,2025-09-30 08:10:02.571,40.67,35.0,1.0,0.08,0.05,100,100,-14.42,-6.43,-100.0,0.21,0.0,0.389
1759191007571,2025-09-30 08:10:07.571,42.9,35.0,1.0,0.08,0.05,100,100,-13.66,-5.67,-100.0,0.15,0.0,0.373
1759191012571,2025-09-30 08:10:12.571,41.76,35.0,1.0,0.08,0.05,100,100,-15.93,-7.9,-100.0,-0.45,0.0,0.418
1759191017571,2025-09-30 08:10:17.571,43.74,35.0,1.0,0.08,0.05,100,100,-14.75,-6.76,-100.0,0.23,0.0,0.395
1759191022571,2025-09-30 08:10:22.571,42.06,35.0,1.0,0.08,0.05,100,100,-16.76,-8.74,-100.0,-0.4,0.0,0.435
1759191027571,2025-09-30 08:10:27.571,40.84,35.0,1.0,0.08,0.05,100,100,-15.05,-7.06,-100.0,0.34,0.0,0.401
1759191032571,2025-09-30 08:10:32.571,42.0,35.0,1.0,0.08,0.05,100,100,-13.83,-5.84,-100.0,0.24,0.0,0.377
1759191037571,2025-09-30 08:10:37.571,44.25,35.0,1.0,0.08,0.05,100,100,-15.01,-7.0,-100.0,-0.23,0.0,0.4
1759191042571,2025-09-30 08:10:42.571,43.36,35.0,1.0,0.08,0.05,100,100,-17.27,-9.25,-100.0,-0.45,0.0,0.445
1759191047571,2025-09-30 08:10:47.571,43.51,35.0,1.0,0.08,0.05,100,100,-16.35,-8.36,-100.0,0.18,0.0,0.427
1759191052571,2025-09-30 08:10:52.571,40.27,35.0,1.0,0.08,0.05,100,100,-16.51,-8.51,-100.0,-0.03,0.0,0.43
1759191057571,2025-09-30 08:10:57.571,39.24,35.0,1.0,0.08,0.05,100,100,-13.24,-5.27,-100.0,0.65,0.0,0.365
1759191062571,2025-09-30 08:11:02.571,38.04,35.0,1.0,0.08,0.05,100,100,-12.23,-4.24,-100.0,0.21,0.0,0.345
1759191067571,2025-09-30 08:11:07.571,37.13,35.0,1.0,0.08,0.05,100,100,-11.02,-3.04,-100.0,0.24,0.0,0.321
1759191072571,2025-09-30 08:11:12.571,37.88,35.0,1.0,0.08,0.05,100,100,-10.12,-2.13,-100.0,0.18,0.0,0.303
1759191077571,2025-09-30 08:11:17.571,37.8,35.0,1.0,0.08,0.05,100,100,-10.88,-2.88,-100.0,-0.15,0.0,0.318
1759191082571,2025-09-30 08:11:22.571,36.7,35.0,1.0,0.08,0.05,100,100,-10.8,-2.8,-100.0,0.01,0.0,0.316
1759191087571,2025-09-30 08:11:27.571,35.78,35.0,1.0,0.08,0.05,100,100,-9.69,-1.7,-100.0,0.22,0.0,0.294
1759191092571,2025-09-30 08:11:32.571,34.11,35.0,1.0,0.08,0.05,100,100,-8.77,-0.78,-100.0,0.18,0.0,0.276
1759191097571,2025-09-30 08:11:37.571,36.01,35.0,1.0,0.08,0.05,100,100,-6.73,0.89,-95.54,0.33,0.0,0.242
1759191102571,2025-09-30 08:11:42.571,33.32,35.0,1.0,0.08,0.05,100,100,-9.03,-1.01,-100.0,-0.38,0.0,0.28
1759191107571,2025-09-30 08:11:47.571,33.68,35.0,1.0,0.08,0.05,100,100,-5.61,1.68,-91.58,0.54,0.0,0.226
1759191112571,2025-09-30 08:11:52.571,33.6,35.0,1.0,0.08,0.05,100,100,-5.49,1.32,-84.99,-0.07,0.0,0.234
1759191117571,2025-09-30 08:11:57.571,31.23,35.0,1.0,0.08,0.05,100,100,-4.84,1.4,-78.01,0.02,0.0,0.232
1759191122571,2025-09-30 08:12:02.571,30.89,35.0,1.0,0.08,0.05,100,100,-0.93,3.77,-59.14,0.48,0.0,0.185
1759191127571,2025-09-30 08:12:07.571,29.59,35.0,1.0,0.08,0.05,100,100,1.03,4.11,-38.57,0.07,0.015,0.178
1759191132571,2025-09-30 08:12:12.571,29.9,35.0,1.0,0.08,0.05,100,100,4.5,5.41,-11.52,0.26,0.068,0.152
1759191137571,2025-09-30 08:12:17.571,31.19,35.0,1.0,0.08,0.05,100,100,6.21,5.1,13.96,-0.06,0.093,0.158
1759191142571,2025-09-30 08:12:22.571,29.39,35.0,1.0,0.08,0.05,100,100,6.44,3.81,33.01,-0.26,0.097,0.184
1759191147571,2025-09-30 08:12:27.571,30.37,35.0,1.0,0.08,0.05,100,100,10.51,5.61,61.06,0.36,0.158,0.148
1759191152571,2025-09-30 08:12:32.571,30.61,35.0,1.0,0.08,0.05,100,100,11.35,4.63,84.19,-0.2,0.17,0.167
1759191157571,2025-09-30 08:12:37.571,31.53,35.0,1.0,0.08,0.05,100,100,12.39,4.39,100.0,-0.05,0.186,0.172
1759191162571,2025-09-30 08:12:42.571,30.5,35.0,1.0,0.08,0.05,100,100,11.46,3.47,100.0,-0.18,0.172,0.191
1759191167571,2025-09-30 08:12:47.571,29.71,35.0,1.0,0.08,0.05,100,100,12.51,4.5,100.0,0.21,0.188,0.17
1759191172571,2025-09-30 08:12:52.571,27.71,35.0,1.0,0.08,0.05,100,100,13.29,5.29,100.0,0.16,0.199,0.154
1759191177571,2025-09-30 08:12:57.571,28.83,35.0,1.0,0.08,0.05,100,100,15.31,7.29,100.0,0.4,0.23,0.114
1759191182571,2025-09-30 08:13:02.571,27.77,35.0,1.0,0.08,0.05,100,100,14.16,6.17,100.0,-0.22,0.212,0.137
1759191187571,2025-09-30 08:13:07.571,26.41,35.0,1.0,0.08,0.05,100,100,15.24,7.23,100.0,0.21,0.229,0.115
1759191192571,2025-09-30 08:13:12.571,24.49,35.0,1.0,0.08,0.05,100,100,16.61,8.59,100.0,0.27,0.249,0.088
1759191197571,2025-09-30 08:13:17.571,23.95,35.0,1.0,0.08,0.05,100,100,18.53,10.51,100.0,0.38,0.278,0.05
1759191202571,2025-09-30 08:13:22.571,24.33,35.0,1.0,0.08,0.05,100,100,19.06,11.05,100.0,0.11,0.286,0.039
1759191207571,2025-09-30 08:13:27.571,26.56,35.0,1.0,0.08,0.05,100,100,18.67,10.67,100.0,-0.08,0.28,0.047
1759191212571,2025-09-30 08:13:32.571,29.28,35.0,1.0,0.08,0.05,100,100,16.42,8.44,100.0,-0.45,0.246,0.091
1759191217571,2025-09-30 08:13:37.571,30.08,35.0,1.0,0.08,0.05,100,100,13.69,5.72,100.0,-0.54,0.205,0.146
1759191222571,2025-09-30 08:13:42.571,26.72,35.0,1.0,0.08,0.05,100,100,12.91,4.92,100.0,-0.16,0.194,0.162
1759191227571,2025-09-30 08:13:47.571,26.28,35.0,1.0,0.08,0.05,100,100,16.32,8.28,100.0,0.67,0.245,0.094
1759191232571,2025-09-30 08:13:52.571,25.37,35.0,1.0,0.08,0.05,100,100,16.73,8.72,100.0,0.09,0.251,0.086
1759191237571,2025-09-30 08:13:57.571,23.36,35.0,1.0,0.08,0.05,100,100,17.64,9.63,100.0,0.18,0.265,0.067
1759191242571,2025-09-30 08:14:02.571,22.96,35.0,1.0,0.08,0.05,100,100,19.66,11.64,100.0,0.4,0.295,0.027
1759191247571,2025-09-30 08:14:07.571,24.82,35.0,1.0,0.08,0.05,100,100,20.04,12.04,100.0,0.08,0.301,0.019
1759191252571,2025-09-30 08:14:12.571,26.99,35.0,1.0,0.08,0.05,100,100,18.16,10.18,100.0,-0.37,0.272,0.056
1759191257571,2025-09-30 08:14:17.571,24.54,35.0,1.0,0.08,0.05,100,100,15.99,8.01,100.0,-0.43,0.24,0.1
1759191262571,2025-09-30 08:14:22.571,26.1,35.0,1.0,0.08,0.05,100,100,18.49,10.46,100.0,0.49,0.277,0.051
1759191267571,2025-09-30 08:14:27.571,25.43,35.0,1.0,0.08,0.05,100,100,16.89,8.9,100.0,-0.31,0.253,0.082
1759191272571,2025-09-30 08:14:32.571,26.09,35.0,1.0,0.08,0.05,100,100,17.58,9.57,100.0,0.13,0.264,0.069
1759191277571,2025-09-30 08:14:37.571,24.2,35.0,1.0,0.08,0.05,100,100,16.91,8.91,100.0,-0.13,0.254,0.082
1759191282571,2025-09-30 08:14:42.571,22.28,35.0,1.0,0.08,0.05,100,100,18.82,10.8,100.0,0.38,0.282,0.044
1759191287571,2025-09-30 08:14:47.571,20.33,35.0,1.0,0.08,0.05,100,100,20.74,12.72,100.0,0.38,0.311,0.006
1759191292571,2025-09-30 08:14:52.571,22.89,35.0,1.0,0.08,0.05,100,100,22.69,14.67,100.0,0.39,0.34,-0.033
1759191297571,2025-09-30 08:14:57.571,23.29,35.0,1.0,0.08,0.05,100,100,20.08,12.11,100.0,-0.51,0.301,0.018
1759191302571,2025-09-30 08:15:02.571,22.41,35.0,1.0,0.08,0.05,100,100,19.7,11.71,100.0,-0.08,0.296,0.026
1759191307571,2025-09-30 08:15:07.571,23.47,35.0,1.0,0.08,0.05,100,100,20.6,12.59,100.0,0.18,0.309,0.008
1759191312571,2025-09-30 08:15:12.571,23.66,35.0,1.0,0.08,0.05,100,100,19.52,11.53,100.0,-0.21,0.293,0.029
1759191317571,2025-09-30 08:15:17.571,25.0,35.0,1.0,0.08,0.05,100,100,19.34,11.34,100.0,-0.04,0.29,0.033
1759191322571,2025-09-30 08:15:22.571,23.32,35.0,1.0,0.08,0.05,100,100,17.98,10.0,100.0,-0.27,0.27,0.06
1759191327571,2025-09-30 08:15:27.571,21.51,35.0,1.0,0.08,0.05,100,100,19.7,11.68,100.0,0.34,0.295,0.026
1759191332571,2025-09-30 08:15:32.571,22.28,35.0,1.0,0.08,0.05,100,100,21.51,13.49,100.0,0.36,0.323,-0.01
1759191337571,2025-09-30 08:15:37.571,23.18,35.0,1.0,0.08,0.05,100,100,20.71,12.72,100.0,-0.15,0.311,0.006
1759191342571,2025-09-30 08:15:42.571,23.98,35.0,1.0,0.08,0.05,100,100,19.81,11.82,100.0,-0.18,0.297,0.024
1759191347571,2025-09-30 08:15:47.571,24.47,35.0,1.0,0.08,0.05,100,100,19.01,11.02,100.0,-0.16,0.285,0.04
1759191352571,2025-09-30 08:15:52.571,23.0,35.0,1.0,0.08,0.05,100,100,18.52,10.53,100.0,-0.1,0.278,0.049
1759191357571,2025-09-30 08:15:57.571,22.85,35.0,1.0,0.08,0.05,100,100,20.02,12.0,100.0,0.3,0.3,0.02
1759191362571,2025-09-30 08:16:02.571,23.26,35.0,1.0,0.08,0.05,100,100,20.15,12.15,100.0,0.03,0.302,0.017
1759191367571,2025-09-30 08:16:07.571,23.63,35.0,1.0,0.08,0.05,100,100,19.74,11.74,100.0,-0.08,0.296,0.025
1759191372571,2025-09-30 08:16:12.571,26.55,35.0,1.0,0.08,0.05,100,100,19.36,11.37,100.0,-0.07,0.29,0.033
1759191377571,2025-09-30 08:16:17.571,27.72,35.0,1.0,0.08,0.05,100,100,16.42,8.45,100.0,-0.58,0.246,0.091
1759191382571,2025-09-30 08:16:22.571,26.63,35.0,1.0,0.08,0.05,100,100,15.27,7.28,100.0,-0.23,0.229,0.114
1759191387571,2025-09-30 08:16:27.571,25.66,35.0,1.0,0.08,0.05,100,100,16.38,8.37,100.0,0.22,0.246,0.093
1759191392571,2025-09-30 08:16:32.571,27.43,35.0,1.0,0.08,0.05,100,100,17.35,9.34,100.0,0.19,0.26,0.073
1759191397571,2025-09-30 08:16:37.571,30.2,35.0,1.0,0.08,0.05,100,100,15.55,7.57,100.0,-0.35,0.233,0.109
1759191402571,2025-09-30 08:16:42.571,30.64,35.0,1.0,0.08,0.05,100,100,12.77,4.8,100.0,-0.55,0.192,0.164
1759191407571,2025-09-30 08:16:47.571,34.07,35.0,1.0,0.08,0.05,100,100,12.36,4.36,100.0,-0.09,0.185,0.173
1759191412571,2025-09-30 08:16:52.571,36.91,35.0,1.0,0.08,0.05,100,100,8.9,0.93,100.0,-0.69,0.133,0.241
1759191417571,2025-09-30 08:16:57.571,38.22,35.0,1.0,0.08,0.05,100,100,5.3,-1.91,90.44,-0.57,0.079,0.298
1759191422571,2025-09-30 08:17:02.571,37.72,35.0,1.0,0.08,0.05,100,100,2.71,-3.22,74.32,-0.26,0.041,0.324
1759191427571,2025-09-30 08:17:07.571,36.97,35.0,1.0,0.08,0.05,100,100,2.14,-2.72,60.72,0.1,0.032,0.314
1759191432571,2025-09-30 08:17:12.571,38.94,35.0,1.0,0.08,0.05,100,100,2.11,-1.97,50.86,0.15,0.032,0.299
1759191437571,2025-09-30 08:17:17.571,36.79,35.0,1.0,0.08,0.05,100,100,-1.47,-3.94,31.16,-0.39,0.0,0.339
1759191442571,2025-09-30 08:17:22.571,37.79,35.0,1.0,0.08,0.05,100,100,0.01,-1.79,22.22,0.43,0.0,0.296
1759191447571,2025-09-30 08:17:27.571,40.84,35.0,1.0,0.08,0.05,100,100,-2.13,-2.79,8.3,-0.2,0.0,0.316
1759191452571,2025-09-30 08:17:32.571,40.85,35.0,1.0,0.08,0.05,100,100,-7.54,-5.84,-20.9,-0.61,0.0,0.377
1759191457571,2025-09-30 08:17:37.571,41.46,35.0,1.0,0.08,0.05,100,100,-9.87,-5.85,-50.17,-0.0,0.0,0.377
1759191462571,2025-09-30 08:17:42.571,41.56,35.0,1.0,0.08,0.05,100,100,-13.07,-6.46,-82.49,-0.12,0.0,0.389
1759191467571,2025-09-30 08:17:47.571,37.42,35.0,1.0,0.08,0.05,100,100,-14.56,-6.56,-100.0,-0.02,0.0,0.391
1759191472571,2025-09-30 08:17:52.571,38.65,35.0,1.0,0.08,0.05,100,100,-10.38,-2.42,-100.0,0.83,0.0,0.308
1759191477571,2025-09-30 08:17:57.571,39.38,35.0,1.0,0.08,0.05,100,100,-11.67,-3.65,-100.0,-0.25,0.0,0.333
1759191482571,2025-09-30 08:18:02.571,37.15,35.0,1.0,0.08,0.05,100,100,-12.39,-4.38,-100.0,-0.14,0.0,0.348
1759191487571,2025-09-30 08:18:07.571,35.7,35.0,1.0,0.08,0.05,100,100,-10.13,-2.15,-100.0,0.45,0.0,0.303
1759191492571,2025-09-30 08:18:12.571,38.3,35.0,1.0,0.08,0.05,100,100,-8.69,-0.7,-100.0,0.29,0.0,0.274
1759191497571,2025-09-30 08:18:17.571,37.48,35.0,1.0,0.08,0.05,100,100,-11.33,-3.3,-100.0,-0.52,0.0,0.326
1759191502571,2025-09-30 08:18:22.571,37.85,35.0,1.0,0.08,0.05,100,100,-10.47,-2.48,-100.0,0.17,0.0,0.31
1759191507571,2025-09-30 08:18:27.571,35.35,35.0,1.0,0.08,0.05,100,100,-10.85,-2.85,-100.0,-0.07,0.0,0.317
1759191512571,2025-09-30 08:18:32.571,34.75,35.0,1.0,0.08,0.05,100,100,-8.32,-0.35,-100.0,0.5,0.0,0.267
1759191517571,2025-09-30 08:18:37.571,33.47,35.0,1.0,0.08,0.05,100,100,-7.65,0.25,-98.76,0.12,0.0,0.255
1759191522571,2025-09-30 08:18:42.571,34.26,35.0,1.0,0.08,0.05,100,100,-5.75,1.53,-91.12,0.26,0.0,0.229
1759191527571,2025-09-30 08:18:47.571,32.9,35.0,1.0,0.08,0.05,100,100,-6.26,0.74,-87.43,-0.16,0.0,0.245
1759191532571,2025-09-30 08:18:52.571,33.31,35.0,1.0,0.08,0.05,100,100,-4.04,2.1,-76.94,0.27,0.0,0.218
1759191537571,2025-09-30 08:18:57.571,32.12,35.0,1.0,0.08,0.05,100,100,-3.8,1.69,-68.5,-0.08,0.0,0.226
1759191542571,2025-09-30 08:19:02.571,31.62,35.0,1.0,0.08,0.05,100,100,-1.43,2.88,-54.09,0.24,0.0,0.202
1759191547571,2025-09-30 08:19:07.571,31.42,35.0,1.0,0.08,0.05,100,100,0.41,3.38,-37.19,0.1,0.006,0.192
1759191552571,2025-09-30 08:19:12.571,31.04,35.0,1.0,0.08,0.05,100,100,2.04,3.58,-19.29,0.04,0.031,0.188
1759191557571,2025-09-30 08:19:17.571,29.37,35.0,1.0,0.08,0.05,100,100,4.0,3.96,0.51,0.08,0.06,0.181
1759191562571,2025-09-30 08:19:22.571,29.46,35.0,1.0,0.08,0.05,100,100,7.95,5.63,28.68,0.33,0.119,0.147
1759191567571,2025-09-30 08:19:27.571,25.75,35.0,1.0,0.08,0.05,100,100,10.05,5.54,56.37,-0.02,0.151,0.149
1759191572571,2025-09-30 08:19:32.571,24.35,35.0,1.0,0.08,0.05,100,100,17.29,9.25,100.0,0.74,0.259,0.075
1759191577571,2025-09-30 08:19:37.571,24.41,35.0,1.0,0.08,0.05,100,100,18.66,10.65,100.0,0.28,0.28,0.047
1759191582571,2025-09-30 08:19:42.571,25.01,35.0,1.0,0.08,0.05,100,100,18.59,10.59,100.0,-0.01,0.279,0.048
1759191587571,2025-09-30 08:19:47.571,23.71,35.0,1.0,0.08,0.05,100,100,17.98,9.99,100.0,-0.12,0.27,0.06
1759191592571,2025-09-30 08:19:52.571,24.35,35.0,1.0,0.08,0.05,100,100,19.3,11.29,100.0,0.26,0.29,0.034
1759191597571,2025-09-30 08:19:57.571,25.34,35.0,1.0,0.08,0.05,100,100,18.65,10.65,100.0,-0.13,0.28,0.047
1759191602571,2025-09-30 08:20:02.571,26.55,35.0,1.0,0.08,0.05,100,100,17.65,9.66,100.0,-0.2,0.265,0.067
1759191607571,2025-09-30 08:20:07.571,27.37,35.0,1.0,0.08,0.05,100,100,16.44,8.45,100.0,-0.24,0.247,0.091
1759191612571,2025-09-30 08:20:12.571,26.22,35.0,1.0,0.08,0.05,100,100,15.62,7.63,100.0,-0.16,0.234,0.107
1759191617571,2025-09-30 08:20:17.571,27.26,35.0,1.0,0.08,0.05,100,100,16.79,8.78,100.0,0.23,0.252,0.084
1759191622571,2025-09-30 08:20:22.571,27.51,35.0,1.0,0.08,0.05,100,100,15.73,7.74,100.0,-0.21,0.236,0.105
1759191627571,2025-09-30 08:20:27.571,29.38,35.0,1.0,0.08,0.05,100,100,15.49,7.49,100.0,-0.05,0.232,0.11
1759191632571,2025-09-30 08:20:32.571,29.54,35.0,1.0,0.08,0.05,100,100,13.6,5.62,100.0,-0.37,0.204,0.148
1759191637571,2025-09-30 08:20:37.571,28.94,35.0,1.0,0.08,0.05,100,100,13.46,5.46,100.0,-0.03,0.202,0.151
1759191642571,2025-09-30 08:20:42.571,27.54,35.0,1.0,0.08,0.05,100,100,14.07,6.06,100.0,0.12,0.211,0.139
1759191647571,2025-09-30 08:20:47.571,27.52,35.0,1.0,0.08,0.05,100,100,15.47,7.46,100.0,0.28,0.232,0.111
1759191652571,2025-09-30 08:20:52.571,27.09,35.0,1.0,0.08,0.05,100,100,15.49,7.48,100.0,0.01,0.232,0.11
1759191657571,2025-09-30 08:20:57.571,27.24,35.0,1.0,0.08,0.05,100,100,15.92,7.91,100.0,0.09,0.239,0.102
1759191662571,2025-09-30 08:21:02.571,27.45,35.0,1.0,0.08,0.05,100,100,15.76,7.76,100.0,-0.03,0.236,0.105
1759191667571,2025-09-30 08:21:07.571,26.41,35.0,1.0,0.08,0.05,100,100,15.55,7.55,100.0,-0.04,0.233,0.109
1759191672571,2025-09-30 08:21:12.571,27.33,35.0,1.0,0.08,0.05,100,100,16.6,8.59,100.0,0.21,0.249,0.088
1759191677571,2025-09-30 08:21:17.571,27.85,35.0,1.0,0.08,0.05,100,100,15.67,7.67,100.0,-0.18,0.235,0.107
1759191682571,2025-09-30 08:21:22.571,27.84,35.0,1.0,0.08,0.05,100,100,15.15,7.15,100.0,-0.1,0.227,0.117
1759191687571,2025-09-30 08:21:27.571,27.62,35.0,1.0,0.08,0.05,100,100,15.16,7.16,100.0,0.0,0.227,0.117
1759191692571,2025-09-30 08:21:32.571,29.0,35.0,1.0,0.08,0.05,100,100,15.38,7.38,100.0,0.04,0.231,0.112
1759191697571,2025-09-30 08:21:37.571,28.69,35.0,1.0,0.08,0.05,100,100,13.98,6.0,100.0,-0.28,0.21,0.14
1759191702571,2025-09-30 08:21:42.571,29.0,35.0,1.0,0.08,0.05,100,100,14.32,6.31,100.0,0.06,0.215,0.134
1759191707571,2025-09-30 08:21:47.571,30.48,35.0,1.0,0.08,0.05,100,100,14.0,6.0,100.0,-0.06,0.21,0.14
1759191712571,2025-09-30 08:21:52.571,31.19,35.0,1.0,0.08,0.05,100,100,12.51,4.52,100.0,-0.3,0.188,0.17
1759191717571,2025-09-30 08:21:57.571,34.8,35.0,1.0,0.08,0.05,100,100,11.8,3.81,100.0,-0.14,0.177,0.184
1759191722571,2025-09-30 08:22:02.571,33.4,35.0,1.0,0.08,0.05,100,100,8.16,0.2,100.0,-0.72,0.122,0.256
1759191727571,2025-09-30 08:22:07.571,30.6,35.0,1.0,0.08,0.05,100,100,9.61,1.6,100.0,0.28,0.144,0.228
1759191732571,2025-09-30 08:22:12.571,30.04,35.0,1.0,0.08,0.05,100,100,12.43,4.4,100.0,0.56,0.186,0.172
1759191737571,2025-09-30 08:22:17.571,31.02,35.0,1.0,0.08,0.05,100,100,12.96,4.96,100.0,0.11,0.194,0.161
1759191742571,2025-09-30 08:22:22.571,30.62,35.0,1.0,0.08,0.05,100,100,11.97,3.98,100.0,-0.2,0.18,0.18
1759191747571,2025-09-30 08:22:27.571,29.61,35.0,1.0,0.08,0.05,100,100,12.38,4.38,100.0,0.08,0.186,0.172
1759191752571,2025-09-30 08:22:32.571,30.88,35.0,1.0,0.08,0.05,100,100,13.4,5.39,100.0,0.2,0.201,0.152
1759191757571,2025-09-30 08:22:37.571,31.26,35.0,1.0,0.08,0.05,100,100,12.11,4.12,100.0,-0.25,0.182,0.178
1759191762571,2025-09-30 08:22:42.571,30.99,35.0,1.0,0.08,0.05,100,100,11.74,3.74,100.0,-0.07,0.176,0.185
1759191767571,2025-09-30 08:22:47.571,32.52,35.0,1.0,0.08,0.05,100,100,12.01,4.01,100.0,0.05,0.18,0.18
1759191772571,2025-09-30 08:22:52.571,32.62,35.0,1.0,0.08,0.05,100,100,10.47,2.48,100.0,-0.31,0.157,0.21
1759191777571,2025-09-30 08:22:57.571,31.86,35.0,1.0,0.08,0.05,100,100,10.38,2.38,100.0,-0.02,0.156,0.212
1759191782571,2025-09-30 08:23:02.571,31.98,35.0,1.0,0.08,0.05,100,100,11.14,3.14,100.0,0.15,0.167,0.197
1759191787571,2025-09-30 08:23:07.571,31.1,35.0,1.0,0.08,0.05,100,100,11.01,3.02,100.0,-0.02,0.165,0.2
1759191792571,2025-09-30 08:23:12.571,29.76,35.0,1.0,0.08,0.05,100,100,11.91,3.9,100.0,0.18,0.179,0.182
1759191797571,2025-09-30 08:23:17.571,32.24,35.0,1.0,0.08,0.05,100,100,13.25,5.24,100.0,0.27,0.199,0.155
1759191802571,2025-09-30 08:23:22.571,34.7,35.0,1.0,0.08,0.05,100,100,10.73,2.76,100.0,-0.5,0.161,0.205
1759191807571,2025-09-30 08:23:27.571,35.06,35.0,1.0,0.08,0.05,100,100,8.27,0.3,100.0,-0.49,0.124,0.254
1759191812571,2025-09-30 08:23:32.571,36.56,35.0,1.0,0.08,0.05,100,100,7.91,-0.06,99.68,-0.07,0.119,0.261
1759191817571,2025-09-30 08:23:37.571,37.17,35.0,1.0,0.08,0.05,100,100,5.78,-1.56,91.89,-0.3,0.087,0.291
1759191822571,2025-09-30 08:23:42.571,36.64,35.0,1.0,0.08,0.05,100,100,4.31,-2.17,81.06,-0.12,0.065,0.303
1759191827571,2025-09-30 08:23:47.571,35.79,35.0,1.0,0.08,0.05,100,100,4.19,-1.64,72.85,0.11,0.063,0.293
1759191832571,2025-09-30 08:23:52.571,35.58,35.0,1.0,0.08,0.05,100,100,4.74,-0.79,68.92,0.17,0.071,0.276
1759191837571,2025-09-30 08:23:57.571,35.73,35.0,1.0,0.08,0.05,100,100,4.71,-0.58,66.04,0.04,0.071,0.272
1759191842571,2025-09-30 08:24:02.571,35.02,35.0,1.0,0.08,0.05,100,100,4.27,-0.73,62.41,-0.03,0.064,0.275
1759191847571,2025-09-30 08:24:07.571,35.78,35.0,1.0,0.08,0.05,100,100,4.97,-0.02,62.29,0.14,0.074,0.26
1759191852571,2025-09-30 08:24:12.571,37.13,35.0,1.0,0.08,0.05,100,100,3.89,-0.78,58.4,-0.15,0.058,0.276
1759191857571,2025-09-30 08:24:17.571,37.29,35.0,1.0,0.08,0.05,100,100,1.67,-2.13,47.74,-0.27,0.025,0.303
1759191862571,2025-09-30 08:24:22.571,37.59,35.0,1.0,0.08,0.05,100,100,0.6,-2.29,36.26,-0.03,0.009,0.306
1759191867571,2025-09-30 08:24:27.571,36.03,35.0,1.0,0.08,0.05,100,100,-0.72,-2.59,23.34,-0.06,0.0,0.312
1759191872571,2025-09-30 08:24:32.571,34.63,35.0,1.0,0.08,0.05,100,100,0.43,-1.03,18.16,0.31,0.007,0.281
1759191877571,2025-09-30 08:24:37.571,35.39,35.0,1.0,0.08,0.05,100,100,1.99,0.37,20.03,0.28,0.03,0.253
1759191882571,2025-09-30 08:24:42.571,36.68,35.0,1.0,0.08,0.05,100,100,1.05,-0.39,18.09,-0.15,0.016,0.268
1759191887571,2025-09-30 08:24:47.571,36.21,35.0,1.0,0.08,0.05,100,100,-0.92,-1.68,9.69,-0.26,0.0,0.294
1759191892571,2025-09-30 08:24:52.571,38.19,35.0,1.0,0.08,0.05,100,100,-0.92,-1.21,3.63,0.09,0.0,0.284
1759191897571,2025-09-30 08:24:57.571,39.92,35.0,1.0,0.08,0.05,100,100,-4.19,-3.19,-12.31,-0.4,0.0,0.324
1759191902571,2025-09-30 08:25:02.571,39.11,35.0,1.0,0.08,0.05,100,100,-7.89,-4.92,-36.91,-0.35,0.0,0.358
1759191907571,2025-09-30 08:25:07.571,39.07,35.0,1.0,0.08,0.05,100,100,-8.69,-4.11,-57.44,0.16,0.0,0.342
1759191912571,2025-09-30 08:25:12.571,38.63,35.0,1.0,0.08,0.05,100,100,-10.29,-4.07,-77.77,0.01,0.0,0.341
1759191917571,2025-09-30 08:25:17.571,39.5,35.0,1.0,0.08,0.05,100,100,-11.3,-3.63,-95.91,0.09,0.0,0.333
1759191922571,2025-09-30 08:25:22.571,39.59,35.0,1.0,0.08,0.05,100,100,-12.51,-4.5,-100.0,-0.18,0.0,0.35
1759191927571,2025-09-30 08:25:27.571,39.6,35.0,1.0,0.08,0.05,100,100,-12.59,-4.59,-100.0,-0.02,0.0,0.352
1759191932571,2025-09-30 08:25:32.571,39.18,35.0,1.0,0.08,0.05,100,100,-12.6,-4.6,-100.0,-0.0,0.0,0.352
1759191937571,2025-09-30 08:25:37.571,41.73,35.0,1.0,0.08,0.05,100,100,-12.17,-4.18,-100.0,0.09,0.0,0.344
1759191942571,2025-09-30 08:25:42.571,39.3,35.0,1.0,0.08,0.05,100,100,-14.75,-6.73,-100.0,-0.51,0.0,0.395
1759191947571,2025-09-30 08:25:47.571,39.35,35.0,1.0,0.08,0.05,100,100,-12.28,-4.3,-100.0,0.49,0.0,0.346
1759191952571,2025-09-30 08:25:52.571,39.6,35.0,1.0,0.08,0.05,100,100,-12.35,-4.35,-100.0,-0.01,0.0,0.347
1759191957571,2025-09-30 08:25:57.571,39.58,35.0,1.0,0.08,0.05,100,100,-12.6,-4.6,-100.0,-0.05,0.0,0.352
1759191962571,2025-09-30 08:26:02.571,38.52,35.0,1.0,0.08,0.05,100,100,-12.58,-4.58,-100.0,0.0,0.0,0.352
1759191967571,2025-09-30 08:26:07.571,38.0,35.0,1.0,0.08,0.05,100,100,-11.51,-3.52,-100.0,0.21,0.0,0.33
1759191972571,2025-09-30 08:26:12.571,35.54,35.0,1.0,0.08,0.05,100,100,-11.0,-3.0,-100.0,0.1,0.0,0.32
1759191977571,2025-09-30 08:26:17.571,37.17,35.0,1.0,0.08,0.05,100,100,-8.51,-0.54,-100.0,0.49,0.0,0.271
1759191982571,2025-09-30 08:26:22.571,34.73,35.0,1.0,0.08,0.05,100,100,-10.19,-2.17,-100.0,-0.33,0.0,0.303
1759191987571,2025-09-30 08:26:27.571,36.69,35.0,1.0,0.08,0.05,100,100,-7.6,0.27,-98.67,0.49,0.0,0.255
1759191992571,2025-09-30 08:26:32.571,35.48,35.0,1.0,0.08,0.05,100,100,-9.71,-1.69,-100.0,-0.39,0.0,0.294
1759191997571,2025-09-30 08:26:37.571,37.15,35.0,1.0,0.08,0.05,100,100,-8.47,-0.48,-100.0,0.24,0.0,0.27
1759192002571,2025-09-30 08:26:42.571,36.57,35.0,1.0,0.08,0.05,100,100,-10.17,-2.15,-100.0,-0.33,0.0,0.303
1759192007571,2025-09-30 08:26:47.571,36.45,35.0,1.0,0.08,0.05,100,100,-9.56,-1.57,-100.0,0.12,0.0,0.291
1759192012571,2025-09-30 08:26:52.571,35.41,35.0,1.0,0.08,0.05,100,100,-9.45,-1.45,-100.0,0.02,0.0,0.289
1759192017571,2025-09-30 08:26:57.571,37.31,35.0,1.0,0.08,0.05,100,100,-8.4,-0.41,-100.0,0.21,0.0,0.268
1759192022571,2025-09-30 08:27:02.571,37.98,35.0,1.0,0.08,0.05,100,100,-10.33,-2.31,-100.0,-0.38,0.0,0.306
1759192027571,2025-09-30 08:27:07.571,38.78,35.0,1.0,0.08,0.05,100,100,-10.98,-2.98,-100.0,-0.13,0.0,0.32
1759192032571,2025-09-30 08:27:12.571,38.3,35.0,1.0,0.08,0.05,100,100,-11.79,-3.78,-100.0,-0.16,0.0,0.336
1759192037571,2025-09-30 08:27:17.571,36.81,35.0,1.0,0.08,0.05,100,100,-11.29,-3.3,-100.0,0.1,0.0,0.326
1759192042571,2025-09-30 08:27:22.571,36.08,35.0,1.0,0.08,0.05,100,100,-9.79,-1.81,-100.0,0.3,0.0,0.296
1759192047571,2025-09-30 08:27:27.571,34.8,35.0,1.0,0.08,0.05,100,100,-9.08,-1.08,-100.0,0.14,0.0,0.282
1759192052571,2025-09-30 08:27:32.571,32.26,35.0,1.0,0.08,0.05,100,100,-7.7,0.2,-98.99,0.26,0.0,0.256
1759192057571,2025-09-30 08:27:37.571,32.37,35.0,1.0,0.08,0.05,100,100,-4.05,2.74,-85.27,0.51,0.0,0.205
1759192062571,2025-09-30 08:27:42.571,32.6,35.0,1.0,0.08,0.05,100,100,-3.14,2.63,-72.14,-0.02,0.0,0.207
1759192067571,2025-09-30 08:27:47.571,30.96,35.0,1.0,0.08,0.05,100,100,-2.42,2.4,-60.14,-0.05,0.0,0.212
1759192072571,2025-09-30 08:27:52.571,30.08,35.0,1.0,0.08,0.05,100,100,0.85,4.04,-39.97,0.33,0.013,0.179
1759192077571,2025-09-30 08:27:57.571,29.45,35.0,1.0,0.08,0.05,100,100,3.7,4.92,-15.36,0.18,0.056,0.162
1759192082571,2025-09-30 08:28:02.571,29.57,35.0,1.0,0.08,0.05,100,100,6.54,5.55,12.37,0.12,0.098,0.149
1759192087571,2025-09-30 08:28:07.571,29.69,35.0,1.0,0.08,0.05,100,100,8.59,5.43,39.53,-0.02,0.129,0.151
1759192092571,2025-09-30 08:28:12.571,25.93,35.0,1.0,0.08,0.05,100,100,10.59,5.31,66.07,-0.02,0.159,0.154
1759192097571,2025-09-30 08:28:17.571,24.61,35.0,1.0,0.08,0.05,100,100,17.11,9.07,100.0,0.75,0.257,0.079
1759192102571,2025-09-30 08:28:22.571,26.3,35.0,1.0,0.08,0.05,100,100,18.4,10.39,100.0,0.26,0.276,0.052
1759192107571,2025-09-30 08:28:27.571,26.45,35.0,1.0,0.08,0.05,100,100,16.68,8.7,100.0,-0.34,0.25,0.086
1759192112571,2025-09-30 08:28:32.571,29.76,35.0,1.0,0.08,0.05,100,100,16.54,8.55,100.0,-0.03,0.248,0.089
1759192117571,2025-09-30 08:28:37.571,29.53,35.0,1.0,0.08,0.05,100,100,13.2,5.24,100.0,-0.66,0.198,0.155
1759192122571,2025-09-30 08:28:42.571,30.64,35.0,1.0,0.08,0.05,100,100,13.47,5.47,100.0,0.05,0.202,0.151
1759192127571,2025-09-30 08:28:47.571,31.45,35.0,1.0,0.08,0.05,100,100,12.35,4.36,100.0,-0.22,0.185,0.173
1759192132571,2025-09-30 08:28:52.571,33.19,35.0,1.0,0.08,0.05,100,100,11.55,3.55,100.0,-0.16,0.173,0.189
1759192137571,2025-09-30 08:28:57.571,34.03,35.0,1.0,0.08,0.05,100,100,9.8,1.81,100.0,-0.35,0.147,0.224
1759192142571,2025-09-30 08:29:02.571,34.52,35.0,1.0,0.08,0.05,100,100,8.96,0.97,100.0,-0.17,0.134,0.241
1759192147571,2025-09-30 08:29:07.571,33.5,35.0,1.0,0.08,0.05,100,100,8.47,0.48,100.0,-0.1,0.127,0.25
1759192152571,2025-09-30 08:29:12.571,35.42,35.0,1.0,0.08,0.05,100,100,9.51,1.5,100.0,0.2,0.143,0.23
1759192157571,2025-09-30 08:29:17.571,35.85,35.0,1.0,0.08,0.05,100,100,7.4,-0.42,97.92,-0.38,0.111,0.268
1759192162571,2025-09-30 08:29:22.571,31.7,35.0,1.0,0.08,0.05,100,100,6.63,-0.85,93.65,-0.09,0.099,0.277
1759192167571,2025-09-30 08:29:27.571,32.15,35.0,1.0,0.08,0.05,100,100,11.34,3.3,100.0,0.83,0.17,0.194
1759192172571,2025-09-30 08:29:32.571,32.04,28.0,1.0,0.08,0.05,100,100,10.84,2.85,100.0,-0.09,0.163,0.203
1759192177571,2025-09-30 08:29:37.571,32.23,28.0,1.0,0.08,0.05,100,100,2.27,-4.04,79.79,-1.38,0.034,0.201
1759192182571,2025-09-30 08:29:42.571,31.58,28.0,1.0,0.08,0.05,100,100,0.46,-4.23,58.65,-0.04,0.007,0.205
1759192187571,2025-09-30 08:29:47.571,31.76,28.0,1.0,0.08,0.05,100,100,-0.31,-3.58,40.76,0.13,0.0,0.192
1759192192571,2025-09-30 08:29:52.571,32.48,28.0,1.0,0.08,0.05,100,100,-2.0,-3.76,21.98,-0.04,0.0,0.195
1759192197571,2025-09-30 08:29:57.571,33.6,28.0,1.0,0.08,0.05,100,100,-4.52,-4.48,-0.41,-0.14,0.0,0.21
1759192202571,2025-09-30 08:30:02.571,31.19,28.0,1.0,0.08,0.05,100,100,-7.88,-5.6,-28.39,-0.22,0.0,0.232
1759192207571,2025-09-30 08:30:07.571,31.5,28.0,1.0,0.08,0.05,100,100,-6.71,-3.19,-44.34,0.48,0.0,0.184
1759192212571,2025-09-30 08:30:12.571,30.9,28.0,1.0,0.08,0.05,100,100,-8.46,-3.5,-61.87,-0.06,0.0,0.19
1759192217571,2025-09-30 08:30:17.571,31.95,28.0,1.0,0.08,0.05,100,100,-9.01,-2.9,-76.38,0.12,0.0,0.178
1759192222571,2025-09-30 08:30:22.571,32.55,28.0,1.0,0.08,0.05,100,100,-11.65,-3.95,-96.11,-0.21,0.0,0.199
1759192227571,2025-09-30 08:30:27.571,32.36,28.0,1.0,0.08,0.05,100,100,-12.55,-4.55,-100.0,-0.12,0.0,0.211
1759192232571,2025-09-30 08:30:32.571,31.71,28.0,1.0,0.08,0.05,100,100,-12.36,-4.36,-100.0,0.04,0.0,0.207
1759192237571,2025-09-30 08:30:37.571,28.3,28.0,1.0,0.08,0.05,100,100,-11.7,-3.71,-100.0,0.13,0.0,0.194
1759192242571,2025-09-30 08:30:42.571,25.04,28.0,1.0,0.08,0.05,100,100,-8.27,-0.3,-100.0,0.68,0.0,0.126
1759192247571,2025-09-30 08:30:47.571,23.65,28.0,1.0,0.08,0.05,100,100,-3.82,2.96,-85.2,0.65,0.0,0.061
1759192252571,2025-09-30 08:30:52.571,24.78,28.0,1.0,0.08,0.05,100,100,-0.72,4.35,-63.47,0.28,0.0,0.033
1759192257571,2025-09-30 08:30:57.571,25.23,28.0,1.0,0.08,0.05,100,100,-0.58,3.22,-47.35,-0.22,0.0,0.056
1759192262571,2025-09-30 08:31:02.571,24.82,28.0,1.0,0.08,0.05,100,100,0.09,2.77,-33.49,-0.09,0.001,0.065
1759192267571,2025-09-30 08:31:07.571,23.92,28.0,1.0,0.08,0.05,100,100,1.78,3.18,-17.59,0.08,0.027,0.056
1759192272571,2025-09-30 08:31:12.571,24.45,28.0,1.0,0.08,0.05,100,100,4.32,4.08,2.83,0.18,0.065,0.038
1759192277571,2025-09-30 08:31:17.571,26.01,28.0,1.0,0.08,0.05,100,100,5.19,3.55,20.57,-0.11,0.078,0.049
1759192282571,2025-09-30 08:31:22.571,27.26,28.0,1.0,0.08,0.05,100,100,4.42,1.99,30.54,-0.31,0.066,0.08
1759192287571,2025-09-30 08:31:27.571,27.26,28.0,1.0,0.08,0.05,100,100,3.47,0.74,34.23,-0.25,0.052,0.105
1759192292571,2025-09-30 08:31:32.571,23.86,28.0,1.0,0.08,0.05,100,100,3.78,0.74,37.94,0.0,0.057,0.105
1759192297571,2025-09-30 08:31:37.571,22.12,28.0,1.0,0.08,0.05,100,100,8.86,4.14,58.63,0.68,0.133,0.037
1759192302571,2025-09-30 08:31:42.571,25.36,28.0,1.0,0.08,0.05,100,100,12.95,5.88,88.05,0.35,0.194,0.002
1759192307571,2025-09-30 08:31:47.571,24.39,28.0,1.0,0.08,0.05,100,100,10.61,2.64,100.0,-0.65,0.159,0.067
1759192312571,2025-09-30 08:31:52.571,25.89,28.0,1.0,0.08,0.05,100,100,11.62,3.61,100.0,0.19,0.174,0.048
1759192317571,2025-09-30 08:31:57.571,25.2,28.0,1.0,0.08,0.05,100,100,10.1,2.11,100.0,-0.3,0.151,0.078
1759192322571,2025-09-30 08:32:02.571,22.37,28.0,1.0,0.08,0.05,100,100,10.8,2.8,100.0,0.14,0.162,0.064
1759192327571,2025-09-30 08:32:07.571,23.91,28.0,1.0,0.08,0.05,100,100,13.65,5.63,100.0,0.57,0.205,0.007
1759192332571,2025-09-30 08:32:12.571,24.2,28.0,1.0,0.08,0.05,100,100,12.08,4.09,100.0,-0.31,0.181,0.038
1759192337571,2025-09-30 08:32:17.571,23.44,28.0,1.0,0.08,0.05,100,100,11.8,3.8,100.0,-0.06,0.177,0.044
1759192342571,2025-09-30 08:32:22.571,23.89,28.0,1.0,0.08,0.05,100,100,12.57,4.56,100.0,0.15,0.189,0.029
1759192347571,2025-09-30 08:32:27.571,24.42,28.0,1.0,0.08,0.05,100,100,12.11,4.11,100.0,-0.09,0.182,0.038
1759192352571,2025-09-30 08:32:32.571,22.72,28.0,1.0,0.08,0.05,100,100,11.58,3.58,100.0,-0.11,0.174,0.048
1759192357571,2025-09-30 08:32:37.571,26.26,28.0,1.0,0.08,0.05,100,100,13.29,5.28,100.0,0.34,0.199,0.014
1759192362571,2025-09-30 08:32:42.571,26.89,28.0,1.0,0.08,0.05,100,100,9.71,1.74,100.0,-0.71,0.146,0.085
1759192367571,2025-09-30 08:32:47.571,26.04,28.0,1.0,0.08,0.05,100,100,9.1,1.11,100.0,-0.13,0.137,0.098
1759192372571,2025-09-30 08:32:52.571,26.93,28.0,1.0,0.08,0.05,100,100,9.97,1.96,100.0,0.17,0.15,0.081
1759192377571,2025-09-30 08:32:57.571,27.6,28.0,1.0,0.08,0.05,100,100,9.06,1.07,100.0,-0.18,0.136,0.099
1759192382571,2025-09-30 08:33:02.571,28.09,28.0,1.0,0.08,0.05,100,100,8.39,0.4,100.0,-0.13,0.126,0.112
1759192387571,2025-09-30 08:33:07.571,27.81,28.0,1.0,0.08,0.05,100,100,7.87,-0.09,99.57,-0.1,0.118,0.122
1759192392571,2025-09-30 08:33:12.571,27.07,28.0,1.0,0.08,0.05,100,100,8.19,0.19,100.0,0.05,0.123,0.116
1759192397571,2025-09-30 08:33:17.571,27.54,28.0,1.0,0.08,0.05,100,100,8.94,0.93,100.0,0.15,0.134,0.101
1759192402571,2025-09-30 08:33:22.571,25.45,28.0,1.0,0.08,0.05,100,100,8.45,0.46,100.0,-0.1,0.127,0.111
1759192407571,2025-09-30 08:33:27.571,26.4,28.0,1.0,0.08,0.05,100,100,10.57,2.55,100.0,0.42,0.159,0.069
1759192412571,2025-09-30 08:33:32.571,26.87,28.0,1.0,0.08,0.05,100,100,9.59,1.6,100.0,-0.19,0.144,0.088
1759192417571,2025-09-30 08:33:37.571,27.15,28.0,1.0,0.08,0.05,100,100,9.13,1.13,100.0,-0.09,0.137,0.097
1759192422571,2025-09-30 08:33:42.571,26.81,28.0,1.0,0.08,0.05,100,100,8.85,0.85,100.0,-0.06,0.133,0.103
1759192427571,2025-09-30 08:33:47.571,27.72,28.0,1.0,0.08,0.05,100,100,9.19,1.19,100.0,0.07,0.138,0.096
1759192432571,2025-09-30 08:33:52.571,25.79,28.0,1.0,0.08,0.05,100,100,8.27,0.28,100.0,-0.18,0.124,0.114
1759192437571,2025-09-30 08:33:57.571,24.38,28.0,1.0,0.08,0.05,100,100,10.23,2.21,100.0,0.39,0.153,0.076
1759192442571,2025-09-30 08:34:02.571,26.41,28.0,1.0,0.08,0.05,100,100,11.64,3.62,100.0,0.28,0.175,0.048
1759192447571,2025-09-30 08:34:07.571,22.69,28.0,1.0,0.08,0.05,100,100,9.57,1.59,100.0,-0.41,0.144,0.088
1759192452571,2025-09-30 08:34:12.571,24.63,28.0,1.0,0.08,0.05,100,100,13.35,5.31,100.0,0.74,0.2,0.014
1759192457571,2025-09-30 08:34:17.571,25.8,28.0,1.0,0.08,0.05,100,100,11.35,3.37,100.0,-0.39,0.17,0.053
1759192462571,2025-09-30 08:34:22.571,26.96,28.0,1.0,0.08,0.05,100,100,10.19,2.2,100.0,-0.23,0.153,0.076
1759192467571,2025-09-30 08:34:27.571,25.63,28.0,1.0,0.08,0.05,100,100,9.02,1.04,100.0,-0.23,0.135,0.099
1759192472571,2025-09-30 08:34:32.571,23.21,28.0,1.0,0.08,0.05,100,100,10.39,2.37,100.0,0.27,0.156,0.073
1759192477571,2025-09-30 08:34:37.571,23.63,28.0,1.0,0.08,0.05,100,100,12.82,4.79,100.0,0.48,0.192,0.024
1759192482571,2025-09-30 08:34:42.571,24.34,28.0,1.0,0.08,0.05,100,100,12.36,4.37,100.0,-0.09,0.185,0.033
1759192487571,2025-09-30 08:34:47.571,24.68,28.0,1.0,0.08,0.05,100,100,11.65,3.66,100.0,-0.14,0.175,0.047
1759192492571,2025-09-30 08:34:52.571,26.31,28.0,1.0,0.08,0.05,100,100,11.32,3.32,100.0,-0.07,0.17,0.054
1759192497571,2025-09-30 08:34:57.571,25.5,28.0,1.0,0.08,0.05,100,100,9.68,1.69,100.0,-0.33,0.145,0.086
1759192502571,2025-09-30 08:35:02.571,26.53,28.0,1.0,0.08,0.05,100,100,10.5,2.5,100.0,0.16,0.158,0.07
1759192507571,2025-09-30 08:35:07.571,28.03,28.0,1.0,0.08,0.05,100,100,9.46,1.47,100.0,-0.21,0.142,0.091
1759192512571,2025-09-30 08:35:12.571,30.26,28.0,1.0,0.08,0.05,100,100,7.95,-0.03,99.86,-0.3,0.119,0.121
1759192517571,2025-09-30 08:35:17.571,30.06,28.0,1.0,0.08,0.05,100,100,4.8,-2.26,88.54,-0.45,0.072,0.165
1759192522571,2025-09-30 08:35:22.571,26.56,28.0,1.0,0.08,0.05,100,100,4.2,-2.06,78.23,0.04,0.063,0.161
1759192527571,2025-09-30 08:35:27.571,27.85,28.0,1.0,0.08,0.05,100,100,8.3,1.44,85.41,0.7,0.125,0.091
1759192532571,2025-09-30 08:35:32.571,27.75,28.0,1.0,0.08,0.05,100,100,7.03,0.15,86.15,-0.26,0.105,0.117
1759192537571,2025-09-30 08:35:37.571,28.93,28.0,1.0,0.08,0.05,100,100,7.24,0.25,87.39,0.02,0.109,0.115
1759192542571,2025-09-30 08:35:42.571,29.03,28.0,1.0,0.08,0.05,100,100,5.68,-0.93,82.76,-0.24,0.085,0.139
1759192547571,2025-09-30 08:35:47.571,27.88,28.0,1.0,0.08,0.05,100,100,5.18,-1.03,77.6,-0.02,0.078,0.141
1759192552571,2025-09-30 08:35:52.571,28.73,28.0,1.0,0.08,0.05,100,100,6.39,0.12,78.21,0.23,0.096,0.118
1759192557571,2025-09-30 08:35:57.571,28.47,28.0,1.0,0.08,0.05,100,100,5.23,-0.73,74.56,-0.17,0.078,0.135
1759192562571,2025-09-30 08:36:02.571,28.0,28.0,1.0,0.08,0.05,100,100,5.31,-0.47,72.2,0.05,0.08,0.129
1759192567571,2025-09-30 08:36:07.571,27.92,28.0,1.0,0.08,0.05,100,100,5.79,0.0,72.22,0.1,0.087,0.12
1759192572571,2025-09-30 08:36:12.571,29.06,28.0,1.0,0.08,0.05,100,100,5.89,0.08,72.64,0.02,0.088,0.118
1759192577571,2025-09-30 08:36:17.571,29.76,28.0,1.0,0.08,0.05,100,100,4.31,-1.06,67.32,-0.23,0.065,0.141
1759192582571,2025-09-30 08:36:22.571,28.53,28.0,1.0,0.08,0.05,100,100,2.91,-1.76,58.5,-0.14,0.044,0.155
1759192587571,2025-09-30 08:36:27.571,27.24,28.0,1.0,0.08,0.05,100,100,3.96,-0.53,55.87,0.25,0.059,0.131
1759192592571,2025-09-30 08:36:32.571,28.58,28.0,1.0,0.08,0.05,100,100,5.55,0.76,59.67,0.26,0.083,0.105
1759192597571,2025-09-30 08:36:37.571,26.98,28.0,1.0,0.08,0.05,100,100,3.94,-0.58,56.75,-0.27,0.059,0.132
1759192602571,2025-09-30 08:36:42.571,29.71,28.0,1.0,0.08,0.05,100,100,5.99,1.02,61.86,0.32,0.09,0.1
1759192607571,2025-09-30 08:36:47.571,28.58,28.0,1.0,0.08,0.05,100,100,2.52,-1.71,53.3,-0.55,0.038,0.154
1759192612571,2025-09-30 08:36:52.571,28.05,30.0,1.0,0.08,0.05,100,100,3.47,-0.58,50.42,0.23,0.052,0.132
1759192617571,2025-09-30 08:36:57.571,27.97,30.0,1.0,0.08,0.05,100,100,6.79,1.95,60.16,0.5,0.102,0.121
1759192622571,2025-09-30 08:37:02.571,28.0,30.0,1.0,0.08,0.05,100,100,7.66,2.03,70.32,0.02,0.115,0.119
1759192627571,2025-09-30 08:37:07.571,28.13,30.0,1.0,0.08,0.05,100,100,8.43,2.0,80.33,-0.01,0.126,0.12
1759192632571,2025-09-30 08:37:12.571,27.47,30.0,1.0,0.08,0.05,100,100,9.05,1.87,89.7,-0.03,0.136,0.123
1759192637571,2025-09-30 08:37:17.571,26.8,30.0,1.0,0.08,0.05,100,100,10.54,2.53,100.0,0.13,0.158,0.109
1759192642571,2025-09-30 08:37:22.571,26.03,30.0,1.0,0.08,0.05,100,100,11.21,3.2,100.0,0.13,0.168,0.096
1759192647571,2025-09-30 08:37:27.571,25.9,30.0,1.0,0.08,0.05,100,100,11.98,3.97,100.0,0.15,0.18,0.081
1759192652571,2025-09-30 08:37:32.571,26.39,30.0,1.0,0.08,0.05,100,100,12.1,4.1,100.0,0.03,0.182,0.078
1759192657571,2025-09-30 08:37:37.571,25.16,30.0,1.0,0.08,0.05,100,100,11.6,3.61,100.0,-0.1,0.174,0.088
1759192662571,2025-09-30 08:37:42.571,24.78,30.0,1.0,0.08,0.05,100,100,12.85,4.84,100.0,0.25,0.193,0.063
1759192667571,2025-09-30 08:37:47.571,23.43,30.0,1.0,0.08,0.05,100,100,13.23,5.22,100.0,0.08,0.198,0.056
1759192672571,2025-09-30 08:37:52.571,21.5,30.0,1.0,0.08,0.05,100,100,14.58,6.57,100.0,0.27,0.219,0.029
1759192677571,2025-09-30 08:37:57.571,22.6,30.0,1.0,0.08,0.05,100,100,16.52,8.5,100.0,0.39,0.248,-0.01
1759192682571,2025-09-30 08:38:02.571,22.24,30.0,1.0,0.08,0.05,100,100,15.39,7.4,100.0,-0.22,0.231,0.012
1759192687571,2025-09-30 08:38:07.571,23.06,30.0,1.0,0.08,0.05,100,100,15.77,7.76,100.0,0.07,0.236,0.005
1759192692571,2025-09-30 08:38:12.571,20.3,30.0,1.0,0.08,0.05,100,100,14.93,6.94,100.0,-0.16,0.224,0.021
1759192697571,2025-09-30 08:38:17.571,22.52,30.0,1.0,0.08,0.05,100,100,17.73,9.7,100.0,0.55,0.266,-0.034
1759192702571,2025-09-30 08:38:22.571,23.4,30.0,1.0,0.08,0.05,100,100,15.46,7.48,100.0,-0.44,0.232,0.01
1759192707571,2025-09-30 08:38:27.571,23.56,30.0,1.0,0.08,0.05,100,100,14.59,6.6,100.0,-0.18,0.219,0.028
1759192712571,2025-09-30 08:38:32.571,23.44,30.0,1.0,0.08,0.05,100,100,14.43,6.44,100.0,-0.03,0.217,0.031
1759192717571,2025-09-30 08:38:37.571,24.47,30.0,1.0,0.08,0.05,100,100,14.56,6.56,100.0,0.03,0.218,0.029
1759192722571,2025-09-30 08:38:42.571,25.11,30.0,1.0,0.08,0.05,100,100,13.52,5.53,100.0,-0.21,0.203,0.049
1759192727571,2025-09-30 08:38:47.571,26.36,30.0,1.0,0.08,0.05,100,100,12.88,4.89,100.0,-0.13,0.193,0.062
1759192732571,2025-09-30 08:38:52.571,28.71,30.0,1.0,0.08,0.05,100,100,11.63,3.64,100.0,-0.25,0.174,0.087
1759192737571,2025-09-30 08:38:57.571,30.19,30.0,1.0,0.08,0.05,100,100,9.26,1.29,100.0,-0.47,0.139,0.134
1759192742571,2025-09-30 08:39:02.571,28.63,30.0,1.0,0.08,0.05,100,100,7.71,-0.19,99.03,-0.3,0.116,0.164
1759192747571,2025-09-30 08:39:07.571,29.18,30.0,1.0,0.08,0.05,100,100,9.38,1.37,100.0,0.31,0.141,0.133
1759192752571,2025-09-30 08:39:12.571,29.45,30.0,1.0,0.08,0.05,100,100,8.82,0.82,100.0,-0.11,0.132,0.144
1759192757571,2025-09-30 08:39:17.571,30.75,30.0,1.0,0.08,0.05,100,100,8.55,0.55,100.0,-0.05,0.128,0.149
1759192762571,2025-09-30 08:39:22.571,32.32,30.0,1.0,0.08,0.05,100,100,6.94,-0.75,96.24,-0.26,0.104,0.175
1759192767571,2025-09-30 08:39:27.571,31.8,30.0,1.0,0.08,0.05,100,100,4.43,-2.32,84.63,-0.31,0.066,0.206
1759192772571,2025-09-30 08:39:32.571,32.05,30.0,1.0,0.08,0.05,100,100,4.26,-1.8,75.64,0.1,0.064,0.196
1759192777571,2025-09-30 08:39:37.571,30.11,30.0,1.0,0.08,0.05,100,100,3.18,-2.05,65.39,-0.05,0.048,0.201
1759192782571,2025-09-30 08:39:42.571,30.11,30.0,1.0,0.08,0.05,100,100,5.1,-0.11,64.84,0.39,0.076,0.162
1759192787571,2025-09-30 08:39:47.571,28.0,30.0,1.0,0.08,0.05,100,100,5.03,-0.11,64.27,-0.0,0.075,0.162
1759192792571,2025-09-30 08:39:52.571,30.89,30.0,1.0,0.08,0.05,100,100,7.97,2.0,74.28,0.42,0.12,0.12
1759192797571,2025-09-30 08:39:57.571,29.16,30.0,1.0,0.08,0.05,100,100,4.67,-0.89,69.85,-0.58,0.07,0.178
1759192802571,2025-09-30 08:40:02.571,29.31,30.0,1.0,0.08,0.05,100,100,6.77,0.84,74.03,0.34,0.102,0.143
1759192807571,2025-09-30 08:40:07.571,30.75,30.0,1.0,0.08,0.05,100,100,6.89,0.69,77.49,-0.03,0.103,0.146
1759192812571,2025-09-30 08:40:12.571,28.89,30.0,1.0,0.08,0.05,100,100,5.14,-0.75,73.75,-0.29,0.077,0.175
1759192817571,2025-09-30 08:40:17.571,29.86,30.0,1.0,0.08,0.05,100,100,7.48,1.11,79.32,0.37,0.112,0.138
1759192822571,2025-09-30 08:40:22.571,32.81,30.0,1.0,0.08,0.05,100,100,6.53,0.14,80.01,-0.19,0.098,0.157
1759192827571,2025-09-30 08:40:27.571,33.7,30.0,1.0,0.08,0.05,100,100,2.44,-2.81,65.97,-0.59,0.037,0.216
1759192832571,2025-09-30 08:40:32.571,35.84,30.0,1.0,0.08,0.05,100,100,0.09,-3.7,47.46,-0.18,0.001,0.234
1759192837571,2025-09-30 08:40:37.571,34.19,30.0,1.0,0.08,0.05,100,100,-4.4,-5.84,18.27,-0.43,0.0,0.277
1759192842571,2025-09-30 08:40:42.571,32.04,30.0,1.0,0.08,0.05,100,100,-4.39,-4.19,-2.68,0.33,0.0,0.244
1759192847571,2025-09-30 08:40:47.571,30.91,30.0,1.0,0.08,0.05,100,100,-3.05,-2.04,-12.9,0.43,0.0,0.201
1759192852571,2025-09-30 08:40:52.571,33.62,30.0,1.0,0.08,0.05,100,100,-2.29,-0.91,-17.42,0.23,0.0,0.178
1759192857571,2025-09-30 08:40:57.571,34.49,30.0,1.0,0.08,0.05,100,100,-6.49,-3.62,-35.52,-0.54,0.0,0.232
1759192862571,2025-09-30 08:41:02.571,35.73,30.0,1.0,0.08,0.05,100,100,-9.14,-4.49,-57.97,-0.17,0.0,0.25
1759192867571,2025-09-30 08:41:07.571,36.69,30.0,1.0,0.08,0.05,100,100,-12.67,-5.73,-86.6,-0.25,0.0,0.275
1759192872571,2025-09-30 08:41:12.571,35.34,30.0,1.0,0.08,0.05,100,100,-14.7,-6.69,-100.0,-0.19,0.0,0.294
1759192877571,2025-09-30 08:41:17.571,35.14,30.0,1.0,0.08,0.05,100,100,-13.33,-5.34,-100.0,0.27,0.0,0.267
1759192882571,2025-09-30 08:41:22.571,34.57,30.0,1.0,0.08,0.05,100,100,-13.14,-5.14,-100.0,0.04,0.0,0.263
1759192887571,2025-09-30 08:41:27.571,32.85,30.0,1.0,0.08,0.05,100,100,-12.57,-4.57,-100.0,0.11,0.0,0.251
1759192892571,2025-09-30 08:41:32.571,34.4,30.0,1.0,0.08,0.05,100,100,-10.83,-2.85,-100.0,0.35,0.0,0.217
1759192897571,2025-09-30 08:41:37.571,37.23,30.0,1.0,0.08,0.05,100,100,-12.41,-4.4,-100.0,-0.31,0.0,0.248
1759192902571,2025-09-30 08:41:42.571,37.13,30.0,1.0,0.08,0.05,100,100,-15.26,-7.23,-100.0,-0.57,0.0,0.305
1759192907571,2025-09-30 08:41:47.571,38.55,30.0,1.0,0.08,0.05,100,100,-15.13,-7.13,-100.0,0.02,0.0,0.303
1759192912571,2025-09-30 08:41:52.571,36.95,30.0,1.0,0.08,0.05,100,100,-16.56,-8.55,-100.0,-0.28,0.0,0.331
1759192917571,2025-09-30 08:41:57.571,35.56,30.0,1.0,0.08,0.05,100,100,-14.93,-6.95,-100.0,0.32,0.0,0.299
1759192922571,2025-09-30 08:42:02.571,34.82,30.0,1.0,0.08,0.05,100,100,-13.55,-5.56,-100.0,0.28,0.0,0.271
1759192927571,2025-09-30 08:42:07.571,37.74,30.0,1.0,0.08,0.05,100,100,-12.82,-4.82,-100.0,0.15,0.0,0.256
1759192932571,2025-09-30 08:42:12.571,37.79,30.0,1.0,0.08,0.05,100,100,-15.77,-7.74,-100.0,-0.58,0.0,0.315
1759192937571,2025-09-30 08:42:17.571,35.6,30.0,1.0,0.08,0.05,100,100,-15.79,-7.79,-100.0,-0.01,0.0,0.316
1759192942571,2025-09-30 08:42:22.571,34.99,30.0,1.0,0.08,0.05,100,100,-13.58,-5.6,-100.0,0.44,0.0,0.272
1759192947571,2025-09-30 08:42:27.571,38.35,30.0,1.0,0.08,0.05,100,100,-12.99,-4.99,-100.0,0.12,0.0,0.26
1759192952571,2025-09-30 08:42:32.571,39.44,30.0,1.0,0.08,0.05,100,100,-16.39,-8.35,-100.0,-0.67,0.0,0.327
1759192957571,2025-09-30 08:42:37.571,40.41,30.0,1.0,0.08,0.05,100,100,-17.45,-9.44,-100.0,-0.22,0.0,0.349
1759192962571,2025-09-30 08:42:42.571,40.13,30.0,1.0,0.08,0.05,100,100,-18.42,-10.41,-100.0,-0.19,0.0,0.368
1759192967571,2025-09-30 08:42:47.571,41.78,30.0,1.0,0.08,0.05,100,100,-18.13,-10.13,-100.0,0.06,0.0,0.363
1759192972571,2025-09-30 08:42:52.571,40.77,30.0,1.0,0.08,0.05,100,100,-19.8,-11.78,-100.0,-0.33,0.0,0.396
1759192977571,2025-09-30 08:42:57.571,39.61,30.0,1.0,0.08,0.05,100,100,-18.76,-10.77,-100.0,0.2,0.0,0.375
1759192982571,2025-09-30 08:43:02.571,36.04,30.0,1.0,0.08,0.05,100,100,-17.6,-9.61,-100.0,0.23,0.0,0.352
1759192987571,2025-09-30 08:43:07.571,37.38,30.0,1.0,0.08,0.05,100,100,-14.01,-6.04,-100.0,0.71,0.0,0.281
1759192992571,2025-09-30 08:43:12.571,35.94,30.0,1.0,0.08,0.05,100,100,-15.39,-7.38,-100.0,-0.27,0.0,0.308
1759192997571,2025-09-30 08:43:17.571,36.05,30.0,1.0,0.08,0.05,100,100,-13.92,-5.94,-100.0,0.29,0.0,0.279
1759193002571,2025-09-30 08:43:22.571,34.85,30.0,1.0,0.08,0.05,100,100,-14.05,-6.05,-100.0,-0.02,0.0,0.281
1759193007571,2025-09-30 08:43:27.571,33.86,30.0,1.0,0.08,0.05,100,100,-12.84,-4.85,-100.0,0.24,0.0,0.257
1759193012571,2025-09-30 08:43:32.571,32.43,30.0,1.0,0.08,0.05,100,100,-11.85,-3.86,-100.0,0.2,0.0,0.237
1759193017571,2025-09-30 08:43:37.571,33.32,30.0,1.0,0.08,0.05,100,100,-10.42,-2.43,-100.0,0.29,0.0,0.209
1759193022571,2025-09-30 08:43:42.571,34.78,30.0,1.0,0.08,0.05,100,100,-11.32,-3.32,-100.0,-0.18,0.0,0.226
1759193027571,2025-09-30 08:43:47.571,36.01,30.0,1.0,0.08,0.05,100,100,-12.79,-4.78,-100.0,-0.29,0.0,0.256
1759193032571,2025-09-30 08:43:52.571,36.09,30.0,1.0,0.08,0.05,100,100,-14.03,-6.01,-100.0,-0.25,0.0,0.28
1759193037571,2025-09-30 08:43:57.571,35.85,30.0,1.0,0.08,0.05,100,100,-14.09,-6.09,-100.0,-0.02,0.0,0.282
1759193042571,2025-09-30 08:44:02.571,36.08,30.0,1.0,0.08,0.05,100,100,-13.85,-5.85,-100.0,0.05,0.0,0.277
1759193047571,2025-09-30 08:44:07.571,36.0,30.0,1.0,0.08,0.05,100,100,-14.09,-6.08,-100.0,-0.05,0.0,0.282
1759193052571,2025-09-30 08:44:12.571,36.04,30.0,1.0,0.08,0.05,100,100,-14.0,-6.0,-100.0,0.02,0.0,0.28
1759193057571,2025-09-30 08:44:17.571,37.15,30.0,1.0,0.08,0.05,100,100,-14.04,-6.04,-100.0,-0.01,0.0,0.281
1759193062571,2025-09-30 08:44:22.571,36.12,30.0,1.0,0.08,0.05,100,100,-15.17,-7.15,-100.0,-0.22,0.0,0.303
1759193067571,2025-09-30 08:44:27.571,37.78,30.0,1.0,0.08,0.05,100,100,-14.11,-6.12,-100.0,0.21,0.0,0.282
1759193072571,2025-09-30 08:44:32.571,35.31,30.0,1.0,0.08,0.05,100,100,-15.8,-7.78,-100.0,-0.33,0.0,0.316
1759193077571,2025-09-30 08:44:37.571,34.8,30.0,1.0,0.08,0.05,100,100,-13.29,-5.31,-100.0,0.49,0.0,0.266
1759193082571,2025-09-30 08:44:42.571,35.38,30.0,1.0,0.08,0.05,100,100,-12.8,-4.8,-100.0,0.1,0.0,0.256
1759193087571,2025-09-30 08:44:47.571,35.18,30.0,1.0,0.08,0.05,100,100,-13.39,-5.38,-100.0,-0.12,0.0,0.268
1759193092571,2025-09-30 08:44:52.571,34.68,30.0,1.0,0.08,0.05,100,100,-13.18,-5.18,-100.0,0.04,0.0,0.264
1759193097571,2025-09-30 08:44:57.571,33.66,30.0,1.0,0.08,0.05,100,100,-12.67,-4.68,-100.0,0.1,0.0,0.254
1759193102571,2025-09-30 08:45:02.571,34.69,30.0,1.0,0.08,0.05,100,100,-11.65,-3.66,-100.0,0.2,0.0,0.233
1759193107571,2025-09-30 08:45:07.571,32.76,30.0,1.0,0.08,0.05,100,100,-12.7,-4.69,-100.0,-0.2,0.0,0.254
1759193112571,2025-09-30 08:45:12.571,33.77,30.0,1.0,0.08,0.05,100,100,-10.74,-2.76,-100.0,0.39,0.0,0.215
1759193117571,2025-09-30 08:45:17.571,34.83,30.0,1.0,0.08,0.05,100,100,-11.78,-3.77,-100.0,-0.2,0.0,0.235
1759193122571,2025-09-30 08:45:22.571,32.98,30.0,1.0,0.08,0.05,100,100,-12.84,-4.83,-100.0,-0.21,0.0,0.257
1759193127571,2025-09-30 08:45:27.571,32.77,30.0,1.0,0.08,0.05,100,100,-10.96,-2.98,-100.0,0.37,0.0,0.22
1759193132571,2025-09-30 08:45:32.571,31.1,30.0,1.0,0.08,0.05,100,100,-10.77,-2.77,-100.0,0.04,0.0,0.215
1759193137571,2025-09-30 08:45:37.571,27.09,30.0,1.0,0.08,0.05,100,100,-9.08,-1.1,-100.0,0.34,0.0,0.182
1759193142571,2025-09-30 08:45:42.571,26.29,30.0,1.0,0.08,0.05,100,100,-3.89,2.91,-85.45,0.8,0.0,0.102
1759193147571,2025-09-30 08:45:47.571,25.13,30.0,1.0,0.08,0.05,100,100,-1.63,3.71,-66.89,0.16,0.0,0.086
1759193152571,2025-09-30 08:45:52.571,24.74,30.0,1.0,0.08,0.05,100,100,1.48,4.87,-42.52,0.23,0.022,0.063
1759193157571,2025-09-30 08:45:57.571,24.38,30.0,1.0,0.08,0.05,100,100,3.97,5.26,-16.22,0.08,0.059,0.055
1759193162571,2025-09-30 08:46:02.571,24.09,30.0,1.0,0.08,0.05,100,100,6.58,5.62,11.88,0.07,0.099,0.048
1759193167571,2025-09-30 08:46:07.571,22.81,30.0,1.0,0.08,0.05,100,100,9.23,5.91,41.45,0.06,0.138,0.042
1759193172571,2025-09-30 08:46:12.571,20.28,30.0,1.0,0.08,0.05,100,100,13.39,7.19,77.37,0.25,0.201,0.016
1759193177571,2025-09-30 08:46:17.571,21.53,30.0,1.0,0.08,0.05,100,100,17.75,9.72,100.0,0.51,0.266,-0.034
1759193182571,2025-09-30 08:46:22.571,19.7,30.0,1.0,0.08,0.05,100,100,16.45,8.47,100.0,-0.25,0.247,-0.009
1759193187571,2025-09-30 08:46:27.571,18.27,30.0,1.0,0.08,0.05,100,100,18.31,10.3,100.0,0.37,0.275,-0.046
1759193192571,2025-09-30 08:46:32.571,20.4,30.0,1.0,0.08,0.05,100,100,19.75,11.73,100.0,0.29,0.296,-0.075
1759193197571,2025-09-30 08:46:37.571,21.98,30.0,1.0,0.08,0.05,100,100,17.58,9.6,100.0,-0.43,0.264,-0.032
1759193202571,2025-09-30 08:46:42.571,22.03,30.0,1.0,0.08,0.05,100,100,16.0,8.02,100.0,-0.32,0.24,-0.0
1759193207571,2025-09-30 08:46:47.571,22.39,30.0,1.0,0.08,0.05,100,100,15.97,7.97,100.0,-0.01,0.24,0.001
1759193212571,2025-09-30 08:46:52.571,20.62,30.0,1.0,0.08,0.05,100,100,15.6,7.61,100.0,-0.07,0.234,0.008
1759193217571,2025-09-30 08:46:57.571,18.47,30.0,1.0,0.08,0.05,100,100,17.4,9.38,100.0,0.35,0.261,-0.028
1759193222571,2025-09-30 08:47:02.571,18.92,30.0,1.0,0.08,0.05,100,100,19.56,11.53,100.0,0.43,0.293,-0.071
1759193227571,2025-09-30 08:47:07.571,18.58,30.0,1.0,0.08,0.05,100,100,19.07,11.08,100.0,-0.09,0.286,-0.062
1759193232571,2025-09-30 08:47:12.571,19.62,30.0,1.0,0.08,0.05,100,100,19.42,11.42,100.0,0.07,0.291,-0.068
1759193237571,2025-09-30 08:47:17.571,20.88,30.0,1.0,0.08,0.05,100,100,18.37,10.38,100.0,-0.21,0.276,-0.048
1759193242571,2025-09-30 08:47:22.571,24.43,30.0,1.0,0.08,0.05,100,100,17.1,9.12,100.0,-0.25,0.257,-0.022
1759193247571,2025-09-30 08:47:27.571,24.39,30.0,1.0,0.08,0.05,100,100,13.53,5.57,100.0,-0.71,0.203,0.049
1759193252571,2025-09-30 08:47:32.571,23.89,30.0,1.0,0.08,0.05,100,100,13.61,5.61,100.0,0.01,0.204,0.048
1759193257571,2025-09-30 08:47:37.571,19.87,30.0,1.0,0.08,0.05,100,100,14.11,6.11,100.0,0.1,0.212,0.038
1759193262571,2025-09-30 08:47:42.571,19.35,30.0,1.0,0.08,0.05,100,100,18.17,10.13,100.0,0.8,0.273,-0.043
1759193267571,2025-09-30 08:47:47.571,20.03,30.0,1.0,0.08,0.05,100,100,18.66,10.65,100.0,0.1,0.28,-0.053
1759193272571,2025-09-30 08:47:52.571,22.16,30.0,1.0,0.08,0.05,100,100,17.96,9.97,100.0,-0.14,0.269,-0.039
1759193277571,2025-09-30 08:47:57.571,23.82,30.0,1.0,0.08,0.05,100,100,15.82,7.84,100.0,-0.43,0.237,0.003
1759193282571,2025-09-30 08:48:02.571,23.65,30.0,1.0,0.08,0.05,100,100,14.17,6.18,100.0,-0.33,0.213,0.036
1759193287571,2025-09-30 08:48:07.571,23.9,30.0,1.0,0.08,0.05,100,100,14.35,6.35,100.0,0.03,0.215,0.033
1759193292571,2025-09-30 08:48:12.571,25.14,30.0,1.0,0.08,0.05,100,100,14.1,6.1,100.0,-0.05,0.211,0.038
1759193297571,2025-09-30 08:48:17.571,23.1,30.0,1.0,0.08,0.05,100,100,12.85,4.86,100.0,-0.25,0.193,0.063
1759193302571,2025-09-30 08:48:22.571,25.42,30.0,1.0,0.08,0.05,100,100,14.92,6.9,100.0,0.41,0.224,0.022
1759193307571,2025-09-30 08:48:27.571,27.3,30.0,1.0,0.08,0.05,100,100,12.56,4.58,100.0,-0.46,0.188,0.068
1759193312571,2025-09-30 08:48:32.571,25.93,30.0,1.0,0.08,0.05,100,100,10.68,2.7,100.0,-0.38,0.16,0.106
1759193317571,2025-09-30 08:48:37.571,27.04,30.0,1.0,0.08,0.05,100,100,12.09,4.07,100.0,0.27,0.181,0.079
1759193322571,2025-09-30 08:48:42.571,29.91,30.0,1.0,0.08,0.05,100,100,10.95,2.96,100.0,-0.22,0.164,0.101
1759193327571,2025-09-30 08:48:47.571,30.48,30.0,1.0,0.08,0.05,100,100,8.06,0.09,100.0,-0.57,0.121,0.158
1759193332571,2025-09-30 08:48:52.571,27.63,30.0,1.0,0.08,0.05,100,100,7.33,-0.48,97.62,-0.11,0.11,0.17
1759193337571,2025-09-30 08:48:57.571,29.37,30.0,1.0,0.08,0.05,100,100,10.4,2.37,100.0,0.57,0.156,0.113
1759193342571,2025-09-30 08:49:02.571,28.11,30.0,1.0,0.08,0.05,100,100,8.61,0.63,100.0,-0.35,0.129,0.147
1759193347571,2025-09-30 08:49:07.571,26.4,30.0,1.0,0.08,0.05,100,100,9.91,1.89,100.0,0.25,0.149,0.122
1759193352571,2025-09-30 08:49:12.571,25.37,30.0,1.0,0.08,0.05,100,100,11.62,3.6,100.0,0.34,0.174,0.088
1759193357571,2025-09-30 08:49:17.571,25.51,30.0,1.0,0.08,0.05,100,100,12.64,4.63,100.0,0.2,0.19,0.067
1759193362571,2025-09-30 08:49:22.571,27.17,30.0,1.0,0.08,0.05,100,100,12.49,4.49,100.0,-0.03,0.187,0.07
1759193367571,2025-09-30 08:49:27.571,25.78,30.0,1.0,0.08,0.05,100,100,10.82,2.83,100.0,-0.33,0.162,0.103
1759193372571,2025-09-30 08:49:32.571,26.14,30.0,1.0,0.08,0.05,100,100,12.23,4.22,100.0,0.28,0.183,0.076
1759193377571,2025-09-30 08:49:37.571,26.18,30.0,1.0,0.08,0.05,100,100,11.85,3.86,100.0,-0.07,0.178,0.083
1759193382571,2025-09-30 08:49:42.571,24.2,30.0,1.0,0.08,0.05,100,100,11.82,3.82,100.0,-0.01,0.177,0.084
1759193387571,2025-09-30 08:49:47.571,23.44,30.0,1.0,0.08,0.05,100,100,13.82,5.8,100.0,0.4,0.207,0.044
1759193392571,2025-09-30 08:49:52.571,22.31,30.0,1.0,0.08,0.05,100,100,14.57,6.56,100.0,0.15,0.219,0.029
1759193397571,2025-09-30 08:49:57.571,20.83,30.0,1.0,0.08,0.05,100,100,15.7,7.69,100.0,0.23,0.236,0.006
1759193402571,2025-09-30 08:50:02.571,21.32,30.0,1.0,0.08,0.05,100,100,17.18,9.17,100.0,0.3,0.258,-0.023
1759193407571,2025-09-30 08:50:07.571,21.81,30.0,1.0,0.08,0.05,100,100,16.68,8.68,100.0,-0.1,0.25,-0.014
1759193412571,2025-09-30 08:50:12.571,23.06,30.0,1.0,0.08,0.05,100,100,16.19,8.19,100.0,-0.1,0.243,-0.004
1759193417571,2025-09-30 08:50:17.571,23.67,30.0,1.0,0.08,0.05,100,100,14.92,6.94,100.0,-0.25,0.224,0.021
1759193422571,2025-09-30 08:50:22.571,23.7,30.0,1.0,0.08,0.05,100,100,14.32,6.33,100.0,-0.12,0.215,0.033
1759193427571,2025-09-30 08:50:27.571,24.76,30.0,1.0,0.08,0.05,100,100,14.3,6.3,100.0,-0.01,0.214,0.034
1759193432571,2025-09-30 08:50:32.571,25.91,30.0,1.0,0.08,0.05,100,100,13.23,5.24,100.0,-0.21,0.198,0.055
1759193437571,2025-09-30 08:50:37.571,24.35,30.0,1.0,0.08,0.05,100,100,12.08,4.09,100.0,-0.23,0.181,0.078
1759193442571,2025-09-30 08:50:42.571,22.42,30.0,1.0,0.08,0.05,100,100,13.67,5.65,100.0,0.31,0.205,0.047
1759193447571,2025-09-30 08:50:47.571,23.38,30.0,1.0,0.08,0.05,100,100,15.6,7.58,100.0,0.38,0.234,0.008
1759193452571,2025-09-30 08:50:52.571,23.39,30.0,1.0,0.08,0.05,100,100,14.61,6.62,100.0,-0.19,0.219,0.028
1759193457571,2025-09-30 08:50:57.571,22.7,30.0,1.0,0.08,0.05,100,100,14.61,6.61,100.0,-0.0,0.219,0.028
1759193462571,2025-09-30 08:51:02.571,19.88,30.0,1.0,0.08,0.05,100,100,15.3,7.3,100.0,0.14,0.23,0.014
1759193467571,2025-09-30 08:51:07.571,17.61,30.0,1.0,0.08,0.05,100,100,18.15,10.12,100.0,0.56,0.272,-0.042
1759193472571,2025-09-30 08:51:12.571,20.41,30.0,1.0,0.08,0.05,100,100,20.42,12.39,100.0,0.45,0.306,-0.088
1759193477571,2025-09-30 08:51:17.571,18.73,30.0,1.0,0.08,0.05,100,100,17.56,9.59,100.0,-0.56,0.263,-0.032
1759193482571,2025-09-30 08:51:22.571,18.8,30.0,1.0,0.08,0.05,100,100,19.29,11.27,100.0,0.34,0.289,-0.065
1759193487571,2025-09-30 08:51:27.571,19.43,30.0,1.0,0.08,0.05,100,100,19.2,11.2,100.0,-0.01,0.288,-0.064
1759193492571,2025-09-30 08:51:32.571,18.75,30.0,1.0,0.08,0.05,100,100,18.57,10.57,100.0,-0.12,0.279,-0.051
1759193497571,2025-09-30 08:51:37.571,18.19,30.0,1.0,0.08,0.05,100,100,19.25,11.25,100.0,0.13,0.289,-0.065
1759193502571,2025-09-30 08:51:42.571,19.36,30.0,1.0,0.08,0.05,100,100,19.82,11.81,100.0,0.11,0.297,-0.076
1759193507571,2025-09-30 08:51:47.571,20.73,30.0,1.0,0.08,0.05,100,100,18.63,10.64,100.0,-0.23,0.279,-0.053
1759193512571,2025-09-30 08:51:52.571,20.61,30.0,1.0,0.08,0.05,100,100,17.26,9.27,100.0,-0.27,0.259,-0.025
1759193517571,2025-09-30 08:51:57.571,19.08,30.0,1.0,0.08,0.05,100,100,17.39,9.39,100.0,0.02,0.261,-0.028
1759193522571,2025-09-30 08:52:02.571,20.63,30.0,1.0,0.08,0.05,100,100,18.94,10.92,100.0,0.31,0.284,-0.058
1759193527571,2025-09-30 08:52:07.571,23.25,30.0,1.0,0.08,0.05,100,100,17.36,9.37,100.0,-0.31,0.26,-0.027
1759193532571,2025-09-30 08:52:12.571,23.83,30.0,1.0,0.08,0.05,100,100,14.73,6.75,100.0,-0.52,0.221,0.025
1759193537571,2025-09-30 08:52:17.571,25.31,30.0,1.0,0.08,0.05,100,100,14.16,6.17,100.0,-0.12,0.212,0.037
1759193542571,2025-09-30 08:52:22.571,26.69,30.0,1.0,0.08,0.05,100,100,12.68,4.69,100.0,-0.29,0.19,0.066
1759193547571,2025-09-30 08:52:27.571,25.33,30.0,1.0,0.08,0.05,100,100,11.3,3.31,100.0,-0.28,0.169,0.094
1759193552571,2025-09-30 08:52:32.571,26.21,30.0,1.0,0.08,0.05,100,100,12.68,4.67,100.0,0.27,0.19,0.067
1759193557571,2025-09-30 08:52:37.571,26.84,30.0,1.0,0.08,0.05,100,100,11.79,3.79,100.0,-0.17,0.177,0.084
1759193562571,2025-09-30 08:52:42.571,29.73,30.0,1.0,0.08,0.05,100,100,11.15,3.16,100.0,-0.13,0.167,0.097
1759193567571,2025-09-30 08:52:47.571,27.94,30.0,1.0,0.08,0.05,100,100,8.24,0.27,100.0,-0.58,0.124,0.155
1759193572571,2025-09-30 08:52:52.571,27.08,30.0,1.0,0.08,0.05,100,100,10.08,2.06,100.0,0.36,0.151,0.119
1759193577571,2025-09-30 08:52:57.571,27.9,30.0,1.0,0.08,0.05,100,100,10.93,2.92,100.0,0.17,0.164,0.102
1759193582571,2025-09-30 08:53:02.571,32.25,30.0,1.0,0.08,0.05,100,100,10.1,2.1,100.0,-0.16,0.151,0.118
1759193587571,2025-09-30 08:53:07.571,31.29,30.0,1.0,0.08,0.05,100,100,4.81,-2.25,88.75,-0.87,0.072,0.205
1759193592571,2025-09-30 08:53:12.571,29.14,30.0,1.0,0.08,0.05,100,100,5.3,-1.29,82.27,0.19,0.079,0.186
1759193597571,2025-09-30 08:53:17.571,29.76,30.0,1.0,0.08,0.05,100,100,7.8,0.86,86.55,0.43,0.117,0.143
1759193602571,2025-09-30 08:53:22.571,28.7,30.0,1.0,0.08,0.05,100,100,7.25,0.24,87.73,-0.12,0.109,0.155
1759193607571,2025-09-30 08:53:27.571,26.77,30.0,1.0,0.08,0.05,100,100,8.85,1.3,94.25,0.21,0.133,0.134
1759193612571,2025-09-30 08:53:32.571,26.84,30.0,1.0,0.08,0.05,100,100,11.25,3.23,100.0,0.38,0.169,0.095
1759193617571,2025-09-30 08:53:37.571,25.0,30.0,1.0,0.08,0.05,100,100,11.16,3.16,100.0,-0.01,0.167,0.097
1759193622571,2025-09-30 08:53:42.571,24.52,30.0,1.0,0.08,0.05,100,100,13.01,5.0,100.0,0.37,0.195,0.06
1759193627571,2025-09-30 08:53:47.571,24.89,30.0,1.0,0.08,0.05,100,100,13.48,5.48,100.0,0.1,0.202,0.05
1759193632571,2025-09-30 08:53:52.571,27.59,30.0,1.0,0.08,0.05,100,100,13.11,5.11,100.0,-0.07,0.197,0.058
1759193637571,2025-09-30 08:53:57.571,27.73,30.0,1.0,0.08,0.05,100,100,10.38,2.41,100.0,-0.54,0.156,0.112
1759193642571,2025-09-30 08:54:02.571,28.0,30.0,1.0,0.08,0.05,100,100,10.27,2.27,100.0,-0.03,0.154,0.115
1759193647571,2025-09-30 08:54:07.571,24.58,30.0,1.0,0.08,0.05,100,100,10.0,2.0,100.0,-0.05,0.15,0.12
1759193652571,2025-09-30 08:54:12.571,23.22,30.0,1.0,0.08,0.05,100,100,13.46,5.42,100.0,0.68,0.202,0.052
1759193657571,2025-09-30 08:54:17.571,27.22,30.0,1.0,0.08,0.05,100,100,14.79,6.78,100.0,0.27,0.222,0.024
1759193662571,2025-09-30 08:54:22.571,27.24,30.0,1.0,0.08,0.05,100,100,10.74,2.78,100.0,-0.8,0.161,0.104
1759193667571,2025-09-30 08:54:27.571,26.29,30.0,1.0,0.08,0.05,100,100,10.76,2.76,100.0,-0.0,0.161,0.105
1759193672571,2025-09-30 08:54:32.571,25.93,30.0,1.0,0.08,0.05,100,100,11.72,3.71,100.0,0.19,0.176,0.086
1759193677571,2025-09-30 08:54:37.571,26.52,30.0,1.0,0.08,0.05,100,100,12.08,4.07,100.0,0.07,0.181,0.079
1759193682571,2025-09-30 08:54:42.571,24.46,30.0,1.0,0.08,0.05,100,100,11.47,3.48,100.0,-0.12,0.172,0.09
1759193687571,2025-09-30 08:54:47.571,25.69,30.0,1.0,0.08,0.05,100,100,13.56,5.54,100.0,0.41,0.203,0.049
1759193692571,2025-09-30 08:54:52.571,24.63,30.0,1.0,0.08,0.05,100,100,12.3,4.31,100.0,-0.25,0.184,0.074
1759193697571,2025-09-30 08:54:57.571,25.62,30.0,1.0,0.08,0.05,100,100,13.38,5.37,100.0,0.21,0.201,0.053
1759193702571,2025-09-30 08:55:02.571,23.9,30.0,1.0,0.08,0.05,100,100,12.37,4.38,100.0,-0.2,0.186,0.072
1759193707571,2025-09-30 08:55:07.571,24.09,30.0,1.0,0.08,0.05,100,100,14.12,6.1,100.0,0.34,0.212,0.038
1759193712571,2025-09-30 08:55:12.571,21.69,30.0,1.0,0.08,0.05,100,100,13.91,5.91,100.0,-0.04,0.209,0.042
1759193717571,2025-09-30 08:55:17.571,22.11,30.0,1.0,0.08,0.05,100,100,16.33,8.31,100.0,0.48,0.245,-0.006
1759193722571,2025-09-30 08:55:22.571,21.69,30.0,1.0,0.08,0.05,100,100,15.89,7.89,100.0,-0.08,0.238,0.002
1759193727571,2025-09-30 08:55:27.571,22.16,30.0,1.0,0.08,0.05,100,100,16.31,8.31,100.0,0.08,0.245,-0.006
1759193732571,2025-09-30 08:55:32.571,22.77,30.0,1.0,0.08,0.05,100,100,15.84,7.84,100.0,-0.09,0.238,0.003
1759193737571,2025-09-30 08:55:37.571,25.85,30.0,1.0,0.08,0.05,100,100,15.23,7.23,100.0,-0.12,0.228,0.015
1759193742571,2025-09-30 08:55:42.571,24.41,30.0,1.0,0.08,0.05,100,100,12.12,4.15,100.0,-0.62,0.182,0.077
1759193747571,2025-09-30 08:55:47.571,25.29,30.0,1.0,0.08,0.05,100,100,13.6,5.59,100.0,0.29,0.204,0.048
1759193752571,2025-09-30 08:55:52.571,24.82,30.0,1.0,0.08,0.05,100,100,12.7,4.71,100.0,-0.18,0.191,0.066
1759193757571,2025-09-30 08:55:57.571,25.9,30.0,1.0,0.08,0.05,100,100,13.18,5.18,100.0,0.09,0.198,0.056
1759193762571,2025-09-30 08:56:02.571,26.2,30.0,1.0,0.08,0.05,100,100,12.09,4.1,100.0,-0.22,0.181,0.078
1759193767571,2025-09-30 08:56:07.571,26.48,30.0,1.0,0.08,0.05,100,100,11.8,3.8,100.0,-0.06,0.177,0.084
1759193772571,2025-09-30 08:56:12.571,29.88,30.0,1.0,0.08,0.05,100,100,11.52,3.52,100.0,-0.06,0.173,0.09
1759193777571,2025-09-30 08:56:17.571,31.77,30.0,1.0,0.08,0.05,100,100,8.08,0.12,100.0,-0.68,0.121,0.158
1759193782571,2025-09-30 08:56:22.571,31.5,30.0,1.0,0.08,0.05,100,100,5.51,-1.77,91.17,-0.38,0.083,0.195
1759193787571,2025-09-30 08:56:27.571,33.06,30.0,1.0,0.08,0.05,100,100,5.19,-1.5,83.65,0.05,0.078,0.19
1759193792571,2025-09-30 08:56:32.571,34.91,30.0,1.0,0.08,0.05,100,100,2.39,-3.06,68.34,-0.31,0.036,0.221
1759193797571,2025-09-30 08:56:37.571,33.33,30.0,1.0,0.08,0.05,100,100,-1.42,-4.91,43.8,-0.37,0.0,0.258
1759193802571,2025-09-30 08:56:42.571,33.66,30.0,1.0,0.08,0.05,100,100,-1.14,-3.33,27.16,0.32,0.0,0.227
1759193807571,2025-09-30 08:56:47.571,35.43,30.0,1.0,0.08,0.05,100,100,-2.96,-3.66,8.84,-0.07,0.0,0.233
1759193812571,2025-09-30 08:56:52.571,33.99,30.0,1.0,0.08,0.05,100,100,-6.91,-5.43,-18.31,-0.35,0.0,0.269
1759193817571,2025-09-30 08:56:57.571,34.11,30.0,1.0,0.08,0.05,100,100,-7.03,-3.99,-38.25,0.29,0.0,0.24
1759193822571,2025-09-30 08:57:02.571,34.05,30.0,1.0,0.08,0.05,100,100,-8.81,-4.11,-58.79,-0.02,0.0,0.242
1759193827571,2025-09-30 08:57:07.571,34.3,30.0,1.0,0.08,0.05,100,100,-10.38,-4.05,-79.07,0.01,0.0,0.241
1759193832571,2025-09-30 08:57:12.571,36.28,30.0,1.0,0.08,0.05,100,100,-12.3,-4.3,-100.0,-0.05,0.0,0.246
1759193837571,2025-09-30 08:57:17.571,36.83,30.0,1.0,0.08,0.05,100,100,-14.3,-6.28,-100.0,-0.4,0.0,0.286
1759193842571,2025-09-30 08:57:22.571,35.33,30.0,1.0,0.08,0.05,100,100,-14.84,-6.83,-100.0,-0.11,0.0,0.297
1759193847571,2025-09-30 08:57:27.571,37.08,30.0,1.0,0.08,0.05,100,100,-13.31,-5.33,-100.0,0.3,0.0,0.267
1759193852571,2025-09-30 08:57:32.571,34.55,30.0,1.0,0.08,0.05,100,100,-15.1,-7.08,-100.0,-0.35,0.0,0.302
1759193857571,2025-09-30 08:57:37.571,34.06,30.0,1.0,0.08,0.05,100,100,-12.52,-4.55,-100.0,0.51,0.0,0.251
1759193862571,2025-09-30 08:57:42.571,36.11,30.0,1.0,0.08,0.05,100,100,-12.05,-4.06,-100.0,0.1,0.0,0.241
1759193867571,2025-09-30 08:57:47.571,36.53,30.0,1.0,0.08,0.05,100,100,-14.13,-6.11,-100.0,-0.41,0.0,0.282
1759193872571,2025-09-30 08:57:52.571,37.22,30.0,1.0,0.08,0.05,100,100,-14.54,-6.53,-100.0,-0.08,0.0,0.291
1759193877571,2025-09-30 08:57:57.571,36.56,30.0,1.0,0.08,0.05,100,100,-15.22,-7.22,-100.0,-0.14,0.0,0.304
1759193882571,2025-09-30 08:58:02.571,38.3,30.0,1.0,0.08,0.05,100,100,-14.55,-6.56,-100.0,0.13,0.0,0.291
1759193887571,2025-09-30 08:58:07.571,38.34,30.0,1.0,0.08,0.05,100,100,-16.32,-8.3,-100.0,-0.35,0.0,0.326
1759193892571,2025-09-30 08:58:12.571,38.94,30.0,1.0,0.08,0.05,100,100,-16.34,-8.34,-100.0,-0.01,0.0,0.327
1759193897571,2025-09-30 08:58:17.571,34.76,30.0,1.0,0.08,0.05,100,100,-16.94,-8.94,-100.0,-0.12,0.0,0.339
1759193902571,2025-09-30 08:58:22.571,34.37,30.0,1.0,0.08,0.05,100,100,-12.72,-4.76,-100.0,0.83,0.0,0.255
1759193907571,2025-09-30 08:58:27.571,31.57,30.0,1.0,0.08,0.05,100,100,-12.37,-4.37,-100.0,0.08,0.0,0.247
1759193912571,2025-09-30 08:58:32.571,34.36,30.0,1.0,0.08,0.05,100,100,-9.55,-1.57,-100.0,0.56,0.0,0.191
1759193917571,2025-09-30 08:58:37.571,35.45,30.0,1.0,0.08,0.05,100,100,-12.39,-4.36,-100.0,-0.56,0.0,0.247
1759193922571,2025-09-30 08:58:42.571,34.67,30.0,1.0,0.08,0.05,100,100,-13.46,-5.45,-100.0,-0.22,0.0,0.269
1759193927571,2025-09-30 08:58:47.571,37.22,30.0,1.0,0.08,0.05,100,100,-12.66,-4.67,-100.0,0.16,0.0,0.253
1759193932571,2025-09-30 08:58:52.571,36.34,30.0,1.0,0.08,0.05,100,100,-15.25,-7.22,-100.0,-0.51,0.0,0.304
1759193937571,2025-09-30 08:58:57.571,37.16,30.0,1.0,0.08,0.05,100,100,-14.33,-6.34,-100.0,0.18,0.0,0.287
1759193942571,2025-09-30 08:59:02.571,35.96,30.0,1.0,0.08,0.05,100,100,-15.17,-7.16,-100.0,-0.16,0.0,0.303
1759193947571,2025-09-30 08:59:07.571,34.27,30.0,1.0,0.08,0.05,100,100,-13.95,-5.96,-100.0,0.24,0.0,0.279
1759193952571,2025-09-30 08:59:12.571,32.05,30.0,1.0,0.08,0.05,100,100,-12.26,-4.27,-100.0,0.34,0.0,0.245
1759193957571,2025-09-30 08:59:17.571,34.64,30.0,1.0,0.08,0.05,100,100,-10.03,-2.05,-100.0,0.44,0.0,0.201
1759193962571,2025-09-30 08:59:22.571,32.45,30.0,1.0,0.08,0.05,100,100,-12.67,-4.64,-100.0,-0.52,0.0,0.253
1759193967571,2025-09-30 08:59:27.571,33.3,30.0,1.0,0.08,0.05,100,100,-10.43,-2.45,-100.0,0.44,0.0,0.209
1759193972571,2025-09-30 08:59:32.571,31.44,30.0,1.0,0.08,0.05,100,100,-11.3,-3.3,-100.0,-0.17,0.0,0.226
1759193977571,2025-09-30 08:59:37.571,31.48,30.0,1.0,0.08,0.05,100,100,-9.42,-1.44,-100.0,0.37,0.0,0.189
1759193982571,2025-09-30 08:59:42.571,30.49,30.0,1.0,0.08,0.05,100,100,-9.48,-1.48,-100.0,-0.01,0.0,0.19
1759193987571,2025-09-30 08:59:47.571,31.91,30.0,1.0,0.08,0.05,100,100,-8.48,-0.49,-100.0,0.2,0.0,0.17
1759193992571,2025-09-30 08:59:52.571,31.25,30.0,1.0,0.08,0.05,100,100,-9.92,-1.91,-100.0,-0.28,0.0,0.198
1759193997571,2025-09-30 08:59:57.571,31.11,30.0,1.0,0.08,0.05,100,100,-9.24,-1.25,-100.0,0.13,0.0,0.185
1759194002571,2025-09-30 09:00:02.571,30.93,30.0,1.0,0.08,0.05,100,100,-9.11,-1.11,-100.0,0.03,0.0,0.182
1759194007571,2025-09-30 09:00:07.571,28.72,30.0,1.0,0.08,0.05,100,100,-8.93,-0.93,-100.0,0.04,0.0,0.179
1759194012571,2025-09-30 09:00:12.571,30.15,30.0,1.0,0.08,0.05,100,100,-6.19,1.28,-93.62,0.44,0.0,0.134
1759194017571,2025-09-30 09:00:17.571,29.1,30.0,1.0,0.08,0.05,100,100,-7.72,-0.15,-94.38,-0.29,0.0,0.163
1759194022571,2025-09-30 09:00:22.571,27.8,30.0,1.0,0.08,0.05,100,100,-6.28,0.9,-89.89,0.21,0.0,0.142
1759194027571,2025-09-30 09:00:27.571,27.63,30.0,1.0,0.08,0.05,100,100,-4.1,2.2,-78.92,0.26,0.0,0.116
1759194032571,2025-09-30 09:00:32.571,28.12,30.0,1.0,0.08,0.05,100,100,-3.0,2.37,-67.09,0.03,0.0,0.113
1759194037571,2025-09-30 09:00:37.571,28.12,30.0,1.0,0.08,0.05,100,100,-2.74,1.88,-57.69,-0.1,0.0,0.122
1759194042571,2025-09-30 09:00:42.571,28.59,30.0,1.0,0.08,0.05,100,100,-1.98,1.88,-48.29,-0.0,0.0,0.122
1759194047571,2025-09-30 09:00:47.571,28.92,30.0,1.0,0.08,0.05,100,100,-1.89,1.41,-41.21,-0.09,0.0,0.132
1759194052571,2025-09-30 09:00:52.571,25.59,30.0,1.0,0.08,0.05,100,100,-1.78,1.08,-35.79,-0.07,0.0,0.138
1759194057571,2025-09-30 09:00:57.571,28.52,30.0,1.0,0.08,0.05,100,100,3.34,4.41,-13.76,0.66,0.05,0.072
1759194062571,2025-09-30 09:01:02.571,28.23,30.0,1.0,0.08,0.05,100,100,0.95,1.48,-6.34,-0.58,0.014,0.13
1759194067571,2025-09-30 09:01:07.571,28.6,30.0,1.0,0.08,0.05,100,100,1.98,1.77,2.52,0.06,0.03,0.125
1759194072571,2025-09-30 09:01:12.571,31.17,30.0,1.0,0.08,0.05,100,100,2.16,1.4,9.52,-0.07,0.032,0.132
1759194077571,2025-09-30 09:01:17.571,31.54,30.0,1.0,0.08,0.05,100,100,-0.91,-1.17,3.65,-0.51,0.0,0.183
1759194082571,2025-09-30 09:01:22.571,30.63,30.0,1.0,0.08,0.05,100,100,-1.86,-1.54,-4.04,-0.07,0.0,0.191
1759194087571,2025-09-30 09:01:27.571,30.03,30.0,1.0,0.08,0.05,100,100,-1.2,-0.63,-7.21,0.18,0.0,0.173
1759194092571,2025-09-30 09:01:32.571,26.23,30.0,1.0,0.08,0.05,100,100,-0.61,-0.03,-7.34,0.12,0.0,0.161
1759194097571,2025-09-30 09:01:37.571,24.6,30.0,1.0,0.08,0.05,100,100,4.73,3.77,11.53,0.76,0.071,0.085
1759194102571,2025-09-30 09:01:42.571,23.34,30.0,1.0,0.08,0.05,100,100,8.49,5.4,38.51,0.32,0.127,0.052
1759194107571,2025-09-30 09:01:47.571,23.54,30.0,1.0,0.08,0.05,100,100,12.41,6.66,71.79,0.25,0.186,0.027
1759194112571,2025-09-30 09:01:52.571,21.58,30.0,1.0,0.08,0.05,100,100,14.46,6.46,100.0,-0.04,0.217,0.031
1759194117571,2025-09-30 09:01:57.571,21.82,30.0,1.0,0.08,0.05,100,100,16.44,8.42,100.0,0.39,0.247,-0.008
1759194122571,2025-09-30 09:02:02.571,21.72,30.0,1.0,0.08,0.05,100,100,16.18,8.18,100.0,-0.05,0.243,-0.004
1759194127571,2025-09-30 09:02:07.571,21.32,30.0,1.0,0.08,0.05,100,100,16.28,8.28,100.0,0.02,0.244,-0.006
1759194132571,2025-09-30 09:02:12.571,23.29,30.0,1.0,0.08,0.05,100,100,16.68,8.68,100.0,0.08,0.25,-0.014
1759194137571,2025-09-30 09:02:17.571,24.14,30.0,1.0,0.08,0.05,100,100,14.69,6.71,100.0,-0.39,0.22,0.026
1759194142571,2025-09-30 09:02:22.571,25.4,30.0,1.0,0.08,0.05,100,100,13.85,5.86,100.0,-0.17,0.208,0.043
1759194147571,2025-09-30 09:02:27.571,23.86,30.0,1.0,0.08,0.05,100,100,12.59,4.6,100.0,-0.25,0.189,0.068
1759194152571,2025-09-30 09:02:32.571,20.35,30.0,1.0,0.08,0.05,100,100,14.15,6.14,100.0,0.31,0.212,0.037
1759194157571,2025-09-30 09:02:37.571,19.27,30.0,1.0,0.08,0.05,100,100,17.69,9.65,100.0,0.7,0.265,-0.033
1759194162571,2025-09-30 09:02:42.571,19.27,30.0,1.0,0.08,0.05,100,100,18.74,10.73,100.0,0.21,0.281,-0.055
1759194167571,2025-09-30 09:02:47.571,18.31,30.0,1.0,0.08,0.05,100,100,18.73,10.73,100.0,0.0,0.281,-0.055
1759194172571,2025-09-30 09:02:52.571,16.8,30.0,1.0,0.08,0.05,100,100,19.7,11.69,100.0,0.19,0.295,-0.074
1759194177571,2025-09-30 09:02:57.571,14.48,30.0,1.0,0.08,0.05,100,100,21.21,13.2,100.0,0.3,0.318,-0.104
1759194182571,2025-09-30 09:03:02.571,16.14,30.0,1.0,0.08,0.05,100,100,23.54,15.52,100.0,0.46,0.353,-0.15
1759194187571,2025-09-30 09:03:07.571,14.13,30.0,1.0,0.08,0.05,100,100,21.85,13.86,100.0,-0.33,0.328,-0.117
1759194192571,2025-09-30 09:03:12.571,12.4,30.0,1.0,0.08,0.05,100,100,23.89,15.87,100.0,0.4,0.358,-0.157
1759194197571,2025-09-30 09:03:17.571,12.96,30.0,1.0,0.08,0.05,100,100,25.62,17.6,100.0,0.35,0.384,-0.192
1759194202571,2025-09-30 09:03:22.571,15.22,30.0,1.0,0.08,0.05,100,100,25.03,17.04,100.0,-0.11,0.375,-0.181
1759194207571,2025-09-30 09:03:27.571,12.33,30.0,1.0,0.08,0.05,100,100,22.76,14.78,100.0,-0.45,0.341,-0.136
1759194212571,2025-09-30 09:03:32.571,14.64,30.0,1.0,0.08,0.05,100,100,25.7,17.67,100.0,0.58,0.386,-0.193
1759194217571,2025-09-30 09:03:37.571,15.41,30.0,1.0,0.08,0.05,100,100,23.34,15.36,100.0,-0.46,0.35,-0.147
1759194222571,2025-09-30 09:03:42.571,15.86,30.0,1.0,0.08,0.05,100,100,22.58,14.59,100.0,-0.15,0.339,-0.132
1759194227571,2025-09-30 09:03:47.571,14.36,30.0,1.0,0.08,0.05,100,100,22.14,14.14,100.0,-0.09,0.332,-0.123
1759194232571,2025-09-30 09:03:52.571,13.16,30.0,1.0,0.08,0.05,100,100,23.66,15.64,100.0,0.3,0.355,-0.153
1759194237571,2025-09-30 09:03:57.571,13.11,30.0,1.0,0.08,0.05,100,100,24.85,16.84,100.0,0.24,0.373,-0.177
1759194242571,2025-09-30 09:04:02.571,13.42,30.0,1.0,0.08,0.05,100,100,24.89,16.89,100.0,0.01,0.373,-0.178
1759194247571,2025-09-30 09:04:07.571,11.91,30.0,1.0,0.08,0.05,100,100,24.58,16.58,100.0,-0.06,0.369,-0.172
1759194252571,2025-09-30 09:04:12.571,10.31,30.0,1.0,0.08,0.05,100,100,26.1,18.09,100.0,0.3,0.392,-0.202
1759194257571,2025-09-30 09:04:17.571,11.39,30.0,1.0,0.08,0.05,100,100,27.71,19.69,100.0,0.32,0.416,-0.234
1759194262571,2025-09-30 09:04:22.571,9.46,30.0,1.0,0.08,0.05,100,100,26.6,18.61,100.0,-0.22,0.399,-0.212
1759194267571,2025-09-30 09:04:27.571,13.1,30.0,1.0,0.08,0.05,100,100,28.56,20.54,100.0,0.39,0.428,-0.251
1759194272571,2025-09-30 09:04:32.571,13.53,30.0,1.0,0.08,0.05,100,100,24.87,16.9,100.0,-0.73,0.373,-0.178
1759194277571,2025-09-30 09:04:37.571,13.42,30.0,1.0,0.08,0.05,100,100,24.46,16.47,100.0,-0.09,0.367,-0.169
1759194282571,2025-09-30 09:04:42.571,15.68,30.0,1.0,0.08,0.05,100,100,24.59,16.58,100.0,0.02,0.369,-0.172
1759194287571,2025-09-30 09:04:47.571,17.22,30.0,1.0,0.08,0.05,100,100,22.3,14.32,100.0,-0.45,0.334,-0.126
1759194292571,2025-09-30 09:04:52.571,15.29,30.0,1.0,0.08,0.05,100,100,20.77,12.78,100.0,-0.31,0.312,-0.096
1759194297571,2025-09-30 09:04:57.571,18.72,30.0,1.0,0.08,0.05,100,100,22.73,14.71,100.0,0.38,0.341,-0.134
1759194302571,2025-09-30 09:05:02.571,19.65,30.0,1.0,0.08,0.05,100,100,19.24,11.28,100.0,-0.69,0.289,-0.066
1759194307571,2025-09-30 09:05:07.571,18.93,30.0,1.0,0.08,0.05,100,100,18.35,10.35,100.0,-0.18,0.275,-0.047
1759194312571,2025-09-30 09:05:12.571,18.32,30.0,1.0,0.08,0.05,100,100,19.08,11.07,100.0,0.14,0.286,-0.061
1759194317571,2025-09-30 09:05:17.571,17.1,30.0,1.0,0.08,0.05,100,100,19.69,11.68,100.0,0.12,0.295,-0.074
1759194322571,2025-09-30 09:05:22.571,18.63,30.0,1.0,0.08,0.05,100,100,20.91,12.9,100.0,0.24,0.314,-0.098
1759194327571,2025-09-30 09:05:27.571,19.93,30.0,1.0,0.08,0.05,100,100,19.35,11.37,100.0,-0.31,0.29,-0.067
1759194332571,2025-09-30 09:05:32.571,18.74,30.0,1.0,0.08,0.05,100,100,18.06,10.07,100.0,-0.26,0.271,-0.041
1759194337571,2025-09-30 09:05:37.571,18.8,30.0,1.0,0.08,0.05,100,100,19.28,11.26,100.0,0.24,0.289,-0.065
1759194342571,2025-09-30 09:05:42.571,19.58,30.0,1.0,0.08,0.05,100,100,19.2,11.2,100.0,-0.01,0.288,-0.064
1759194347571,2025-09-30 09:05:47.571,19.09,30.0,1.0,0.08,0.05,100,100,18.42,10.42,100.0,-0.16,0.276,-0.048
1759194352571,2025-09-30 09:05:52.571,17.68,30.0,1.0,0.08,0.05,100,100,18.91,10.91,100.0,0.1,0.284,-0.058
1759194357571,2025-09-30 09:05:57.571,16.98,30.0,1.0,0.08,0.05,100,100,20.34,12.32,100.0,0.28,0.305,-0.086
1759194362571,2025-09-30 09:06:02.571,17.59,30.0,1.0,0.08,0.05,100,100,21.03,13.02,100.0,0.14,0.315,-0.1
1759194367571,2025-09-30 09:06:07.571,18.03,30.0,1.0,0.08,0.05,100,100,20.4,12.41,100.0,-0.12,0.306,-0.088
1759194372571,2025-09-30 09:06:12.571,15.65,30.0,1.0,0.08,0.05,100,100,19.96,11.97,100.0,-0.09,0.299,-0.079
1759194377571,2025-09-30 09:06:17.571,15.4,30.0,1.0,0.08,0.05,100,100,22.38,14.35,100.0,0.48,0.336,-0.127
1759194382571,2025-09-30 09:06:22.571,14.76,30.0,1.0,0.08,0.05,100,100,22.61,14.6,100.0,0.05,0.339,-0.132
1759194387571,2025-09-30 09:06:27.571,13.2,30.0,1.0,0.08,0.05,100,100,23.25,15.24,100.0,0.13,0.349,-0.145
1759194392571,2025-09-30 09:06:32.571,12.82,30.0,1.0,0.08,0.05,100,100,24.82,16.8,100.0,0.31,0.372,-0.176
1759194397571,2025-09-30 09:06:37.571,11.19,30.0,1.0,0.08,0.05,100,100,25.19,17.18,100.0,0.08,0.378,-0.184
1759194402571,2025-09-30 09:06:42.571,12.78,30.0,1.0,0.08,0.05,100,100,26.83,18.81,100.0,0.33,0.402,-0.216
1759194407571,2025-09-30 09:06:47.571,12.22,30.0,1.0,0.08,0.05,100,100,25.2,17.22,100.0,-0.32,0.378,-0.184
1759194412571,2025-09-30 09:06:52.571,13.2,35.0,1.0,0.08,0.05,100,100,25.78,17.78,100.0,0.11,0.387,-0.196
1759194417571,2025-09-30 09:06:57.571,13.37,35.0,1.0,0.08,0.05,100,100,29.85,21.8,100.0,0.81,0.448,-0.176
1759194422571,2025-09-30 09:07:02.571,13.9,35.0,1.0,0.08,0.05,100,100,29.63,21.63,100.0,-0.03,0.444,-0.173
1759194427571,2025-09-30 09:07:07.571,14.51,35.0,1.0,0.08,0.05,100,100,29.09,21.1,100.0,-0.11,0.436,-0.162
1759194432571,2025-09-30 09:07:12.571,14.39,35.0,1.0,0.08,0.05,100,100,28.48,20.49,100.0,-0.12,0.427,-0.15
1759194437571,2025-09-30 09:07:17.571,13.17,35.0,1.0,0.08,0.05,100,100,28.61,20.61,100.0,0.02,0.429,-0.152
1759194442571,2025-09-30 09:07:22.571,10.62,35.0,1.0,0.08,0.05,100,100,29.84,21.83,100.0,0.24,0.448,-0.177
1759194447571,2025-09-30 09:07:27.571,10.41,35.0,1.0,0.08,0.05,100,100,32.4,24.38,100.0,0.51,0.486,-0.228
1759194452571,2025-09-30 09:07:32.571,10.33,35.0,1.0,0.08,0.05,100,100,32.59,24.59,100.0,0.04,0.489,-0.232
1759194457571,2025-09-30 09:07:37.571,11.11,35.0,1.0,0.08,0.05,100,100,32.67,24.67,100.0,0.02,0.49,-0.233
1759194462571,2025-09-30 09:07:42.571,9.39,35.0,1.0,0.08,0.05,100,100,31.88,23.89,100.0,-0.16,0.478,-0.218
1759194467571,2025-09-30 09:07:47.571,11.72,35.0,1.0,0.08,0.05,100,100,33.63,25.61,100.0,0.34,0.504,-0.252
1759194472571,2025-09-30 09:07:52.571,15.38,35.0,1.0,0.08,0.05,100,100,31.25,23.28,100.0,-0.47,0.469,-0.206
1759194477571,2025-09-30 09:07:57.571,14.33,35.0,1.0,0.08,0.05,100,100,27.58,19.62,100.0,-0.73,0.414,-0.132
1759194482571,2025-09-30 09:08:02.571,15.07,35.0,1.0,0.08,0.05,100,100,28.68,20.67,100.0,0.21,0.43,-0.153
1759194487571,2025-09-30 09:08:07.571,16.94,35.0,1.0,0.08,0.05,100,100,27.92,19.93,100.0,-0.15,0.419,-0.139
1759194492571,2025-09-30 09:08:12.571,18.11,35.0,1.0,0.08,0.05,100,100,26.04,18.06,100.0,-0.37,0.391,-0.101
1759194497571,2025-09-30 09:08:17.571,17.4,35.0,1.0,0.08,0.05,100,100,24.87,16.89,100.0,-0.23,0.373,-0.078
1759194502571,2025-09-30 09:08:22.571,18.29,35.0,1.0,0.08,0.05,100,100,25.61,17.6,100.0,0.14,0.384,-0.092
1759194507571,2025-09-30 09:08:27.571,20.69,35.0,1.0,0.08,0.05,100,100,24.7,16.71,100.0,-0.18,0.371,-0.074
1759194512571,2025-09-30 09:08:32.571,19.26,35.0,1.0,0.08,0.05,100,100,22.28,14.31,100.0,-0.48,0.334,-0.026
1759194517571,2025-09-30 09:08:37.571,19.51,35.0,1.0,0.08,0.05,100,100,23.76,15.74,100.0,0.29,0.356,-0.055
1759194522571,2025-09-30 09:08:42.571,22.52,35.0,1.0,0.08,0.05,100,100,23.48,15.49,100.0,-0.05,0.352,-0.05
1759194527571,2025-09-30 09:08:47.571,22.62,35.0,1.0,0.08,0.05,100,100,20.45,12.48,100.0,-0.6,0.307,0.01
1759194532571,2025-09-30 09:08:52.571,24.69,35.0,1.0,0.08,0.05,100,100,20.38,12.38,100.0,-0.02,0.306,0.012
1759194537571,2025-09-30 09:08:57.571,24.13,35.0,1.0,0.08,0.05,100,100,18.29,10.31,100.0,-0.41,0.274,0.054
1759194542571,2025-09-30 09:09:02.571,22.21,35.0,1.0,0.08,0.05,100,100,18.88,10.87,100.0,0.11,0.283,0.043
1759194547571,2025-09-30 09:09:07.571,21.46,35.0,1.0,0.08,0.05,100,100,20.81,12.79,100.0,0.38,0.312,0.004
1759194552571,2025-09-30 09:09:12.571,21.95,35.0,1.0,0.08,0.05,100,100,21.55,13.54,100.0,0.15,0.323,-0.011
1759194557571,2025-09-30 09:09:17.571,20.54,35.0,1.0,0.08,0.05,100,100,21.04,13.05,100.0,-0.1,0.316,-0.001
1759194562571,2025-09-30 09:09:22.571,19.82,35.0,1.0,0.08,0.05,100,100,22.48,14.46,100.0,0.28,0.337,-0.029
1759194567571,2025-09-30 09:09:27.571,18.31,35.0,1.0,0.08,0.05,100,100,23.18,15.18,100.0,0.14,0.348,-0.044
1759194572571,2025-09-30 09:09:32.571,18.07,35.0,1.0,0.08,0.05,100,100,24.71,16.69,100.0,0.3,0.371,-0.074
1759194577571,2025-09-30 09:09:37.571,14.84,35.0,1.0,0.08,0.05,100,100,24.93,16.93,100.0,0.05,0.374,-0.079
1759194582571,2025-09-30 09:09:42.571,15.41,35.0,1.0,0.08,0.05,100,100,28.19,20.16,100.0,0.65,0.423,-0.143
1759194587571,2025-09-30 09:09:47.571,16.96,35.0,1.0,0.08,0.05,100,100,27.59,19.59,100.0,-0.11,0.414,-0.132
1759194592571,2025-09-30 09:09:52.571,18.0,35.0,1.0,0.08,0.05,100,100,26.02,18.04,100.0,-0.31,0.39,-0.101
1759194597571,2025-09-30 09:09:57.571,18.24,35.0,1.0,0.08,0.05,100,100,24.99,17.0,100.0,-0.21,0.375,-0.08
1759194602571,2025-09-30 09:10:02.571,15.76,35.0,1.0,0.08,0.05,100,100,24.75,16.76,100.0,-0.05,0.371,-0.075
1759194607571,2025-09-30 09:10:07.571,15.18,35.0,1.0,0.08,0.05,100,100,27.26,19.24,100.0,0.5,0.409,-0.125
1759194612571,2025-09-30 09:10:12.571,16.92,35.0,1.0,0.08,0.05,100,100,27.83,19.82,100.0,0.12,0.417,-0.136
1759194617571,2025-09-30 09:10:17.571,18.08,35.0,1.0,0.08,0.05,100,100,26.06,18.08,100.0,-0.35,0.391,-0.102
1759194622571,2025-09-30 09:10:22.571,16.31,35.0,1.0,0.08,0.05,100,100,24.91,16.92,100.0,-0.23,0.374,-0.078
1759194627571,2025-09-30 09:10:27.571,17.91,35.0,1.0,0.08,0.05,100,100,26.71,18.69,100.0,0.35,0.401,-0.114
1759194632571,2025-09-30 09:10:32.571,17.82,35.0,1.0,0.08,0.05,100,100,25.07,17.09,100.0,-0.32,0.376,-0.082
1759194637571,2025-09-30 09:10:37.571,18.38,35.0,1.0,0.08,0.05,100,100,25.18,17.18,100.0,0.02,0.378,-0.084
1759194642571,2025-09-30 09:10:42.571,17.32,35.0,1.0,0.08,0.05,100,100,24.61,16.62,100.0,-0.11,0.369,-0.072
1759194647571,2025-09-30 09:10:47.571,15.92,35.0,1.0,0.08,0.05,100,100,25.69,17.68,100.0,0.21,0.385,-0.094
1759194652571,2025-09-30 09:10:52.571,15.88,35.0,1.0,0.08,0.05,100,100,27.09,19.08,100.0,0.28,0.406,-0.122
1759194657571,2025-09-30 09:10:57.571,17.02,35.0,1.0,0.08,0.05,100,100,27.12,19.12,100.0,0.01,0.407,-0.122
1759194662571,2025-09-30 09:11:02.571,21.02,35.0,1.0,0.08,0.05,100,100,25.96,17.98,100.0,-0.23,0.389,-0.1
1759194667571,2025-09-30 09:11:07.571,20.97,35.0,1.0,0.08,0.05,100,100,21.94,13.98,100.0,-0.8,0.329,-0.02
1759194672571,2025-09-30 09:11:12.571,18.78,35.0,1.0,0.08,0.05,100,100,22.03,14.03,100.0,0.01,0.33,-0.021
1759194677571,2025-09-30 09:11:17.571,17.23,35.0,1.0,0.08,0.05,100,100,24.24,16.22,100.0,0.44,0.364,-0.064
1759194682571,2025-09-30 09:11:22.571,15.86,35.0,1.0,0.08,0.05,100,100,25.78,17.77,100.0,0.31,0.387,-0.095
1759194687571,2025-09-30 09:11:27.571,16.16,35.0,1.0,0.08,0.05,100,100,27.16,19.14,100.0,0.28,0.407,-0.123
1759194692571,2025-09-30 09:11:32.571,14.63,35.0,1.0,0.08,0.05,100,100,26.83,18.84,100.0,-0.06,0.402,-0.117
1759194697571,2025-09-30 09:11:37.571,14.12,35.0,1.0,0.08,0.05,100,100,28.38,20.37,100.0,0.31,0.426,-0.147
1759194702571,2025-09-30 09:11:42.571,15.71,35.0,1.0,0.08,0.05,100,100,28.88,20.88,100.0,0.1,0.433,-0.158
1759194707571,2025-09-30 09:11:47.571,13.71,35.0,1.0,0.08,0.05,100,100,27.27,19.29,100.0,-0.32,0.409,-0.126
1759194712571,2025-09-30 09:11:52.571,11.84,35.0,1.0,0.08,0.05,100,100,29.31,21.29,100.0,0.4,0.44,-0.166
1759194717571,2025-09-30 09:11:57.571,11.72,35.0,1.0,0.08,0.05,100,100,31.18,23.16,100.0,0.38,0.468,-0.203
1759194722571,2025-09-30 09:12:02.571,9.89,35.0,1.0,0.08,0.05,100,100,31.29,23.28,100.0,0.02,0.469,-0.206
1759194727571,2025-09-30 09:12:07.571,11.87,35.0,1.0,0.08,0.05,100,100,33.13,25.11,100.0,0.37,0.497,-0.242
1759194732571,2025-09-30 09:12:12.571,14.21,35.0,1.0,0.08,0.05,100,100,31.11,23.13,100.0,-0.4,0.467,-0.203
1759194737571,2025-09-30 09:12:17.571,14.86,35.0,1.0,0.08,0.05,100,100,28.76,20.79,100.0,-0.47,0.431,-0.156
1759194742571,2025-09-30 09:12:22.571,16.2,35.0,1.0,0.08,0.05,100,100,28.14,20.14,100.0,-0.13,0.422,-0.143
1759194747571,2025-09-30 09:12:27.571,15.37,35.0,1.0,0.08,0.05,100,100,26.79,18.8,100.0,-0.27,0.402,-0.116
1759194752571,2025-09-30 09:12:32.571,15.68,35.0,1.0,0.08,0.05,100,100,27.63,19.63,100.0,0.17,0.415,-0.133
1759194757571,2025-09-30 09:12:37.571,18.2,35.0,1.0,0.08,0.05,100,100,27.32,19.32,100.0,-0.06,0.41,-0.126
1759194762571,2025-09-30 09:12:42.571,18.22,35.0,1.0,0.08,0.05,100,100,24.77,16.8,100.0,-0.5,0.372,-0.076
1759194767571,2025-09-30 09:12:47.571,19.51,35.0,1.0,0.08,0.05,100,100,24.78,16.78,100.0,-0.0,0.372,-0.076
1759194772571,2025-09-30 09:12:52.571,18.44,35.0,1.0,0.08,0.05,100,100,23.48,15.49,100.0,-0.26,0.352,-0.05
1759194777571,2025-09-30 09:12:57.571,18.66,35.0,1.0,0.08,0.05,100,100,24.57,16.56,100.0,0.21,0.369,-0.071
1759194782571,2025-09-30 09:13:02.571,21.6,35.0,1.0,0.08,0.05,100,100,24.34,16.34,100.0,-0.04,0.365,-0.067
1759194787571,2025-09-30 09:13:07.571,23.58,35.0,1.0,0.08,0.05,100,100,21.37,13.4,100.0,-0.59,0.321,-0.008
1759194792571,2025-09-30 09:13:12.571,24.22,35.0,1.0,0.08,0.05,100,100,19.4,11.42,100.0,-0.39,0.291,0.032
1759194797571,2025-09-30 09:13:17.571,24.0,35.0,1.0,0.08,0.05,100,100,18.78,10.78,100.0,-0.13,0.282,0.044
1759194802571,2025-09-30 09:13:22.571,25.36,30.0,1.0,0.08,0.05,100,100,19.0,11.0,100.0,0.04,0.285,0.04
1759194807571,2025-09-30 09:13:27.571,23.81,30.0,1.0,0.08,0.05,100,100,12.57,4.64,100.0,-1.27,0.189,0.067
1759194812571,2025-09-30 09:13:32.571,23.64,30.0,1.0,0.08,0.05,100,100,14.2,6.19,100.0,0.31,0.213,0.036
1759194817571,2025-09-30 09:13:37.571,27.45,30.0,1.0,0.08,0.05,100,100,14.36,6.36,100.0,0.03,0.215,0.033
1759194822571,2025-09-30 09:13:42.571,27.42,30.0,1.0,0.08,0.05,100,100,10.52,2.55,100.0,-0.76,0.158,0.109
1759194827571,2025-09-30 09:13:47.571,27.22,30.0,1.0,0.08,0.05,100,100,10.58,2.58,100.0,0.01,0.159,0.108
1759194832571,2025-09-30 09:13:52.571,28.6,30.0,1.0,0.08,0.05,100,100,10.78,2.78,100.0,0.04,0.162,0.104
1759194837571,2025-09-30 09:13:57.571,29.08,30.0,1.0,0.08,0.05,100,100,9.39,1.4,100.0,-0.28,0.141,0.132
1759194842571,2025-09-30 09:14:02.571,28.23,30.0,1.0,0.08,0.05,100,100,8.92,0.92,100.0,-0.09,0.134,0.142
1759194847571,2025-09-30 09:14:07.571,28.26,30.0,1.0,0.08,0.05,100,100,9.77,1.77,100.0,0.17,0.147,0.125
1759194852571,2025-09-30 09:14:12.571,27.68,30.0,1.0,0.08,0.05,100,100,9.74,1.74,100.0,-0.01,0.146,0.125
1759194857571,2025-09-30 09:14:17.571,27.78,30.0,1.0,0.08,0.05,100,100,10.32,2.32,100.0,0.12,0.155,0.114
1759194862571,2025-09-30 09:14:22.571,26.5,30.0,1.0,0.08,0.05,100,100,10.22,2.22,100.0,-0.02,0.153,0.116
1759194867571,2025-09-30 09:14:27.571,25.91,30.0,1.0,0.08,0.05,100,100,11.51,3.5,100.0,0.26,0.173,0.09
1759194872571,2025-09-30 09:14:32.571,27.65,30.0,1.0,0.08,0.05,100,100,12.1,4.09,100.0,0.12,0.181,0.078
1759194877571,2025-09-30 09:14:37.571,26.65,30.0,1.0,0.08,0.05,100,100,10.34,2.35,100.0,-0.35,0.155,0.113
1759194882571,2025-09-30 09:14:42.571,26.85,30.0,1.0,0.08,0.05,100,100,11.36,3.35,100.0,0.2,0.17,0.093
1759194887571,2025-09-30 09:14:47.571,25.43,30.0,1.0,0.08,0.05,100,100,11.15,3.15,100.0,-0.04,0.167,0.097
1759194892571,2025-09-30 09:14:52.571,23.5,30.0,1.0,0.08,0.05,100,100,12.58,4.57,100.0,0.28,0.189,0.069
1759194897571,2025-09-30 09:14:57.571,25.67,30.0,1.0,0.08,0.05,100,100,14.52,6.5,100.0,0.39,0.218,0.03
1759194902571,2025-09-30 09:15:02.571,23.78,30.0,1.0,0.08,0.05,100,100,12.31,4.33,100.0,-0.43,0.185,0.073
1759194907571,2025-09-30 09:15:07.571,22.3,30.0,1.0,0.08,0.05,100,100,14.24,6.22,100.0,0.38,0.214,0.036
1759194912571,2025-09-30 09:15:12.571,23.73,30.0,1.0,0.08,0.05,100,100,15.71,7.7,100.0,0.3,0.236,0.006
1759194917571,2025-09-30 09:15:17.571,20.46,30.0,1.0,0.08,0.05,100,100,14.25,6.27,100.0,-0.29,0.214,0.035
1759194922571,2025-09-30 09:15:22.571,20.78,30.0,1.0,0.08,0.05,100,100,17.57,9.54,100.0,0.65,0.264,-0.031
1759194927571,2025-09-30 09:15:27.571,23.44,30.0,1.0,0.08,0.05,100,100,17.22,9.22,100.0,-0.06,0.258,-0.024
1759194932571,2025-09-30 09:15:32.571,26.95,30.0,1.0,0.08,0.05,100,100,14.54,6.56,100.0,-0.53,0.218,0.029
1759194937571,2025-09-30 09:15:37.571,27.69,30.0,1.0,0.08,0.05,100,100,11.02,3.05,100.0,-0.7,0.165,0.099
1759194942571,2025-09-30 09:15:42.571,28.04,30.0,1.0,0.08,0.05,100,100,10.3,2.31,100.0,-0.15,0.155,0.114
1759194947571,2025-09-30 09:15:47.571,25.88,30.0,1.0,0.08,0.05,100,100,9.96,1.96,100.0,-0.07,0.149,0.121
1759194952571,2025-09-30 09:15:52.571,25.22,30.0,1.0,0.08,0.05,100,100,12.14,4.12,100.0,0.43,0.182,0.078
1759194957571,2025-09-30 09:15:57.571,26.43,30.0,1.0,0.08,0.05,100,100,12.78,4.78,100.0,0.13,0.192,0.064
1759194962571,2025-09-30 09:16:02.571,28.06,30.0,1.0,0.08,0.05,100,100,11.55,3.57,100.0,-0.24,0.173,0.089
1759194967571,2025-09-30 09:16:07.571,29.98,30.0,1.0,0.08,0.05,100,100,9.92,1.94,100.0,-0.33,0.149,0.121
1759194972571,2025-09-30 09:16:12.571,29.86,30.0,1.0,0.08,0.05,100,100,8.0,0.02,100.0,-0.38,0.12,0.16
1759194977571,2025-09-30 09:16:17.571,26.91,30.0,1.0,0.08,0.05,100,100,8.14,0.14,100.0,0.02,0.122,0.157
1759194982571,2025-09-30 09:16:22.571,29.27,30.0,1.0,0.08,0.05,100,100,11.12,3.09,100.0,0.59,0.167,0.098
1759194987571,2025-09-30 09:16:27.571,31.04,30.0,1.0,0.08,0.05,100,100,8.71,0.73,100.0,-0.47,0.131,0.145
1759194992571,2025-09-30 09:16:32.571,33.0,30.0,1.0,0.08,0.05,100,100,6.52,-1.04,94.79,-0.35,0.098,0.181
1759194997571,2025-09-30 09:16:37.571,31.29,30.0,1.0,0.08,0.05,100,100,3.37,-3.0,79.79,-0.39,0.05,0.22
1759195002571,2025-09-30 09:16:42.571,31.2,30.0,1.0,0.08,0.05,100,100,4.59,-1.29,73.33,0.34,0.069,0.186
1759195007571,2025-09-30 09:16:47.571,31.48,30.0,1.0,0.08,0.05,100,100,4.18,-1.2,67.32,0.02,0.063,0.184
1759195012571,2025-09-30 09:16:52.571,30.26,30.0,1.0,0.08,0.05,100,100,3.31,-1.48,59.91,-0.06,0.05,0.19
1759195017571,2025-09-30 09:16:57.571,27.14,30.0,1.0,0.08,0.05,100,100,4.45,-0.26,58.63,0.25,0.067,0.165
1759195022571,2025-09-30 09:17:02.571,29.29,30.0,1.0,0.08,0.05,100,100,8.73,2.86,72.94,0.62,0.131,0.103
1759195027571,2025-09-30 09:17:07.571,28.5,30.0,1.0,0.08,0.05,100,100,6.81,0.71,76.51,-0.43,0.102,0.146
1759195032571,2025-09-30 09:17:12.571,27.78,30.0,1.0,0.08,0.05,100,100,8.22,1.5,84.0,0.16,0.123,0.13
1759195037571,2025-09-30 09:17:17.571,29.4,30.0,1.0,0.08,0.05,100,100,9.83,2.22,95.08,0.14,0.147,0.116
1759195042571,2025-09-30 09:17:22.571,28.72,30.0,1.0,0.08,0.05,100,100,8.43,0.6,98.07,-0.32,0.126,0.148
1759195047571,2025-09-30 09:17:27.571,26.39,30.0,1.0,0.08,0.05,100,100,9.28,1.28,100.0,0.14,0.139,0.134
1759195052571,2025-09-30 09:17:32.571,22.57,30.0,1.0,0.08,0.05,100,100,11.63,3.61,100.0,0.47,0.174,0.088
1759195057571,2025-09-30 09:17:37.571,24.41,30.0,1.0,0.08,0.05,100,100,15.46,7.43,100.0,0.76,0.232,0.011
1759195062571,2025-09-30 09:17:42.571,24.36,30.0,1.0,0.08,0.05,100,100,13.57,5.59,100.0,-0.37,0.204,0.048
1759195067571,2025-09-30 09:17:47.571,26.5,30.0,1.0,0.08,0.05,100,100,13.64,5.64,100.0,0.01,0.205,0.047
1759195072571,2025-09-30 09:17:52.571,26.96,30.0,1.0,0.08,0.05,100,100,11.48,3.5,100.0,-0.43,0.172,0.09
1759195077571,2025-09-30 09:17:57.571,28.51,30.0,1.0,0.08,0.05,100,100,11.04,3.04,100.0,-0.09,0.166,0.099
1759195082571,2025-09-30 09:18:02.571,26.22,30.0,1.0,0.08,0.05,100,100,9.48,1.49,100.0,-0.31,0.142,0.13
1759195087571,2025-09-30 09:18:07.571,25.98,30.0,1.0,0.08,0.05,100,100,11.8,3.78,100.0,0.46,0.177,0.084
1759195092571,2025-09-30 09:18:12.571,27.4,30.0,1.0,0.08,0.05,100,100,12.02,4.02,100.0,0.05,0.18,0.08
1759195097571,2025-09-30 09:18:17.571,27.42,30.0,1.0,0.08,0.05,100,100,10.59,2.6,100.0,-0.28,0.159,0.108
1759195102571,2025-09-30 09:18:22.571,30.47,30.0,1.0,0.08,0.05,100,100,10.58,2.58,100.0,-0.0,0.159,0.108
1759195107571,2025-09-30 09:18:27.571,28.92,30.0,1.0,0.08,0.05,100,100,7.32,-0.47,97.67,-0.61,0.11,0.169
1759195112571,2025-09-30 09:18:32.571,27.48,30.0,1.0,0.08,0.05,100,100,9.1,1.08,100.0,0.31,0.137,0.138
1759195117571,2025-09-30 09:18:37.571,26.12,30.0,1.0,0.08,0.05,100,100,10.54,2.52,100.0,0.29,0.158,0.11
1759195122571,2025-09-30 09:18:42.571,28.33,30.0,1.0,0.08,0.05,100,100,11.89,3.88,100.0,0.27,0.178,0.082
1759195127571,2025-09-30 09:18:47.571,28.72,30.0,1.0,0.08,0.05,100,100,9.65,1.67,100.0,-0.44,0.145,0.127
1759195132571,2025-09-30 09:18:52.571,28.44,30.0,1.0,0.08,0.05,100,100,9.27,1.28,100.0,-0.08,0.139,0.134
1759195137571,2025-09-30 09:18:57.571,29.74,30.0,1.0,0.08,0.05,100,100,9.56,1.56,100.0,0.06,0.143,0.129
1759195142571,2025-09-30 09:19:02.571,28.8,30.0,1.0,0.08,0.05,100,100,8.24,0.26,100.0,-0.26,0.124,0.155
1759195147571,2025-09-30 09:19:07.571,30.8,30.0,1.0,0.08,0.05,100,100,9.21,1.2,100.0,0.19,0.138,0.136
1759195152571,2025-09-30 09:19:12.571,30.33,30.0,1.0,0.08,0.05,100,100,6.86,-0.8,96.02,-0.4,0.103,0.176
1759195157571,2025-09-30 09:19:17.571,30.66,30.0,1.0,0.08,0.05,100,100,7.22,-0.33,94.34,0.09,0.108,0.167
1759195162571,2025-09-30 09:19:22.571,32.57,30.0,1.0,0.08,0.05,100,100,6.61,-0.66,91.02,-0.07,0.099,0.173
1759195167571,2025-09-30 09:19:27.571,32.3,30.0,1.0,0.08,0.05,100,100,3.66,-2.57,78.17,-0.38,0.055,0.211
1759195172571,2025-09-30 09:19:32.571,34.01,30.0,1.0,0.08,0.05,100,100,3.04,-2.3,66.68,0.05,0.046,0.206
1759195177571,2025-09-30 09:19:37.571,31.63,30.0,1.0,0.08,0.05,100,100,-0.29,-4.01,46.65,-0.34,0.0,0.24
1759195182571,2025-09-30 09:19:42.571,32.65,30.0,1.0,0.08,0.05,100,100,1.48,-1.63,38.51,0.48,0.022,0.193
1759195187571,2025-09-30 09:19:47.571,29.54,30.0,1.0,0.08,0.05,100,100,-0.63,-2.65,25.28,-0.2,0.0,0.213
1759195192571,2025-09-30 09:19:52.571,28.99,30.0,1.0,0.08,0.05,100,100,2.7,0.46,27.58,0.62,0.04,0.151
1759195197571,2025-09-30 09:19:57.571,29.63,30.0,1.0,0.08,0.05,100,100,3.62,1.01,32.61,0.11,0.054,0.14
1759195202571,2025-09-30 09:20:02.571,29.7,30.0,1.0,0.08,0.05,100,100,3.13,0.37,34.48,-0.13,0.047,0.153
1759195207571,2025-09-30 09:20:07.571,31.6,30.0,1.0,0.08,0.05,100,100,3.18,0.3,35.98,-0.01,0.048,0.154
1759195212571,2025-09-30 09:20:12.571,31.36,30.0,1.0,0.08,0.05,100,100,0.62,-1.6,27.98,-0.38,0.009,0.192
1759195217571,2025-09-30 09:20:17.571,32.99,30.0,1.0,0.08,0.05,100,100,0.33,-1.36,21.17,0.05,0.005,0.187
1759195222571,2025-09-30 09:20:22.571,32.78,30.0,1.0,0.08,0.05,100,100,-2.52,-2.99,6.19,-0.33,0.0,0.22
1759195227571,2025-09-30 09:20:27.571,34.83,30.0,1.0,0.08,0.05,100,100,-3.4,-2.78,-7.71,0.04,0.0,0.216
1759195232571,2025-09-30 09:20:32.571,32.88,30.0,1.0,0.08,0.05,100,100,-7.4,-4.83,-31.86,-0.41,0.0,0.257
1759195237571,2025-09-30 09:20:37.571,32.53,30.0,1.0,0.08,0.05,100,100,-6.56,-2.88,-46.24,0.39,0.0,0.218
1759195242571,2025-09-30 09:20:42.571,30.37,30.0,1.0,0.08,0.05,100,100,-7.24,-2.53,-58.88,0.07,0.0,0.211
1759195247571,2025-09-30 09:20:47.571,30.19,30.0,1.0,0.08,0.05,100,100,-5.2,-0.37,-60.72,0.43,0.0,0.167
1759195252571,2025-09-30 09:20:52.571,32.24,30.0,1.0,0.08,0.05,100,100,-5.11,-0.19,-61.64,0.04,0.0,0.164
1759195257571,2025-09-30 09:20:57.571,33.03,30.0,1.0,0.08,0.05,100,100,-8.09,-2.24,-72.87,-0.41,0.0,0.205
1759195262571,2025-09-30 09:21:02.571,33.38,30.0,1.0,0.08,0.05,100,100,-10.08,-3.03,-88.02,-0.16,0.0,0.221
1759195267571,2025-09-30 09:21:07.571,33.92,30.0,1.0,0.08,0.05,100,100,-11.39,-3.38,-100.0,-0.07,0.0,0.228
1759195272571,2025-09-30 09:21:12.571,34.87,30.0,1.0,0.08,0.05,100,100,-11.93,-3.92,-100.0,-0.11,0.0,0.238
1759195277571,2025-09-30 09:21:17.571,33.25,30.0,1.0,0.08,0.05,100,100,-12.88,-4.87,-100.0,-0.19,0.0,0.257
1759195282571,2025-09-30 09:21:22.571,34.16,30.0,1.0,0.08,0.05,100,100,-11.24,-3.25,-100.0,0.32,0.0,0.225
1759195287571,2025-09-30 09:21:27.571,32.25,30.0,1.0,0.08,0.05,100,100,-12.16,-4.16,-100.0,-0.18,0.0,0.243
1759195292571,2025-09-30 09:21:32.571,31.68,30.0,1.0,0.08,0.05,100,100,-10.23,-2.25,-100.0,0.38,0.0,0.205
1759195297571,2025-09-30 09:21:37.571,33.03,30.0,1.0,0.08,0.05,100,100,-9.67,-1.68,-100.0,0.11,0.0,0.194
1759195302571,2025-09-30 09:21:42.571,31.64,30.0,1.0,0.08,0.05,100,100,-11.04,-3.03,-100.0,-0.27,0.0,0.221
1759195307571,2025-09-30 09:21:47.571,30.15,30.0,1.0,0.08,0.05,100,100,-9.63,-1.64,-100.0,0.28,0.0,0.193
1759195312571,2025-09-30 09:21:52.571,32.9,30.0,1.0,0.08,0.05,100,100,-8.14,-0.15,-100.0,0.3,0.0,0.163
1759195317571,2025-09-30 09:21:57.571,34.84,30.0,1.0,0.08,0.05,100,100,-10.93,-2.9,-100.0,-0.55,0.0,0.218
1759195322571,2025-09-30 09:22:02.571,34.41,30.0,1.0,0.08,0.05,100,100,-12.86,-4.84,-100.0,-0.39,0.0,0.257
1759195327571,2025-09-30 09:22:07.571,35.84,30.0,1.0,0.08,0.05,100,100,-12.41,-4.41,-100.0,0.09,0.0,0.248
1759195332571,2025-09-30 09:22:12.571,34.13,30.0,1.0,0.08,0.05,100,100,-13.85,-5.84,-100.0,-0.29,0.0,0.277
1759195337571,2025-09-30 09:22:17.571,36.33,30.0,1.0,0.08,0.05,100,100,-12.12,-4.13,-100.0,0.34,0.0,0.243
1759195342571,2025-09-30 09:22:22.571,35.61,30.0,1.0,0.08,0.05,100,100,-14.36,-6.33,-100.0,-0.44,0.0,0.287
1759195347571,2025-09-30 09:22:27.571,35.55,30.0,1.0,0.08,0.05,100,100,-13.61,-5.61,-100.0,0.14,0.0,0.272
1759195352571,2025-09-30 09:22:32.571,35.56,30.0,1.0,0.08,0.05,100,100,-13.55,-5.55,-100.0,0.01,0.0,0.271
1759195357571,2025-09-30 09:22:37.571,37.45,30.0,1.0,0.08,0.05,100,100,-13.56,-5.56,-100.0,-0.0,0.0,0.271
1759195362571,2025-09-30 09:22:42.571,39.07,30.0,1.0,0.08,0.05,100,100,-15.47,-7.45,-100.0,-0.38,0.0,0.309
1759195367571,2025-09-30 09:22:47.571,38.0,30.0,1.0,0.08,0.05,100,100,-17.09,-9.07,-100.0,-0.32,0.0,0.341
1759195372571,2025-09-30 09:22:52.571,39.58,30.0,1.0,0.08,0.05,100,100,-15.99,-8.0,-100.0,0.21,0.0,0.32
1759195377571,2025-09-30 09:22:57.571,37.6,30.0,1.0,0.08,0.05,100,100,-17.6,-9.58,-100.0,-0.32,0.0,0.352
1759195382571,2025-09-30 09:23:02.571,35.79,30.0,1.0,0.08,0.05,100,100,-15.58,-7.6,-100.0,0.4,0.0,0.312
1759195387571,2025-09-30 09:23:07.571,35.82,30.0,1.0,0.08,0.05,100,100,-13.77,-5.79,-100.0,0.36,0.0,0.276
1759195392571,2025-09-30 09:23:12.571,37.44,30.0,1.0,0.08,0.05,100,100,-13.82,-5.82,-100.0,-0.01,0.0,0.276
1759195397571,2025-09-30 09:23:17.571,37.64,30.0,1.0,0.08,0.05,100,100,-15.46,-7.44,-100.0,-0.32,0.0,0.309
1759195402571,2025-09-30 09:23:22.571,37.15,30.0,1.0,0.08,0.05,100,100,-15.64,-7.64,-100.0,-0.04,0.0,0.313
1759195407571,2025-09-30 09:23:27.571,36.65,30.0,1.0,0.08,0.05,100,100,-15.14,-7.15,-100.0,0.1,0.0,0.303
1759195412571,2025-09-30 09:23:32.571,40.01,30.0,1.0,0.08,0.05,100,100,-14.64,-6.65,-100.0,0.1,0.0,0.293
1759195417571,2025-09-30 09:23:37.571,39.95,30.0,1.0,0.08,0.05,100,100,-18.04,-10.01,-100.0,-0.67,0.0,0.36
1759195422571,2025-09-30 09:23:42.571,38.76,30.0,1.0,0.08,0.05,100,100,-17.95,-9.95,-100.0,0.01,0.0,0.359
1759195427571,2025-09-30 09:23:47.571,40.99,30.0,1.0,0.08,0.05,100,100,-16.75,-8.76,-100.0,0.24,0.0,0.335
1759195432571,2025-09-30 09:23:52.571,41.67,30.0,1.0,0.08,0.05,100,100,-19.01,-10.99,-100.0,-0.45,0.0,0.38
1759195437571,2025-09-30 09:23:57.571,43.48,30.0,1.0,0.08,0.05,100,100,-19.68,-11.67,-100.0,-0.14,0.0,0.393
1759195442571,2025-09-30 09:24:02.571,44.89,30.0,1.0,0.08,0.05,100,100,-21.5,-13.48,-100.0,-0.36,0.0,0.43
1759195447571,2025-09-30 09:24:07.571,44.49,30.0,1.0,0.08,0.05,100,100,-22.91,-14.89,-100.0,-0.28,0.0,0.458
1759195452571,2025-09-30 09:24:12.571,45.1,30.0,1.0,0.08,0.05,100,100,-22.49,-14.49,-100.0,0.08,0.0,0.45
1759195457571,2025-09-30 09:24:17.571,45.52,30.0,1.0,0.08,0.05,100,100,-23.1,-15.1,-100.0,-0.12,0.0,0.462
1759195462571,2025-09-30 09:24:22.571,45.74,30.0,1.0,0.08,0.05,100,100,-23.53,-15.52,-100.0,-0.08,0.0,0.47
1759195467571,2025-09-30 09:24:27.571,45.79,30.0,1.0,0.08,0.05,100,100,-23.74,-15.74,-100.0,-0.04,0.0,0.475
1759195472571,2025-09-30 09:24:32.571,46.22,30.0,1.0,0.08,0.05,100,100,-23.79,-15.79,-100.0,-0.01,0.0,0.476
1759195477571,2025-09-30 09:24:37.571,46.28,30.0,1.0,0.08,0.05,100,100,-24.23,-16.22,-100.0,-0.09,0.0,0.484
1759195482571,2025-09-30 09:24:42.571,45.01,30.0,1.0,0.08,0.05,100,100,-24.29,-16.28,-100.0,-0.01,0.0,0.486
1759195487571,2025-09-30 09:24:47.571,47.23,30.0,1.0,0.08,0.05,100,100,-22.99,-15.01,-100.0,0.26,0.0,0.46
1759195492571,2025-09-30 09:24:52.571,46.11,30.0,1.0,0.08,0.05,100,100,-25.25,-17.23,-100.0,-0.44,0.0,0.505
1759195497571,2025-09-30 09:24:57.571,45.86,30.0,1.0,0.08,0.05,100,100,-24.1,-16.11,-100.0,0.22,0.0,0.482
1759195502571,2025-09-30 09:25:02.571,47.89,30.0,1.0,0.08,0.05,100,100,-23.86,-15.86,-100.0,0.05,0.0,0.477
1759195507571,2025-09-30 09:25:07.571,47.71,30.0,1.0,0.08,0.05,100,100,-25.91,-17.89,-100.0,-0.41,0.0,0.518
1759195512571,2025-09-30 09:25:12.571,49.36,30.0,1.0,0.08,0.05,100,100,-25.71,-17.71,-100.0,0.04,0.0,0.514
1759195517571,2025-09-30 09:25:17.571,48.93,30.0,1.0,0.08,0.05,100,100,-27.37,-19.36,-100.0,-0.33,0.0,0.547
1759195522571,2025-09-30 09:25:22.571,47.54,30.0,1.0,0.08,0.05,100,100,-26.93,-18.93,-100.0,0.09,0.0,0.539
1759195527571,2025-09-30 09:25:27.571,50.84,30.0,1.0,0.08,0.05,100,100,-25.52,-17.54,-100.0,0.28,0.0,0.511
1759195532571,2025-09-30 09:25:32.571,50.39,30.0,1.0,0.08,0.05,100,100,-28.87,-20.84,-100.0,-0.66,0.0,0.577
1759195537571,2025-09-30 09:25:37.571,52.59,30.0,1.0,0.08,0.05,100,100,-28.38,-20.39,-100.0,0.09,0.0,0.568
1759195542571,2025-09-30 09:25:42.571,54.85,30.0,1.0,0.08,0.05,100,100,-30.61,-22.59,-100.0,-0.44,0.0,0.612
1759195547571,2025-09-30 09:25:47.571,57.39,30.0,1.0,0.08,0.05,100,100,-32.87,-24.85,-100.0,-0.45,0.0,0.657
1759195552571,2025-09-30 09:25:52.571,56.93,30.0,1.0,0.08,0.05,100,100,-35.41,-27.39,-100.0,-0.51,0.0,0.708
1759195557571,2025-09-30 09:25:57.571,58.74,30.0,1.0,0.08,0.05,100,100,-34.92,-26.93,-100.0,0.09,0.0,0.699
1759195562571,2025-09-30 09:26:02.571,57.55,30.0,1.0,0.08,0.05,100,100,-36.76,-28.74,-100.0,-0.36,0.0,0.735
1759195567571,2025-09-30 09:26:07.571,59.05,30.0,1.0,0.08,0.05,100,100,-35.54,-27.55,-100.0,0.24,0.0,0.711
1759195572571,2025-09-30 09:26:12.571,59.85,30.0,1.0,0.08,0.05,100,100,-37.06,-29.05,-100.0,-0.3,0.0,0.741
1759195577571,2025-09-30 09:26:17.571,60.72,30.0,1.0,0.08,0.05,100,100,-37.85,-29.85,-100.0,-0.16,0.0,0.757
1759195582571,2025-09-30 09:26:22.571,59.9,30.0,1.0,0.08,0.05,100,100,-38.73,-30.72,-100.0,-0.18,0.0,0.774
1759195587571,2025-09-30 09:26:27.571,60.7,30.0,1.0,0.08,0.05,100,100,-37.89,-29.9,-100.0,0.17,0.0,0.758
1759195592571,2025-09-30 09:26:32.571,60.45,30.0,1.0,0.08,0.05,100,100,-38.7,-30.7,-100.0,-0.16,0.0,0.774
1759195597571,2025-09-30 09:26:37.571,61.0,30.0,1.0,0.08,0.05,100,100,-38.45,-30.45,-100.0,0.05,0.0,0.769
1759195602571,2025-09-30 09:26:42.571,62.75,30.0,1.0,0.08,0.05,100,100,-39.01,-31.0,-100.0,-0.11,0.0,0.78
1759195607571,2025-09-30 09:26:47.571,62.25,30.0,1.0,0.08,0.05,100,100,-40.77,-32.75,-100.0,-0.35,0.0,0.815
1759195612571,2025-09-30 09:26:52.571,62.68,30.0,1.0,0.08,0.05,100,100,-40.25,-32.25,-100.0,0.1,0.0,0.805
1759195617571,2025-09-30 09:26:57.571,63.73,30.0,1.0,0.08,0.05,100,100,-40.69,-32.68,-100.0,-0.09,0.0,0.814
1759195622571,2025-09-30 09:27:02.571,62.69,30.0,1.0,0.08,0.05,100,100,-41.74,-33.73,-100.0,-0.21,0.0,0.835
1759195627571,2025-09-30 09:27:07.571,65.29,30.0,1.0,0.08,0.05,100,100,-40.68,-32.69,-100.0,0.21,0.0,0.814
1759195632571,2025-09-30 09:27:12.571,65.43,30.0,1.0,0.08,0.05,100,100,-43.32,-35.29,-100.0,-0.52,0.0,0.866
1759195637571,2025-09-30 09:27:17.571,62.7,30.0,1.0,0.08,0.05,100,100,-43.44,-35.43,-100.0,-0.03,0.0,0.869
1759195642571,2025-09-30 09:27:22.571,64.63,30.0,1.0,0.08,0.05,100,100,-40.67,-32.7,-100.0,0.55,0.0,0.814
1759195647571,2025-09-30 09:27:27.571,63.63,30.0,1.0,0.08,0.05,100,100,-42.65,-34.63,-100.0,-0.39,0.0,0.853
1759195652571,2025-09-30 09:27:32.571,62.12,30.0,1.0,0.08,0.05,100,100,-41.62,-33.63,-100.0,0.2,0.0,0.833
1759195657571,2025-09-30 09:27:37.571,60.94,30.0,1.0,0.08,0.05,100,100,-40.11,-32.12,-100.0,0.3,0.0,0.802
1759195662571,2025-09-30 09:27:42.571,60.69,30.0,1.0,0.08,0.05,100,100,-38.93,-30.94,-100.0,0.24,0.0,0.779
1759195667571,2025-09-30 09:27:47.571,58.1,30.0,1.0,0.08,0.05,100,100,-38.69,-30.69,-100.0,0.05,0.0,0.774
1759195672571,2025-09-30 09:27:52.571,56.16,30.0,1.0,0.08,0.05,100,100,-36.07,-28.1,-100.0,0.52,0.0,0.722
1759195677571,2025-09-30 09:27:57.571,57.7,30.0,1.0,0.08,0.05,100,100,-34.14,-26.16,-100.0,0.39,0.0,0.683
1759195682571,2025-09-30 09:28:02.571,56.68,30.0,1.0,0.08,0.05,100,100,-35.71,-27.7,-100.0,-0.31,0.0,0.714
1759195687571,2025-09-30 09:28:07.571,56.83,30.0,1.0,0.08,0.05,100,100,-34.67,-26.68,-100.0,0.2,0.0,0.694
1759195692571,2025-09-30 09:28:12.571,55.88,30.0,1.0,0.08,0.05,100,100,-34.83,-26.83,-100.0,-0.03,0.0,0.697
1759195697571,2025-09-30 09:28:17.571,53.35,30.0,1.0,0.08,0.05,100,100,-33.87,-25.88,-100.0,0.19,0.0,0.678
1759195702571,2025-09-30 09:28:22.571,54.23,30.0,1.0,0.08,0.05,100,100,-31.33,-23.35,-100.0,0.5,0.0,0.627
1759195707571,2025-09-30 09:28:27.571,54.82,30.0,1.0,0.08,0.05,100,100,-32.24,-24.23,-100.0,-0.18,0.0,0.645
1759195712571,2025-09-30 09:28:32.571,55.94,30.0,1.0,0.08,0.05,100,100,-32.82,-24.82,-100.0,-0.12,0.0,0.656
1759195717571,2025-09-30 09:28:37.571,56.22,30.0,1.0,0.08,0.05,100,100,-33.95,-25.94,-100.0,-0.22,0.0,0.679
1759195722571,2025-09-30 09:28:42.571,55.94,30.0,1.0,0.08,0.05,100,100,-34.22,-26.22,-100.0,-0.06,0.0,0.684
1759195727571,2025-09-30 09:28:47.571,55.58,30.0,1.0,0.08,0.05,100,100,-33.94,-25.94,-100.0,0.06,0.0,0.679
1759195732571,2025-09-30 09:28:52.571,50.02,30.0,1.0,0.08,0.05,100,100,-33.58,-25.58,-100.0,0.07,0.0,0.672
1759195737571,2025-09-30 09:28:57.571,51.02,30.0,1.0,0.08,0.05,100,100,-27.96,-20.02,-100.0,1.11,0.0,0.56
1759195742571,2025-09-30 09:29:02.571,50.96,30.0,1.0,0.08,0.05,100,100,-29.03,-21.02,-100.0,-0.2,0.0,0.58
1759195747571,2025-09-30 09:29:07.571,52.65,30.0,1.0,0.08,0.05,100,100,-28.96,-20.96,-100.0,0.01,0.0,0.579
1759195752571,2025-09-30 09:29:12.571,51.34,30.0,1.0,0.08,0.05,100,100,-30.67,-22.65,-100.0,-0.34,0.0,0.613
1759195757571,2025-09-30 09:29:17.571,51.61,30.0,1.0,0.08,0.05,100,100,-29.33,-21.34,-100.0,0.26,0.0,0.587
1759195762571,2025-09-30 09:29:22.571,53.39,30.0,1.0,0.08,0.05,100,100,-29.61,-21.61,-100.0,-0.05,0.0,0.592
1759195767571,2025-09-30 09:29:27.571,53.21,30.0,1.0,0.08,0.05,100,100,-31.41,-23.39,-100.0,-0.36,0.0,0.628
1759195772571,2025-09-30 09:29:32.571,52.72,30.0,1.0,0.08,0.05,100,100,-31.21,-23.21,-100.0,0.04,0.0,0.624
1759195777571,2025-09-30 09:29:37.571,52.36,30.0,1.0,0.08,0.05,100,100,-30.72,-22.72,-100.0,0.1,0.0,0.614
1759195782571,2025-09-30 09:29:42.571,51.66,30.0,1.0,0.08,0.05,100,100,-30.36,-22.36,-100.0,0.07,0.0,0.607
1759195787571,2025-09-30 09:29:47.571,49.9,30.0,1.0,0.08,0.05,100,100,-29.65,-21.66,-100.0,0.14,0.0,0.593
1759195792571,2025-09-30 09:29:52.571,48.31,30.0,1.0,0.08,0.05,100,100,-27.88,-19.9,-100.0,0.35,0.0,0.558
1759195797571,2025-09-30 09:29:57.571,49.98,30.0,1.0,0.08,0.05,100,100,-26.3,-18.31,-100.0,0.32,0.0,0.526
1759195802571,2025-09-30 09:30:02.571,49.72,30.0,1.0,0.08,0.05,100,100,-27.99,-19.98,-100.0,-0.33,0.0,0.56
1759195807571,2025-09-30 09:30:07.571,51.07,30.0,1.0,0.08,0.05,100,100,-27.71,-19.72,-100.0,0.05,0.0,0.554
1759195812571,2025-09-30 09:30:12.571,52.44,30.0,1.0,0.08,0.05,100,100,-29.08,-21.07,-100.0,-0.27,0.0,0.581
1759195817571,2025-09-30 09:30:17.571,52.95,30.0,1.0,0.08,0.05,100,100,-30.46,-22.44,-100.0,-0.28,0.0,0.609
1759195822571,2025-09-30 09:30:22.571,52.65,30.0,1.0,0.08,0.05,100,100,-30.96,-22.95,-100.0,-0.1,0.0,0.619
1759195827571,2025-09-30 09:30:27.571,52.35,30.0,1.0,0.08,0.05,100,100,-30.64,-22.65,-100.0,0.06,0.0,0.613
1759195832571,2025-09-30 09:30:32.571,51.92,30.0,1.0,0.08,0.05,100,100,-30.34,-22.35,-100.0,0.06,0.0,0.607
1759195837571,2025-09-30 09:30:37.571,51.63,30.0,1.0,0.08,0.05,100,100,-29.92,-21.92,-100.0,0.08,0.0,0.598
1759195842571,2025-09-30 09:30:42.571,53.55,30.0,1.0,0.08,0.05,100,100,-29.63,-21.63,-100.0,0.06,0.0,0.593
1759195847571,2025-09-30 09:30:47.571,53.61,30.0,1.0,0.08,0.05,100,100,-31.57,-23.55,-100.0,-0.38,0.0,0.631
1759195852571,2025-09-30 09:30:52.571,52.76,30.0,1.0,0.08,0.05,100,100,-31.61,-23.61,-100.0,-0.01,0.0,0.632
1759195857571,2025-09-30 09:30:57.571,49.15,30.0,1.0,0.08,0.05,100,100,-30.75,-22.76,-100.0,0.17,0.0,0.615
1759195862571,2025-09-30 09:31:02.571,49.81,40.0,1.0,0.08,0.05,100,100,-27.11,-19.15,-100.0,0.72,0.0,0.543
1759195867571,2025-09-30 09:31:07.571,51.28,40.0,1.0,0.08,0.05,100,100,-17.71,-9.81,-100.0,1.87,0.0,0.556
1759195872571,2025-09-30 09:31:12.571,49.96,40.0,1.0,0.08,0.05,100,100,-19.3,-11.28,-100.0,-0.3,0.0,0.586
1759195877571,2025-09-30 09:31:17.571,48.47,40.0,1.0,0.08,0.05,100,100,-17.95,-9.96,-100.0,0.26,0.0,0.559
1759195882571,2025-09-30 09:31:22.571,47.33,40.0,1.0,0.08,0.05,100,100,-16.45,-8.47,-100.0,0.3,0.0,0.529
1759195887571,2025-09-30 09:31:27.571,47.81,40.0,1.0,0.08,0.05,100,100,-15.32,-7.33,-100.0,0.23,0.0,0.507
1759195892571,2025-09-30 09:31:32.571,48.03,40.0,1.0,0.08,0.05,100,100,-15.81,-7.81,-100.0,-0.1,0.0,0.516
1759195897571,2025-09-30 09:31:37.571,47.34,40.0,1.0,0.08,0.05,100,100,-16.04,-8.03,-100.0,-0.05,0.0,0.521
1759195902571,2025-09-30 09:31:42.571,47.34,40.0,1.0,0.08,0.05,100,100,-15.33,-7.34,-100.0,0.14,0.0,0.507
1759195907571,2025-09-30 09:31:47.571,51.17,40.0,1.0,0.08,0.05,100,100,-15.34,-7.34,-100.0,-0.0,0.0,0.507
1759195912571,2025-09-30 09:31:52.571,50.69,40.0,1.0,0.08,0.05,100,100,-19.21,-11.17,-100.0,-0.77,0.0,0.583
1759195917571,2025-09-30 09:31:57.571,50.55,28.0,1.0,0.08,0.05,100,100,-18.68,-10.69,-100.0,0.1,0.0,0.574
1759195922571,2025-09-30 09:32:02.571,50.06,28.0,1.0,0.08,0.05,100,100,-30.67,-22.55,-100.0,-2.37,0.0,0.571
1759195927571,2025-09-30 09:32:07.571,47.86,28.0,1.0,0.08,0.05,100,100,-30.05,-22.06,-100.0,0.1,0.0,0.561
1759195932571,2025-09-30 09:32:12.571,49.41,28.0,1.0,0.08,0.05,100,100,-27.84,-19.86,-100.0,0.44,0.0,0.517
1759195937571,2025-09-30 09:32:17.571,50.8,28.0,1.0,0.08,0.05,100,100,-29.43,-21.41,-100.0,-0.31,0.0,0.548
1759195942571,2025-09-30 09:32:22.571,52.89,28.0,1.0,0.08,0.05,100,100,-30.81,-22.8,-100.0,-0.28,0.0,0.576
1759195947571,2025-09-30 09:32:27.571,50.93,28.0,1.0,0.08,0.05,100,100,-32.91,-24.89,-100.0,-0.42,0.0,0.618
1759195952571,2025-09-30 09:32:32.571,51.3,28.0,1.0,0.08,0.05,100,100,-30.91,-22.93,-100.0,0.39,0.0,0.579
1759195957571,2025-09-30 09:32:37.571,50.71,28.0,1.0,0.08,0.05,100,100,-31.31,-23.3,-100.0,-0.07,0.0,0.586
1759195962571,2025-09-30 09:32:42.571,50.35,28.0,1.0,0.08,0.05,100,100,-30.7,-22.71,-100.0,0.12,0.0,0.574
1759195967571,2025-09-30 09:32:47.571,48.35,28.0,1.0,0.08,0.05,100,100,-30.34,-22.35,-100.0,0.07,0.0,0.567
1759195972571,2025-09-30 09:32:52.571,48.89,28.0,1.0,0.08,0.05,100,100,-28.33,-20.35,-100.0,0.4,0.0,0.527
1759195977571,2025-09-30 09:32:57.571,49.61,28.0,1.0,0.08,0.05,100,100,-28.9,-20.89,-100.0,-0.11,0.0,0.538
1759195982571,2025-09-30 09:33:02.571,50.26,28.0,1.0,0.08,0.05,100,100,-29.62,-21.61,-100.0,-0.14,0.0,0.552
1759195987571,2025-09-30 09:33:07.571,51.16,28.0,1.0,0.08,0.05,100,100,-30.27,-22.26,-100.0,-0.13,0.0,0.565
1759195992571,2025-09-30 09:33:12.571,49.96,40.0,1.0,0.08,0.05,100,100,-31.17,-23.16,-100.0,-0.18,0.0,0.583
1759195997571,2025-09-30 09:33:17.571,53.63,40.0,1.0,0.08,0.05,100,100,-17.83,-9.96,-100.0,2.64,0.0,0.559
1759196002571,2025-09-30 09:33:22.571,55.51,40.0,1.0,0.08,0.05,100,100,-21.66,-13.63,-100.0,-0.73,0.0,0.633
1759196007571,2025-09-30 09:33:27.571,57.13,40.0,1.0,0.08,0.05,100,100,-23.52,-15.51,-100.0,-0.38,0.0,0.67
1759196012571,2025-09-30 09:33:32.571,56.46,40.0,1.0,0.08,0.05,100,100,-25.15,-17.13,-100.0,-0.32,0.0,0.703
1759196017571,2025-09-30 09:33:37.571,56.01,40.0,1.0,0.08,0.05,100,100,-24.45,-16.46,-100.0,0.13,0.0,0.689
1759196022571,2025-09-30 09:33:42.571,56.3,40.0,1.0,0.08,0.05,100,100,-24.01,-16.01,-100.0,0.09,0.0,0.68
1759196027571,2025-09-30 09:33:47.571,56.35,40.0,1.0,0.08,0.05,100,100,-24.3,-16.3,-100.0,-0.06,0.0,0.686
1759196032571,2025-09-30 09:33:52.571,55.93,40.0,1.0,0.08,0.05,100,100,-24.36,-16.35,-100.0,-0.01,0.0,0.687
1759196037571,2025-09-30 09:33:57.571,56.77,40.0,1.0,0.08,0.05,100,100,-23.93,-15.93,-100.0,0.08,0.0,0.679
1759196042571,2025-09-30 09:34:02.571,56.52,40.0,1.0,0.08,0.05,100,100,-24.78,-16.77,-100.0,-0.17,0.0,0.695
1759196047571,2025-09-30 09:34:07.571,56.86,40.0,1.0,0.08,0.05,100,100,-24.52,-16.52,-100.0,0.05,0.0,0.69
1759196052571,2025-09-30 09:34:12.571,57.08,40.0,1.0,0.08,0.05,100,100,-24.86,-16.86,-100.0,-0.07,0.0,0.697
1759196057571,2025-09-30 09:34:17.571,56.44,40.0,1.0,0.08,0.05,100,100,-25.09,-17.08,-100.0,-0.05,0.0,0.702
1759196062571,2025-09-30 09:34:22.571,58.79,40.0,1.0,0.08,0.05,100,100,-24.43,-16.44,-100.0,0.13,0.0,0.689
1759196067571,2025-09-30 09:34:27.571,58.03,40.0,1.0,0.08,0.05,100,100,-26.82,-18.79,-100.0,-0.47,0.0,0.736
1759196072571,2025-09-30 09:34:32.571,59.63,40.0,1.0,0.08,0.05,100,100,-26.02,-18.03,-100.0,0.15,0.0,0.721
1759196077571,2025-09-30 09:34:37.571,59.16,40.0,1.0,0.08,0.05,100,100,-27.65,-19.63,-100.0,-0.32,0.0,0.753
1759196082571,2025-09-30 09:34:42.571,59.62,40.0,1.0,0.08,0.05,100,100,-27.15,-19.16,-100.0,0.1,0.0,0.743
1759196087571,2025-09-30 09:34:47.571,59.19,40.0,1.0,0.08,0.05,100,100,-27.62,-19.62,-100.0,-0.09,0.0,0.752
1759196092571,2025-09-30 09:34:52.571,61.88,40.0,1.0,0.08,0.05,100,100,-27.19,-19.19,-100.0,0.08,0.0,0.744
1759196097571,2025-09-30 09:34:57.571,63.28,40.0,1.0,0.08,0.05,100,100,-29.91,-21.88,-100.0,-0.54,0.0,0.798
1759196102571,2025-09-30 09:35:02.571,63.42,40.0,1.0,0.08,0.05,100,100,-31.29,-23.28,-100.0,-0.28,0.0,0.826
1759196107571,2025-09-30 09:35:07.571,64.81,40.0,1.0,0.08,0.05,100,100,-31.42,-23.42,-100.0,-0.03,0.0,0.828
1759196112571,2025-09-30 09:35:12.571,65.82,40.0,1.0,0.08,0.05,100,100,-32.82,-24.81,-100.0,-0.28,0.0,0.856
1759196117571,2025-09-30 09:35:17.571,65.33,40.0,1.0,0.08,0.05,100,100,-33.83,-25.82,-100.0,-0.2,0.0,0.876
1759196122571,2025-09-30 09:35:22.571,62.94,40.0,1.0,0.08,0.05,100,100,-33.33,-25.33,-100.0,0.1,0.0,0.867
1759196127571,2025-09-30 09:35:27.571,61.99,40.0,1.0,0.08,0.05,100,100,-30.91,-22.94,-100.0,0.48,0.0,0.819
1759196132571,2025-09-30 09:35:32.571,63.68,40.0,1.0,0.08,0.05,100,100,-29.98,-21.99,-100.0,0.19,0.0,0.8
1759196137571,2025-09-30 09:35:37.571,61.95,40.0,1.0,0.08,0.05,100,100,-31.7,-23.68,-100.0,-0.34,0.0,0.834
1759196142571,2025-09-30 09:35:42.571,61.99,40.0,1.0,0.08,0.05,100,100,-29.93,-21.95,-100.0,0.35,0.0,0.799
1759196147571,2025-09-30 09:35:47.571,62.29,40.0,1.0,0.08,0.05,100,100,-30.0,-21.99,-100.0,-0.01,0.0,0.8
1759196152571,2025-09-30 09:35:52.571,59.92,40.0,1.0,0.08,0.05,100,100,-30.3,-22.29,-100.0,-0.06,0.0,0.806
1759196157571,2025-09-30 09:35:57.571,60.58,40.0,1.0,0.08,0.05,100,100,-27.9,-19.92,-100.0,0.47,0.0,0.758
1759196162571,2025-09-30 09:36:02.571,59.8,40.0,1.0,0.08,0.05,100,100,-28.59,-20.58,-100.0,-0.13,0.0,0.772
1759196167571,2025-09-30 09:36:07.571,59.05,40.0,1.0,0.08,0.05,100,100,-27.79,-19.8,-100.0,0.16,0.0,0.756
1759196172571,2025-09-30 09:36:12.571,59.27,40.0,1.0,0.08,0.05,100,100,-27.05,-19.05,-100.0,0.15,0.0,0.741
1759196177571,2025-09-30 09:36:17.571,61.09,40.0,1.0,0.08,0.05,100,100,-27.27,-19.27,-100.0,-0.04,0.0,0.745
1759196182571,2025-09-30 09:36:22.571,61.99,40.0,1.0,0.08,0.05,100,100,-29.11,-21.09,-100.0,-0.36,0.0,0.782
1759196187571,2025-09-30 09:36:27.571,63.78,40.0,1.0,0.08,0.05,100,100,-30.0,-21.99,-100.0,-0.18,0.0,0.8
1759196192571,2025-09-30 09:36:32.571,63.03,40.0,1.0,0.08,0.05,100,100,-31.79,-23.78,-100.0,-0.36,0.0,0.836
1759196197571,2025-09-30 09:36:37.571,61.47,40.0,1.0,0.08,0.05,100,100,-31.02,-23.03,-100.0,0.15,0.0,0.821
1759196202571,2025-09-30 09:36:42.571,61.77,40.0,1.0,0.08,0.05,100,100,-29.46,-21.47,-100.0,0.31,0.0,0.789
1759196207571,2025-09-30 09:36:47.571,60.81,40.0,1.0,0.08,0.05,100,100,-29.77,-21.77,-100.0,-0.06,0.0,0.795
1759196212571,2025-09-30 09:36:52.571,61.81,40.0,1.0,0.08,0.05,100,100,-28.8,-20.81,-100.0,0.19,0.0,0.776
1759196217571,2025-09-30 09:36:57.571,61.02,40.0,1.0,0.08,0.05,100,100,-29.82,-21.81,-100.0,-0.2,0.0,0.796
1759196222571,2025-09-30 09:37:02.571,60.2,40.0,1.0,0.08,0.05,100,100,-29.02,-21.02,-100.0,0.16,0.0,0.78
1759196227571,2025-09-30 09:37:07.571,59.98,40.0,1.0,0.08,0.05,100,100,-28.19,-20.2,-100.0,0.17,0.0,0.764
1759196232571,2025-09-30 09:37:12.571,60.73,40.0,1.0,0.08,0.05,100,100,-27.98,-19.98,-100.0,0.04,0.0,0.76
1759196237571,2025-09-30 09:37:17.571,57.65,40.0,1.0,0.08,0.05,100,100,-28.73,-20.73,-100.0,-0.15,0.0,0.775
1759196242571,2025-09-30 09:37:22.571,57.44,40.0,1.0,0.08,0.05,100,100,-25.62,-17.65,-100.0,0.62,0.0,0.713
1759196247571,2025-09-30 09:37:27.571,55.13,40.0,1.0,0.08,0.05,100,100,-25.44,-17.44,-100.0,0.04,0.0,0.709
1759196252571,2025-09-30 09:37:32.571,56.04,40.0,1.0,0.08,0.05,100,100,-23.11,-15.13,-100.0,0.46,0.0,0.663
1759196257571,2025-09-30 09:37:37.571,55.85,40.0,1.0,0.08,0.05,100,100,-24.05,-16.04,-100.0,-0.18,0.0,0.681
1759196262571,2025-09-30 09:37:42.571,55.98,40.0,1.0,0.08,0.05,100,100,-23.85,-15.85,-100.0,0.04,0.0,0.677
1759196267571,2025-09-30 09:37:47.571,55.97,40.0,1.0,0.08,0.05,100,100,-23.99,-15.98,-100.0,-0.03,0.0,0.68
1759196272571,2025-09-30 09:37:52.571,56.42,40.0,1.0,0.08,0.05,100,100,-23.97,-15.97,-100.0,0.0,0.0,0.679
1759196277571,2025-09-30 09:37:57.571,56.43,40.0,1.0,0.08,0.05,100,100,-24.42,-16.42,-100.0,-0.09,0.0,0.688
1759196282571,2025-09-30 09:38:02.571,59.78,40.0,1.0,0.08,0.05,100,100,-24.43,-16.43,-100.0,-0.0,0.0,0.689
1759196287571,2025-09-30 09:38:07.571,59.8,40.0,1.0,0.08,0.05,100,100,-27.81,-19.78,-100.0,-0.67,0.0,0.756
1759196292571,2025-09-30 09:38:12.571,59.41,40.0,1.0,0.08,0.05,100,100,-27.8,-19.8,-100.0,-0.0,0.0,0.756
1759196297571,2025-09-30 09:38:17.571,58.18,40.0,1.0,0.08,0.05,100,100,-27.41,-19.41,-100.0,0.08,0.0,0.748
1759196302571,2025-09-30 09:38:22.571,57.39,40.0,1.0,0.08,0.05,100,100,-26.17,-18.18,-100.0,0.25,0.0,0.724
1759196307571,2025-09-30 09:38:27.571,54.59,40.0,1.0,0.08,0.05,100,100,-25.39,-17.39,-100.0,0.16,0.0,0.708
1759196312571,2025-09-30 09:38:32.571,54.27,40.0,1.0,0.08,0.05,100,100,-22.56,-14.59,-100.0,0.56,0.0,0.652
1759196317571,2025-09-30 09:38:37.571,54.96,40.0,1.0,0.08,0.05,100,100,-22.27,-14.27,-100.0,0.06,0.0,0.645
1759196322571,2025-09-30 09:38:42.571,55.5,40.0,1.0,0.08,0.05,100,100,-22.97,-14.96,-100.0,-0.14,0.0,0.659
1759196327571,2025-09-30 09:38:47.571,54.8,40.0,1.0,0.08,0.05,100,100,-23.5,-15.5,-100.0,-0.11,0.0,0.67
1759196332571,2025-09-30 09:38:52.571,52.48,40.0,1.0,0.08,0.05,100,100,-22.79,-14.8,-100.0,0.14,0.0,0.656
1759196337571,2025-09-30 09:38:57.571,55.69,40.0,1.0,0.08,0.05,100,100,-20.46,-12.48,-100.0,0.46,0.0,0.61
1759196342571,2025-09-30 09:39:02.571,54.68,40.0,1.0,0.08,0.05,100,100,-23.72,-15.69,-100.0,-0.64,0.0,0.674
1759196347571,2025-09-30 09:39:07.571,55.74,40.0,1.0,0.08,0.05,100,100,-22.67,-14.68,-100.0,0.2,0.0,0.654
1759196352571,2025-09-30 09:39:12.571,54.5,40.0,1.0,0.08,0.05,100,100,-23.75,-15.74,-100.0,-0.21,0.0,0.675
1759196357571,2025-09-30 09:39:17.571,52.01,40.0,1.0,0.08,0.05,100,100,-22.48,-14.5,-100.0,0.25,0.0,0.65
1759196362571,2025-09-30 09:39:22.571,53.45,40.0,1.0,0.08,0.05,100,100,-19.99,-12.01,-100.0,0.5,0.0,0.6
1759196367571,2025-09-30 09:39:27.571,53.38,40.0,1.0,0.08,0.05,100,100,-21.46,-13.45,-100.0,-0.29,0.0,0.629
1759196372571,2025-09-30 09:39:32.571,53.98,40.0,1.0,0.08,0.05,100,100,-21.38,-13.38,-100.0,0.01,0.0,0.628
1759196377571,2025-09-30 09:39:37.571,54.43,40.0,1.0,0.08,0.05,100,100,-21.99,-13.98,-100.0,-0.12,0.0,0.64
1759196382571,2025-09-30 09:39:42.571,55.6,40.0,1.0,0.08,0.05,100,100,-22.44,-14.43,-100.0,-0.09,0.0,0.649
1759196387571,2025-09-30 09:39:47.571,56.04,40.0,1.0,0.08,0.05,100,100,-23.61,-15.6,-100.0,-0.23,0.0,0.672
1759196392571,2025-09-30 09:39:52.571,55.77,40.0,1.0,0.08,0.05,100,100,-24.04,-16.04,-100.0,-0.09,0.0,0.681
1759196397571,2025-09-30 09:39:57.571,55.94,40.0,1.0,0.08,0.05,100,100,-23.76,-15.77,-100.0,0.05,0.0,0.675
1759196402571,2025-09-30 09:40:02.571,56.38,40.0,1.0,0.08,0.05,100,100,-23.94,-15.94,-100.0,-0.04,0.0,0.679
1759196407571,2025-09-30 09:40:07.571,56.02,40.0,1.0,0.08,0.05,100,100,-24.38,-16.38,-100.0,-0.09,0.0,0.688
1759196412571,2025-09-30 09:40:12.571,57.49,40.0,1.0,0.08,0.05,100,100,-24.01,-16.02,-100.0,0.07,0.0,0.68
1759196417571,2025-09-30 09:40:17.571,57.95,40.0,1.0,0.08,0.05,100,100,-25.5,-17.49,-100.0,-0.29,0.0,0.71
1759196422571,2025-09-30 09:40:22.571,57.87,40.0,1.0,0.08,0.05,100,100,-25.95,-17.95,-100.0,-0.09,0.0,0.719
1759196427571,2025-09-30 09:40:27.571,61.65,40.0,1.0,0.08,0.05,100,100,-25.87,-17.87,-100.0,0.02,0.0,0.717
1759196432571,2025-09-30 09:40:32.571,60.17,40.0,1.0,0.08,0.05,100,100,-29.69,-21.65,-100.0,-0.76,0.0,0.793
1759196437571,2025-09-30 09:40:37.571,58.71,40.0,1.0,0.08,0.05,100,100,-28.16,-20.17,-100.0,0.3,0.0,0.763
1759196442571,2025-09-30 09:40:42.571,58.16,40.0,1.0,0.08,0.05,100,100,-26.7,-18.71,-100.0,0.29,0.0,0.734
1759196447571,2025-09-30 09:40:47.571,57.98,40.0,1.0,0.08,0.05,100,100,-26.15,-18.16,-100.0,0.11,0.0,0.723
1759196452571,2025-09-30 09:40:52.571,57.33,40.0,1.0,0.08,0.05,100,100,-25.98,-17.98,-100.0,0.03,0.0,0.72
1759196457571,2025-09-30 09:40:57.571,57.84,40.0,1.0,0.08,0.05,100,100,-25.32,-17.33,-100.0,0.13,0.0,0.707
1759196462571,2025-09-30 09:41:02.571,59.06,40.0,1.0,0.08,0.05,100,100,-25.84,-17.84,-100.0,-0.1,0.0,0.717
1759196467571,2025-09-30 09:41:07.571,55.42,40.0,1.0,0.08,0.05,100,100,-27.08,-19.06,-100.0,-0.25,0.0,0.741
1759196472571,2025-09-30 09:41:12.571,57.51,40.0,1.0,0.08,0.05,100,100,-23.38,-15.42,-100.0,0.73,0.0,0.668
1759196477571,2025-09-30 09:41:17.571,56.42,40.0,1.0,0.08,0.05,100,100,-25.53,-17.51,-100.0,-0.42,0.0,0.71
1759196482571,2025-09-30 09:41:22.571,55.06,40.0,1.0,0.08,0.05,100,100,-24.41,-16.42,-100.0,0.22,0.0,0.688
1759196487571,2025-09-30 09:41:27.571,53.36,40.0,1.0,0.08,0.05,100,100,-23.05,-15.06,-100.0,0.27,0.0,0.661
1759196492571,2025-09-30 09:41:32.571,50.27,40.0,1.0,0.08,0.05,100,100,-21.34,-13.36,-100.0,0.34,0.0,0.627
1759196497571,2025-09-30 09:41:37.571,49.06,40.0,1.0,0.08,0.05,100,100,-18.24,-10.27,-100.0,0.62,0.0,0.565
1759196502571,2025-09-30 09:41:42.571,46.05,40.0,1.0,0.08,0.05,100,100,-17.05,-9.06,-100.0,0.24,0.0,0.541
1759196507571,2025-09-30 09:41:47.571,44.84,40.0,1.0,0.08,0.05,100,100,-14.02,-6.05,-100.0,0.6,0.0,0.481
1759196512571,2025-09-30 09:41:52.571,45.09,40.0,1.0,0.08,0.05,100,100,-12.83,-4.84,-100.0,0.24,0.0,0.457
1759196517571,2025-09-30 09:41:57.571,46.48,40.0,1.0,0.08,0.05,100,100,-13.09,-5.09,-100.0,-0.05,0.0,0.462
1759196522571,2025-09-30 09:42:02.571,45.94,40.0,1.0,0.08,0.05,100,100,-14.5,-6.48,-100.0,-0.28,0.0,0.49
1759196527571,2025-09-30 09:42:07.571,46.39,40.0,1.0,0.08,0.05,100,100,-13.93,-5.94,-100.0,0.11,0.0,0.479
1759196532571,2025-09-30 09:42:12.571,44.14,40.0,1.0,0.08,0.05,100,100,-14.39,-6.39,-100.0,-0.09,0.0,0.488
1759196537571,2025-09-30 09:42:17.571,44.06,40.0,1.0,0.08,0.05,100,100,-12.12,-4.14,-100.0,0.45,0.0,0.443
1759196542571,2025-09-30 09:42:22.571,44.16,40.0,1.0,0.08,0.05,100,100,-12.06,-4.06,-100.0,0.02,0.0,0.441
1759196547571,2025-09-30 09:42:27.571,43.64,40.0,1.0,0.08,0.05,100,100,-12.16,-4.16,-100.0,-0.02,0.0,0.443
1759196552571,2025-09-30 09:42:32.571,41.07,40.0,1.0,0.08,0.05,100,100,-11.63,-3.64,-100.0,0.11,0.0,0.433
1759196557571,2025-09-30 09:42:37.571,41.46,40.0,1.0,0.08,0.05,100,100,-9.05,-1.07,-100.0,0.51,0.0,0.381
1759196562571,2025-09-30 09:42:42.571,44.19,40.0,1.0,0.08,0.05,100,100,-9.46,-1.46,-100.0,-0.08,0.0,0.389
1759196567571,2025-09-30 09:42:47.571,45.18,40.0,1.0,0.08,0.05,100,100,-12.21,-4.19,-100.0,-0.55,0.0,0.444
1759196572571,2025-09-30 09:42:52.571,44.54,40.0,1.0,0.08,0.05,100,100,-13.19,-5.18,-100.0,-0.2,0.0,0.464
1759196577571,2025-09-30 09:42:57.571,42.62,40.0,1.0,0.08,0.05,100,100,-12.53,-4.54,-100.0,0.13,0.0,0.451
1759196582571,2025-09-30 09:43:02.571,42.64,40.0,1.0,0.08,0.05,100,100,-10.6,-2.62,-100.0,0.38,0.0,0.412
1759196587571,2025-09-30 09:43:07.571,42.22,40.0,1.0,0.08,0.05,100,100,-10.64,-2.64,-100.0,-0.0,0.0,0.413
1759196592571,2025-09-30 09:43:12.571,41.31,40.0,1.0,0.08,0.05,100,100,-10.21,-2.22,-100.0,0.08,0.0,0.404
1759196597571,2025-09-30 09:43:17.571,39.78,40.0,1.0,0.08,0.05,100,100,-9.3,-1.31,-100.0,0.18,0.0,0.386
1759196602571,2025-09-30 09:43:22.571,39.73,40.0,1.0,0.08,0.05,100,100,-7.67,0.22,-98.89,0.31,0.0,0.356
1759196607571,2025-09-30 09:43:27.571,39.47,40.0,1.0,0.08,0.05,100,100,-7.53,0.27,-97.55,0.01,0.0,0.355
1759196612571,2025-09-30 09:43:32.571,37.55,40.0,1.0,0.08,0.05,100,100,-7.05,0.53,-94.88,0.05,0.0,0.349
1759196617571,2025-09-30 09:43:37.571,36.41,40.0,1.0,0.08,0.05,100,100,-4.14,2.45,-82.61,0.38,0.0,0.311
1759196622571,2025-09-30 09:43:42.571,37.08,40.0,1.0,0.08,0.05,100,100,-1.57,3.59,-64.65,0.23,0.0,0.288
1759196627571,2025-09-30 09:43:47.571,37.42,40.0,1.0,0.08,0.05,100,100,-1.09,2.92,-50.04,-0.13,0.0,0.302
1759196632571,2025-09-30 09:43:52.571,37.15,40.0,1.0,0.08,0.05,100,100,-0.4,2.58,-37.16,-0.07,0.0,0.308
1759196637571,2025-09-30 09:43:57.571,38.86,28.0,1.0,0.08,0.05,100,100,1.03,2.85,-22.88,0.06,0.015,0.303
1759196642571,2025-09-30 09:44:02.571,36.46,28.0,1.0,0.08,0.05,100,100,-17.18,-10.86,-77.2,-2.74,0.0,0.337
1759196647571,2025-09-30 09:44:07.571,36.89,28.0,1.0,0.08,0.05,100,100,-16.43,-8.46,-100.0,0.48,0.0,0.289
1759196652571,2025-09-30 09:44:12.571,34.81,28.0,1.0,0.08,0.05,100,100,-16.89,-8.89,-100.0,-0.09,0.0,0.298
1759196657571,2025-09-30 09:44:17.571,33.65,28.0,1.0,0.08,0.05,100,100,-14.79,-6.81,-100.0,0.42,0.0,0.256
1759196662571,2025-09-30 09:44:22.571,35.28,28.0,1.0,0.08,0.05,100,100,-13.64,-5.65,-100.0,0.23,0.0,0.233
1759196667571,2025-09-30 09:44:27.571,35.61,28.0,1.0,0.08,0.05,100,100,-15.29,-7.28,-100.0,-0.33,0.0,0.266
1759196672571,2025-09-30 09:44:32.571,32.34,28.0,1.0,0.08,0.05,100,100,-15.62,-7.61,-100.0,-0.07,0.0,0.272
1759196677571,2025-09-30 09:44:37.571,29.11,35.0,1.0,0.08,0.05,100,100,-12.3,-4.34,-100.0,0.66,0.0,0.207
1759196682571,2025-09-30 09:44:42.571,29.63,35.0,1.0,0.08,0.05,100,100,0.36,5.89,-70.53,2.05,0.005,0.142
1759196687571,2025-09-30 09:44:47.571,28.35,35.0,1.0,0.08,0.05,100,100,1.87,5.37,-43.68,-0.11,0.028,0.153
1759196692571,2025-09-30 09:44:52.571,26.44,35.0,1.0,0.08,0.05,100,100,5.83,6.65,-10.44,0.26,0.087,0.127
1759196697571,2025-09-30 09:44:57.571,26.29,35.0,1.0,0.08,0.05,100,100,11.17,8.56,32.37,0.38,0.168,0.089
1759196702571,2025-09-30 09:45:02.571,26.59,35.0,1.0,0.08,0.05,100,100,14.78,8.71,75.91,0.03,0.222,0.086
1759196707571,2025-09-30 09:45:07.571,26.26,35.0,1.0,0.08,0.05,100,100,16.41,8.41,100.0,-0.06,0.246,0.092
1759196712571,2025-09-30 09:45:12.571,24.11,35.0,1.0,0.08,0.05,100,100,16.74,8.74,100.0,0.07,0.251,0.085
1759196717571,2025-09-30 09:45:17.571,23.56,35.0,1.0,0.08,0.05,100,100,18.92,10.89,100.0,0.43,0.284,0.042
1759196722571,2025-09-30 09:45:22.571,23.67,35.0,1.0,0.08,0.05,100,100,19.44,11.44,100.0,0.11,0.292,0.031
1759196727571,2025-09-30 09:45:27.571,21.86,35.0,1.0,0.08,0.05,100,100,19.33,11.33,100.0,-0.02,0.29,0.033
1759196732571,2025-09-30 09:45:32.571,21.39,35.0,1.0,0.08,0.05,100,100,21.16,13.14,100.0,0.36,0.317,-0.003
1759196737571,2025-09-30 09:45:37.571,22.14,35.0,1.0,0.08,0.05,100,100,21.61,13.61,100.0,0.09,0.324,-0.012
1759196742571,2025-09-30 09:45:42.571,19.08,35.0,1.0,0.08,0.05,100,100,20.85,12.86,100.0,-0.15,0.313,0.003
1759196747571,2025-09-30 09:45:47.571,20.38,35.0,1.0,0.08,0.05,100,100,23.95,15.92,100.0,0.61,0.359,-0.058
1759196752571,2025-09-30 09:45:52.571,19.06,35.0,1.0,0.08,0.05,100,100,22.61,14.62,100.0,-0.26,0.339,-0.032
1759196757571,2025-09-30 09:45:57.571,19.6,35.0,1.0,0.08,0.05,100,100,23.95,15.94,100.0,0.26,0.359,-0.059
1759196762571,2025-09-30 09:46:02.571,21.5,35.0,1.0,0.08,0.05,100,100,23.4,15.4,100.0,-0.11,0.351,-0.048
1759196767571,2025-09-30 09:46:07.571,21.21,35.0,1.0,0.08,0.05,100,100,21.48,13.5,100.0,-0.38,0.322,-0.01
1759196772571,2025-09-30 09:46:12.571,21.32,35.0,1.0,0.08,0.05,100,100,21.79,13.79,100.0,0.06,0.327,-0.016
1759196777571,2025-09-30 09:46:17.571,17.85,35.0,1.0,0.08,0.05,100,100,21.68,13.68,100.0,-0.02,0.325,-0.014
1759196782571,2025-09-30 09:46:22.571,20.47,35.0,1.0,0.08,0.05,100,100,25.18,17.15,100.0,0.69,0.378,-0.083
1759196787571,2025-09-30 09:46:27.571,19.45,35.0,1.0,0.08,0.05,100,100,22.51,14.53,100.0,-0.52,0.338,-0.031
1759196792571,2025-09-30 09:46:32.571,16.04,35.0,1.0,0.08,0.05,100,100,23.56,15.55,100.0,0.2,0.353,-0.051
1759196797571,2025-09-30 09:46:37.571,18.49,35.0,1.0,0.08,0.05,100,100,27.0,18.96,100.0,0.68,0.405,-0.119
1759196802571,2025-09-30 09:46:42.571,19.44,35.0,1.0,0.08,0.05,100,100,24.49,16.51,100.0,-0.49,0.367,-0.07
1759196807571,2025-09-30 09:46:47.571,19.84,35.0,1.0,0.08,0.05,100,100,23.55,15.56,100.0,-0.19,0.353,-0.051
1759196812571,2025-09-30 09:46:52.571,19.88,35.0,1.0,0.08,0.05,100,100,23.16,15.16,100.0,-0.08,0.347,-0.043
1759196817571,2025-09-30 09:46:57.571,19.33,35.0,1.0,0.08,0.05,100,100,23.12,15.12,100.0,-0.01,0.347,-0.042
1759196822571,2025-09-30 09:47:02.571,19.66,35.0,1.0,0.08,0.05,100,100,23.67,15.67,100.0,0.11,0.355,-0.053
1759196827571,2025-09-30 09:47:07.571,20.33,35.0,1.0,0.08,0.05,100,100,23.34,15.34,100.0,-0.07,0.35,-0.047
1759196832571,2025-09-30 09:47:12.571,20.04,35.0,1.0,0.08,0.05,100,100,22.66,14.67,100.0,-0.14,0.34,-0.033
1759196837571,2025-09-30 09:47:17.571,19.83,35.0,1.0,0.08,0.05,100,100,22.96,14.96,100.0,0.06,0.344,-0.039
1759196842571,2025-09-30 09:47:22.571,21.97,35.0,1.0,0.08,0.05,100,100,23.17,15.17,100.0,0.04,0.348,-0.043
1759196847571,2025-09-30 09:47:27.571,22.58,35.0,1.0,0.08,0.05,100,100,21.01,13.03,100.0,-0.43,0.315,-0.001
1759196852571,2025-09-30 09:47:32.571,23.11,35.0,1.0,0.08,0.05,100,100,20.42,12.42,100.0,-0.12,0.306,0.012
1759196857571,2025-09-30 09:47:37.571,20.68,35.0,1.0,0.08,0.05,100,100,19.89,11.89,100.0,-0.11,0.298,0.022
1759196862571,2025-09-30 09:47:42.571,18.64,35.0,1.0,0.08,0.05,100,100,22.34,14.32,100.0,0.49,0.335,-0.026
1759196867571,2025-09-30 09:47:47.571,17.91,35.0,1.0,0.08,0.05,100,100,24.38,16.36,100.0,0.41,0.366,-0.067
1759196872571,2025-09-30 09:47:52.571,19.64,35.0,1.0,0.08,0.05,100,100,25.1,17.09,100.0,0.15,0.376,-0.082
1759196877571,2025-09-30 09:47:57.571,17.18,35.0,1.0,0.08,0.05,100,100,23.34,15.36,100.0,-0.35,0.35,-0.047
1759196882571,2025-09-30 09:48:02.571,18.3,35.0,1.0,0.08,0.05,100,100,25.84,17.82,100.0,0.49,0.388,-0.096
1759196887571,2025-09-30 09:48:07.571,14.89,35.0,1.0,0.08,0.05,100,100,24.68,16.7,100.0,-0.22,0.37,-0.074
1759196892571,2025-09-30 09:48:12.571,13.36,35.0,1.0,0.08,0.05,100,100,28.14,20.11,100.0,0.68,0.422,-0.142
1759196897571,2025-09-30 09:48:17.571,15.69,35.0,1.0,0.08,0.05,100,100,29.65,21.64,100.0,0.31,0.445,-0.173
1759196902571,2025-09-30 09:48:22.571,14.96,35.0,1.0,0.08,0.05,100,100,27.29,19.31,100.0,-0.47,0.409,-0.126
1759196907571,2025-09-30 09:48:27.571,14.44,35.0,1.0,0.08,0.05,100,100,28.04,20.04,100.0,0.15,0.421,-0.141
1759196912571,2025-09-30 09:48:32.571,16.03,35.0,1.0,0.08,0.05,100,100,28.57,20.56,100.0,0.1,0.428,-0.151
1759196917571,2025-09-30 09:48:37.571,17.07,35.0,1.0,0.08,0.05,100,100,26.95,18.97,100.0,-0.32,0.404,-0.119
1759196922571,2025-09-30 09:48:42.571,17.89,35.0,1.0,0.08,0.05,100,100,25.92,17.93,100.0,-0.21,0.389,-0.099
1759196927571,2025-09-30 09:48:47.571,18.45,35.0,1.0,0.08,0.05,100,100,25.1,17.11,100.0,-0.16,0.377,-0.082
1759196932571,2025-09-30 09:48:52.571,15.93,35.0,1.0,0.08,0.05,100,100,24.54,16.55,100.0,-0.11,0.368,-0.071
1759196937571,2025-09-30 09:48:57.571,19.25,35.0,1.0,0.08,0.05,100,100,27.09,19.07,100.0,0.5,0.406,-0.121
1759196942571,2025-09-30 09:49:02.571,20.05,35.0,1.0,0.08,0.05,100,100,23.72,15.75,100.0,-0.66,0.356,-0.055
1759196947571,2025-09-30 09:49:07.571,22.75,35.0,1.0,0.08,0.05,100,100,22.94,14.95,100.0,-0.16,0.344,-0.039
1759196952571,2025-09-30 09:49:12.571,22.76,35.0,1.0,0.08,0.05,100,100,20.22,12.25,100.0,-0.54,0.303,0.015
1759196957571,2025-09-30 09:49:17.571,23.31,35.0,1.0,0.08,0.05,100,100,20.24,12.24,100.0,-0.0,0.304,0.015
1759196962571,2025-09-30 09:49:22.571,20.79,35.0,1.0,0.08,0.05,100,100,19.69,11.69,100.0,-0.11,0.295,0.026
1759196967571,2025-09-30 09:49:27.571,21.52,35.0,1.0,0.08,0.05,100,100,22.24,14.21,100.0,0.5,0.334,-0.024
1759196972571,2025-09-30 09:49:32.571,22.23,35.0,1.0,0.08,0.05,100,100,21.47,13.48,100.0,-0.15,0.322,-0.01
1759196977571,2025-09-30 09:49:37.571,23.67,35.0,1.0,0.08,0.05,100,100,20.77,12.77,100.0,-0.14,0.311,0.005
1759196982571,2025-09-30 09:49:42.571,23.48,35.0,1.0,0.08,0.05,100,100,19.31,11.33,100.0,-0.29,0.29,0.033
1759196987571,2025-09-30 09:49:47.571,23.78,35.0,1.0,0.08,0.05,100,100,19.52,11.52,100.0,0.04,0.293,0.03
1759196992571,2025-09-30 09:49:52.571,22.25,35.0,1.0,0.08,0.05,100,100,19.21,11.22,100.0,-0.06,0.288,0.036
1759196997571,2025-09-30 09:49:57.571,24.54,35.0,1.0,0.08,0.05,100,100,20.77,12.75,100.0,0.31,0.311,0.005
1759197002571,2025-09-30 09:50:02.571,26.86,35.0,1.0,0.08,0.05,100,100,18.44,10.46,100.0,-0.46,0.277,0.051
1759197007571,2025-09-30 09:50:07.571,25.35,35.0,1.0,0.08,0.05,100,100,16.12,8.14,100.0,-0.46,0.242,0.097
1759197012571,2025-09-30 09:50:12.571,21.36,35.0,1.0,0.08,0.05,100,100,17.67,9.65,100.0,0.3,0.265,0.067
1759197017571,2025-09-30 09:50:17.571,19.63,35.0,1.0,0.08,0.05,100,100,21.68,13.64,100.0,0.8,0.325,-0.013
1759197022571,2025-09-30 09:50:22.571,21.67,35.0,1.0,0.08,0.05,100,100,23.39,15.37,100.0,0.35,0.351,-0.047
1759197027571,2025-09-30 09:50:27.571,21.3,35.0,1.0,0.08,0.05,100,100,21.31,13.33,100.0,-0.41,0.32,-0.007
1759197032571,2025-09-30 09:50:32.571,20.31,35.0,1.0,0.08,0.05,100,100,21.7,13.7,100.0,0.07,0.326,-0.014
1759197037571,2025-09-30 09:50:37.571,21.32,35.0,1.0,0.08,0.05,100,100,22.7,14.69,100.0,0.2,0.341,-0.034
1759197042571,2025-09-30 09:50:42.571,22.04,35.0,1.0,0.08,0.05,100,100,21.67,13.68,100.0,-0.2,0.325,-0.014
1759197047571,2025-09-30 09:50:47.571,19.18,35.0,1.0,0.08,0.05,100,100,20.95,12.96,100.0,-0.15,0.314,0.001
1759197052571,2025-09-30 09:50:52.571,20.66,35.0,1.0,0.08,0.05,100,100,23.85,15.82,100.0,0.57,0.358,-0.056
1759197057571,2025-09-30 09:50:57.571,22.77,35.0,1.0,0.08,0.05,100,100,22.33,14.34,100.0,-0.3,0.335,-0.027
1759197062571,2025-09-30 09:51:02.571,23.32,35.0,1.0,0.08,0.05,100,100,20.21,12.23,100.0,-0.42,0.303,0.015
1759197067571,2025-09-30 09:51:07.571,22.83,35.0,1.0,0.08,0.05,100,100,19.68,11.68,100.0,-0.11,0.295,0.026
1759197072571,2025-09-30 09:51:12.571,22.8,35.0,1.0,0.08,0.05,100,100,20.17,12.17,100.0,0.1,0.303,0.017
1759197077571,2025-09-30 09:51:17.571,18.95,35.0,1.0,0.08,0.05,100,100,20.2,12.2,100.0,0.01,0.303,0.016
1759197082571,2025-09-30 09:51:22.571,20.22,35.0,1.0,0.08,0.05,100,100,24.09,16.05,100.0,0.77,0.361,-0.061
1759197087571,2025-09-30 09:51:27.571,18.72,35.0,1.0,0.08,0.05,100,100,22.76,14.78,100.0,-0.26,0.341,-0.036
1759197092571,2025-09-30 09:51:32.571,18.55,35.0,1.0,0.08,0.05,100,100,24.3,16.28,100.0,0.3,0.364,-0.066
1759197097571,2025-09-30 09:51:37.571,19.55,35.0,1.0,0.08,0.05,100,100,24.45,16.45,100.0,0.03,0.367,-0.069
1759197102571,2025-09-30 09:51:42.571,20.45,35.0,1.0,0.08,0.05,100,100,23.44,15.45,100.0,-0.2,0.352,-0.049
1759197107571,2025-09-30 09:51:47.571,21.0,35.0,1.0,0.08,0.05,100,100,22.54,14.55,100.0,-0.18,0.338,-0.031
1759197112571,2025-09-30 09:51:52.571,24.13,35.0,1.0,0.08,0.05,100,100,22.0,14.0,100.0,-0.11,0.33,-0.02
1759197117571,2025-09-30 09:51:57.571,22.81,35.0,1.0,0.08,0.05,100,100,18.84,10.87,100.0,-0.63,0.283,0.043
1759197122571,2025-09-30 09:52:02.571,24.73,35.0,1.0,0.08,0.05,100,100,20.2,12.19,100.0,0.26,0.303,0.016
1759197127571,2025-09-30 09:52:07.571,26.03,35.0,1.0,0.08,0.05,100,100,18.25,10.27,100.0,-0.38,0.274,0.055
1759197132571,2025-09-30 09:52:12.571,27.03,35.0,1.0,0.08,0.05,100,100,16.96,8.97,100.0,-0.26,0.254,0.081
1759197137571,2025-09-30 09:52:17.571,27.41,35.0,1.0,0.08,0.05,100,100,15.96,7.97,100.0,-0.2,0.239,0.101
1759197142571,2025-09-30 09:52:22.571,29.69,35.0,1.0,0.08,0.05,100,100,15.58,7.59,100.0,-0.08,0.234,0.108
1759197147571,2025-09-30 09:52:27.571,29.63,35.0,1.0,0.08,0.05,100,100,13.29,5.31,100.0,-0.46,0.199,0.154
1759197152571,2025-09-30 09:52:32.571,29.12,35.0,1.0,0.08,0.05,100,100,13.37,5.37,100.0,0.01,0.201,0.153
1759197157571,2025-09-30 09:52:37.571,28.45,35.0,1.0,0.08,0.05,100,100,13.88,5.88,100.0,0.1,0.208,0.142
1759197162571,2025-09-30 09:52:42.571,29.17,35.0,1.0,0.08,0.05,100,100,14.55,6.55,100.0,0.13,0.218,0.129
1759197167571,2025-09-30 09:52:47.571,25.85,35.0,1.0,0.08,0.05,100,100,13.83,5.83,100.0,-0.14,0.207,0.143
1759197172571,2025-09-30 09:52:52.571,24.69,35.0,1.0,0.08,0.05,100,100,17.18,9.15,100.0,0.66,0.258,0.077
1759197177571,2025-09-30 09:52:57.571,25.19,35.0,1.0,0.08,0.05,100,100,18.32,10.31,100.0,0.23,0.275,0.054
1759197182571,2025-09-30 09:53:02.571,25.32,35.0,1.0,0.08,0.05,100,100,17.81,9.81,100.0,-0.1,0.267,0.064
1759197187571,2025-09-30 09:53:07.571,25.28,35.0,1.0,0.08,0.05,100,100,17.68,9.68,100.0,-0.03,0.265,0.066
1759197192571,2025-09-30 09:53:12.571,24.0,35.0,1.0,0.08,0.05,100,100,17.72,9.72,100.0,0.01,0.266,0.066
1759197197571,2025-09-30 09:53:17.571,24.86,35.0,1.0,0.08,0.05,100,100,19.01,11.0,100.0,0.26,0.285,0.04
1759197202571,2025-09-30 09:53:22.571,27.63,35.0,1.0,0.08,0.05,100,100,18.13,10.14,100.0,-0.17,0.272,0.057
1759197207571,2025-09-30 09:53:27.571,27.91,35.0,1.0,0.08,0.05,100,100,15.34,7.37,100.0,-0.55,0.23,0.113
1759197212571,2025-09-30 09:53:32.571,28.6,35.0,1.0,0.08,0.05,100,100,15.09,7.09,100.0,-0.06,0.226,0.118
1759197217571,2025-09-30 09:53:37.571,28.68,35.0,1.0,0.08,0.05,100,100,14.39,6.4,100.0,-0.14,0.216,0.132
1759197222571,2025-09-30 09:53:42.571,27.99,35.0,1.0,0.08,0.05,100,100,14.32,6.32,100.0,-0.02,0.215,0.134
1759197227571,2025-09-30 09:53:47.571,28.37,35.0,1.0,0.08,0.05,100,100,15.02,7.01,100.0,0.14,0.225,0.12
1759197232571,2025-09-30 09:53:52.571,28.45,35.0,1.0,0.08,0.05,100,100,14.63,6.63,100.0,-0.08,0.219,0.127
1759197237571,2025-09-30 09:53:57.571,27.23,35.0,1.0,0.08,0.05,100,100,14.55,6.55,100.0,-0.02,0.218,0.129
1759197242571,2025-09-30 09:54:02.571,27.3,35.0,1.0,0.08,0.05,100,100,15.78,7.77,100.0,0.24,0.237,0.105
1759197247571,2025-09-30 09:54:07.571,26.96,35.0,1.0,0.08,0.05,100,100,15.7,7.7,100.0,-0.01,0.235,0.106
1759197252571,2025-09-30 09:54:12.571,27.01,35.0,1.0,0.08,0.05,100,100,16.05,8.04,100.0,0.07,0.241,0.099
1759197257571,2025-09-30 09:54:17.571,26.99,35.0,1.0,0.08,0.05,100,100,15.99,7.99,100.0,-0.01,0.24,0.1
1759197262571,2025-09-30 09:54:22.571,28.28,35.0,1.0,0.08,0.05,100,100,16.01,8.01,100.0,0.0,0.24,0.1
1759197267571,2025-09-30 09:54:27.571,28.5,35.0,1.0,0.08,0.05,100,100,14.71,6.72,100.0,-0.26,0.221,0.126
1759197272571,2025-09-30 09:54:32.571,28.04,35.0,1.0,0.08,0.05,100,100,14.5,6.5,100.0,-0.04,0.217,0.13
1759197277571,2025-09-30 09:54:37.571,23.19,35.0,1.0,0.08,0.05,100,100,14.97,6.96,100.0,0.09,0.224,0.121
1759197282571,2025-09-30 09:54:42.571,25.08,35.0,1.0,0.08,0.05,100,100,19.85,11.81,100.0,0.97,0.298,0.024
1759197287571,2025-09-30 09:54:47.571,24.39,35.0,1.0,0.08,0.05,100,100,17.9,9.92,100.0,-0.38,0.269,0.062
1759197292571,2025-09-30 09:54:52.571,25.64,35.0,1.0,0.08,0.05,100,100,18.62,10.61,100.0,0.14,0.279,0.048
1759197297571,2025-09-30 09:54:57.571,25.68,35.0,1.0,0.08,0.05,100,100,17.35,9.36,100.0,-0.25,0.26,0.073
1759197302571,2025-09-30 09:55:02.571,23.96,35.0,1.0,0.08,0.05,100,100,17.32,9.32,100.0,-0.01,0.26,0.074
1759197307571,2025-09-30 09:55:07.571,25.76,35.0,1.0,0.08,0.05,100,100,19.06,11.04,100.0,0.34,0.286,0.039
1759197312571,2025-09-30 09:55:12.571,25.13,35.0,1.0,0.08,0.05,100,100,17.22,9.24,100.0,-0.36,0.258,0.075
1759197317571,2025-09-30 09:55:17.571,26.07,35.0,1.0,0.08,0.05,100,100,17.87,9.87,100.0,0.13,0.268,0.063
1759197322571,2025-09-30 09:55:22.571,26.31,35.0,1.0,0.08,0.05,100,100,16.92,8.93,100.0,-0.19,0.254,0.081
1759197327571,2025-09-30 09:55:27.571,27.79,35.0,1.0,0.08,0.05,100,100,16.69,8.69,100.0,-0.05,0.25,0.086
1759197332571,2025-09-30 09:55:32.571,27.78,35.0,1.0,0.08,0.05,100,100,15.2,7.21,100.0,-0.3,0.228,0.116
1759197337571,2025-09-30 09:55:37.571,31.65,35.0,1.0,0.08,0.05,100,100,15.22,7.22,100.0,0.0,0.228,0.116
1759197342571,2025-09-30 09:55:42.571,33.11,35.0,1.0,0.08,0.05,100,100,11.31,3.35,100.0,-0.77,0.17,0.193
1759197347571,2025-09-30 09:55:47.571,30.67,35.0,1.0,0.08,0.05,100,100,9.87,1.89,100.0,-0.29,0.148,0.222
1759197352571,2025-09-30 09:55:52.571,33.23,35.0,1.0,0.08,0.05,100,100,12.36,4.33,100.0,0.49,0.185,0.173
1759197357571,2025-09-30 09:55:57.571,33.18,35.0,1.0,0.08,0.05,100,100,9.75,1.77,100.0,-0.51,0.146,0.225
1759197362571,2025-09-30 09:56:02.571,32.39,35.0,1.0,0.08,0.05,100,100,9.82,1.82,100.0,0.01,0.147,0.224
1759197367571,2025-09-30 09:56:07.571,32.48,35.0,1.0,0.08,0.05,100,100,10.62,2.61,100.0,0.16,0.159,0.208
1759197372571,2025-09-30 09:56:12.571,33.33,35.0,1.0,0.08,0.05,100,100,10.52,2.52,100.0,-0.02,0.158,0.21
1759197377571,2025-09-30 09:56:17.571,32.04,35.0,1.0,0.08,0.05,100,100,9.66,1.67,100.0,-0.17,0.145,0.227
1759197382571,2025-09-30 09:56:22.571,31.86,35.0,1.0,0.08,0.05,100,100,10.97,2.96,100.0,0.26,0.165,0.201
1759197387571,2025-09-30 09:56:27.571,30.55,35.0,1.0,0.08,0.05,100,100,11.14,3.14,100.0,0.04,0.167,0.197
1759197392571,2025-09-30 09:56:32.571,30.09,35.0,1.0,0.08,0.05,100,100,12.46,4.45,100.0,0.26,0.187,0.171
1759197397571,2025-09-30 09:56:37.571,31.29,35.0,1.0,0.08,0.05,100,100,12.92,4.91,100.0,0.09,0.194,0.162
1759197402571,2025-09-30 09:56:42.571,33.36,35.0,1.0,0.08,0.05,100,100,11.7,3.71,100.0,-0.24,0.175,0.186
1759197407571,2025-09-30 09:56:47.571,31.62,35.0,1.0,0.08,0.05,100,100,9.62,1.64,100.0,-0.41,0.144,0.227
1759197412571,2025-09-30 09:56:52.571,33.32,35.0,1.0,0.08,0.05,100,100,11.4,3.38,100.0,0.35,0.171,0.192
1759197417571,2025-09-30 09:56:57.571,31.89,35.0,1.0,0.08,0.05,100,100,9.66,1.68,100.0,-0.34,0.145,0.226
1759197422571,2025-09-30 09:57:02.571,31.82,35.0,1.0,0.08,0.05,100,100,11.13,3.11,100.0,0.29,0.167,0.198
1759197427571,2025-09-30 09:57:07.571,31.71,35.0,1.0,0.08,0.05,100,100,11.18,3.18,100.0,0.01,0.168,0.196
1759197432571,2025-09-30 09:57:12.571,31.7,35.0,1.0,0.08,0.05,100,100,11.29,3.29,100.0,0.02,0.169,0.194
1759197437571,2025-09-30 09:57:17.571,31.37,35.0,1.0,0.08,0.05,100,100,11.3,3.3,100.0,0.0,0.169,0.194
1759197442571,2025-09-30 09:57:22.571,33.24,35.0,1.0,0.08,0.05,100,100,11.63,3.63,100.0,0.07,0.175,0.187
1759197447571,2025-09-30 09:57:27.571,30.59,35.0,1.0,0.08,0.05,100,100,9.75,1.76,100.0,-0.37,0.146,0.225
1759197452571,2025-09-30 09:57:32.571,31.4,35.0,1.0,0.08,0.05,100,100,12.44,4.41,100.0,0.53,0.187,0.172
1759197457571,2025-09-30 09:57:37.571,30.74,35.0,1.0,0.08,0.05,100,100,11.59,3.6,100.0,-0.16,0.174,0.188
1759197462571,2025-09-30 09:57:42.571,31.95,35.0,1.0,0.08,0.05,100,100,12.27,4.26,100.0,0.13,0.184,0.175
1759197467571,2025-09-30 09:57:47.571,30.66,35.0,1.0,0.08,0.05,100,100,11.04,3.05,100.0,-0.24,0.166,0.199
1759197472571,2025-09-30 09:57:52.571,32.43,35.0,1.0,0.08,0.05,100,100,12.35,4.34,100.0,0.26,0.185,0.173
1759197477571,2025-09-30 09:57:57.571,31.02,35.0,1.0,0.08,0.05,100,100,10.55,2.57,100.0,-0.35,0.158,0.209
1759197482571,2025-09-30 09:58:02.571,29.32,35.0,1.0,0.08,0.05,100,100,12.0,3.98,100.0,0.28,0.18,0.18
1759197487571,2025-09-30 09:58:07.571,29.17,35.0,1.0,0.08,0.05,100,100,13.69,5.68,100.0,0.34,0.205,0.146
1759197492571,2025-09-30 09:58:12.571,28.61,35.0,1.0,0.08,0.05,100,100,13.83,5.83,100.0,0.03,0.208,0.143
1759197497571,2025-09-30 09:58:17.571,28.83,35.0,1.0,0.08,0.05,100,100,14.39,6.39,100.0,0.11,0.216,0.132
1759197502571,2025-09-30 09:58:22.571,29.42,35.0,1.0,0.08,0.05,100,100,14.16,6.17,100.0,-0.04,0.212,0.137
1759197507571,2025-09-30 09:58:27.571,29.69,35.0,1.0,0.08,0.05,100,100,13.57,5.58,100.0,-0.12,0.204,0.148
1759197512571,2025-09-30 09:58:32.571,31.81,35.0,1.0,0.08,0.05,100,100,13.31,5.31,100.0,-0.05,0.2,0.154
1759197517571,2025-09-30 09:58:37.571,33.55,35.0,1.0,0.08,0.05,100,100,11.17,3.19,100.0,-0.42,0.168,0.196
1759197522571,2025-09-30 09:58:42.571,33.71,35.0,1.0,0.08,0.05,100,100,9.43,1.45,100.0,-0.35,0.142,0.231
1759197527571,2025-09-30 09:58:47.571,32.84,35.0,1.0,0.08,0.05,100,100,9.28,1.29,100.0,-0.03,0.139,0.234
1759197532571,2025-09-30 09:58:52.571,31.31,35.0,1.0,0.08,0.05,100,100,10.16,2.16,100.0,0.17,0.152,0.217
1759197537571,2025-09-30 09:58:57.571,32.8,35.0,1.0,0.08,0.05,100,100,11.7,3.69,100.0,0.31,0.176,0.186
1759197542571,2025-09-30 09:59:02.571,33.64,35.0,1.0,0.08,0.05,100,100,10.18,2.2,100.0,-0.3,0.153,0.216
1759197547571,2025-09-30 09:59:07.571,32.59,35.0,1.0,0.08,0.05,100,100,9.35,1.36,100.0,-0.17,0.14,0.233
1759197552571,2025-09-30 09:59:12.571,33.28,35.0,1.0,0.08,0.05,100,100,10.42,2.41,100.0,0.21,0.156,0.212
1759197557571,2025-09-30 09:59:17.571,35.16,35.0,1.0,0.08,0.05,100,100,9.71,1.72,100.0,-0.14,0.146,0.226
1759197562571,2025-09-30 09:59:22.571,35.06,35.0,1.0,0.08,0.05,100,100,7.75,-0.16,99.19,-0.38,0.116,0.263
1759197567571,2025-09-30 09:59:27.571,33.64,35.0,1.0,0.08,0.05,100,100,7.86,-0.06,98.9,0.02,0.118,0.261
1759197572571,2025-09-30 09:59:32.571,32.71,35.0,1.0,0.08,0.05,100,100,9.37,1.36,100.0,0.28,0.141,0.233
1759197577571,2025-09-30 09:59:37.571,30.23,35.0,1.0,0.08,0.05,100,100,10.3,2.29,100.0,0.19,0.155,0.214
1759197582571,2025-09-30 09:59:42.571,30.69,35.0,1.0,0.08,0.05,100,100,12.8,4.77,100.0,0.5,0.192,0.165
1759197587571,2025-09-30 09:59:47.571,28.19,35.0,1.0,0.08,0.05,100,100,12.31,4.31,100.0,-0.09,0.185,0.174
1759197592571,2025-09-30 09:59:52.571,26.75,35.0,1.0,0.08,0.05,100,100,14.83,6.81,100.0,0.5,0.222,0.124
1759197597571,2025-09-30 09:59:57.571,26.55,35.0,1.0,0.08,0.05,100,100,16.27,8.25,100.0,0.29,0.244,0.095
1759197602571,2025-09-30 10:00:02.571,27.55,35.0,1.0,0.08,0.05,100,100,16.45,8.45,100.0,0.04,0.247,0.091
1759197607571,2025-09-30 10:00:07.571,26.19,35.0,1.0,0.08,0.05,100,100,15.44,7.45,100.0,-0.2,0.232,0.111
1759197612571,2025-09-30 10:00:12.571,26.44,35.0,1.0,0.08,0.05,100,100,16.82,8.81,100.0,0.27,0.252,0.084
1759197617571,2025-09-30 10:00:17.571,26.86,35.0,1.0,0.08,0.05,100,100,16.55,8.56,100.0,-0.05,0.248,0.089
1759197622571,2025-09-30 10:00:22.571,28.15,35.0,1.0,0.08,0.05,100,100,16.14,8.14,100.0,-0.08,0.242,0.097
1759197627571,2025-09-30 10:00:27.571,28.39,35.0,1.0,0.08,0.05,100,100,14.84,6.85,100.0,-0.26,0.223,0.123
1759197632571,2025-09-30 10:00:32.571,26.04,35.0,1.0,0.08,0.05,100,100,14.61,6.61,100.0,-0.05,0.219,0.128
1759197637571,2025-09-30 10:00:37.571,27.24,35.0,1.0,0.08,0.05,100,100,16.98,8.96,100.0,0.47,0.255,0.081
1759197642571,2025-09-30 10:00:42.571,24.71,35.0,1.0,0.08,0.05,100,100,15.74,7.76,100.0,-0.24,0.236,0.105
1759197647571,2025-09-30 10:00:47.571,24.29,35.0,1.0,0.08,0.05,100,100,18.32,10.29,100.0,0.51,0.275,0.054
1759197652571,2025-09-30 10:00:52.571,23.92,35.0,1.0,0.08,0.05,100,100,18.72,10.71,100.0,0.08,0.281,0.046
1759197657571,2025-09-30 10:00:57.571,23.98,35.0,1.0,0.08,0.05,100,100,19.08,11.08,100.0,0.07,0.286,0.038
1759197662571,2025-09-30 10:01:02.571,23.4,35.0,1.0,0.08,0.05,100,100,19.02,11.02,100.0,-0.01,0.285,0.04
1759197667571,2025-09-30 10:01:07.571,24.0,35.0,1.0,0.08,0.05,100,100,19.61,11.6,100.0,0.12,0.294,0.028
1759197672571,2025-09-30 10:01:12.571,24.82,35.0,1.0,0.08,0.05,100,100,18.99,11.0,100.0,-0.12,0.285,0.04
1759197677571,2025-09-30 10:01:17.571,23.15,35.0,1.0,0.08,0.05,100,100,18.17,10.18,100.0,-0.16,0.273,0.056
1759197682571,2025-09-30 10:01:22.571,24.56,35.0,1.0,0.08,0.05,100,100,19.86,11.85,100.0,0.33,0.298,0.023
1759197687571,2025-09-30 10:01:27.571,22.34,35.0,1.0,0.08,0.05,100,100,18.42,10.44,100.0,-0.28,0.276,0.051
1759197692571,2025-09-30 10:01:32.571,23.62,35.0,1.0,0.08,0.05,100,100,20.68,12.66,100.0,0.45,0.31,0.007
1759197697571,2025-09-30 10:01:37.571,25.35,35.0,1.0,0.08,0.05,100,100,19.37,11.38,100.0,-0.26,0.291,0.032
1759197702571,2025-09-30 10:01:42.571,24.63,35.0,1.0,0.08,0.05,100,100,17.63,9.65,100.0,-0.35,0.264,0.067
1759197707571,2025-09-30 10:01:47.571,23.25,35.0,1.0,0.08,0.05,100,100,18.38,10.37,100.0,0.14,0.276,0.053
1759197712571,2025-09-30 10:01:52.571,24.41,35.0,1.0,0.08,0.05,100,100,19.77,11.75,100.0,0.28,0.297,0.025
1759197717571,2025-09-30 10:01:57.571,22.46,35.0,1.0,0.08,0.05,100,100,18.57,10.59,100.0,-0.23,0.279,0.048
1759197722571,2025-09-30 10:02:02.571,23.16,35.0,1.0,0.08,0.05,100,100,20.56,12.54,100.0,0.39,0.308,0.009
1759197727571,2025-09-30 10:02:07.571,25.84,35.0,1.0,0.08,0.05,100,100,19.83,11.84,100.0,-0.14,0.298,0.023
1759197732571,2025-09-30 10:02:12.571,25.93,35.0,1.0,0.08,0.05,100,100,17.13,9.16,100.0,-0.54,0.257,0.077
1759197737571,2025-09-30 10:02:17.571,27.28,35.0,1.0,0.08,0.05,100,100,17.07,9.07,100.0,-0.02,0.256,0.079
1759197742571,2025-09-30 10:02:22.571,26.41,35.0,1.0,0.08,0.05,100,100,15.71,7.72,100.0,-0.27,0.236,0.106
1759197747571,2025-09-30 10:02:27.571,26.3,35.0,1.0,0.08,0.05,100,100,16.6,8.59,100.0,0.17,0.249,0.088
1759197752571,2025-09-30 10:02:32.571,28.2,35.0,1.0,0.08,0.05,100,100,16.7,8.7,100.0,0.02,0.25,0.086
1759197757571,2025-09-30 10:02:37.571,27.42,35.0,1.0,0.08,0.05,100,100,14.78,6.8,100.0,-0.38,0.222,0.124
1759197762571,2025-09-30 10:02:42.571,28.56,35.0,1.0,0.08,0.05,100,100,15.59,7.58,100.0,0.16,0.234,0.108
1759197767571,2025-09-30 10:02:47.571,30.51,35.0,1.0,0.08,0.05,100,100,14.43,6.44,100.0,-0.23,0.216,0.131
1759197772571,2025-09-30 10:02:52.571,27.19,35.0,1.0,0.08,0.05,100,100,12.47,4.49,100.0,-0.39,0.187,0.17
1759197777571,2025-09-30 10:02:57.571,25.75,35.0,1.0,0.08,0.05,100,100,15.84,7.81,100.0,0.66,0.238,0.104
1759197782571,2025-09-30 10:03:02.571,25.44,35.0,1.0,0.08,0.05,100,100,17.26,9.25,100.0,0.29,0.259,0.075
1759197787571,2025-09-30 10:03:07.571,24.84,35.0,1.0,0.08,0.05,100,100,17.56,9.56,100.0,0.06,0.263,0.069
1759197792571,2025-09-30 10:03:12.571,25.82,35.0,1.0,0.08,0.05,100,100,18.16,10.16,100.0,0.12,0.272,0.057
1759197797571,2025-09-30 10:03:17.571,26.53,35.0,1.0,0.08,0.05,100,100,17.17,9.18,100.0,-0.2,0.258,0.076
1759197802571,2025-09-30 10:03:22.571,28.23,35.0,1.0,0.08,0.05,100,100,16.46,8.47,100.0,-0.14,0.247,0.091
1759197807571,2025-09-30 10:03:27.571,28.16,35.0,1.0,0.08,0.05,100,100,14.75,6.77,100.0,-0.34,0.221,0.125
1759197812571,2025-09-30 10:03:32.571,26.38,35.0,1.0,0.08,0.05,100,100,14.84,6.84,100.0,0.01,0.223,0.123
1759197817571,2025-09-30 10:03:37.571,26.13,35.0,1.0,0.08,0.05,100,100,16.64,8.62,100.0,0.36,0.25,0.088
1759197822571,2025-09-30 10:03:42.571,27.95,35.0,1.0,0.08,0.05,100,100,16.87,8.87,100.0,0.05,0.253,0.083
1759197827571,2025-09-30 10:03:47.571,25.52,35.0,1.0,0.08,0.05,100,100,15.03,7.05,100.0,-0.37,0.225,0.119
1759197832571,2025-09-30 10:03:52.571,26.11,35.0,1.0,0.08,0.05,100,100,17.5,9.48,100.0,0.49,0.263,0.07
1759197837571,2025-09-30 10:03:57.571,25.46,35.0,1.0,0.08,0.05,100,100,16.88,8.89,100.0,-0.12,0.253,0.082
1759197842571,2025-09-30 10:04:02.571,25.14,35.0,1.0,0.08,0.05,100,100,17.54,9.54,100.0,0.13,0.263,0.069
1759197847571,2025-09-30 10:04:07.571,26.82,35.0,1.0,0.08,0.05,100,100,17.86,9.86,100.0,0.06,0.268,0.063
1759197852571,2025-09-30 10:04:12.571,26.09,35.0,1.0,0.08,0.05,100,100,16.16,8.18,100.0,-0.34,0.242,0.096
1759197857571,2025-09-30 10:04:17.571,24.3,35.0,1.0,0.08,0.05,100,100,16.91,8.91,100.0,0.15,0.254,0.082
1759197862571,2025-09-30 10:04:22.571,26.04,35.0,1.0,0.08,0.05,100,100,18.72,10.7,100.0,0.36,0.281,0.046
1759197867571,2025-09-30 10:04:27.571,23.5,35.0,1.0,0.08,0.05,100,100,16.94,8.96,100.0,-0.35,0.254,0.081
1759197872571,2025-09-30 10:04:32.571,23.82,35.0,1.0,0.08,0.05,100,100,19.52,11.5,100.0,0.51,0.293,0.03
1759197877571,2025-09-30 10:04:37.571,20.89,35.0,1.0,0.08,0.05,100,100,19.18,11.18,100.0,-0.06,0.288,0.036
1759197882571,2025-09-30 10:04:42.571,17.68,35.0,1.0,0.08,0.05,100,100,22.14,14.11,100.0,0.59,0.332,-0.022
1759197887571,2025-09-30 10:04:47.571,15.87,35.0,1.0,0.08,0.05,100,100,25.36,17.32,100.0,0.64,0.38,-0.086
1759197892571,2025-09-30 10:04:52.571,16.15,35.0,1.0,0.08,0.05,100,100,27.15,19.13,100.0,0.36,0.407,-0.123
1759197897571,2025-09-30 10:04:57.571,18.42,35.0,1.0,0.08,0.05,100,100,26.85,18.85,100.0,-0.06,0.403,-0.117
1759197902571,2025-09-30 10:05:02.571,16.9,35.0,1.0,0.08,0.05,100,100,24.56,16.58,100.0,-0.45,0.368,-0.072
1759197907571,2025-09-30 10:05:07.571,15.57,35.0,1.0,0.08,0.05,100,100,26.12,18.1,100.0,0.3,0.392,-0.102
1759197912571,2025-09-30 10:05:12.571,16.71,35.0,1.0,0.08,0.05,100,100,27.45,19.43,100.0,0.27,0.412,-0.129
1759197917571,2025-09-30 10:05:17.571,18.42,35.0,1.0,0.08,0.05,100,100,26.28,18.29,100.0,-0.23,0.394,-0.106
1759197922571,2025-09-30 10:05:22.571,18.56,35.0,1.0,0.08,0.05,100,100,24.56,16.58,100.0,-0.34,0.368,-0.072
1759197927571,2025-09-30 10:05:27.571,19.54,35.0,1.0,0.08,0.05,100,100,24.44,16.44,100.0,-0.03,0.367,-0.069
1759197932571,2025-09-30 10:05:32.571,21.5,35.0,1.0,0.08,0.05,100,100,23.45,15.46,100.0,-0.2,0.352,-0.049
1759197937571,2025-09-30 10:05:37.571,21.89,35.0,1.0,0.08,0.05,100,100,21.49,13.5,100.0,-0.39,0.322,-0.01
1759197942571,2025-09-30 10:05:42.571,20.72,35.0,1.0,0.08,0.05,100,100,21.11,13.11,100.0,-0.08,0.317,-0.002
1759197947571,2025-09-30 10:05:47.571,20.94,35.0,1.0,0.08,0.05,100,100,22.29,14.28,100.0,0.23,0.334,-0.026
1759197952571,2025-09-30 10:05:52.571,20.72,35.0,1.0,0.08,0.05,100,100,22.06,14.06,100.0,-0.04,0.331,-0.021
1759197957571,2025-09-30 10:05:57.571,22.79,35.0,1.0,0.08,0.05,100,100,22.28,14.28,100.0,0.04,0.334,-0.026
1759197962571,2025-09-30 10:06:02.571,21.48,35.0,1.0,0.08,0.05,100,100,20.19,12.21,100.0,-0.41,0.303,0.016
1759197967571,2025-09-30 10:06:07.571,19.72,35.0,1.0,0.08,0.05,100,100,21.54,13.52,100.0,0.26,0.323,-0.01
1759197972571,2025-09-30 10:06:12.571,19.84,35.0,1.0,0.08,0.05,100,100,23.29,15.28,100.0,0.35,0.349,-0.046
1759197977571,2025-09-30 10:06:17.571,18.72,32.0,1.0,0.08,0.05,100,100,23.16,15.16,100.0,-0.02,0.347,-0.043
1759197982571,2025-09-30 10:06:22.571,21.05,32.0,1.0,0.08,0.05,100,100,21.26,13.28,100.0,-0.38,0.319,-0.066
1759197987571,2025-09-30 10:06:27.571,21.2,32.0,1.0,0.08,0.05,100,100,18.93,10.95,100.0,-0.47,0.284,-0.019
1759197992571,2025-09-30 10:06:32.571,19.9,32.0,1.0,0.08,0.05,100,100,18.8,10.8,100.0,-0.03,0.282,-0.016
1759197997571,2025-09-30 10:06:37.571,21.19,32.0,1.0,0.08,0.05,100,100,20.12,12.1,100.0,0.26,0.302,-0.042
1759198002571,2025-09-30 10:06:42.571,21.48,32.0,1.0,0.08,0.05,100,100,18.79,10.81,100.0,-0.26,0.282,-0.016
1759198007571,2025-09-30 10:06:47.571,23.85,32.0,1.0,0.08,0.05,100,100,18.51,10.52,100.0,-0.06,0.278,-0.01
1759198012571,2025-09-30 10:06:52.571,23.75,32.0,1.0,0.08,0.05,100,100,16.13,8.15,100.0,-0.47,0.242,0.037
1759198017571,2025-09-30 10:06:57.571,22.84,32.0,1.0,0.08,0.05,100,100,16.25,8.25,100.0,0.02,0.244,0.035
1759198022571,2025-09-30 10:07:02.571,21.19,32.0,1.0,0.08,0.05,100,100,17.17,9.16,100.0,0.18,0.258,0.017
1759198027571,2025-09-30 10:07:07.571,18.77,32.0,1.0,0.08,0.05,100,100,18.83,10.81,100.0,0.33,0.282,-0.016
1759198032571,2025-09-30 10:07:12.571,18.47,32.0,1.0,0.08,0.05,100,100,21.26,13.23,100.0,0.49,0.319,-0.065
1759198037571,2025-09-30 10:07:17.571,18.6,32.0,1.0,0.08,0.05,100,100,21.53,13.53,100.0,0.06,0.323,-0.071
1759198042571,2025-09-30 10:07:22.571,19.19,32.0,1.0,0.08,0.05,100,100,21.4,13.4,100.0,-0.03,0.321,-0.068
1759198047571,2025-09-30 10:07:27.571,20.01,32.0,1.0,0.08,0.05,100,100,20.8,12.81,100.0,-0.12,0.312,-0.056
1759198052571,2025-09-30 10:07:32.571,20.66,32.0,1.0,0.08,0.05,100,100,19.98,11.99,100.0,-0.16,0.3,-0.04
1759198057571,2025-09-30 10:07:37.571,22.5,32.0,1.0,0.08,0.05,100,100,19.34,11.34,100.0,-0.13,0.29,-0.027
1759198062571,2025-09-30 10:07:42.571,22.61,32.0,1.0,0.08,0.05,100,100,17.49,9.5,100.0,-0.37,0.262,0.01
1759198067571,2025-09-30 10:07:47.571,23.97,32.0,1.0,0.08,0.05,100,100,17.39,9.39,100.0,-0.02,0.261,0.012
1759198072571,2025-09-30 10:07:52.571,23.85,32.0,1.0,0.08,0.05,100,100,16.02,8.03,100.0,-0.27,0.24,0.039
1759198077571,2025-09-30 10:07:57.571,23.96,32.0,1.0,0.08,0.05,100,100,16.15,8.15,100.0,0.02,0.242,0.037
1759198082571,2025-09-30 10:08:02.571,25.98,32.0,1.0,0.08,0.05,100,100,16.04,8.04,100.0,-0.02,0.241,0.039
1759198087571,2025-09-30 10:08:07.571,26.48,32.0,1.0,0.08,0.05,100,100,14.0,6.02,100.0,-0.4,0.21,0.08
1759198092571,2025-09-30 10:08:12.571,28.16,32.0,1.0,0.08,0.05,100,100,13.52,5.52,100.0,-0.1,0.203,0.09
1759198097571,2025-09-30 10:08:17.571,29.88,32.0,1.0,0.08,0.05,100,100,11.83,3.84,100.0,-0.34,0.177,0.123
1759198102571,2025-09-30 10:08:22.571,30.81,32.0,1.0,0.08,0.05,100,100,10.1,2.12,100.0,-0.34,0.152,0.158
1759198107571,2025-09-30 10:08:27.571,30.45,32.0,1.0,0.08,0.05,100,100,9.18,1.19,100.0,-0.19,0.138,0.176
1759198112571,2025-09-30 10:08:32.571,30.28,32.0,1.0,0.08,0.05,100,100,9.56,1.55,100.0,0.07,0.143,0.169
1759198117571,2025-09-30 10:08:37.571,29.3,32.0,1.0,0.08,0.05,100,100,9.72,1.72,100.0,0.03,0.146,0.166
1759198122571,2025-09-30 10:08:42.571,27.27,32.0,1.0,0.08,0.05,100,100,10.71,2.7,100.0,0.2,0.161,0.146
1759198127571,2025-09-30 10:08:47.571,29.89,32.0,1.0,0.08,0.05,100,100,12.75,4.73,100.0,0.41,0.191,0.105
1759198132571,2025-09-30 10:08:52.571,31.34,32.0,1.0,0.08,0.05,100,100,10.08,2.11,100.0,-0.52,0.151,0.158
1759198137571,2025-09-30 10:08:57.571,29.36,32.0,1.0,0.08,0.05,100,100,8.64,0.66,100.0,-0.29,0.13,0.187
1759198142571,2025-09-30 10:09:02.571,29.46,32.0,1.0,0.08,0.05,100,100,10.66,2.64,100.0,0.4,0.16,0.147
1759198147571,2025-09-30 10:09:07.571,30.37,32.0,1.0,0.08,0.05,100,100,10.54,2.54,100.0,-0.02,0.158,0.149
1759198152571,2025-09-30 10:09:12.571,31.6,32.0,1.0,0.08,0.05,100,100,9.62,1.63,100.0,-0.18,0.144,0.167
1759198157571,2025-09-30 10:09:17.571,29.84,32.0,1.0,0.08,0.05,100,100,8.39,0.4,100.0,-0.25,0.126,0.192
1759198162571,2025-09-30 10:09:22.571,30.43,32.0,1.0,0.08,0.05,100,100,10.17,2.16,100.0,0.35,0.153,0.157
1759198167571,2025-09-30 10:09:27.571,30.03,32.0,1.0,0.08,0.05,100,100,9.56,1.57,100.0,-0.12,0.143,0.169
1759198172571,2025-09-30 10:09:32.571,28.54,32.0,1.0,0.08,0.05,100,100,9.97,1.97,100.0,0.08,0.15,0.161
1759198177571,2025-09-30 10:09:37.571,28.33,32.0,1.0,0.08,0.05,100,100,11.48,3.46,100.0,0.3,0.172,0.131
1759198182571,2025-09-30 10:09:42.571,28.95,32.0,1.0,0.08,0.05,100,100,11.67,3.67,100.0,0.04,0.175,0.127
1759198187571,2025-09-30 10:09:47.571,29.58,32.0,1.0,0.08,0.05,100,100,11.05,3.05,100.0,-0.12,0.166,0.139
1759198192571,2025-09-30 10:09:52.571,29.5,32.0,1.0,0.08,0.05,100,100,10.41,2.42,100.0,-0.13,0.156,0.152
1759198197571,2025-09-30 10:09:57.571,30.48,32.0,1.0,0.08,0.05,100,100,10.5,2.5,100.0,0.02,0.158,0.15
1759198202571,2025-09-30 10:10:02.571,31.96,32.0,1.0,0.08,0.05,100,100,9.51,1.52,100.0,-0.2,0.143,0.17
1759198207571,2025-09-30 10:10:07.571,31.49,32.0,1.0,0.08,0.05,100,100,8.02,0.04,100.0,-0.3,0.12,0.199
1759198212571,2025-09-30 10:10:12.571,34.83,32.0,1.0,0.08,0.05,100,100,8.52,0.51,100.0,0.09,0.128,0.19
1759198217571,2025-09-30 10:10:17.571,32.39,32.0,1.0,0.08,0.05,100,100,4.0,-2.83,85.84,-0.67,0.06,0.257
1759198222571,2025-09-30 10:10:22.571,34.31,32.0,1.0,0.08,0.05,100,100,6.35,-0.39,83.89,0.49,0.095,0.208
1759198227571,2025-09-30 10:10:27.571,32.86,32.0,1.0,0.08,0.05,100,100,3.46,-2.31,72.36,-0.38,0.052,0.246
1759198232571,2025-09-30 10:10:32.571,31.76,32.0,1.0,0.08,0.05,100,100,4.59,-0.86,68.04,0.29,0.069,0.217
1759198237571,2025-09-30 10:10:37.571,31.04,32.0,1.0,0.08,0.05,100,100,5.79,0.24,69.24,0.22,0.087,0.195
1759198242571,2025-09-30 10:10:42.571,29.17,32.0,1.0,0.08,0.05,100,100,6.9,0.96,74.07,0.14,0.103,0.181
1759198247571,2025-09-30 10:10:47.571,30.03,32.0,1.0,0.08,0.05,100,100,9.91,2.83,88.21,0.37,0.149,0.143
1759198252571,2025-09-30 10:10:52.571,30.57,32.0,1.0,0.08,0.05,100,100,9.81,1.97,98.06,-0.17,0.147,0.161
1759198257571,2025-09-30 10:10:57.571,29.75,32.0,1.0,0.08,0.05,100,100,9.43,1.43,100.0,-0.11,0.141,0.171
1759198262571,2025-09-30 10:11:02.571,29.45,32.0,1.0,0.08,0.05,100,100,10.26,2.25,100.0,0.16,0.154,0.155
1759198267571,2025-09-30 10:11:07.571,30.07,32.0,1.0,0.08,0.05,100,100,10.55,2.55,100.0,0.06,0.158,0.149
1759198272571,2025-09-30 10:11:12.571,31.15,32.0,1.0,0.08,0.05,100,100,9.92,1.93,100.0,-0.12,0.149,0.161
1759198277571,2025-09-30 10:11:17.571,28.29,32.0,1.0,0.08,0.05,100,100,8.84,0.85,100.0,-0.22,0.133,0.183
1759198282571,2025-09-30 10:11:22.571,27.6,32.0,1.0,0.08,0.05,100,100,11.73,3.71,100.0,0.57,0.176,0.126
1759198287571,2025-09-30 10:11:27.571,28.79,32.0,1.0,0.08,0.05,100,100,12.41,4.4,100.0,0.14,0.186,0.112
1759198292571,2025-09-30 10:11:32.571,30.69,32.0,1.0,0.08,0.05,100,100,11.19,3.21,100.0,-0.24,0.168,0.136
1759198297571,2025-09-30 10:11:37.571,29.12,32.0,1.0,0.08,0.05,100,100,9.29,1.31,100.0,-0.38,0.139,0.174
1759198302571,2025-09-30 10:11:42.571,29.38,32.0,1.0,0.08,0.05,100,100,10.89,2.88,100.0,0.31,0.163,0.142
1759198307571,2025-09-30 10:11:47.571,27.37,32.0,1.0,0.08,0.05,100,100,10.62,2.62,100.0,-0.05,0.159,0.148
1759198312571,2025-09-30 10:11:52.571,26.87,32.0,1.0,0.08,0.05,100,100,12.65,4.63,100.0,0.4,0.19,0.107
1759198317571,2025-09-30 10:11:57.571,26.2,32.0,1.0,0.08,0.05,100,100,13.14,5.13,100.0,0.1,0.197,0.097
1759198322571,2025-09-30 10:12:02.571,23.53,32.0,1.0,0.08,0.05,100,100,13.8,5.8,100.0,0.13,0.207,0.084
1759198327571,2025-09-30 10:12:07.571,25.79,32.0,1.0,0.08,0.05,100,100,16.49,8.47,100.0,0.53,0.247,0.031
1759198332571,2025-09-30 10:12:12.571,25.59,32.0,1.0,0.08,0.05,100,100,14.19,6.21,100.0,-0.45,0.213,0.076
1759198337571,2025-09-30 10:12:17.571,23.95,32.0,1.0,0.08,0.05,100,100,14.41,6.41,100.0,0.04,0.216,0.072
1759198342571,2025-09-30 10:12:22.571,23.03,32.0,1.0,0.08,0.05,100,100,16.07,8.05,100.0,0.33,0.241,0.039
1759198347571,2025-09-30 10:12:27.571,24.37,32.0,1.0,0.08,0.05,100,100,16.98,8.97,100.0,0.18,0.255,0.021
1759198352571,2025-09-30 10:12:32.571,22.7,32.0,1.0,0.08,0.05,100,100,15.62,7.63,100.0,-0.27,0.234,0.047
1759198357571,2025-09-30 10:12:37.571,24.43,32.0,1.0,0.08,0.05,100,100,17.32,9.3,100.0,0.33,0.26,0.014
1759198362571,2025-09-30 10:12:42.571,24.8,32.0,1.0,0.08,0.05,100,100,15.56,7.57,100.0,-0.34,0.233,0.049
1759198367571,2025-09-30 10:12:47.571,23.29,32.0,1.0,0.08,0.05,100,100,15.19,7.2,100.0,-0.08,0.228,0.056
1759198372571,2025-09-30 10:12:52.571,21.55,32.0,1.0,0.08,0.05,100,100,16.73,8.71,100.0,0.3,0.251,0.026
1759198377571,2025-09-30 10:12:57.571,21.93,32.0,1.0,0.08,0.05,100,100,18.47,10.45,100.0,0.35,0.277,-0.009
1759198382571,2025-09-30 10:13:02.571,21.43,32.0,1.0,0.08,0.05,100,100,18.07,10.07,100.0,-0.08,0.271,-0.001
1759198387571,2025-09-30 10:13:07.571,22.89,32.0,1.0,0.08,0.05,100,100,18.57,10.57,100.0,0.1,0.279,-0.011
1759198392571,2025-09-30 10:13:12.571,23.0,32.0,1.0,0.08,0.05,100,100,17.1,9.11,100.0,-0.29,0.256,0.018
1759198397571,2025-09-30 10:13:17.571,25.43,32.0,1.0,0.08,0.05,100,100,17.0,9.0,100.0,-0.02,0.255,0.02
1759198402571,2025-09-30 10:13:22.571,24.01,32.0,1.0,0.08,0.05,100,100,14.55,6.57,100.0,-0.49,0.218,0.069
1759198407571,2025-09-30 10:13:27.571,24.01,32.0,1.0,0.08,0.05,100,100,16.0,7.99,100.0,0.28,0.24,0.04
1759198412571,2025-09-30 10:13:32.571,24.57,32.0,1.0,0.08,0.05,100,100,15.99,7.99,100.0,-0.0,0.24,0.04
1759198417571,2025-09-30 10:13:37.571,25.32,32.0,1.0,0.08,0.05,100,100,15.42,7.43,100.0,-0.11,0.231,0.051
1759198422571,2025-09-30 10:13:42.571,25.22,32.0,1.0,0.08,0.05,100,100,14.68,6.68,100.0,-0.15,0.22,0.066
1759198427571,2025-09-30 10:13:47.571,27.38,28.0,1.0,0.08,0.05,100,100,14.78,6.78,100.0,0.02,0.222,0.064
1759198432571,2025-09-30 10:13:52.571,26.84,28.0,1.0,0.08,0.05,100,100,8.56,0.62,100.0,-1.23,0.128,0.108
1759198437571,2025-09-30 10:13:57.571,27.19,28.0,1.0,0.08,0.05,100,100,9.16,1.16,100.0,0.11,0.137,0.097
1759198442571,2025-09-30 10:14:02.571,27.15,28.0,1.0,0.08,0.05,100,100,8.8,0.81,100.0,-0.07,0.132,0.104
1759198447571,2025-09-30 10:14:07.571,27.16,28.0,1.0,0.08,0.05,100,100,8.85,0.85,100.0,0.01,0.133,0.103
1759198452571,2025-09-30 10:14:12.571,25.49,28.0,1.0,0.08,0.05,100,100,8.84,0.84,100.0,-0.0,0.133,0.103
1759198457571,2025-09-30 10:14:17.571,26.73,28.0,1.0,0.08,0.05,100,100,10.53,2.51,100.0,0.33,0.158,0.07
1759198462571,2025-09-30 10:14:22.571,25.82,28.0,1.0,0.08,0.05,100,100,9.25,1.27,100.0,-0.25,0.139,0.095
1759198467571,2025-09-30 10:14:27.571,28.4,28.0,1.0,0.08,0.05,100,100,10.18,2.18,100.0,0.18,0.153,0.076
1759198472571,2025-09-30 10:14:32.571,28.57,28.0,1.0,0.08,0.05,100,100,7.42,-0.4,98.01,-0.51,0.111,0.128
1759198477571,2025-09-30 10:14:37.571,29.69,28.0,1.0,0.08,0.05,100,100,7.04,-0.57,95.14,-0.03,0.106,0.131
1759198482571,2025-09-30 10:14:42.571,31.66,28.0,1.0,0.08,0.05,100,100,5.23,-1.69,86.68,-0.22,0.078,0.154
1759198487571,2025-09-30 10:14:47.571,31.74,28.0,1.0,0.08,0.05,100,100,1.79,-3.66,68.36,-0.39,0.027,0.193
1759198492571,2025-09-30 10:14:52.571,31.08,28.0,1.0,0.08,0.05,100,100,0.24,-3.74,49.68,-0.01,0.004,0.195
1759198497571,2025-09-30 10:14:57.571,29.6,28.0,1.0,0.08,0.05,100,100,-0.33,-3.08,34.28,0.13,0.0,0.182
1759198502571,2025-09-30 10:15:02.571,30.64,28.0,1.0,0.08,0.05,100,100,0.52,-1.6,26.29,0.3,0.008,0.152
1759198507571,2025-09-30 10:15:07.571,33.35,28.0,1.0,0.08,0.05,100,100,-1.6,-2.64,13.11,-0.21,0.0,0.173
1759198512571,2025-09-30 10:15:12.571,34.08,28.0,1.0,0.08,0.05,100,100,-6.47,-5.35,-13.66,-0.54,0.0,0.227
1759198517571,2025-09-30 10:15:17.571,31.34,28.0,1.0,0.08,0.05,100,100,-9.62,-6.08,-44.08,-0.15,0.0,0.242
1759198522571,2025-09-30 10:15:22.571,31.12,28.0,1.0,0.08,0.05,100,100,-8.18,-3.34,-60.79,0.55,0.0,0.187
1759198527571,2025-09-30 10:15:27.571,29.75,28.0,1.0,0.08,0.05,100,100,-9.23,-3.12,-76.38,0.05,0.0,0.182
1759198532571,2025-09-30 10:15:32.571,26.59,28.0,1.0,0.08,0.05,100,100,-8.55,-1.75,-85.15,0.27,0.0,0.155
1759198537571,2025-09-30 10:15:37.571,29.27,28.0,1.0,0.08,0.05,100,100,-4.8,1.41,-78.09,0.63,0.0,0.092
1759198542571,2025-09-30 10:15:42.571,30.83,28.0,1.0,0.08,0.05,100,100,-8.05,-1.27,-84.43,-0.54,0.0,0.145
1759198547571,2025-09-30 10:15:47.571,29.58,28.0,1.0,0.08,0.05,100,100,-10.74,-2.83,-98.59,-0.31,0.0,0.177
1759198552571,2025-09-30 10:15:52.571,32.05,28.0,1.0,0.08,0.05,100,100,-9.57,-1.58,-100.0,0.25,0.0,0.152
1759198557571,2025-09-30 10:15:57.571,30.54,28.0,1.0,0.08,0.05,100,100,-12.08,-4.05,-100.0,-0.49,0.0,0.201
1759198562571,2025-09-30 10:16:02.571,33.53,28.0,1.0,0.08,0.05,100,100,-10.52,-2.54,-100.0,0.3,0.0,0.171
1759198567571,2025-09-30 10:16:07.571,34.94,28.0,1.0,0.08,0.05,100,100,-13.56,-5.53,-100.0,-0.6,0.0,0.231
1759198572571,2025-09-30 10:16:12.571,34.2,28.0,1.0,0.08,0.05,100,100,-14.95,-6.94,-100.0,-0.28,0.0,0.259
1759198577571,2025-09-30 10:16:17.571,32.69,28.0,1.0,0.08,0.05,100,100,-14.19,-6.2,-100.0,0.15,0.0,0.244
1759198582571,2025-09-30 10:16:22.571,34.01,28.0,1.0,0.08,0.05,100,100,-12.67,-4.69,-100.0,0.3,0.0,0.214
1759198587571,2025-09-30 10:16:27.571,35.22,28.0,1.0,0.08,0.05,100,100,-14.02,-6.01,-100.0,-0.26,0.0,0.24
1759198592571,2025-09-30 10:16:32.571,33.84,28.0,1.0,0.08,0.05,100,100,-15.23,-7.22,-100.0,-0.24,0.0,0.264
1759198597571,2025-09-30 10:16:37.571,32.19,28.0,1.0,0.08,0.05,100,100,-13.83,-5.84,-100.0,0.27,0.0,0.237
1759198602571,2025-09-30 10:16:42.571,35.09,28.0,1.0,0.08,0.05,100,100,-12.18,-4.19,-100.0,0.33,0.0,0.204
1759198607571,2025-09-30 10:16:47.571,35.97,28.0,1.0,0.08,0.05,100,100,-15.12,-7.09,-100.0,-0.58,0.0,0.262
1759198612571,2025-09-30 10:16:52.571,37.85,28.0,1.0,0.08,0.05,100,100,-15.98,-7.97,-100.0,-0.18,0.0,0.279
1759198617571,2025-09-30 10:16:57.571,39.8,28.0,1.0,0.08,0.05,100,100,-17.87,-9.85,-100.0,-0.38,0.0,0.317
1759198622571,2025-09-30 10:17:02.571,38.08,28.0,1.0,0.08,0.05,100,100,-19.82,-11.8,-100.0,-0.39,0.0,0.356
1759198627571,2025-09-30 10:17:07.571,41.99,28.0,1.0,0.08,0.05,100,100,-18.07,-10.08,-100.0,0.34,0.0,0.322
1759198632571,2025-09-30 10:17:12.571,41.52,28.0,1.0,0.08,0.05,100,100,-22.03,-13.99,-100.0,-0.78,0.0,0.4
1759198637571,2025-09-30 10:17:17.571,42.68,28.0,1.0,0.08,0.05,100,100,-21.52,-13.52,-100.0,0.09,0.0,0.39
1759198642571,2025-09-30 10:17:22.571,41.75,28.0,1.0,0.08,0.05,100,100,-22.69,-14.68,-100.0,-0.23,0.0,0.414
1759198647571,2025-09-30 10:17:27.571,42.63,28.0,1.0,0.08,0.05,100,100,-21.74,-13.75,-100.0,0.19,0.0,0.395
1759198652571,2025-09-30 10:17:32.571,40.65,28.0,1.0,0.08,0.05,100,100,-22.64,-14.63,-100.0,-0.18,0.0,0.413
1759198657571,2025-09-30 10:17:37.571,39.08,28.0,1.0,0.08,0.05,100,100,-20.63,-12.65,-100.0,0.4,0.0,0.373
1759198662571,2025-09-30 10:17:42.571,37.48,28.0,1.0,0.08,0.05,100,100,-19.06,-11.08,-100.0,0.32,0.0,0.342
1759198667571,2025-09-30 10:17:47.571,35.98,28.0,1.0,0.08,0.05,100,100,-17.47,-9.48,-100.0,0.32,0.0,0.31
1759198672571,2025-09-30 10:17:52.571,37.19,28.0,1.0,0.08,0.05,100,100,-15.97,-7.98,-100.0,0.3,0.0,0.28
1759198677571,2025-09-30 10:17:57.571,37.07,28.0,1.0,0.08,0.05,100,100,-17.21,-9.19,-100.0,-0.24,0.0,0.304
1759198682571,2025-09-30 10:18:02.571,38.02,28.0,1.0,0.08,0.05,100,100,-17.07,-9.07,-100.0,0.02,0.0,0.301
1759198687571,2025-09-30 10:18:07.571,37.71,28.0,1.0,0.08,0.05,100,100,-18.03,-10.02,-100.0,-0.19,0.0,0.32
1759198692571,2025-09-30 10:18:12.571,37.36,28.0,1.0,0.08,0.05,100,100,-17.7,-9.71,-100.0,0.06,0.0,0.314
1759198697571,2025-09-30 10:18:17.571,37.91,28.0,1.0,0.08,0.05,100,100,-17.36,-9.36,-100.0,0.07,0.0,0.307
1759198702571,2025-09-30 10:18:22.571,34.28,28.0,1.0,0.08,0.05,100,100,-17.92,-9.91,-100.0,-0.11,0.0,0.318
1759198707571,2025-09-30 10:18:27.571,33.93,28.0,1.0,0.08,0.05,100,100,-14.24,-6.28,-100.0,0.73,0.0,0.246
1759198712571,2025-09-30 10:18:32.571,35.91,28.0,1.0,0.08,0.05,100,100,-13.93,-5.93,-100.0,0.07,0.0,0.239
1759198717571,2025-09-30 10:18:37.571,37.9,28.0,1.0,0.08,0.05,100,100,-15.93,-7.91,-100.0,-0.4,0.0,0.278
1759198722571,2025-09-30 10:18:42.571,38.85,28.0,1.0,0.08,0.05,100,100,-17.92,-9.9,-100.0,-0.4,0.0,0.318
1759198727571,2025-09-30 10:18:47.571,38.25,28.0,1.0,0.08,0.05,100,100,-18.85,-10.85,-100.0,-0.19,0.0,0.337
1759198732571,2025-09-30 10:18:52.571,38.64,28.0,1.0,0.08,0.05,100,100,-18.25,-10.25,-100.0,0.12,0.0,0.325
1759198737571,2025-09-30 10:18:57.571,39.1,28.0,1.0,0.08,0.05,100,100,-18.64,-10.64,-100.0,-0.08,0.0,0.333
1759198742571,2025-09-30 10:19:02.571,39.96,28.0,1.0,0.08,0.05,100,100,-19.1,-11.1,-100.0,-0.09,0.0,0.342
1759198747571,2025-09-30 10:19:07.571,40.28,28.0,1.0,0.08,0.05,100,100,-19.97,-11.96,-100.0,-0.17,0.0,0.359
1759198752571,2025-09-30 10:19:12.571,40.0,28.0,1.0,0.08,0.05,100,100,-20.28,-12.28,-100.0,-0.06,0.0,0.366
1759198757571,2025-09-30 10:19:17.571,40.06,28.0,1.0,0.08,0.05,100,100,-20.0,-12.0,-100.0,0.05,0.0,0.36
1759198762571,2025-09-30 10:19:22.571,40.66,28.0,1.0,0.08,0.05,100,100,-20.06,-12.06,-100.0,-0.01,0.0,0.361
1759198767571,2025-09-30 10:19:27.571,40.14,28.0,1.0,0.08,0.05,100,100,-20.67,-12.66,-100.0,-0.12,0.0,0.373
1759198772571,2025-09-30 10:19:32.571,37.81,28.0,1.0,0.08,0.05,100,100,-20.14,-12.14,-100.0,0.1,0.0,0.363
1759198777571,2025-09-30 10:19:37.571,36.02,28.0,1.0,0.08,0.05,100,100,-17.79,-9.81,-100.0,0.47,0.0,0.316
1759198782571,2025-09-30 10:19:42.571,39.17,28.0,1.0,0.08,0.05,100,100,-16.0,-8.02,-100.0,0.36,0.0,0.28
1759198787571,2025-09-30 10:19:47.571,36.57,28.0,1.0,0.08,0.05,100,100,-19.2,-11.17,-100.0,-0.63,0.0,0.343
1759198792571,2025-09-30 10:19:52.571,39.65,28.0,1.0,0.08,0.05,100,100,-16.55,-8.57,-100.0,0.52,0.0,0.291
1759198797571,2025-09-30 10:19:57.571,38.71,28.0,1.0,0.08,0.05,100,100,-19.68,-11.65,-100.0,-0.62,0.0,0.353
1759198802571,2025-09-30 10:20:02.571,38.59,28.0,1.0,0.08,0.05,100,100,-18.7,-10.71,-100.0,0.19,0.0,0.334
1759198807571,2025-09-30 10:20:07.571,37.2,28.0,1.0,0.08,0.05,100,100,-18.59,-10.59,-100.0,0.02,0.0,0.332
1759198812571,2025-09-30 10:20:12.571,36.57,28.0,1.0,0.08,0.05,100,100,-17.19,-9.2,-100.0,0.28,0.0,0.304
1759198817571,2025-09-30 10:20:17.571,37.08,28.0,1.0,0.08,0.05,100,100,-16.57,-8.57,-100.0,0.13,0.0,0.291
1759198822571,2025-09-30 10:20:22.571,37.41,28.0,1.0,0.08,0.05,100,100,-17.09,-9.08,-100.0,-0.1,0.0,0.302
1759198827571,2025-09-30 10:20:27.571,36.77,28.0,1.0,0.08,0.05,100,100,-17.42,-9.41,-100.0,-0.07,0.0,0.308
1759198832571,2025-09-30 10:20:32.571,37.93,28.0,1.0,0.08,0.05,100,100,-16.76,-8.77,-100.0,0.13,0.0,0.295
1759198837571,2025-09-30 10:20:37.571,35.53,28.0,1.0,0.08,0.05,100,100,-17.95,-9.93,-100.0,-0.23,0.0,0.319
1759198842571,2025-09-30 10:20:42.571,34.85,28.0,1.0,0.08,0.05,100,100,-15.5,-7.53,-100.0,0.48,0.0,0.271
1759198847571,2025-09-30 10:20:47.571,31.83,28.0,1.0,0.08,0.05,100,100,-14.85,-6.85,-100.0,0.13,0.0,0.257
1759198852571,2025-09-30 10:20:52.571,29.02,28.0,1.0,0.08,0.05,100,100,-11.8,-3.83,-100.0,0.6,0.0,0.197
1759198857571,2025-09-30 10:20:57.571,28.52,28.0,1.0,0.08,0.05,100,100,-8.99,-1.02,-100.0,0.56,0.0,0.14
1759198862571,2025-09-30 10:21:02.571,29.85,28.0,1.0,0.08,0.05,100,100,-8.52,-0.52,-100.0,0.1,0.0,0.13
1759198867571,2025-09-30 10:21:07.571,32.15,28.0,1.0,0.08,0.05,100,100,-9.87,-1.85,-100.0,-0.27,0.0,0.157
1759198872571,2025-09-30 10:21:12.571,32.39,28.0,1.0,0.08,0.05,100,100,-12.17,-4.15,-100.0,-0.46,0.0,0.203
1759198877571,2025-09-30 10:21:17.571,33.08,28.0,1.0,0.08,0.05,100,100,-12.39,-4.39,-100.0,-0.05,0.0,0.208
1759198882571,2025-09-30 10:21:22.571,31.47,28.0,1.0,0.08,0.05,100,100,-13.09,-5.08,-100.0,-0.14,0.0,0.222
1759198887571,2025-09-30 10:21:27.571,31.97,28.0,1.0,0.08,0.05,100,100,-11.45,-3.47,-100.0,0.32,0.0,0.189
1759198892571,2025-09-30 10:21:32.571,32.67,28.0,1.0,0.08,0.05,100,100,-11.97,-3.97,-100.0,-0.1,0.0,0.199
1759198897571,2025-09-30 10:21:37.571,31.02,28.0,1.0,0.08,0.05,100,100,-12.68,-4.67,-100.0,-0.14,0.0,0.213
1759198902571,2025-09-30 10:21:42.571,31.6,28.0,1.0,0.08,0.05,100,100,-11.01,-3.02,-100.0,0.33,0.0,0.18
1759198907571,2025-09-30 10:21:47.571,30.94,28.0,1.0,0.08,0.05,100,100,-11.6,-3.6,-100.0,-0.11,0.0,0.192
1759198912571,2025-09-30 10:21:52.571,29.74,28.0,1.0,0.08,0.05,100,100,-10.93,-2.94,-100.0,0.13,0.0,0.179
1759198917571,2025-09-30 10:21:57.571,30.28,28.0,1.0,0.08,0.05,100,100,-9.73,-1.74,-100.0,0.24,0.0,0.155
1759198922571,2025-09-30 10:22:02.571,32.27,28.0,1.0,0.08,0.05,100,100,-10.28,-2.28,-100.0,-0.11,0.0,0.166
1759198927571,2025-09-30 10:22:07.571,31.55,28.0,1.0,0.08,0.05,100,100,-12.29,-4.27,-100.0,-0.4,0.0,0.205
1759198932571,2025-09-30 10:22:12.571,30.5,28.0,1.0,0.08,0.05,100,100,-11.54,-3.55,-100.0,0.15,0.0,0.191
1759198937571,2025-09-30 10:22:17.571,29.24,28.0,1.0,0.08,0.05,100,100,-10.49,-2.5,-100.0,0.21,0.0,0.17
1759198942571,2025-09-30 10:22:22.571,29.13,28.0,1.0,0.08,0.05,100,100,-9.23,-1.24,-100.0,0.25,0.0,0.145
1759198947571,2025-09-30 10:22:27.571,26.37,28.0,1.0,0.08,0.05,100,100,-9.12,-1.13,-100.0,0.02,0.0,0.143
1759198952571,2025-09-30 10:22:32.571,26.11,28.0,1.0,0.08,0.05,100,100,-5.69,1.63,-91.87,0.55,0.0,0.087
