时间(s),输入信号(%),动态响应温度(℃)
0,1.1007460331100065,379.8617472656597
1,0.9799400587658904,379.97359990325845
2,0.8905023876554263,380.0712207073862
3,0.8271001629209653,380.1446978548234
4,0.7521708102890317,380.1875369553857
5,0.6400694264852205,380.1995724387995
6,0.5035360008722918,380.19068173818346
7,0.3746780081750254,380.1765767708455
8,0.27877272372640227,380.1719976255254
9,0.2247541538634845,380.18771741751397
10,0.20349017320586246,380.2259435812025
11,0.19324736263343345,380.27812761024575
12,0.1762074643796165,380.33152565991963
13,0.15401611517939787,380.37529456868197
14,0.1447431976041407,380.3997923084577
15,0.1679337387870065,380.39511811138493
16,0.2357758365345254,380.35434505696406
17,0.35045296193921044,380.28114140659784
18,0.49999498679176424,380.1955503938126
19,0.6570793396650284,380.1271940138182
20,0.7946681833571154,380.09792876745024
21,0.9074923071266685,380.11283505329675
22,1.002644158537462,380.16445899478526
23,1.0690492463027104,380.23710640736977
24,1.0778338860596766,380.30830816583466
25,1.0096152174162045,380.353642464395
26,0.8685047535528361,380.355982240747
27,0.6832738899539359,380.3144027591027
28,0.5007191714649026,380.2456181110426
29,0.3665836936061727,380.17466639407826
30,0.3102853641715917,380.1209228507794
31,0.3407861965305146,380.0927237449686
32,0.4444657597509904,380.0913082830884
33,0.5874082723826051,380.1110576477151
34,0.7268944663693876,380.1389643569282
35,0.8202371399439209,380.1649168827027
36,0.8310049147034181,380.1901624181567
37,0.7454017672502343,380.21771361178327
38,0.5775439059970807,380.24198694077694
39,0.35140043706045976,380.25586164160467
40,0.08902096151683866,380.25884908685214
41,-0.18002542186511888,380.2526881606631
42,-0.39917769773922607,380.2362835239563
43,-0.4727386775439493,380.2082113809418
44,-0.2651832902236246,380.169664109335
45,0.39927721862029014,380.1238032152935
46,1.7320089745140232,380.0765532797811
47,3.946658624379326,380.0403871084355
48,7.16317124538338,380.03639085258175
49,11.227447098905314,380.09038921122436
50,15.583587757619263,380.2235665772719
51,19.468288934393957,380.4467304726872
52,22.340905729576125,380.7638139064428
53,24.098424970671203,381.1723932248684
54,24.963039598420846,381.6581309048293
55,25.279771624985983,382.1989890609354
56,25.35005769934794,382.7755951145822
57,25.35320728940813,383.37209943708007
58,25.36586707725221,383.97215443869084
59,25.390868990214948,384.5589090494122
60,25.383224214050866,385.11809499938227
61,25.31646406396697,385.6414840727059
62,25.22004575456288,386.12788695763913
63,25.133731037227868,386.5814781061967
64,25.066356358375597,387.0087951703822
65,25.020331486942776,387.4152528811254
66,25.01345736290343,387.8047220596794
67,25.060195331672354,388.18169094572715
68,25.15536765353817,388.5519432372055
69,25.273052935245317,388.9208411860328
70,25.388114379560985,389.2899966292699
71,25.501393497882574,389.65773394432847
72,25.609468958151613,390.0234491379366
73,25.6680496178189,390.3871025614368
74,25.61912655172063,390.7447320179111
75,25.43312169805166,391.08802837341574
76,25.131367038924637,391.4091412802308
77,24.79440335762779,391.7044502307256
78,24.52582429432144,391.9745652518806
79,24.385032416736717,392.22457176315874
80,24.363872755987735,392.46289425291604
81,24.42431626137446,392.6978555868413
82,24.54038153317571,392.93494708475276
83,24.708667523698416,393.1715832454586
84,24.93220272601733,393.3956067796722
85,25.19445760357878,393.5965628722672
86,25.445433660792155,393.776535165862
87,25.607244265764947,393.9480073607675
88,25.611675069374602,394.126344728321
89,25.45682206865559,394.3230961920146
90,25.215054163843664,394.53797034106657
91,24.98762311218964,394.75820130303225
92,24.858520022057927,394.9710108394085
93,24.87012197002148,395.16985346138625
94,25.025623750618408,395.34952101723536
95,25.289378500400954,395.51008414867925
96,25.585404688605323,395.66194916049477
97,25.830772203926607,395.8154970335059
98,25.966507302643283,395.9712243084034
99,25.963740000482442,396.12304952163123
100,25.839746938776265,396.2672807927341
101,25.65346098793454,396.40785050496066
102,25.451464325268407,396.55082703929713
103,25.239240749643702,396.6958479286627
104,25.021861246834302,396.83709880303377
105,24.828792424740488,396.9682490942631
106,24.67726392575645,397.08552917744066
107,24.557291369547514,397.1891170081031
108,24.465083604889593,397.2791973239782
109,24.404797708703406,397.35252812886847
110,24.36350562114101,397.40510640943404
111,24.332887434099295,397.43596486235884
112,24.339459418434735,397.44934380708327
113,24.42461968339299,397.4556507747004
114,24.607640546086184,397.4706061252834
115,24.86671135426369,397.51069643798803
116,25.151054318384404,397.5850863647136
117,25.40657004391157,397.6891512187693
118,25.58108875202712,397.80808455049515
119,25.633867709486527,397.928872811856
120,25.564150446284074,398.0454840013764
121,25.42111904387786,398.15414174040103
122,25.273478834791316,398.24951711526955
123,25.160124055455565,398.32655837186934
124,25.07712918922313,398.3859094956789
125,25.006803313936143,398.4351836536016
126,24.938733291595675,398.48295691657114
127,24.876004562746047,398.5336120311086
128,24.831561886051865,398.58543801272737
129,24.80791883019215,398.6331960180956
130,24.793729800040122,398.67557700128566
131,24.780601157539373,398.7150514852884
132,24.760581438768707,398.7501135326294
133,24.727109396839147,398.77522892100393
134,24.691901774673767,398.7880715093
135,24.67571355597876,398.79436197621044
136,24.685855510884625,398.80482578608087
137,24.701159130042413,398.82526973079
138,24.67373313503602,398.8530822122111
139,24.570440881006004,398.8833739694372
140,24.393938317748997,398.9123997259627
141,24.15574742645537,398.9389676333524
142,23.890710129350488,398.96739454680284
143,23.704740570858583,399.005117710967
144,23.767500891154963,399.0543980780494
145,24.255536544810905,399.1058788350752
146,25.294469384198283,399.14169808598615
147,26.92903435122819,399.14997035596286
148,29.110015307153635,399.1411909796972
149,31.654149670482497,399.1481864403612
150,34.21958059205705,399.2066017729217
151,36.41099431579059,399.3395105871491
152,37.97612303231989,399.5571842764122
153,38.90042873341936,399.85873722482336
154,39.34370117418602,400.2292923682213
155,39.52889155519955,400.6380613354598
156,39.63962994395181,401.0463137740988
157,39.75426473079629,401.42440889712844
158,39.864292845483924,401.7628128601932
159,39.93900673703653,402.0701039012002
160,39.96603492921528,402.36382841161105
161,39.956622135253596,402.66166196529684
162,39.937156972605436,402.97438518716405
163,39.93712649641893,403.29996696415725
164,39.96622468465968,403.6257425790143
165,40.005827737922786,403.9389128858321
166,40.04043809566072,404.23322986411176
167,40.08483594136436,404.5069238916583
168,40.15916128316116,404.7556081482524
169,40.24896808255449,404.96785947083816
170,40.31545434004959,405.1341867140868
171,40.342720826576304,405.2634345852494
172,40.349548409353034,405.38266608334663
173,40.35790234836766,405.51775413548694
174,40.37897427927199,405.68136290295536
175,40.416308482610205,405.8780546311743
176,40.459522891148275,406.10728607821363
177,40.486719193752194,406.3587458164251
178,40.47093302125016,406.6151197224671
179,40.38613739569657,406.8625897129229
180,40.22872634864241,407.09399823231934
181,40.03529474791569,407.30497055394005
182,39.86474758488659,407.49306834702514
183,39.75182381374253,407.65732831647756
184,39.69034096682319,407.79644541751395
185,39.66986325752796,407.9110081486843
186,39.69827231125838,408.009051751253
187,39.77944974144643,408.1072614078394
188,39.905185320408414,408.2211747577254
189,40.07565782290135,408.353071292582
190,40.295595684557284,408.4934099348055
191,40.550315962071686,408.63311670301454
192,40.80231922364665,408.7699222343197
193,41.00331106707984,408.90469272325663
194,41.10803327358335,409.0375988602771
195,41.08529058936552,409.1666559443863
196,40.93986562568791,409.2885143066921
197,40.74185423696624,409.4031942453479
198,40.600888774008276,409.51416032111496
199,40.592031365505285,409.621713249545
200,40.72243730521645,409.72181387483806
201,40.948310382501695,409.81182573157247
202,41.19345792703792,409.89348800421556
203,41.374750847482616,409.969600161701
204,41.440601173824554,410.0416226544478
205,41.3841116492659,410.1136620731431
206,41.22865837111363,410.19342566363184
207,41.015170160188134,410.2840405044453
208,40.793522135280526,410.37896736743437
209,40.61532962918927,410.4668944918081
210,40.5192417779438,410.5381985851688
211,40.50950620746829,410.58867028853683
212,40.56547360614886,410.6222016954591
213,40.678359014179726,410.6495409944037
214,40.85476640743056,410.682272599372
215,41.071789600389735,410.728901056666
216,41.258077390364896,410.7955074264579
217,41.35279528605558,410.88467029129765
218,41.363709899298875,410.99045554006534
219,41.339822717565426,411.09734246995566
220,41.302009220811065,411.18853961561746
221,41.22249696061886,411.2567809299443
222,41.06980876654681,411.30764505671027
223,40.854210093937354,411.3530421667276
224,40.61827488219362,411.4014661307378
225,40.39629727917874,411.45405211539475
226,40.19646207278369,411.5087577607588
227,40.017007980434,411.56686144035626
228,39.866511862309295,411.6317721281972
229,39.7596386533175,411.70036231136805
230,39.706998099410725,411.75998119464464
231,39.71988464793334,411.79592696666145
232,39.8070609290159,411.80082985459126
233,39.95682713342528,411.7775010477733
234,40.123887998623395,411.73553612290436
235,40.24479405483926,411.6877590626402
236,40.276127880039944,411.6487044558366
237,40.20967665615338,411.6311883119639
238,40.06338159746928,411.6410139964751
239,39.88219310175155,411.6769056405972
240,39.73429160896285,411.73365964399795
241,39.67632473422109,411.8007283464867
242,39.71740705678122,411.86135340518234
243,39.81410551756075,411.8984257327328
244,39.888336422668786,411.9018282818911
245,39.85306366621158,411.87194454262044
246,39.63344709554746,411.8195904410535
247,39.187445783047174,411.76288151222565
248,38.52082221653439,411.7201430968171
249,37.69047085508817,411.7007919152508
250,36.80977551025713,411.7005251451601
251,36.019754982805445,411.70445907977756
252,35.42004552698102,411.69260540564153
253,35.04165521020349,411.64434007504326
254,34.87701027760823,411.54564742388663
255,34.909070838194424,411.3966192628455
256,35.11288181094726,411.2145810012201
257,35.43966104435437,411.03130430876575
258,35.81184327846881,410.88189699506677
259,36.145287318284645,410.7877382423228
260,36.380825652936885,410.7445801171612
261,36.500872652052394,410.7280851007806
262,36.524560860307986,410.71248123843066
263,36.48994964630811,410.6843413273552
264,36.43750059246469,410.6434181701711
265,36.39843203600847,410.59462386273543
266,36.37508086903446,410.5402821579562
267,36.332367487313945,410.48172406774626
268,36.23103583408842,410.42516202094384
269,36.06371455872382,410.3792342053472
270,35.85328164647372,410.34498986809444
271,35.63517368770661,410.31044106655963
272,35.44179089966048,410.25823085114973
273,35.286031456099685,410.18035947215
274,35.160495347283124,410.0852023711471
275,35.06626387985674,409.99054172600904
276,35.032082268583466,409.9088808838129
277,35.0849892012965,409.8374057063756
278,35.20679180342537,409.76268657417006
279,35.3376372730527,409.676032780846
280,35.43069599994259,409.5813786226073
281,35.491239102338085,409.4882239773169
282,35.55509503051007,409.40479273835444
283,35.64951331356752,409.34101996714435
284,35.77713579001473,409.3083937440532
285,35.91898541575687,409.31077996466115
286,36.05453186906917,409.3392029563887
287,36.18058161672864,409.3752469384418
288,36.30195830800188,409.3986710602644
289,36.40748121247519,409.397146197624
290,36.47253995978862,409.37195226017457
291,36.48698043455656,409.3353718385857
292,36.464549694691776,409.30410691791377
293,36.427518652554305,409.29366776836986
294,36.39061722779378,409.3125079941659
295,36.35467038046853,409.3533175357574
296,36.30897004519469,409.3917190606273
297,36.23172016132984,409.4018770055801
298,36.08852171768768,409.37334541722487
299,35.849607135583994,409.3126257655533
300,35.52322779805821,409.23509143456226
301,35.16460058626331,409.1578719930724
302,34.849549949492655,409.09676461528176
303,34.64353879586666,409.0629435269731
304,34.573776716280236,409.05694411275306
305,34.61217657390344,409.0673108854377
306,34.70170276323087,409.0798772449801
307,34.80385809399508,409.08773435471164
308,34.901201163449265,409.0883967112425
309,34.97247492315271,409.0755726330679
310,35.00533969704251,409.04168418393454
311,35.02395903075413,408.98784085178795
312,35.07275108912087,408.92461289834785
313,35.17148776081614,408.8612437814379
314,35.29789962005829,408.7997896004188
315,35.411060178417245,408.7413089386381
316,35.48519265508678,408.68979551039337
317,35.521630565628705,408.64690234130154
318,35.53737884580875,408.6118136921296
319,35.55911581461974,408.5898305031496
320,35.61396654600505,408.5919177788492
321,35.703289773235866,408.6209732738814
322,35.79497424183291,408.6637843649001
323,35.8418508054458,408.6990908563068
324,35.80763658744276,408.7097713293589
325,35.686447854604836,408.6882605315909
326,35.50636990781662,408.6362250740313
327,35.32664783094036,408.56086745712605
328,35.21001175123898,408.47083768231414
329,35.16321858937153,408.37573930856746
330,35.12167693170653,408.2872483388748
331,35.016873657919206,408.2153447305455
332,34.84450827140997,408.16263113741735
333,34.65943211562038,408.12648118423306
334,34.524929317270775,408.1039425634169
335,34.478598084730955,408.0890926198996
336,34.532669715996896,408.0714715294964
337,34.677787979086226,408.0441674313657
338,34.86410744553294,408.0110078028589
339,35.00004598103652,407.98199340489896
340,35.00925352092139,407.96129895981346
341,34.89160912406797,407.9433883361181
342,34.732427843120504,407.92234887476917
343,34.6735812902451,407.90035587690704
344,34.86468686425834,407.88535888386247
345,35.42007142518052,407.8843170216131
346,36.43219009417199,407.90012140041364
347,38.016614901237844,407.9304227571197
348,40.28821532187477,407.96901623111677
349,43.22480246234351,408.01332314403373
350,46.523067083219104,408.0682808725889
351,49.68275461391986,408.141359482323
352,52.302467577373974,408.23898582338927
353,54.23200532616049,408.36797847225534
354,55.49571396771234,408.5356409721452
355,56.19848744574078,408.74782009934864
356,56.47800958727776,409.00884819492126
357,56.46798228634967,409.31979030810487
358,56.274052287912255,409.67430413476785
359,55.97234806612701,410.0596560622174
360,55.620485582634586,410.461225296416
361,55.256092341406244,410.8655944582061
362,54.89724055263321,411.2618866095077
363,54.56053799043977,411.64034942679194
364,54.27353300999735,411.9917937164092
365,54.070996327979735,412.31166470259245
366,53.973097214383394,412.6025967011569
367,53.956474850139365,412.87032874388785
368,53.96048831066477,413.11856958692465
369,53.93407728815367,413.34635143826597
370,53.873788755042874,413.550998607229
371,53.8198240819928,413.7383105575868
372,53.82294753538784,413.92480010409463
373,53.915507025462276,414.12605332702447
374,54.097634621793034,414.3467145688532
375,54.33067770240787,414.580011919803
376,54.55570115636842,414.8136536564654
377,54.73681546362188,415.03625328264724
378,54.88036973115551,415.2403426960533
379,55.01511896147965,415.4234493377514
380,55.16701435005657,415.58825197626265
381,55.34741889311185,415.74009772365974
382,55.5538268414555,415.8816179320386
383,55.76632529929738,416.01168669149945
384,55.9322805556903,416.1324711547305
385,55.98769511364281,416.2534229052172
386,55.90685443134443,416.3856041412211
387,55.70180310902353,416.53317622126826
388,55.406245925628994,416.6909004253157
389,55.09763615545893,416.8501554313063
390,54.88617303510607,417.00509237382136
391,54.84089902159408,417.15315882779737
392,54.949487006836094,417.2926457261246
393,55.157119399084,417.41919646437356
394,55.402573038272706,417.5266775233434
395,55.61103697371499,417.6126112672164
396,55.704259041414396,417.6793054391012
397,55.64119058173891,417.73373606681247
398,55.43357047212215,417.78915502972325
399,55.12720298930715,417.85849710280417
400,54.78453170922895,417.9446060925881
401,54.46799978298147,418.0413087439231
402,54.2190309499084,418.1394593445742
403,54.06521503120847,418.2310269084247
404,54.03757750826251,418.3144783138812
405,54.148781772928764,418.3938531824404
406,54.36507663508911,418.46924452943324
407,54.6208133834706,418.5342385191124
408,54.857573659170306,418.58314626267605
409,55.04205108868642,418.6154333927825
410,55.152148324724244,418.63289564114893
411,55.16899897665494,418.63686402653997
412,55.08134092474428,418.63161071198374
413,54.879218122025364,418.62640222936034
414,54.57004287949277,418.6289381885963
415,54.22231467804445,418.6410740087083
416,53.95371483772419,418.66283473491796
417,53.85288840193389,418.69457745304857
418,53.934693583590594,418.7343919301823
419,54.17230368866725,418.7766934549655
420,54.53926117557063,418.8145659827846
421,54.994970479297194,418.8449714889357
422,55.450633257827015,418.8737332028362
423,55.78946796123994,418.9122285351979
424,55.92307311795724,418.96430354881124
425,55.82660000980805,419.0205669856014
426,55.548621759338616,419.0690850594833
427,55.19720214429423,419.10702622106487
428,54.888852922400815,419.14012919197415
429,54.689527574966675,419.1727604347192
430,54.59941797764333,419.2006792859561
431,54.5879826791597,419.2150640711931
432,54.628431485208935,419.20952947421955
433,54.68778984462409,419.1819038002099
434,54.71307148086606,419.1362207550339
435,54.66666362242853,419.0848423772936
436,54.568734685093105,419.0435911456872
437,54.48861952002453,419.02257911911977
438,54.496562360631536,419.02192685664016
439,54.62402971489516,419.0350048952052
440,54.85532249217258,419.05343882120417
441,55.13598599551445,419.06974169114943
442,55.397491703149726,419.0804727305569
443,55.57794422991082,419.0887357793429
444,55.611424728119175,419.0997794575146
445,55.419846479135934,419.1135539455611
446,54.9177396642367,419.12499147594144
447,54.02307060922356,419.1313460411464
448,52.69806046224463,419.1338429944017
449,51.01323331511813,419.1318460881486
450,49.19125918494974,419.1199040319037
451,47.542411415734136,419.09121506197556
452,46.293916159103915,419.0443967265279
453,45.492459656199415,418.98329990245435
454,45.05596217960361,418.9072289410507
455,44.868130184673916,418.8090540174249
456,44.833174163063156,418.68348566496684
457,44.8812136705837,418.53127713147035
458,44.944366928393535,418.3609416956776
459,44.94397599976896,418.1885865583647
460,44.827016740810876,418.0278795625386
461,44.61556115072233,417.87822427667277
462,44.396599737689996,417.72576726552563
463,44.261112430299875,417.556458941813
464,44.255574657316345,417.3675628689055
465,44.37706961319728,417.1651822738757
466,44.59007906798056,416.9560858346741
467,44.83575393923299,416.7492142692558
468,45.045890341119495,416.5561067821076
469,45.17414739593092,416.3824998915589
470,45.21537804421256,416.2265848654198
471,45.1992353190343,416.08284390285627
472,45.17380572696122,415.9421508157514
473,45.174831537664495,415.7954134287392
474,45.19729087282407,415.64141636198457
475,45.20733620354976,415.4895737044041
476,45.17482601553895,415.35473375980087
477,45.08888497971792,415.247301437537
478,44.96243008953043,415.1656763607092
479,44.82753080260677,415.098021404176
480,44.7112710794614,415.03232152028414
481,44.62014883855344,414.96399747400613
482,44.5538565878842,414.8936088622425
483,44.52292517523538,414.8202152378177
484,44.54942104711656,414.7385045814746
485,44.65008872661373,414.64213659000677
486,44.81589346308067,414.5293185961095
487,45.010444236628665,414.4036745372904
488,45.193589466976626,414.2715466409642
489,45.354180607688896,414.1401463692908
490,45.512233862624264,414.0163010004868
491,45.67458502713782,413.9062856099327
492,45.80635083897046,413.8149394650192
493,45.85566453193132,413.74111755077746
494,45.78854164367684,413.67677263031516
495,45.616012500639215,413.6151554965132
496,45.400435609733535,413.55498486457293
497,45.20737947648,413.49531036746697
498,45.05060184046423,413.43563033071956
499,44.902754014138864,413.37825787724194
500,44.74505721232934,413.32309702289393
501,44.591160641018554,413.26528595538053
502,44.473679396496635,413.20019875648035
503,44.42044548845408,413.12728163440687
504,44.441304979230296,413.04822085376713
505,44.52546201007944,412.9644346380376
506,44.65445529476664,412.8803861158593
507,44.81767034203605,412.8073420088243
508,44.99165497785636,412.7584340342695
509,45.12297237029138,412.7376186194182
510,45.16666119966732,412.73320108405494
511,45.12202874041661,412.72190653927413
512,45.02477185540633,412.6814520643487
513,44.92114427879658,412.6019655715316
514,44.84293888393419,412.4878206823692
515,44.80186712852342,412.3532010851577
516,44.7972607973324,412.21653986149084
517,44.811427144796376,412.0950097082269
518,44.805414435239264,411.99971421240997
519,44.740123004124285,411.93266910375576
520,44.60320048534747,411.88855228109077
521,44.407515818083525,411.8585734213304
522,44.18399979428498,411.8316463677691
523,43.99482493667097,411.79798663438635
524,43.916789859956175,411.7552617423092
525,43.98196742332444,411.7066933766178
526,44.154318157564575,411.65387349362015
527,44.36579866682055,411.59511458336254
528,44.559383750722006,411.5272592768251
529,44.712228041505945,411.44667996297744
530,44.83320097890724,411.3520291197759
531,44.93444964550562,411.24910867210724
532,45.01679675240411,411.1515723044621
533,45.093083113523036,411.0731626884274
534,45.195868888028954,411.0186354635629
535,45.34608855957288,410.9815890539948
536,45.538072809535045,410.9504442900281
537,45.752641691028074,410.919955731992
538,45.96088708373597,410.89535285127135
539,46.12071138947395,410.8811165798182
540,46.195756837172695,410.87144716123845
541,46.17541946755786,410.8574592723637
542,46.05782446443314,410.8401179424129
543,45.84023036037695,410.83169806008084
544,45.55401490579223,410.84354255036516
545,45.282404323721906,410.87265640553267
546,45.119208067851474,410.9017295416135
547,45.12153705517514,410.9122380281392
548,45.298880632551764,410.89588683152357
549,45.60987513803856,410.85542045493486
550,45.95250413596632,410.7977146476844
551,46.18900216041073,410.72721782889386
552,46.218179499213946,410.64804171970553
553,46.033300224057065,410.5692627363043
554,45.71295173064128,410.5024974306003
555,45.36757281733337,410.4558038339124
556,45.0899074487059,410.4291320291468
557,44.929056512625344,410.4137275209449
558,44.88118524754149,410.3989175302873
559,44.898895583982245,410.3784594384512
560,44.929558570032896,410.3489269345197
561,44.94559638272275,410.30890703823036
562,44.93316255422458,410.2644675534174
563,44.87525789786715,410.22746150141097
564,44.75503915853923,410.20344624547243
565,44.56987053854783,410.1870622620363
566,44.3499008486194,410.17014628998373
567,44.152233127624285,410.14827046778635
568,44.022263025035215,410.1202532937508
569,43.97064593235762,410.08804519695116
570,43.9845571444541,410.0551346478333
571,44.047158054549755,410.0195987386405
572,44.148182473201025,409.97199763794924
573,44.287259849331704,409.9048452949164
574,44.46920088326769,409.8222886937649
575,44.67827851760511,409.73847586207125
576,44.86510612795564,409.6691683389572
577,44.992445234674825,409.62527724629535
578,45.08100676150204,409.6095674149372
579,45.17681803047768,409.6158390715388
580,45.2788179955453,409.6304037269743
581,45.317124916191986,409.63491188378856
582,45.21227363612125,409.6123736018609
583,44.95617647906148,409.55545231337777
584,44.625335330682134,409.4696656809648
585,44.321628605465946,409.36938101194784
586,44.11203215600378,409.2710771566857
587,44.01516818338037,409.1881043617574
588,44.0406204597229,409.1283535050303
589,44.21970223008219,409.0916877696479
590,44.55533445625063,409.0683599394723
591,44.96608555127625,409.0438057143728
592,45.33775200555517,409.0068284903517
593,45.61906108137948,408.95492653656993
594,45.8281969275758,408.89529823991165
595,45.986389781903654,408.8418804355495
596,46.091063385311,408.80804788793796
597,46.13743450906948,408.79809002479385
598,46.12283143888662,408.8050894062626
599,46.03586717642864,408.8158934311976
600,45.86805361226626,408.8190379007943
601,45.644209124238195,408.81368425187634
602,45.43163995525783,408.80917275333417
603,45.29561843169724,408.8109944182514
604,45.24617256129186,408.81285079762347
605,45.2435896585165,408.80578483528717
606,45.22899796202084,408.78884677892097
607,45.151781716585944,408.7672917820953
608,45.01386128427124,408.7446058890414
609,44.875068025996775,408.7208758611097
610,44.80292621158371,408.69603763858396
611,44.84056683603621,408.6697306458708
612,44.99426067606163,408.6389188104179
613,45.22044615874901,408.5999718474798
614,45.44862390882509,408.55246058738715
615,45.61968510674846,408.49721607405235
616,45.70167726858348,408.43296169423553
617,45.70351357694231,408.35903519920316
618,45.66888086559418,408.2803899419281
619,45.63558391820631,408.20768245240436
620,45.60777329951093,408.152526137318
621,45.56622116244586,408.1197841290579
622,45.49997535073857,408.10250894801584
623,45.422566173419014,408.08982537896
624,45.35391875713242,408.0808346387647
625,45.290940846311145,408.0835369287904
626,45.195759744565365,408.0982640728886
627,45.030291823945085,408.1111638020831
628,44.812918120663525,408.109752736256
629,44.61587597448963,408.0965664240942
630,44.5077435037865,408.0813007485521
631,44.5117597969082,408.06573451664934
632,44.60409969023602,408.0408425082118
633,44.74381568000525,407.9973244243714
634,44.908455692623534,407.93723680645047
635,45.10159225578799,407.87329685298
636,45.32251758869491,407.8168095098525
637,45.531080737364164,407.77031332711687
638,45.6589195445867,407.73271746683514
639,45.66375779519286,407.70350572254745
640,45.564197669402986,407.6791758471697
641,45.4165766357857,407.65227653542473
642,45.26922438966135,407.61586564902484
643,45.14378569102199,407.57004126961056
644,45.03579571733975,407.524249069662
645,44.92520294526339,407.4874908507869
646,44.80970066779875,407.4579858325974
647,44.71488609008463,407.4276403634207
648,44.658250001418324,407.3931941771992
649,44.63184010048254,407.35960069074764
650,44.61312923801801,407.33484719166137
651,44.573865441783745,407.3234654835447
652,44.50059263900678,407.3247505156824
653,44.41932348115094,407.3345515651632
654,44.388534728277484,407.34499319037855
655,44.45760742116101,407.34459940379156
656,44.634401319537794,407.32542619765
657,44.89040043952727,407.29211055104673
658,45.183492326691066,407.2595325345054
659,45.476724156527055,407.2377512174105
660,45.74272595907777,407.2226504228521
661,45.95270781729677,407.203917651022
662,46.0784468885591,407.17605348061943
663,46.1129655691513,407.1393236525552
664,46.07005544244852,407.0963743564001
665,45.978105288949216,407.05054480557305
666,45.88651774926122,407.00309812079297
667,45.82711873505845,406.95084783741726
668,45.769307164498194,406.8907768263105
669,45.65900798402275,406.8272217083026
670,45.47616392752717,406.77083394452666
671,45.244281565872576,406.72987864513624
672,45.02051776516673,406.70443999894496
673,44.87043094873546,406.68960972439936
674,44.833966664865606,406.68263403861306
675,44.910566431752564,406.68375334416044
676,45.06613155999302,406.68906960002204
677,45.240118029616355,406.6888461379861
678,45.34793035852053,406.6762651305788
679,45.30870638352479,406.65298655394406
680,45.09118184530103,406.6261590652641
681,44.73671345472523,406.60400092843196
682,44.34865727404867,406.5912855070653
683,44.048737153534994,406.58495565002556
684,43.91352645598404,406.5769025459046
685,43.935362038844005,406.5612338969636
686,44.047331356325614,406.5358181070021
687,44.191765223525806,406.5010128075413
688,44.36637398944245,406.46035417534506
689,44.60740041111914,406.42094116699985
690,44.921888168539205,406.3909308385711
691,45.25150527266632,406.3723637520056
692,45.532205719202054,406.35716395638104
693,45.757218110883606,406.33515626356495
694,45.94884405276536,406.3038562203893
695,46.10844099125529,406.267611677763
696,46.209044842686566,406.23171144751706
697,46.1987622361651,406.1989954309839
698,46.01147471852431,406.1682253313028
699,45.61942132134822,406.13675331534864
700,45.08554521758882,406.1070736878338
701,44.53433434214096,406.0858758361961
702,44.08007355207823,406.0742343651701
703,43.79889896938296,406.0634873010416
704,43.73480867063787,406.042019980038
705,43.8982660923273,406.0015993481926
706,44.245566961323846,405.9394706783181
707,44.67420485318729,405.8615631733545
708,45.07176275117755,405.7806776857575
709,45.368365936652815,405.70999856094653
710,45.54664357436614,405.6611035885703
711,45.63061460280593,405.6398182942476
712,45.66866227848244,405.6396604457293
713,45.7149153589875,405.6461569638864
714,45.79889147304678,405.647503894677
715,45.8932951768775,405.6383175761136
716,45.93991661874758,405.6187547555328
717,45.91451757799375,405.59337863250505
718,45.85031177483698,405.56887076503045
719,45.81343576257704,405.5531046893989
720,45.85496779136311,405.552376498763
721,45.97662124457591,405.56432059970524
722,46.140297110538725,405.5775387579745
723,46.293756613585124,405.58186365769524
724,46.396987016407806,405.57641261151315
725,46.44368661609901,405.56562140663857
726,46.45245477391356,405.5508795083207
727,46.43503911381323,405.531660843836
728,46.37296356321248,405.5126384351777
729,46.22187009126138,405.5032345469948
730,45.946186076131504,405.50996201784534
731,45.56324693937642,405.5312796877148
732,45.14858383500301,405.5573896875115
733,44.78700727417599,405.5741232823475
734,44.525574171030755,405.57236928535264
735,44.36159219975106,405.55466718868735
736,44.24949221365789,405.5310210837037
737,44.138273581267406,405.5105983678339
738,44.02476078172618,405.49500174772123
739,43.95075850887778,405.47680251592317
740,43.95574022991809,405.44637000437206
741,44.06025816959749,405.3984747866948
742,44.273256324772014,405.33311850804847
743,44.58734443113891,405.25558899134205
744,44.972283340033194,405.1753531314884
745,45.37616117705015,405.1021410419489
746,45.733446096638225,405.0424603153001
747,45.98234208508395,404.9975817299569
748,46.07955056762758,404.96430864752006
749,46.00245560699039,404.9397720118069
750,45.750984694550795,404.925451820914
751,45.3592799951656,404.92482053651145
752,44.90083311888496,404.93705591549394
753,44.468023863052366,404.9547702797424
754,44.14351029130062,404.9679114835929
755,43.98319628357693,404.96847945284617
756,43.99257661664956,404.95459872444843
757,44.10526164753564,404.9319879620846
758,44.21419283093818,404.9061482830468
759,44.250705638650786,404.87555108994854
760,44.23190437815119,404.84036744328955
761,44.22674547988159,404.81153653515355
762,44.29535798795701,404.80208460826816
763,44.45950087557565,404.8131368944152
764,44.69864184684307,404.83185440474494
765,44.96577895810048,404.84153141029765
766,45.205997677815425,404.8353832038729
767,45.367647659269466,404.82113900062916
768,45.42202411977125,404.8126371320582
769,45.378919804081136,404.8190114579448
770,45.281857053730455,404.8405006827921
771,45.18515406829531,404.87191926290626
772,45.121502017859825,404.9055553344309
773,45.090896266730894,404.9304697460334
774,45.0848689133807,404.9366237205151
775,45.111321850089986,404.921373259984
776,45.18725682011443,404.89099827991214
777,45.312026310939736,404.8572363537288
778,45.46010680167957,404.8302088246304
779,45.59713706597823,404.8133114732278
780,45.68956295890239,404.8048309503755
781,45.70234261052061,404.80328840234176
782,45.604191157092956,404.8088889636477
783,45.39595690839053,404.8212304365756
784,45.13625894700743,404.84019503198397
785,44.92241001709474,404.8646690937543
786,44.83319400297026,404.8883540529165
787,44.879561250208404,404.90256595877764
788,45.00995211541777,404.9009220724572
789,45.15169758679652,404.8821437474021
790,45.235923513754535,404.8527822039776
791,45.213656105105294,404.8228252208867
792,45.079970177982844,404.79625684286225
793,44.888038297209306,404.76813269502884
794,44.72848998188603,404.7323284594569
795,44.67657844276563,404.6912927847154
796,44.7545886320263,404.6549052927121
797,44.932193632633634,404.6306365915781
798,45.14221576983869,404.6188442555971
799,45.3051246517561,404.6156462564058
800,45.359719846957454,404.6164320344615
801,45.28911214063914,404.6176734596143
802,45.12695690912827,404.6178577572208
803,44.9311104219528,404.61924836325943
804,44.74810033699487,404.62607061819097
805,44.59645798907611,404.6355508499381
806,44.47720780622105,404.63647516174353
807,44.4001517097915,404.62157299012176
808,44.38677518927274,404.5961480583964
809,44.44724491631724,404.5740587921528
810,44.56560631618098,404.5671882576927
811,44.69734007384209,404.57764459007194
812,44.779720105793366,404.5989181668624
813,44.76480721055483,404.6225053521247
814,44.65119484032488,404.64418074786687
815,44.47815443486712,404.66558844800056
816,44.2959460828202,404.6899825153081
817,44.153243661661335,404.71695047228263
818,44.09748081393929,404.7410670433479
819,44.16546521389207,404.75657878564107
820,44.37310390730392,404.7618966463541
821,44.71124635164731,404.7553102554663
822,45.13590381177174,404.7302727433691
823,45.559666247906996,404.6808685203978
824,45.8820076089977,404.6101301680949
825,46.04433355132641,404.53174417101263
826,46.04017888962807,404.46231045522353
827,45.89162665094474,404.4093538014272
828,45.6405594757432,404.3700708284547
829,45.344782716264255,404.34226634575793
830,45.06751793650967,404.330538157601
831,44.854805386960834,404.3413074028822
832,44.708636240414044,404.37592252893774
833,44.6008112896764,404.4286531211781
834,44.51456999090075,404.4898332086885
835,44.45817338197491,404.54887715864953
836,44.46080654804392,404.5937254356319
837,44.55372250645874,404.6156162409894
838,44.72650053706242,404.6173401012929
839,44.9191003163913,404.60807617022255
840,45.06082195321038,404.59192121619975
841,45.087878285287836,404.5700333876702
842,44.962261719689025,404.5477496301867
843,44.72142794672151,404.52965594842743
844,44.46732041771201,404.5123298404184
845,44.290946128932966,404.4889176184419
846,44.2360024450313,404.458139736913
847,44.30240210570504,404.42519393993626
848,44.453597219195,404.39626974929814
849,44.64599188988365,404.37715144245567
850,44.86377213755605,404.3751818026841
851,45.11555231831915,404.39551927741616
852,45.410007824296606,404.43502160808964
853,45.7360805095858,404.48232416095505
854,46.049881044147426,404.5235648494478
855,46.288471521631266,404.5483592024814
856,46.39952130274205,404.55249696401523
857,46.36682041449747,404.5382124993356
858,46.23275212069667,404.512617492195
859,46.08198772571108,404.48574073143595
860,45.97428488432788,404.4704788613547
861,45.90011785760315,404.47715863999866
862,45.82074423752355,404.5024314700557
863,45.74157429019524,404.52960928994
864,45.714583828425546,404.5439672105156
865,45.762294814468554,404.5459286693547
866,45.82742579647604,404.54756469241687
867,45.818627482559656,404.55839602323454
868,45.700186497921706,404.5800537849343
869,45.51921813471555,404.6113727440562
870,45.349632445792096,404.65082966734417
871,45.22570197567705,404.69377393942773
872,45.12429412291396,404.7313763798451
873,45.01845798803659,404.7551080353384
874,44.94220616987367,404.76299520574173
875,44.96286981703455,404.76111078378796
876,45.0958260101485,404.75605889929363
877,45.27567201397923,404.74825802883106
878,45.40865777423897,404.7369373170116
879,45.44409192048243,404.7253194361838
880,45.394640708396736,404.71720926798184
881,45.30347833885475,404.71307165534006
882,45.210668765909496,404.7093036224051
883,45.14289215204707,404.6994497614116
884,45.10875965608381,404.67893752468933
885,45.09304256872485,404.6496824106451
886,45.064303114266885,404.6179219555606
887,44.99282991800982,404.5879470005257
888,44.862070548131115,404.5582696868458
889,44.67941462595872,404.52445044624557
890,44.491055155150356,404.48554489685574
891,44.36187365810704,404.4454174591332
892,44.313391721501816,404.41070719608075
893,44.3109845850888,404.38843486798805
894,44.33168116253121,404.382101224378
895,44.39947678293995,404.3915028791787
896,44.54223302541325,404.413877311501
897,44.759045450577545,404.4425410180939
898,45.03302216788921,404.4701881193056
899,45.33163411028868,404.49393221139496
900,45.59437197741888,404.5138461419576
901,45.76842934627737,404.5302247224505
902,45.85297200029247,404.54288596333896
903,45.875749703367575,404.55055401913216
904,45.85185498889512,404.55247014116094
905,45.78550614734291,404.5485956334247
906,45.682739851467836,404.53611343122697
907,45.557984007222394,404.51011567415657
908,45.444342848445196,404.47071737562163
909,45.38007689964842,404.4276335151544
910,45.37688114197348,404.3945804478269
911,45.41717209655137,404.3794399619964
912,45.47234836597615,404.3813744350855
913,45.51264797089197,404.39488229002086
914,45.51741813328465,404.41455849317276
915,45.4880789841383,404.4383545975162
916,45.44409029171043,404.46752001007206
917,45.404218607533885,404.5026242592364
918,45.37845187993304,404.5420285116104
919,45.36331651690028,404.5831068173771
920,45.32916245745528,404.6195191785271
921,45.238149763743586,404.6405005591867
922,45.088772835419626,404.63862513186854
923,44.928988635854076,404.616168034441
924,44.83202463504444,404.58258562097296
925,44.852817626477886,404.54912598195074
926,44.98279484330256,404.5256481790587
927,45.14085669345545,404.5177049790381
928,45.216917491570435,404.52490146025565
929,45.142661158673015,404.54319749451577
930,44.93396163599278,404.56885854326555
931,44.66351385308718,404.6019998663758
932,44.39810537891364,404.64616194713483
933,44.17323811587969,404.70188898173166
934,44.01043451907246,404.7612735822315
935,43.92571939049693,404.8084747594033
936,43.91559586709198,404.82617219272794
937,43.95559593412669,404.80517256374554
938,44.02435655553548,404.74804880506855
939,44.121232369934724,404.6647682723319
940,44.25911370567898,404.5688736834867
941,44.44404655229097,404.4759807267116
942,44.65854695489434,404.4005073323441
943,44.86127761959828,404.35086460834873
944,45.0099220292312,404.3267971045406
945,45.09409761211743,404.3223639756856
946,45.1412609273404,404.331150060896
947,45.189238099035414,404.3455880363612
948,45.25152829630042,404.35559816161845
949,45.3016517148194,404.3558641416429
950,45.2986710421632,404.3503314730574
951,45.22809567751526,404.3451634894736
952,45.109197037625094,404.34329109055716
953,44.980519986509556,404.34598880898284
954,44.89177648910005,404.3536396462195
955,44.88692140051992,404.3665894161608
956,44.98635542284626,404.3873693934066
957,45.19092815991757,404.41839442510076
958,45.48147690941418,404.457901233175
959,45.802125885127644,404.5006385830056
960,46.05820645504857,404.5417480579736
961,46.14889398868228,404.5783057747265
962,46.021896290249046,404.60636269624285
963,45.70047682134085,404.6204215604955
964,45.256881157403875,404.6188200672708
965,44.780763896510315,404.60620424628553
966,44.36916163237186,404.59077137652423
967,44.10753668279486,404.581950621529
968,44.044344407425996,404.5866560078732
969,44.182547084509224,404.6050755351745
970,44.478615367260666,404.63214652291543
971,44.84216549671336,404.6614670265999
972,45.16239763026295,404.68712397066895
973,45.358732588287715,404.7039698898638
974,45.405497726086324,404.70682392768094
975,45.322409389066856,404.69139602687795
976,45.16374486743666,404.6597349737287
977,44.99609135802062,404.62356343515233
978,44.84936467702664,404.5971202540409
979,44.699277840604125,404.5869306478955
980,44.517547927326305,404.5888502459085
981,44.32224792696391,404.59217543196894
982,44.17843409600764,404.58804637262733
983,44.17069635621591,404.5745786040552
984,44.35228963062829,404.55335070071175
985,44.68246824127195,404.52401597327014
986,45.03097139010335,404.4850581215651
987,45.26533143386627,404.4393461494649
988,45.31524239328471,404.3942467026764
989,45.17057560597004,404.3557572339451
990,44.87293515707674,404.3280105654646
991,44.510601592938315,404.3153869685693
992,44.17707321050693,404.31992021907143
993,43.928180575036926,404.33965106331357
994,43.79230978257935,404.3703875711161
995,43.79150124906489,404.4085899468888
996,43.932800908298915,404.4534233406502
997,44.198519882538505,404.504461331412
998,44.54814376120185,404.5571423555779
999,44.92274014077464,404.59970327838215
1000,45.25745188288551,404.61499608201217
1001,45.50699789631461,404.5906596665682
1002,45.660912395849635,404.5289373789835
1003,45.72744027557862,404.443657516777
1004,45.70896259446595,404.35029267547213
1005,45.60346510731949,404.26378920210516
1006,45.43455315820231,404.2007619015376
1007,45.263022969135754,404.1748889150178
1008,45.15334265172612,404.1907096156332
1009,45.13425670339393,404.2439695123774
1010,45.17820668845467,404.32573741616375
1011,45.2151037078339,404.42453145043817
1012,45.18583584526933,404.5252930309298
1013,45.078161278501845,404.61166405582776
1014,44.9148549015563,404.67221521995594
1015,44.72973290566709,404.70144185635894
1016,44.56053403271394,404.69775221582705
1017,44.463710383630854,404.6662342453384
1018,44.51827540152464,404.6205985794736
1019,44.77012339044462,404.57896411614684
1020,45.16861474278529,404.55564304235463
1021,45.601474999369486,404.55111317964264
1022,45.974795743422256,404.5507568312654
1023,46.23171963139422,404.53751837045445
1024,46.35558247530649,404.50374343368753
1025,46.384429150968906,404.4552580455464
1026,46.37917468805601,404.40858555832415
1027,46.36514335516417,404.3789432135408
1028,46.3111766244305,404.3710885762268
1029,46.15871671332996,404.3834402398197
1030,45.86962724404827,404.41410687599745
1031,45.460154597730906,404.4591658883293
1032,45.008823749792654,404.510506262606
1033,44.62907361750224,404.5595190452328
1034,44.4065557685559,404.60087194765407
1035,44.352857305452986,404.632110530193
1036,44.42121618370701,404.65185731320497
1037,44.54680945057776,404.65817838277144
1038,44.67375605092543,404.64881153740373
1039,44.772020368771585,404.6259082116978
1040,44.84133834800388,404.59825880151544
1041,44.896952070698006,404.5734978900838
1042,44.94707363530685,404.5511497273792
1043,44.99440739840009,404.5263982768911
1044,45.06518865762179,404.49681591905545
1045,45.212820958661254,404.46535609346324
1046,45.47690299594815,404.4393317627795
1047,45.840663641250345,404.4259266136771
1048,46.22951441517139,404.4292875666667
1049,46.54850531631846,404.4498621331628
1050,46.71541460208529,404.4827719755803
1051,46.67716830851847,404.52097773959423
1052,46.429799205672936,404.5620816333863
1053,46.032100935158944,404.60701334246653
1054,45.595757633278865,404.653812795237
1055,45.25036364391424,404.6962660684231
1056,45.08738194948207,404.7253089845636
1057,45.106738303562736,404.7318261804544
1058,45.21298458887962,404.7128660744208
1059,45.28336289376869,404.6758436799474
1060,45.24495249486562,404.6334844737192
1061,45.0829919150463,404.5951538309971
1062,44.812836948045664,404.5660001568116
1063,44.48236533994547,404.5491490467646
1064,44.17317291297998,404.5434848229904
1065,43.95577034816451,404.5454732155015
1066,43.852085052792546,404.55504309277944
1067,43.84685932810355,404.57395217531564
1068,43.90197875592951,404.59969768872077
1069,43.97318314660617,404.6240071046402
1070,44.053546524395,404.63701175502115
1071,44.17839817669993,404.63362700698036
1072,44.36342568493669,404.61546763190745
1073,44.561436789637646,404.58697673277214
1074,44.69757415009495,404.5520215369713
1075,44.72909395807346,404.5141670762447
1076,44.66284268351615,404.4781635035594
1077,44.54507236264153,404.4487659770166
1078,44.440889657364316,404.4272567562223
1079,44.403477867139124,404.4114076147787
1080,44.46318175265881,404.39824230517246
1081,44.63403583491968,404.38396633038275
1082,44.90738839270065,404.36480854128405
1083,45.241794445858304,404.3422922633269
1084,45.569602106972816,404.3259334327685
1085,45.82859820480858,404.32762247886785
1086,45.98799464663987,404.35178669816486
1087,46.031619976017396,404.39320573459713
1088,45.95189017999109,404.44454990325096
1089,45.77887328241832,404.4992084956064
1090,45.57111571156877,404.5474931379747
1091,45.368543817210686,404.57893697432166
1092,45.18348944575584,404.5893190019917
1093,45.02892138551675,404.5821034072786
1094,44.9254992943468,404.56463030093556
1095,44.89011755558883,404.54569517090795
1096,44.92221063242869,404.535387339237
1097,44.99200930095193,404.5425204382854
1098,45.07093300753398,404.56801974546
1099,45.1698007213125,404.601576306988
1100,45.3159744494524,404.6294870388409
1101,45.51176287443659,404.6462076099185
1102,45.72228296468811,404.65395201336713
1103,45.88343044401386,404.65288896654283
1104,45.92793809913418,404.6382783256504
1105,45.82362451576203,404.60572327311195
1106,45.596522353459534,404.5562028193162
1107,45.31349430452245,404.4990681375723
1108,45.04338248872015,404.4504937159304
1109,44.83491809503169,404.4259918937147
1110,44.709949126125984,404.4320346602743
1111,44.66079539289312,404.46371824831186
1112,44.656371869406094,404.5107446257484
1113,44.66008631111624,404.5637769511863
1114,44.64316799524537,404.6132409938835
1115,44.58846278402604,404.6472606450891
1116,44.50325063028014,404.6581437711309
1117,44.42237116559784,404.6488292351939
1118,44.38112820947799,404.62859228608727
1119,44.3905643256037,404.60746772976233
1120,44.442967088054296,404.59568939134164
1121,44.52612029949989,404.5972806346732
1122,44.620581869485164,404.6014923512136
1123,44.695877321631734,404.59062843650935
1124,44.72440548184146,404.55551196179306
1125,44.69994031340737,404.49734339443074
1126,44.63939274369827,404.42486138616175
1127,44.57091916617722,404.35554535035675
1128,44.52310726404872,404.30904324232955
1129,44.506684710755835,404.2949527874821
1130,44.496709553318496,404.3090041680795
1131,44.45431755112831,404.34041912657614
1132,44.373266599100305,404.3795402351201
1133,44.28875397741925,404.4165044120184
1134,44.24462283741424,404.4404054617695
1135,44.263244082841375,404.4471452464893
1136,44.34080013298082,404.4422386701717
1137,44.46915985244446,404.4307915922885
1138,44.646153867752666,404.41275340808784
1139,44.84959922265779,404.39119313143755
1140,45.03569386101555,404.37450207662835
1141,45.174471773732904,404.3674412397054
1142,45.25644466142089,404.3690915872458
1143,45.27890061099078,404.38037168071634
1144,45.25655438378614,404.40498603271544
1145,45.225779135493404,404.44287663994834
1146,45.2124015433705,404.48948902354914
1147,45.21901221100561,404.54003092929804
1148,45.249080260838426,404.5895853818147
1149,45.30296089712344,404.6317113055233
1150,45.35938360579804,404.65943103556936
1151,45.391240231655814,404.66661691199255
1152,45.392085971896925,404.65131702641645
1153,45.386043667898576,404.6194860329059
1154,45.400232863645144,404.58184323860223
1155,45.41304591495156,404.54578751190013
1156,45.35725969527656,404.51408505835525
1157,45.179607947057065,404.4903574481399
1158,44.88149460765502,404.47891291145993
1159,44.53463028033312,404.4800549412326
1160,44.26510342852885,404.49062257353006
1161,44.17280345155781,404.5069744564911
1162,44.258897099397494,404.52647151567436
1163,44.44886204622639,404.54986888078776
1164,44.65669003679272,404.5811725982029
1165,44.813433249308446,404.621023451598
1166,44.88187872769152,404.66159364031296
1167,44.86986511236262,404.6919193945259
1168,44.80791631398201,404.70646873334266
1169,44.712636457132916,404.7052114448497
1170,44.58256624770521,404.6892072897558
1171,44.42393487879357,404.6589362183722
1172,44.277281989274336,404.61350060244524
1173,44.19291659664442,404.55197775371226
1174,44.157689116546464,404.4787810740193
1175,44.08846863157859,404.4072861957797
1176,43.9278099201093,404.3561715147468
1177,43.706490835368285,404.3393451122014
1178,43.49697180260217,404.3576207984551
1179,43.35412803352195,404.39921227390835
1180,43.30848851417391,404.4452784952751
1181,43.37175643444541,404.47567989354746
1182,43.538928616285396,404.4757609460847
1183,43.784916041223454,404.44266065314133
1184,44.062790265657185,404.38558754669805
1185,44.33809152969319,404.3170458073831
1186,44.61923731126136,404.24665924186047
1187,44.928668590116004,404.18665839868964
1188,45.25705735037642,404.1513442881662
1189,45.55579281646585,404.14484299939227
1190,45.75490355833676,404.1592849063986
1191,45.77803086672955,404.1848580874134
1192,45.57331609402819,404.2156065784375
1193,45.15882824113223,404.2500979329294
1194,44.63127188213073,404.2886597788016
1195,44.12501090389874,404.3276545111533
1196,43.75062170280033,404.35921452454085
1197,43.559515412635896,404.37728047474167
1198,43.56273484379969,404.37895205752284
1199,43.755116896786056,404.3597739337584
1200,44.10613979602989,404.31519624839683
1201,44.549356866776,404.2478691464556
1202,44.991629563992035,404.168633570022
1203,45.33895071167288,404.0923434344812
1204,45.53120691176153,404.03508440869
1205,45.56220011380878,404.00996671630907
1206,45.471669973809824,404.0200158005587
1207,45.32509051681276,404.0571692531271
1208,45.193312865910585,404.10936976414627
1209,45.129572390649855,404.1657110967432
1210,45.142219192102566,404.2179275475568
1211,45.17888672107288,404.262252176467
1212,45.16199761446005,404.30097681117326
1213,45.06302456946253,404.33946617665885
1214,44.93312184355359,404.3786815984176
1215,44.85752571185821,404.4129984964586
1216,44.88802464932721,404.4362304323031
1217,45.017067187656615,404.4474199297284
1218,45.199720614342674,404.45139163120456
1219,45.3825340199321,404.4536614607322
1220,45.507670683620965,404.4549694287916
1221,45.517889319200755,404.4523538941851
1222,45.40509927341952,404.44196197572467
1223,45.23676230629037,404.419829664327
1224,45.09444112222906,404.38463859126756
1225,45.02201963715019,404.3390267617702
1226,45.03747363742265,404.28798250272354
1227,45.13439629444454,404.2374640381792
1228,45.26918166413613,404.193490792112
1229,45.37866505655989,404.16500639944326
1230,45.41756488698371,404.1653124940676
1231,45.38369524346233,404.2040150222699
1232,45.3119081670253,404.27742433037935
1233,45.241108041690445,404.36820905762943
1234,45.18566778405713,404.4552413813065
1235,45.1346091933457,404.5235028711335
1236,45.07549339662275,404.5648919600553
1237,45.01854062459225,404.5761611899589
1238,44.98901809602205,404.55976278881144
1239,44.999702042329275,404.52166578961254
1240,45.03913829447514,404.4663083999502
1241,45.08068350252064,404.39712175308483
1242,45.09841138759678,404.3222027353221
1243,45.07469463057435,404.25675048681563
1244,45.00968034912694,404.21696021949214
1245,44.932789453310185,404.20934934473655
1246,44.88222227605092,404.2275386660379
1247,44.8719042154886,404.2596526027588
1248,44.893619292684384,404.2960207335565
1249,44.944853153248125,404.3311189546586
1250,45.04249653959567,404.3622335550184
1251,45.206066083405105,404.3899878650305
1252,45.433332154219805,404.42018202191207
1253,45.68957720625621,404.4592587764207
1254,45.91188520297627,404.50578156117865
1255,46.037458377774556,404.54818569467835
1256,46.04231819904073,404.57250152915975
1257,45.95095983204584,404.57234948836293
1258,45.8187523949862,404.548602915168
1259,45.70494909274412,404.505838873614
1260,45.63562976147762,404.4553563366785
1261,45.58686978382945,404.411093053993
1262,45.512736309826785,404.37882785327366
1263,45.38157736900392,404.35832429910226
1264,45.18353001109256,404.3527866042715
1265,44.919621656674515,404.3672267848673
1266,44.606967887862425,404.40078020991695
1267,44.301433505514616,404.4460044059252
1268,44.0838339276833,404.49479837405886
1269,43.991987805297796,404.54243419894055
1270,43.978080683682784,404.5852244494737
1271,43.95779500553741,404.61724920210906
1272,43.89465676453154,404.6308921347925
1273,43.81890136216931,404.61978706213426
1274,43.77826262399229,404.58293505238913
1275,43.800636573704566,404.5270447668388
1276,43.894107838507836,404.4642989023469
1277,44.04501249640682,404.40781248141366
1278,44.22097530736628,404.3662635935258
1279,44.393462135775074,404.3395462349868
1280,44.54982614781367,404.32141533403114
1281,44.69540079515919,404.3089597328363
1282,44.851642204361625,404.3064309941161
1283,45.02868269822275,404.3169475375187
1284,45.19658858273133,404.3363483217519
1285,45.30161408352569,404.359400741945
1286,45.30424674455042,404.387120296079
1287,45.19942056279722,404.4232181956376
1288,45.0244145341336,404.4653529379054
1289,44.8495343811864,404.50475773041995
1290,44.739388731252255,404.53244229926423
1291,44.713524116748665,404.54314103286976
1292,44.75015643754983,404.5376775884792
1293,44.818622261756246,404.52281306717737
1294,44.89337919365232,404.5072779546694
1295,44.95562615773999,404.498330582119
1296,44.99372278364129,404.49995596268667
1297,44.99395442254824,404.51082599913593
1298,44.95237199081249,404.52356815348054
1299,44.8992134963095,404.52952171012504
1300,44.867986225016764,404.52555395783077
1301,44.849932841519546,404.5127612455444
1302,44.81640611794039,404.4897979615468
1303,44.757682313065246,404.45342077537794
1304,44.67721755074776,404.40625802027296
1305,44.57134940019358,404.35936172924403
1306,44.43576805246292,404.3248816481391
1307,44.289508647185215,404.3092988756
1308,44.17065092127884,404.31269685977986
1309,44.10585482104995,404.3292913700205
1310,44.09711764776824,404.3503155099232
1311,44.138630975398556,404.3684275964264
1312,44.23961520377668,404.37733716094834
1313,44.41883783464152,404.37134883321795
1314,44.67767039123936,404.3496617141699
1315,44.978765348141614,404.3170890107858
1316,45.24296443269544,404.27802984387796
1317,45.3873928504739,404.2339789726425
1318,45.37640711284236,404.1892077285788
1319,45.227621093811265,404.15362531577443
1320,44.99678387301918,404.1350340969032
1321,44.76319383343617,404.1308112595494
1322,44.59130985106293,404.131103157853
1323,44.495384103404085,404.12964308432765
1324,44.44737263708918,404.1289553996569
1325,44.41541964672708,404.13493980814343
1326,44.39458408456922,404.14806055878324
1327,44.3949010632177,404.1635939066079
1328,44.407892883318496,404.1826626891803
1329,44.4103843437587,404.2145022512451
1330,44.38725659855944,404.2606958074014
1331,44.33381053457057,404.30673874194537
1332,44.26530898803401,404.3374510724393
1333,44.23090967808823,404.35198732034974
1334,44.28559326206932,404.3594478101775
1335,44.4276868954782,404.36930006648913
1336,44.582287740494685,404.38633964323617
1337,44.67256369696132,404.4076932307996
1338,44.685196980305044,404.4247437023985
1339,44.64556946487461,404.430493872548
1340,44.5715100803667,404.4256189689832
1341,44.4827612885684,404.41562330827225
1342,44.41581958515454,404.4055633037996
1343,44.39877776307194,404.4014236276082
1344,44.43633437602493,404.40872091906306
1345,44.521573779840516,404.4258244633048
1346,44.63552374382207,404.4436021254362
1347,44.74646111560076,404.45221056275307
1348,44.83848154213802,404.4477970882616
1349,44.93276045644604,404.4350192558264
1350,45.06307910922752,404.42321989207323
1351,45.23967745796579,404.4172272269885
1352,45.438032228085746,404.41140727555586
1353,45.612107119591386,404.396040414743
1354,45.722453178297826,404.36974339474443
1355,45.75602694571135,404.3411175726528
1356,45.72573638795723,404.3187581632738
1357,45.656769930873374,404.3047259397069
1358,45.568304866290326,404.29683814086474
1359,45.47125489476774,404.29468496028574
1360,45.382101539992334,404.3037093754576
1361,45.32868037988934,404.3313640479936
1362,45.345674535630806,404.3779081844444
1363,45.45580751519707,404.4330321149901
1364,45.64060827074079,404.4817879741157
1365,45.834961620780064,404.5140362605234
1366,45.95026361810215,404.5305935471281
1367,45.912968748854716,404.54027067356697
1368,45.70722215732954,404.550315000701
1369,45.37874582841713,404.56008424841576
1370,44.997808648863206,404.5629220897152
1371,44.640357190057365,404.5537847621044
1372,44.39020408233546,404.5335201675167
1373,44.31517298251952,404.505448199134
1374,44.42644959034026,404.47233766329435
1375,44.6680607581665,404.4378245539252
1376,44.94277144719221,404.40650433007295
1377,45.15854832946626,404.38208229041015
1378,45.271624001049574,404.3691959783878
1379,45.288924726711876,404.3736688618566
1380,45.23770955015812,404.3953897940469
1381,45.14184033231417,404.42426047663827
1382,45.01863124936012,404.4464253189965
1383,44.88647701826945,404.4528527446104
1384,44.77021519616593,404.4416319939909
1385,44.70255518433825,404.4165754304451
1386,44.71027586692391,404.38644241681476
1387,44.78616410591879,404.3617436703019
1388,44.89347616758943,404.35065133170093
1389,45.0087887342573,404.3575516533893
1390,45.13114021099603,404.37963744956744
1391,45.24266787898221,404.405754355614
1392,45.29696556926556,404.4266407583752
1393,45.25547641877598,404.44331927997104
1394,45.11632157137279,404.46068906575226
1395,44.910753347845116,404.4789573135772
1396,44.68877324257264,404.4929823916033
1397,44.506515458025206,404.4945024694318
1398,44.400495895385234,404.47569189221804
1399,44.36228578076812,404.43658330473977
1400,44.359436769972746,404.3907416194496
1401,44.37882437697511,404.3572758279604
1402,44.42371318496804,404.3447110075243
1403,44.483871298479585,404.348537456218
1404,44.537886516230046,404.3620477673522
1405,44.57592099299132,404.38203942226716
1406,44.60778548282079,404.4063025400541
1407,44.65153806398902,404.4336401969584
1408,44.713756095889764,404.46708591506496
1409,44.78592295687746,404.50951524563516
1410,44.86486010669431,404.55626895150436
1411,44.96391042808666,404.59715397643146
1412,45.09902171310384,404.6233600346508
1413,45.26730469197623,404.6307628867002
1414,45.42518802763709,404.61866011575705
1415,45.48934181635635,404.5879025979133
1416,45.38949256891968,404.5426246898466
1417,45.131516558293235,404.491515045498
1418,44.796421991598166,404.44373189722955
1419,44.48450269614766,404.4031794972176
1420,44.27094473577524,404.3678571455252
1421,44.1896695212943,404.33632963514884
1422,44.23483306447513,404.31265530661364
1423,44.381341960384006,404.30213965840886
1424,44.59781198738377,404.3049924913359
1425,44.830745405597284,404.3174320012436
1426,45.00685908757773,404.3387221346616
1427,45.07334941252211,404.3732095452084
1428,45.01845785114176,404.4231384460282
1429,44.87147666085766,404.4820377911928
1430,44.710234220499416,404.53479329533843
1431,44.62954383281843,404.56428790174056
1432,44.67588425080112,404.5628734856812
1433,44.824646495008444,404.53713882380947
1434,45.00898993722041,404.4989152541583
1435,45.16402810059466,404.4553112034723
1436,45.253913632321044,404.4102758790081
1437,45.26736623843601,404.3708489577455
1438,45.21483343434419,404.3476039968001
1439,45.134870956423484,404.34808240360184
1440,45.07647911101749,404.3682508521552
1441,45.08317426005194,404.3946654301422
1442,45.18846824262634,404.4176417970934
1443,45.380493678762996,404.4353152616763
1444,45.58692293698026,404.4468135050829
1445,45.73403371527019,404.4514583192796
1446,45.79408407789612,404.45041541203295
1447,45.75647628749088,404.4426338683103
1448,45.59889504898111,404.42564464975356
1449,45.31914684628828,404.40219856870317
1450,44.969016088413156,404.38016986437384
1451,44.63797188889671,404.36776206236374
1452,44.414374531385064,404.372048251816
1453,44.35012937546144,404.39736044798923
1454,44.43630130990792,404.44226910346526
1455,44.614855482855475,404.4990962846222
1456,44.82087424685084,404.5552353018597
1457,45.01092709795082,404.5971071985982
1458,45.16146939524557,404.61748706236006
1459,45.25908050910173,404.61830893759816
1460,45.30700843566556,404.60360325509214
1461,45.334960765932095,404.57249327781363
1462,45.38339149868024,404.52392331597974
1463,45.47306498089429,404.46486462071687
1464,45.58373130939287,404.40787819067293
1465,45.65223629279047,404.3640587102203
1466,45.60306177403823,404.3412234739813
1467,45.40517017131957,404.3449449356011
1468,45.106259988042176,404.37788319443007
1469,44.80224952144616,404.4346807641381
1470,44.573008375049255,404.49970649541217
1471,44.45008867244021,404.55497403107006
1472,44.424952492046025,404.5875625024169
1473,44.472087036232494,404.59119374881334
1474,44.57147426328133,404.5679993306386
1475,44.69999904959213,404.5268949497565
1476,44.808268458396086,404.47715038073005
1477,44.85167482045879,404.4243517992126
1478,44.83924245668967,404.36899621027055
1479,44.818817920921624,404.3080520587551
1480,44.8402582579662,404.24338524727557
1481,44.937176193930235,404.18815088120414
1482,45.0986032358314,404.15977371786164
1483,45.26078201967226,404.16585521601746
1484,45.35031631558463,404.19861402854053
1485,45.325458417997744,404.2428980178426
1486,45.18680809399699,404.28667767553753
1487,44.98266438797172,404.32492191685435
1488,44.802485605263826,404.3580793687754
1489,44.738561776927135,404.38800566909305
1490,44.840102604846464,404.41521304071074
1491,45.09045595566313,404.4367534926638
1492,45.40911181419608,404.445522057718
1493,45.683550219231364,404.437733660002
1494,45.828145451833024,404.42025187529873
1495,45.83291958532715,404.4060831234978
1496,45.762649911918,404.40509569321404
1497,45.70133326448669,404.4183760489856
1498,45.684127211294246,404.4388142075871
1499,45.67888320667254,404.4590249682472
1500,45.62827596196386,404.47715848912134
1501,45.50322434017695,404.49380662107296
1502,45.33731515566809,404.5091183227239
1503,45.21021851243362,404.5243479349595
1504,45.15813571294602,404.54200415510115
1505,45.115036528084794,404.5618290311269
1506,44.97802679241406,404.5756785796955
1507,44.71114172125998,404.5712165561956
1508,44.36907788797349,404.5449240413972
1509,44.04662321487645,404.50714550995315
1510,43.819978149582525,404.47302847480955
1511,43.71756589015855,404.45173715617375
1512,43.731806556841796,404.442996089274
1513,43.84309022369172,404.4409189001733
1514,44.02117937849756,404.43918114266444
1515,44.228280008890636,404.4338173658244
1516,44.43894044391686,404.4258589862503
1517,44.63738909209207,404.4213364121501
1518,44.795981092181954,404.42593444777293
1519,44.888413283327466,404.43987402237417
1520,44.91859691844601,404.4586500630763
1521,44.90824644666101,404.47842520287173
1522,44.87086442302136,404.49905390119756
1523,44.82372716643742,404.52123844885926
1524,44.812997030706946,404.5422183480995
1525,44.89191783507482,404.55543071038846
1526,45.058950305085375,404.5530712703608
1527,45.239820179337514,404.528151592758
1528,45.34568601552,404.4791656050646
1529,45.336539511359696,404.4148167733291
1530,45.231375412983965,404.35204174101153
1531,45.079191475272715,404.3101426747496
1532,44.93205955479981,404.30293555730873
1533,44.834602361686066,404.330943545083
1534,44.8055939043068,404.3802961000459
1535,44.81829878611895,404.4298627254817
1536,44.82894240379854,404.4629534937102
1537,44.82955502347066,404.47562099331225
1538,44.84788197296838,404.4744814529974
1539,44.91239585560303,404.4694516734366
1540,45.031464830546824,404.4703075105599
1541,45.17861436984064,404.48446181014356
1542,45.3025879301755,404.5127571433567
1543,45.36203208088865,404.54833308815427
1544,45.342900146761174,404.57927554754434
1545,45.25543507096698,404.5914772425906
1546,45.12202669328359,404.5741863760803
1547,44.97298875132649,404.52688700038846
1548,44.84200869729144,404.4588874026896
1549,44.74040580070048,404.38541058952836
1550,44.65387593165708,404.3272340086873
1551,44.58286651291839,404.30528303377974
1552,44.56289593573513,404.3289072629193
1553,44.62706667060124,404.3911096057761
1554,44.758055460530045,404.4739131514775
1555,44.89236331663086,404.5559437109917
1556,44.98006409132477,404.6175753723822
1557,45.0306016806804,404.64618955631806
1558,45.08726117867189,404.64156275292004
1559,45.17124249236725,404.6140995658442
1560,45.26544086998937,404.57717593097425
1561,45.341794744255125,404.5423677168434
1562,45.384481820884474,404.51636597660405
1563,45.38209499996959,404.4981069688854
1564,45.31697657712519,404.48063624761727
1565,45.17377081350909,404.45723210013034
1566,44.9516600490593,404.42856402390606
1567,44.672789530253745,404.404430067658
1568,44.38874771633789,404.3958088146795
1569,44.165939519901855,404.40615825229315
1570,44.044446277987056,404.42950643974297
1571,44.01980692381387,404.45277616436454
1572,44.07098233765197,404.46108750821577
1573,44.18673026834612,404.4464311981136
1574,44.35827747280398,404.41363080230553
1575,44.55616284814644,404.37680418141167
1576,44.72938084839462,404.35013675066375
1577,44.835708938653354,404.3398697526257
1578,44.869970673909854,404.34080997099574
1579,44.86184280121051,404.34149203215543
1580,44.845112849071896,404.33429608321995
1581,44.83597178973959,404.3186920791092
1582,44.84059116952288,404.2968949623032
1583,44.86515502221234,404.2723256850073
1584,44.91458680192542,404.2536352593136
1585,44.984283863793465,404.2537828434764
1586,45.050118016041765,404.27968384481954
1587,45.073086435143736,404.32538910865924
1588,45.020000675377624,404.3758367527069
1589,44.88022230656105,404.4150240784614
1590,44.672714338353934,404.43386666128174
1591,44.45174337623063,404.4330646534664
1592,44.29975900624139,404.41940242005404
1593,44.28550184428595,404.4012780841958
1594,44.4120253606408,404.38688995577746
1595,44.61570234066688,404.3823998910363
1596,44.82148695753017,404.3882087214899
1597,44.994439954765845,404.39668206329105
1598,45.15188923168561,404.3969915366223
1599,45.34216993909745,404.3847923963205
1600,45.59416789989187,404.3657231197797
1601,45.87452189241152,404.35069823070063
1602,46.10741166784182,404.3502354304215
1603,46.23035835682607,404.370399705433
1604,46.21485909109308,404.40951517142247
1605,46.05709964230648,404.45537516876567
1606,45.782001288138154,404.48862633977734
1607,45.435493337971785,404.49601480940197
1608,45.062193917898824,404.47954519864334
1609,44.717247331941,404.451235295249
1610,44.47670687951629,404.4213239163799
1611,44.40346051855361,404.3904965597957
1612,44.51644147500464,404.35388608233035
1613,44.79506225275071,404.3106783817415
1614,45.19239685116119,404.2663414146279
1615,45.640534176335734,404.23000342024187
1616,46.05430361756523,404.2107571661055
1617,46.3425007654556,404.2141260487314
1618,46.446672036856484,404.24347600130045
1619,46.3905176291616,404.3008289458787
1620,46.26757870321249,404.38232432437877
1621,46.16681550018771,404.4762165309634
1622,46.1235437228385,404.5676196049391
1623,46.13239463313155,404.6437272330069
1624,46.18226626182309,404.69538653541684
1625,46.25760436222961,404.71832338492993
1626,46.30930124504373,404.7149555435246
1627,46.26678637430241,404.69405500089243
1628,46.10517415869109,404.6679941237449
1629,45.88056399111061,404.6492245547148
1630,45.67829602828939,404.6461580589349
1631,45.54314433052303,404.65876509917484
1632,45.47206261817633,404.6782869445568
1633,45.43720530597884,404.69283144525053
1634,45.39955701802247,404.6925448978483
1635,45.334738635222806,404.6717202211737
1636,45.23922825729173,404.63146205637844
1637,45.08340468828051,404.5805680683771
1638,44.800733042814045,404.5319725812704
1639,44.370474169323614,404.499128389668
1640,43.8803094932074,404.4928710330004
1641,43.47861586286415,404.51711912102735
1642,43.282754259864404,404.56681480475373
1643,43.32700561994761,404.6301783278737
1644,43.57649121191571,404.693969205414
1645,43.970288234597156,404.7463946422945
1646,44.431856423128714,404.7741494749977
1647,44.874044111799144,404.76324453383774
1648,45.233029914578076,404.71005455284865
1649,45.48602791402032,404.6296505286093
1650,45.63370783802162,404.5494350238645
1651,45.67910429433868,404.4932502042215
1652,45.62965080921358,404.46925780275797
1653,45.5115121083093,404.4704415937822
1654,45.372916557719726,404.4836511845867
1655,45.27998618138808,404.495860334483
1656,45.289157275743015,404.49584330949546
1657,45.39985369296821,404.4771250560627
1658,45.55650364263763,404.4414792474519
1659,45.6971095263904,404.39911190429046
1660,45.78056743735987,404.36640384644784
1661,45.78900361556448,404.36097300631656
1662,45.72268755418321,404.39195188844405
1663,45.589922925818435,404.4528735780381
1664,45.40406904557544,404.525531793271
1665,45.19484192639098,404.58903764641394
1666,45.00684613802353,404.62750277942865
1667,44.86433474027549,404.6357565398706
1668,44.75763012468905,404.62076270742887
1669,44.67865698072015,404.59702267283564
1670,44.637445040219134,404.57877789731776
1671,44.635257261832564,404.5748822206152
1672,44.64791099856573,404.58678380094506
1673,44.64864597271167,404.60662013637324
1674,44.64126566305461,404.6213988503415
1675,44.66457453910712,404.6242148335254
1676,44.76467201648834,404.61840844138385
1677,44.95799294545072,404.6116941821506
1678,45.219508811905825,404.6100788608116
1679,45.50430793929173,404.61507457137486
1680,45.7637385513446,404.6254789759168
1681,45.95062699037945,404.6402012697992
1682,46.03404275518994,404.6544133320887
1683,46.00162387662009,404.6574837745714
1684,45.84834725609527,404.64407955425287
1685,45.58453976043979,404.6214655131079
1686,45.25242959686007,404.5992413937943
1687,44.91428264424546,404.5805280496146
1688,44.61778875959558,404.5646445974579
1689,44.3840742333914,404.55057254847236
1690,44.22519820768405,404.5382374032305
1691,44.14718040137945,404.52888562211695
1692,44.13517949997294,404.5224911452285
1693,44.1565392034001,404.5151287148426
1694,44.17766001508735,404.50269950432727
1695,44.17547235666367,404.4887248020159
1696,44.144461482901704,404.48565805958134
1697,44.09136535107954,404.5057415982483
1698,44.01853896304339,404.5494783260904
1699,43.9277638715501,404.6010645829911
1700,43.8515083221196,404.6358825182948
1701,43.85980716596154,404.63933544186483
1702,44.01379295393109,404.62008998672326
1703,44.31783850701439,404.5978991263271
1704,44.717356057285585,404.5800919854699
1705,45.13125987223064,404.5588801272392
1706,45.48852203457643,404.52612614685046
1707,45.731793280436776,404.4819352811456
1708,45.7922470127291,404.4333329798689
1709,45.60742097846684,404.3886549899579
1710,45.189248238418315,404.3526167754544
1711,44.6385361866789,404.3272248127469
1712,44.07668900439516,404.3179270223541
1713,43.60498168934396,404.33580663418365
1714,43.31839743775437,404.38870501848214
1715,43.27240714533591,404.47007926202554
1716,43.437445869079255,404.5573403029389
1717,43.74442656589793,404.6196916752778
1718,44.14520073995953,404.6321641157218
1719,44.5986017323984,404.5916276908748
1720,45.03828128692033,404.51997960243347
1721,45.392683833536225,404.4454353642032
1722,45.62898481737703,404.38217264034387
1723,45.75364290094023,404.33012436143804
1724,45.78085384378701,404.28771003619124
1725,45.72210749411858,404.25945632165315
1726,45.597899318383114,404.25075411985256
1727,45.432098967020146,404.2583615147763
1728,45.23394958656449,404.27130426213654
1729,45.01060084215561,404.2782393866282
1730,44.78343446454442,404.2695793794815
1731,44.58018769044676,404.2402486572803
1732,44.4354775366512,404.1968840450126
1733,44.382620706689295,404.15698729929056
1734,44.412685883587145,404.13786450279645
1735,44.45277778380342,404.1480289712604
1736,44.41031991628549,404.1856922702831
1737,44.255821704161136,404.2404785540863
1738,44.0528053027831,404.2975570485711
1739,43.89542123289688,404.34429427185717
1740,43.84857177830579,404.37475349451495
1741,43.94609136227749,404.3891139948746
1742,44.17880597955901,404.3924915273501
1743,44.471568611177524,404.39317493588067
1744,44.71856955440225,404.39657754984967
1745,44.85298209678252,404.40176303079016
1746,44.87777711739367,404.4055134610735
1747,44.838215331734176,404.4061201530712
1748,44.768082961200435,404.4026615098469
1749,44.671630385524665,404.3936239730829
1750,44.556396079485154,404.37717896277746
1751,44.444995593672544,404.35424590857815
1752,44.34724124908324,404.33238078442514
1753,44.26360672462418,404.3233187835722
1754,44.21838285509288,404.3323715054624
1755,44.25575081840257,404.3507241424095
1756,44.39471851762546,404.3617738059912
1757,44.59760343973736,404.3535938772061
1758,44.796090260501856,404.3240170566398
1759,44.949049401279524,404.28087700428796
1760,45.05820575005714,404.24052476830514
1761,45.13130144061843,404.2183703502875
1762,45.16648282720484,404.2167712734549
1763,45.174191669296675,404.22556552985543
1764,45.17359069758376,404.23198136199244
1765,45.17757587213666,404.22745438420225
1766,45.20314269650036,404.21242680978594
1767,45.25529963619978,404.1957549116229
1768,45.293250062423475,404.1829174744885
1769,45.260106886347025,404.1687768780188
1770,45.1384903612925,404.14501895148226
1771,44.94820790361594,404.1081781000565
1772,44.71918655400759,404.0625204761683
1773,44.48587077504445,404.0212944283674
1774,44.28506015647573,404.0003631224597
1775,44.152982239302034,404.00470978718346
1776,44.120362702493196,404.0243237702564
1777,44.19580223528487,404.0483510779201
1778,44.35564254456114,404.0787045571462
1779,44.556123169716855,404.1233477585457
1780,44.75645915085085,404.18247795795946
1781,44.929301686762905,404.2479786740589
1782,45.05665405969968,404.3106558604514
1783,45.12688362326864,404.3630773046759
1784,45.13868432925547,404.398801297118
1785,45.112445761462276,404.4128265460613
1786,45.09389089380183,404.4059431344348
1787,45.12717553004448,404.3893270569499
1788,45.20801539735335,404.37926667433317
1789,45.27532589818021,404.3850251906186
1790,45.26920922009744,404.40621287144455
1791,45.184573591757804,404.43877506184225
1792,45.05321391918893,404.47633880229864
1793,44.90182062625229,404.5091103559944
1794,44.74762507053341,404.52703256629013
1795,44.59915753170367,404.5250625973323
1796,44.45458918975434,404.5056268784412
1797,44.326440853067375,404.47626102531507
1798,44.24961411581195,404.44655544878475
1799,44.254284663501736,404.4249918148742
1800,44.34433701231136,404.4147198421615
1801,44.48959915926001,404.41330478966324
1802,44.63072547332616,404.41625987979904
1803,44.708229121104786,404.4202978128272
1804,44.7018022853546,404.42610240030785
1805,44.64505701230025,404.43857531692123
1806,44.59778336910794,404.4606588057835
1807,44.59729068989977,404.48545986276565
1808,44.62833792510489,404.49872077030295
1809,44.63990567717272,404.4921150764624
1810,44.60456388179431,404.4693915668024
1811,44.55645724981625,404.4382951122093
1812,44.54960678635839,404.40515870217433
1813,44.59349979541771,404.3751579970327
1814,44.65503813198369,404.34900839163265
1815,44.69379495265903,404.32606045820535
1816,44.670229718850855,404.3128522827501
1817,44.55335003676161,404.3170219477587
1818,44.345210175681345,404.33453924168884
1819,44.09814434252107,404.35227902705094
1820,43.9087672663862,404.3591310698831
1821,43.877253964869624,404.3507207304032
1822,44.04596156497402,404.3287321288226
1823,44.37143779753918,404.29732611326784
1824,44.75409030471043,404.26008639432206
1825,45.08755171730199,404.2225085623748
1826,45.30342372161421,404.19158989571457
1827,45.40463119411198,404.1686747568847
1828,45.45579521581444,404.15048178759537
1829,45.53493366110874,404.1387452776179
1830,45.690893609938456,404.14035406100464
1831,45.91905552283984,404.1577646926055
1832,46.158194068453305,404.1856309305018
1833,46.326255331832996,404.21782133592467
1834,46.371607477141,404.25345496438564
1835,46.28648230380511,404.293034226164
1836,46.083392330759196,404.3321010984155
1837,45.7819629064939,404.3634513012032
1838,45.4221870350046,404.3831342020302
1839,45.07398753174161,404.3892708943802
1840,44.817668845758085,404.3791009932671
1841,44.703945813370275,404.35543358562785
1842,44.72358497684702,404.33342770471705
1843,44.813280747046235,404.3325697444902
1844,44.9035226927418,404.36052710929266
1845,44.9817153617331,404.40778939121253
1846,45.098067954649125,404.45767291089123
1847,45.28857117893173,404.49853835363876
1848,45.51702407199177,404.52559807121577
1849,45.70179103768741,404.53561734172007
1850,45.776914621618744,404.52602900712503
1851,45.73782782574561,404.4982398155545
1852,45.635021558096504,404.4589894754611
1853,45.52281158518535,404.42003128752344
1854,45.43174882526549,404.39522004437254
1855,45.37794738570408,404.39418958912506
1856,45.36777779918293,404.4166342921691
1857,45.393043489621135,404.45196284667475
1858,45.43698875022924,404.48769608242844
1859,45.49035249259839,404.519626150415
1860,45.557114308869316,404.5495819739877
1861,45.63704625095436,404.5737474845241
1862,45.709053921854164,404.5804104519638
1863,45.74045611694801,404.5609976288464
1864,45.702608960125744,404.51687522303405
1865,45.58230113305469,404.4553865883655
1866,45.39570207319725,404.3885508184307
1867,45.18980871352484,404.33591260585024
1868,45.023019223129964,404.31813482457875
1869,44.936405081205336,404.34335359671496
1870,44.93457785339554,404.402465931054
1871,44.985279116325756,404.4766773244804
1872,45.032155332431316,404.5477445778971
1873,45.024529682411526,404.603427912216
1874,44.954912274722226,404.63679952087205
1875,44.86736575286799,404.6441705299725
1876,44.82639338824605,404.6253079279172
1877,44.876942091504944,404.586032225182
1878,45.019984909633166,404.5401382776382
1879,45.20780953888846,404.5025428880058
1880,45.35870144131695,404.47909131996573
1881,45.39739172036118,404.46774872341075
1882,45.32001660668009,404.463990193465
1883,45.20873692738499,404.4614000618928
1884,45.14344240523319,404.45520851549185
1885,45.135741459410966,404.4455544650157
1886,45.170880781026405,404.43287134784015
1887,45.24169190076,404.41319268967214
1888,45.323381486346584,404.38153256464966
1889,45.38237049420629,404.33967315242575
1890,45.419578532290934,404.29759694567923
1891,45.46324741360666,404.2675820642625
1892,45.52242515659927,404.26003502895816
1893,45.56429165988289,404.2810906093121
1894,45.542533847017545,404.32930192490113
1895,45.4547322486789,404.39506937988176
1896,45.34891178648541,404.46627271650755
1897,45.26057283840496,404.53496595294996
1898,45.173762981103316,404.5945535186359
1899,45.05797539970436,404.6339897706262
1900,44.91616326423445,404.64293841135424
1901,44.78247245957685,404.6211396108588
1902,44.696485701941725,404.5788095947392
1903,44.68339198840928,404.52964013376453
1904,44.737026231884045,404.4847588680872
1905,44.82084541043049,404.4504938071346
1906,44.896336059555374,404.42902582133485
1907,44.95502350031933,404.4201623736493
1908,45.021641488196124,404.42135515470915
1909,45.12090205156825,404.42810022883964
1910,45.244764778210765,404.43745737384813
1911,45.360200224773784,404.4481414583626
1912,45.437985351503414,404.45662968249536
1913,45.468755012514336,404.459100681663
1914,45.46875310638658,404.45617596210195
1915,45.47920674568865,404.45122366879576
1916,45.54757526091297,404.4468714002525
1917,45.69179857000945,404.4461416613084
1918,45.87747690172199,404.45534332741875
1919,46.025529887636104,404.4811799961785
1920,46.04967211293198,404.5220271692888
1921,45.909701151772396,404.5670967443456
1922,45.63788342935745,404.60465732356454
1923,45.31950942918982,404.6266512315555
1924,45.041186157443306,404.6319797206801
1925,44.83696979332223,404.62843291513957
1926,44.690223069177605,404.6250809152141
1927,44.591507744303726,404.6244429709925
1928,44.56596505263,404.6236905502043
1929,44.63522158039949,404.61969317655723
1930,44.78296314719621,404.61298113240593
1931,44.97173144047849,404.6063612568377
1932,45.168719388625085,404.6004760216451
1933,45.34511795400235,404.59366087702443
1934,45.47447136410187,404.58265835075173
1935,45.54452214387644,404.56345060389464
1936,45.560925799189434,404.53725411417116
1937,45.53635453101962,404.5127287022325
1938,45.486858501050484,404.49883566643996
1939,45.437674494738445,404.49956392888333
1940,45.40858560363578,404.51527860322454
1941,45.393894018483415,404.5435352867665
1942,45.37829571500853,404.5767176364361
1943,45.35571952088147,404.6042819511173
1944,45.324534985184535,404.620681802459
1945,45.29397390675784,404.6264036733022
1946,45.28875017474675,404.62154166697013
1947,45.31803160688246,404.60416399854233
1948,45.34810017730763,404.57449383189396
1949,45.33212587239946,404.5368578211528
1950,45.27572453083988,404.4968348674281
1951,45.25491942379837,404.4594059071296
1952,45.34537443584743,404.43061014490183
1953,45.546869485978895,404.41740633543844
1954,45.78922377331752,404.4239374490091
1955,45.98048163219495,404.4487505708288
1956,46.05422222774501,404.4862360463636
1957,46.007461381048266,404.5310865621484
1958,45.885573973942364,404.58224964207045
1959,45.730732346734165,404.6406354636389
1960,45.56463214491258,404.70053740469115
1961,45.397400043050055,404.74783878905816
1962,45.23076902413528,404.7716325096164
1963,45.06893703455712,404.7722702219917
1964,44.92460745837473,404.7541204570634
1965,44.810542588886406,404.7193109923139
1966,44.74999608993632,404.6730828586343
1967,44.78224351798499,404.6282391003961
1968,44.91384741030729,404.59990452982044
1969,45.07596399134066,404.5968420139253
1970,45.17570617370586,404.6176977085165
1971,45.18139968992512,404.65218892541026
1972,45.121464284502004,404.68585871462955
1973,45.025617585432606,404.70809211869596
1974,44.91120647929786,404.71537278610225
1975,44.809292790425424,404.707421190721
1976,44.764747529280115,404.68380108325135
1977,44.79997027708531,404.64354976443025
1978,44.89192754013871,404.59063821715904
1979,44.98689859812398,404.54151808742824
1980,45.0232411238184,404.51841451125983
1981,44.96058218946868,404.53198373716845
1982,44.81413342977269,404.5749961460865
1983,44.652175860116806,404.6296453004983
1984,44.54728524849724,404.6778826979616
1985,44.51968998152985,404.7080291137421
1986,44.52933238836435,404.714644835403
1987,44.52854894172906,404.6959006565018
1988,44.505656929930495,404.6541268997068
1989,44.478451060153645,404.5992748123088
1990,44.46826891773871,404.54935679930213
1991,44.475345077982695,404.5218073731958
1992,44.47449639314475,404.5230537642837
1993,44.44696136987311,404.54763469329265
1994,44.40562292693899,404.5829736990968
1995,44.376197675307715,404.61324022762955
1996,44.374987109500445,404.62446881575
1997,44.41547883048395,404.6114744478981
1998,44.51194433945156,404.57980225529803
1999,44.66978468639854,404.539737492445
2000,44.880669647815466,404.5012194313933
2001,45.116899473359084,404.4724945965198
2002,45.32627248683204,404.45708214627746
2003,45.44921972492754,404.45240637671384
2004,45.45097848859494,404.45313827617855
2005,45.331911892084136,404.45686095759953
2006,45.11931288919864,404.4672290982389
2007,44.86341940694067,404.4875830977294
2008,44.62386693113815,404.51145855244323
2009,44.44109742864839,404.52322906337906
2010,44.32084337442385,404.5081326851699
2011,44.251522171664725,404.46166205590384
2012,44.22971087073685,404.3908699312148
2013,44.26071442397217,404.3107340830377
2014,44.34181938361298,404.2424567947138
2015,44.45200162345808,404.20874600834384
2016,44.562196799605196,404.22259123762063
2017,44.653386275525094,404.2813297872452
2018,44.71475157666579,404.37068884706537
2019,44.72905073194213,404.4702943319292
2020,44.67137814383018,404.5589869483856
2021,44.526265715593674,404.6223718357096
2022,44.30788980453522,404.65683047724195
2023,44.06145476288246,404.6657256312994
2024,43.84740722081331,404.6546820019759
2025,43.72788853756383,404.6300765407432
2026,43.75319059943646,404.59779220872485
2027,43.94117747022573,404.5627862051275
2028,44.265314060674456,404.5296567243543
2029,44.66071568968564,404.5012222390235
2030,45.038030602610355,404.47688133173415
2031,45.30527816488128,404.4541867018567
2032,45.403233155145095,404.4305015567986
2033,45.33983111442961,404.4028555681863
2034,45.18429058329722,404.3700380035828
2035,45.01313059995044,404.3364084261897
2036,44.87070819086847,404.3119602372673
2037,44.77451969571004,404.3083166451602
2038,44.723316612690084,404.33279735133397
2039,44.69775117676293,404.38010860805434
2040,44.680173092171195,404.42953539547085
2041,44.67983057993756,404.4570335446052
2042,44.73034444744015,404.450699509049
2043,44.85861955672453,404.4136116459067
2044,45.05384651542919,404.3595245958841
2045,45.262525285102946,404.3097293361001
2046,45.40913651221921,404.28505320002967
2047,45.44079988054809,404.2957862303531
2048,45.370090787284425,404.3405783088654
2049,45.26364973379204,404.4084289351607
2050,45.19482219573322,404.47919742166033
2051,45.20937507193733,404.53131473855785
2052,45.307655379365585,404.55275308037443
2053,45.449325469879504,404.543126529411
2054,45.573585114754145,404.5078010581507
2055,45.61327594302255,404.451493259994
2056,45.52097458128952,404.378137350244
2057,45.302584871663825,404.2988213284057
2058,45.02035101273152,404.23483406797686
2059,44.76801065916519,404.2057614363732
2060,44.6270861257798,404.2167881006046
2061,44.619544211927334,404.26020342035906
2062,44.7065800413175,404.32387348803576
2063,44.83167429643824,404.394205867729
2064,44.95646000304175,404.45617094222445
2065,45.07285226187956,404.4976396829604
2066,45.191785236197276,404.51302289754545
2067,45.31494226178745,404.5014693549584
2068,45.42323602218254,404.4660934324375
2069,45.49599276120552,404.4162319144266
2070,45.527748620674004,404.3658788708415
2071,45.51795155779687,404.3276016476298
2072,45.46280852540148,404.30861590672174
2073,45.37665997349325,404.3107726116693
2074,45.30494878994233,404.3312301783431
2075,45.29111079948371,404.3638310245807
2076,45.33403639006201,404.40232377029946
2077,45.39339495334049,404.4426885316043
2078,45.428078811322536,404.4821633456933
2079,45.42062760191346,404.5169916100288
2080,45.38603556135814,404.5418441560497
2081,45.35584267101941,404.55134706870285
2082,45.34177635807536,404.5437741636534
2083,45.337323282067814,404.5233940919625
2084,45.33864551167777,404.49708953426307
2085,45.32731139289561,404.46976531285924
2086,45.264764354512465,404.4421578912372
2087,45.13347029530111,404.4115677510528
2088,44.958655631464865,404.3788756603626
2089,44.78554688731257,404.35533096438706
2090,44.65170490755578,404.35607938398726
2091,44.56542140981858,404.385455730634
2092,44.50493785939827,404.4317964932157
2093,44.45989742546271,404.47413926483006
2094,44.460589775147966,404.49212720116276
2095,44.544212733336785,404.47586085172736
2096,44.710767287380065,404.4318078210787
2097,44.922016475185416,404.3779437493262
2098,45.12339247856615,404.32977526171055
2099,45.265554392414266,404.29164085024394
2100,45.32519902154291,404.2615119145826
2101,45.315471370591965,404.2379460643416
2102,45.27536341031734,404.2232787046225
2103,45.24985294310683,404.2261834093059
2104,45.27587312127528,404.2553897335333
2105,45.37402742224735,404.30749182237116
2106,45.53898093279468,404.3665481846822
2107,45.72698160955542,404.4153661447931
2108,45.87092397748107,404.44494399851993
2109,45.930527602660604,404.4562297525047
2110,45.91443236747675,404.4578089390932
2111,45.85824827208732,404.46131624889983
2112,45.80794317592867,404.47418114342855
2113,45.800082026398165,404.4973937906997
2114,45.82704578550108,404.5299766287773
2115,45.84104318516172,404.56911277234474
2116,45.799433970252466,404.60898931621665
2117,45.6915763322957,404.6474075459727
2118,45.53577327800667,404.68755833152306
2119,45.36740189640058,404.7298719747357
2120,45.22099702117599,404.77143420288525
2121,45.10820416032202,404.8110624165712
2122,45.0072224024585,404.8458300493953
2123,44.88637187865717,404.868282767842
2124,44.7471445680705,404.8724716818163
2125,44.63239130959544,404.85903179596437
2126,44.59232040593353,404.8339640110701
2127,44.655028156905395,404.80533935247934
2128,44.82792147615613,404.78062553986075
2129,45.09639920964699,404.76379260538846
2130,45.40137096752507,404.7537605962473
2131,45.658619386511035,404.745334736164
2132,45.81797806794999,404.7310399506418
2133,45.88164813914826,404.7049167498671
2134,45.8827921016509,404.66902170833106
2135,45.85592719853917,404.6348656369155
2136,45.80783426602372,404.6135568399423
2137,45.721198200975174,404.6063834242388
2138,45.5955011784537,404.60800147594904
2139,45.463672436408096,404.61398025857414
2140,45.352147023010616,404.62199849307206
2141,45.2512101956033,404.6302474322616
2142,45.13875971180138,404.63742797688917
2143,45.006037894202784,404.6420923378448
2144,44.86380280393768,404.6425951879795
2145,44.74278789450367,404.63777224522806
2146,44.6552607666682,404.62517040635936
2147,44.55765566516946,404.60255631519544
2148,44.414930675949904,404.57423638661163
2149,44.27288968745887,404.5513592710576
2150,44.20285971558008,404.5438387292472
2151,44.2200536174061,404.55277762919036
2152,44.30356085774548,404.57159710092174
2153,44.45515777831145,404.5943077830024
2154,44.68900236341017,404.61939182539504
2155,44.98787034259148,404.6453934134256
2156,45.304506806838866,404.66564973645825
2157,45.583501417984316,404.6689225740643
2158,45.77560357859571,404.64776010411356
2159,45.8583688346167,404.60748778464716
2160,45.84493177827432,404.5645864856978
2161,45.764990254367234,404.5354557672408
2162,45.64603188608475,404.52774494944504
2163,45.50388747767419,404.5382755756758
2164,45.34225768604892,404.5538793444804
2165,45.1853458516741,404.55902733679824
2166,45.09026168861731,404.54890296891443
2167,45.088808850709135,404.5314867810235
2168,45.15491511831186,404.5169608090004
2169,45.242369463930885,404.510989723483
2170,45.311341268871,404.513734448051
2171,45.332135986942305,404.51865684415156
2172,45.298686749604,404.51558738258893
2173,45.23378032111886,404.49958913152835
2174,45.1767763365022,404.47703565854624
2175,45.165941833384615,404.4622988851749
2176,45.218548702954386,404.46812041239025
2177,45.3134424540172,404.49645791923876
2178,45.39811211792375,404.5388286158867
2179,45.42688186661159,404.58764549828237
2180,45.39304665933778,404.64235402547075
2181,45.32614680845735,404.70159747117276
2182,45.265537219108644,404.75610733579333
2183,45.23216508315522,404.7937494425624
2184,45.22074348283256,404.80787840706654
2185,45.217630138846786,404.8001812919111
2186,45.21499965526655,404.7775293338624
2187,45.21443692544018,404.7446944134908
2188,45.22953909178992,404.7017494249942
2189,45.26555017540355,404.64957840043365
2190,45.29839808979938,404.5940238154965
2191,45.2942919477736,404.5420756080529
2192,45.240778657265835,404.4962974151074
2193,45.158910849540014,404.4567613372329
2194,45.0843649284415,404.4256409086109
2195,45.02356192913082,404.408590957385
2196,44.941742110422865,404.41405972290397
2197,44.79646199758564,404.44634761549474
2198,44.5764276924515,404.498248028539
2199,44.3222970185157,404.5553908822343
2200,44.11075145965123,404.6064091042014
2201,44.01497300390315,404.64563896171245
2202,44.07809860881518,404.668556620116
2203,44.30290972111219,404.67191754215435
2204,44.64672511020089,404.65774041091004
2205,45.02663578712198,404.62911107855297
2206,45.34904041227908,404.585456508284
2207,45.556543148398205,404.5301307226547
2208,45.64964687751557,404.47734419350206
2209,45.65539888367452,404.4424152803977
2210,45.58704387114285,404.42665564247517
2211,45.45185408508952,404.41918928929533
2212,45.28315536547179,404.41357280907135
2213,45.136427174214404,404.4151745174177
2214,45.046189095788705,404.4335582444583
2215,44.99464445281,404.47423571339823
2216,44.933542972077234,404.5338539869522
2217,44.83949166819812,404.59773379917044
2218,44.73857437228702,404.64475964666605
2219,44.67886158646487,404.6596640022411
2220,44.703382718493984,404.6425743711143
2221,44.842852682417735,404.6071273843824
2222,45.089715765315475,404.5699316424544
2223,45.37953822744815,404.54068513211456
2224,45.629538547350315,404.5204429235341
2225,45.79890841836347,404.50557786086824
2226,45.90552947815108,404.4911461464296
2227,45.980699771270984,404.47466354051653
2228,46.01736923465132,404.45930174655774
2229,45.975264956098144,404.4530890207539
2230,45.82649556389822,404.46421182623817
2231,45.59052577082946,404.4935053808652
2232,45.331153720228656,404.53160199048125
2233,45.11793932404072,404.56587205652073
2234,44.98871812589693,404.5869440193689
2235,44.95448493942565,404.5891810571736
2236,45.0263614465529,404.574118112806
2237,45.20265245891726,404.5544379188326
2238,45.43495142822374,404.54678734448004
2239,45.63784151081958,404.55979141905067
2240,45.72909049051576,404.5892291715736
2241,45.675052051852184,404.62152384431636
2242,45.52478780633666,404.6438059126722
2243,45.37531522141181,404.65290505470784
2244,45.282429046162,404.65435951958744
2245,45.218227764564176,404.65505679048044
2246,45.12124698207867,404.65736478723574
2247,44.98063030025351,404.6592223359057
2248,44.844208794606054,404.6588463000778
2249,44.74772350903973,404.6546771586944
2250,44.690583398665325,404.6433516505994
2251,44.68037877865348,404.6230186555856
2252,44.7525627504695,404.59345704278377
2253,44.94053011283149,404.554972646548
2254,45.24057838542787,404.51344331625995
2255,45.60215693793073,404.48233955645907
2256,45.941510470511545,404.4758907324044
2257,46.1594320682007,404.49851352980215
2258,46.15955089729373,404.5416950122984
2259,45.89092828633376,404.59335940471146
2260,45.391306148921416,404.6458799873747
2261,44.766553242815846,404.692898089016
2262,44.132432064349594,404.7266399761489
2263,43.58276500738964,404.7441030038994
2264,43.184679212034744,404.74883044030923
2265,42.992366404464136,404.7429742956965
2266,43.056343110081365,404.7255414263925
2267,43.392233278992066,404.69782844466374
2268,43.934682855682254,404.6627099515221
2269,44.544526688535775,404.6200803199094
2270,45.079303182908056,404.5671789257171
2271,45.443611913084936,404.5046562648213
2272,45.58472166035954,404.4421145931123
2273,45.49801549646723,404.39395787333456
2274,45.24174861473258,404.3693299568834
2275,44.91758293842031,404.3677938118218
2276,44.63560003048666,404.3813851695189
2277,44.47817702039724,404.3982321814426
2278,44.46885736190527,404.4069670602138
2279,44.5814060316123,404.40229521303763
2280,44.78612973181419,404.38711581097965
2281,45.06777167781386,404.3700592051334
2282,45.38944223696534,404.36305191077753
2283,45.6705325831191,404.3764860831184
2284,45.82259081988808,404.41168255707026
2285,45.80085062665136,404.4573930440925
2286,45.622308919544274,404.49538672236747
2287,45.339805267623355,404.51420189342906
2288,45.0132748584302,404.5173914592648
2289,44.711972156433006,404.5163204980332
2290,44.49735323313063,404.5188902929745
2291,44.38173944803364,404.5268873379046
2292,44.33766729271921,404.53831586154166
2293,44.337074989500074,404.54770608192007
2294,44.358323877405546,404.5477237563912
2295,44.37795286934396,404.53535925024516
2296,44.37942282765381,404.5156779148677
2297,44.37458658935595,404.4974002380708
2298,44.397444447695996,404.48582787056415
2299,44.454213535073166,404.48057031094874
2300,44.49721696952358,404.47802604198716
2301,44.47593441481857,404.4745610156545
2302,44.39394785566391,404.468681916485
2303,44.29118109804636,404.46232465697324
2304,44.19940283266357,404.4585537928809
2305,44.13754026598149,404.4567687092716
2306,44.1238868239068,404.45458377030195
2307,44.171534931655884,404.4542815917404
2308,44.28221594832956,404.4588255507118
2309,44.45700835948842,404.46226539620324
2310,44.700865194963896,404.45447637797605
2311,45.00619325749839,404.43621518651685
2312,45.34092358406788,404.4224635575239
2313,45.649709439403374,404.42818862332496
2314,45.87343999266252,404.45395195191975
2315,45.98228420546008,404.4889903899333
2316,45.97559783231527,404.52562776656146
2317,45.853203871474385,404.56407024089594
2318,45.61528626712411,404.6029930737141
2319,45.29628100423758,404.6343190380456
2320,44.98085972075913,404.65187573681993
2321,44.757701504828425,404.65667012047584
2322,44.652915467114774,404.65093596552026
2323,44.63369333009613,404.63625866003844
2324,44.670520819779675,404.6172203313488
2325,44.76910159887666,404.6018577660421
2326,44.94221877162098,404.5964941854327
2327,45.16221062874168,404.59884763275414
2328,45.364844204192465,404.6026650865797
2329,45.50679540160212,404.6087350999512
2330,45.58489242316526,404.6236008820777
2331,45.59910518660515,404.6502153099841
2332,45.53149955463654,404.68273163284834
2333,45.365976358673414,404.7082802690451
2334,45.119620922404806,404.7153376967548
2335,44.847963740392146,404.702690239622
2336,44.611972347818536,404.67922252528086
2337,44.44964517544831,404.6536241552361
2338,44.38002591404939,404.62648288556414
2339,44.40476821506949,404.5936533184133
2340,44.49980164858213,404.5530633156234
2341,44.63359400519933,404.50645486850203
2342,44.80162522462641,404.45926870160883
2343,45.026790557010436,404.41932999456156
2344,45.32024525217581,404.3905883109229
2345,45.647051601140575,404.3697213524713
2346,45.92334804113403,404.35182685009715
2347,46.04862686274589,404.33571752073146
2348,45.96647443284386,404.3247960884013
2349,45.708727107702124,404.3250190038083
2350,45.37753323539223,404.3372985309587
2351,45.07742672500814,404.3537209997422
2352,44.86276041422694,404.36548504648874
2353,44.739762110835265,404.3698184951432
2354,44.68528865382955,404.36856480040876
2355,44.6600430904636,404.3656607581571
2356,44.62797467943839,404.3655106642987
2357,44.56383869195723,404.3704550532282
2358,44.451047246607025,404.3785231818711
2359,44.293372977080836,404.38390153349985
2360,44.12973046068004,404.380945551057
2361,44.0284566002935,404.3678774591409
2362,44.04826569447529,404.34843103009024
2363,44.198806736393145,404.33085769098864
2364,44.4475995944571,404.3218057682404
2365,44.742018613076276,404.321874959941
2366,45.01447277863994,404.3272979866165
2367,45.200044578100545,404.3325811191334
2368,45.26257456199004,404.3346079179251
2369,45.20577802064828,404.3364218026194
2370,45.07025328632552,404.3452407880132
2371,44.91006252507221,404.3676286840646
2372,44.77070898951567,404.4043867297937
2373,44.68919824860539,404.44659431116963
2374,44.68512080382622,404.48007013618997
2375,44.74444146937129,404.4956956360476
2376,44.835094019702915,404.49421599391803
2377,44.94018423897996,404.48340985305924
2378,45.064788747110946,404.47139326809355
2379,45.216510151832225,404.46246996765694
2380,45.38650212729896,404.45913776002953
2381,45.548343758044055,404.4657169996051
2382,45.67309841819088,404.4872143028848
2383,45.73808485744091,404.5219556515332
2384,45.728825302299136,404.5588474091336
2385,45.6537496229367,404.5862226743127
2386,45.555035127759794,404.5996723505111
2387,45.48114502419652,404.6013458029494
2388,45.441909427143266,404.5973083582038
2389,45.40407415681358,404.5938942497917
2390,45.32572955701968,404.5933495047993
2391,45.193401181258736,404.5944451308748
2392,45.03606605632807,404.5946675094044
2393,44.89365764909301,404.5902564090867
2394,44.78542830667231,404.57795931477256
2395,44.7187086396112,404.55639357662955
2396,44.69905976589223,404.5265463637554
2397,44.72978255741888,404.4929688111565
2398,44.80219310023345,404.46060193399416
2399,44.88319716475902,404.4303765357379
2400,44.93892375581757,404.399677544908
2401,44.967694263889015,404.3644683881084
2402,44.98577073010014,404.3236004469793
2403,44.99322970596825,404.284020329505
2404,44.98603978052772,404.25667749284344
2405,44.99431616597098,404.24706054213084
2406,45.06735783089845,404.2540861633255
2407,45.22271462684211,404.27549668753863
2408,45.42703905976283,404.309895357258
2409,45.608630550544206,404.35338841032313
2410,45.696297958547,404.3981421289434
2411,45.672750093401454,404.43694973520894
2412,45.57947862725676,404.4677827721845
2413,45.47001107522956,404.4943282962227
2414,45.37286675016652,404.5220864373196
2415,45.28657467838542,404.5525319776456
2416,45.207858611168156,404.5802292293646
2417,45.15441330522004,404.59326034712296
2418,45.13831621442769,404.58111052417047
2419,45.14313324221494,404.5494510425933
2420,45.140904388277946,404.52076717753323
2421,45.114549184214646,404.51382031673637
2422,45.07266205607816,404.5288306137551
2423,45.04102635063973,404.55426714175434
2424,45.03225760547614,404.5798900252226
2425,45.036130970745084,404.60120179089625
2426,45.034722947128756,404.6170712063135
2427,45.0192395358973,404.62697915247304
2428,45.00253769422532,404.63134042219525
2429,45.01559042462243,404.6333507770363
2430,45.083964324989,404.6365180924522
2431,45.20294088412533,404.64054011553577
2432,45.331313145912084,404.6428786458001
2433,45.41210105212077,404.6404734839664
2434,45.40549036375489,404.6300846027876
2435,45.31775897357056,404.6133025929626
2436,45.2108383526029,404.597003857963
2437,45.165514473100444,404.5858975705673
2438,45.21471590086588,404.5799656253027
2439,45.3209357915204,404.5776951415245
2440,45.42780497196581,404.57697904709295
2441,45.515991878467,404.575707091394
2442,45.60147723787351,404.5753030173032
2443,45.70063701565366,404.5787146701689
2444,45.806482830908465,404.5824082029602
2445,45.889635520187944,404.57785453612064
2446,45.91871093177916,404.5629258126943
2447,45.88487141749092,404.5450115389072
2448,45.80606614789061,404.5314604451487
2449,45.704677869765234,404.5226554033593
2450,45.58462085972339,404.5169689967703
2451,45.432578107525714,404.5181485615466
2452,45.25198107147194,404.53285252049614
2453,45.091030913692556,404.56125557825897
2454,45.00392247442058,404.59213146767
2455,44.99012705907709,404.6076886984903
2456,45.002823729040855,404.596049822114
2457,45.006839973133076,404.56138887795197
2458,45.00035231883627,404.5205773169372
2459,44.98283604046385,404.48902388258654
2460,44.94175929462463,404.4702262571335
2461,44.8770232000594,404.45839906427295
2462,44.802715752917734,404.44923834526355
2463,44.72920579192262,404.446570366956
2464,44.66125021950321,404.4572399803275
2465,44.605055963621446,404.4819186667604
2466,44.57170477333491,404.51619596243995
2467,44.57376400688445,404.5572509571127
2468,44.624307684396996,404.6027626712628
2469,44.73667169971123,404.6459960760045
2470,44.907764105099695,404.67807426332433
2471,45.09892851170449,404.69530274645234
2472,45.24944174917996,404.6993414384856
2473,45.31979937661704,404.6906035880744
2474,45.30895127001116,404.6668175250497
2475,45.230878247708844,404.62954125812934
2476,45.10539263719599,404.59076784553577
2477,44.96956910003667,404.56705932004445
2478,44.86624108256353,404.5629082436818
2479,44.81726838273794,404.5680360075812
2480,44.827480549923244,404.57355420548726
2481,44.91886804236697,404.5774880524648
2482,45.14260074950392,404.57470424477106
2483,45.53601366190779,404.5576373889731
2484,46.05442417056202,404.52720911979657
2485,46.54860877543642,404.4930932043811
2486,46.836723785590195,404.4648830453932
2487,46.81425329667859,404.4486456598783
2488,46.490583717154394,404.4488686540745
2489,45.94724459873477,404.4684537250761
2490,45.28888998421517,404.5068775412012
2491,44.62677656615967,404.55936560496247
2492,44.08628013708186,404.6175577827595
2493,43.78610213961581,404.6694262633145
2494,43.78517519168365,404.7024308162141
2495,44.05239728303013,404.7131825845621
2496,44.47407141269829,404.70975626562256
2497,44.89536516271918,404.700218314669
2498,45.187822944369216,404.6844375316569
2499,45.3003306988862,404.65904224403465
2500,45.25801928934038,404.6243643342666
2501,45.11754798083956,404.58576225122596
2502,44.929214177764635,404.55113059432887
2503,44.73723172839548,404.5243814120981
2504,44.58019010066183,404.50158959751616
2505,44.47441018932459,404.4768397933187
2506,44.42273046567785,404.44883895951654
2507,44.44106286382016,404.4211065686645
2508,44.54670951123275,404.39915930901947
2509,44.72255279069851,404.385704428538
2510,44.91926587540882,404.3771684272699
2511,45.0916590213858,404.36780197912424
2512,45.21589483566994,404.3566355328338
2513,45.271888975652104,404.3467044156765
2514,45.22869894977278,404.337695451782
2515,45.06515529521166,404.3236906604594
2516,44.80411180541789,404.3013783518205
2517,44.52163788742479,404.2779714793208
2518,44.312223227034636,404.267847715943
2519,44.230645893137016,404.2821014258211
2520,44.27063861888172,404.32017933217105
2521,44.40095225148496,404.37241237584385
2522,44.59872577512615,404.429466663286
2523,44.84743157405944,404.48322393386513
2524,45.135882562493045,404.52388332856026
2525,45.443090430990374,404.5452808573053
2526,45.70773168746679,404.55028506667793
2527,45.85583763897144,404.5466699571964
2528,45.85475655438303,404.5396432617604
2529,45.713036088207126,404.5301953090828
2530,45.461797228303276,404.5193324513883
2531,45.148877394737646,404.5128490309731
2532,44.81886569952771,404.51982255654775
2533,44.51109852645435,404.54325008942175
2534,44.28276794143671,404.57383774573674
2535,44.18381415799277,404.5966607140918
2536,44.213792173379645,404.6024412583459
2537,44.3267216901968,404.5918894677145
2538,44.44796639281648,404.5733717765091
2539,44.49751265908435,404.5572912690709
2540,44.43966195824003,404.5504785319881
2541,44.31299784625159,404.55401200602716
2542,44.200325379854284,404.56385565234274
2543,44.167545422883364,404.571210657927
2544,44.22838982115079,404.56514636465846
2545,44.36267492101828,404.5427934163988
2546,44.55773107913727,404.51487404298
2547,44.8013446883968,404.49446858381725
2548,45.03239345951867,404.4869436999393
2549,45.14928328815148,404.49424588767414
2550,45.09107912279925,404.5185774481686
2551,44.88510681255384,404.55783221894154
2552,44.611738127436375,404.6029680524182
2553,44.35999883349497,404.6413575469281
2554,44.21419015799999,404.6594130604794
2555,44.23041763633623,404.64431679270575
2556,44.41103534466304,404.59228563006343
2557,44.710531128729095,404.51469964576506
2558,45.0535603044211,404.42917954699453
2559,45.362416742875354,404.34970937302745
2560,45.5921672331517,404.28749163783624
2561,45.727178787204814,404.25099966510686
2562,45.759124045714344,404.2421484750691
2563,45.69596572350027,404.2544638045177
2564,45.56509355737606,404.27581757549746
2565,45.400479270917565,404.2961504959831
2566,45.25019703532901,404.31230228807857
2567,45.17080059747897,404.3247213805868
2568,45.18688857961426,404.33238154523565
2569,45.26662606732085,404.3340773955747
2570,45.34306480571162,404.33368624223226
2571,45.361448994247084,404.3381342931314
2572,45.303968115062155,404.35007910563746
2573,45.183626686965475,404.3653543631763
2574,45.04404060794072,404.3760039946932
2575,44.9377194346961,404.3775366968398
2576,44.875708458204784,404.3722153955967
2577,44.83390532311628,404.36263141568816
2578,44.80933488811549,404.34954316079745
2579,44.82509113360876,404.33628766365155
2580,44.883667496424046,404.3256174495479
2581,44.949591456866884,404.3153942097504
2582,44.98438180273004,404.3033228913556
2583,44.98677590818758,404.2918089809134
2584,44.99289631953036,404.2861495912556
2585,45.04339982432512,404.289067353836
2586,45.15175189640375,404.2984580363793
2587,45.2858510922354,404.31168348050454
2588,45.3806619844151,404.3278092638318
2589,45.39345194887105,404.34586835007315
2590,45.3434324535439,404.367780993147
2591,45.28851117137791,404.39814764862433
2592,45.27554447084899,404.43420942839566
2593,45.311882316902356,404.46409412050815
2594,45.36638689978339,404.4774953186433
2595,45.387233168775175,404.470464098412
2596,45.3339931515706,404.44504157247786
2597,45.20840618711677,404.41154580603285
2598,45.05380115279875,404.3864513279667
2599,44.932577998691116,404.38400215519727
2600,44.899654995895936,404.4098950477936
2601,44.97409548589591,404.4612338922034
2602,45.119238110628295,404.526859759327
2603,45.24683464065688,404.5860463423441
2604,45.265705026625966,404.6159099108497
2605,45.145843389626826,404.60875137207944
2606,44.92815362498567,404.5802249490068
2607,44.681333531366526,404.5553801298692
2608,44.457347005117136,404.5495024205465
2609,44.27525974596361,404.5643430910038
2610,44.147445963370195,404.5934514826196
2611,44.10769411190287,404.6250766216734
2612,44.17879133036988,404.64698853638754
2613,44.33015564175002,404.654162488467
2614,44.500974812610515,404.6482782356446
2615,44.64266278366625,404.62994240087806
2616,44.73197853222882,404.59715071845466
2617,44.78464567801354,404.5497688208701
2618,44.857806264623306,404.49146111525454
2619,44.994306750384176,404.431034654924
2620,45.17261829154807,404.38433437293963
2621,45.33639897232733,404.3686380971378
2622,45.438407107535845,404.3910877274512
2623,45.45552125873126,404.44510931195884
2624,45.39825820402359,404.5160225403711
2625,45.29507072459912,404.5862699402078
2626,45.16614455573303,404.6407790082803
2627,45.028232782080856,404.67150565190315
2628,44.90999106727412,404.675122830017
2629,44.8472341269089,404.65201076921613
2630,44.86331087372643,404.6123606752336
2631,44.95591593015431,404.57446280086936
2632,45.096172235660866,404.55031895230593
2633,45.23679476555316,404.5368260684064
2634,45.33446809033014,404.5223428140233
2635,45.376643370693316,404.498139761377
2636,45.38713671739095,404.4633237890941
2637,45.39984382970599,404.4247571973433
2638,45.426775262712106,404.39466992547443
2639,45.45871370513563,404.3825887293505
2640,45.48464821203668,404.38733612680886
2641,45.496965640996294,404.39927064445607
2642,45.49317350799802,404.40974927509234
2643,45.47362893019573,404.41576977473005
2644,45.42550771031452,404.4172308331294
2645,45.32228002449901,404.4162259308979
2646,45.15349493250507,404.4181213191425
2647,44.95843578166813,404.4268437681161
2648,44.81840868110135,404.44061698645135
2649,44.78854451124585,404.45596630233916
2650,44.83860924268136,404.47147227607167
2651,44.886723307866994,404.48531436430636
2652,44.88456698337542,404.4954289918651
2653,44.83985149676924,404.5035592794977
2654,44.77444823318016,404.5146973687333
2655,44.70157327273346,404.5325899874738
2656,44.62756763596614,404.5570575239077
2657,44.55491925583383,404.58347804179965
2658,44.49232759048503,404.60343061821345
2659,44.46044176343623,404.6083690452054
2660,44.48508659591313,404.5946978143544
2661,44.57982003431493,404.5637364594931
2662,44.731199207061024,404.51916381614456
2663,44.9129091808891,404.4686218992304
2664,45.10810913965045,404.4238168549039
2665,45.29603897296459,404.3950806940019
2666,45.42926258153764,404.38657718627115
2667,45.45636418748312,404.39493758374215
2668,45.367836327402145,404.41051385890154
2669,45.1997316867905,404.42162760255303
2670,45.00394403710622,404.4202513783088
2671,44.838511997400225,404.40613318608956
2672,44.75929487064805,404.3876271909408
2673,44.78683759276167,404.37766954904185
2674,44.8904832950281,404.38504068034473
2675,45.01524147856147,404.4083230215941
2676,45.11672580121215,404.44034345584896
2677,45.164463990049946,404.476762471283
2678,45.135906082317476,404.51715614230807
2679,45.03845024249462,404.55886171320924
2680,44.92043543138699,404.593803541099
2681,44.83519236233339,404.61452915427355
2682,44.79886647685277,404.6207091664558
2683,44.78945272573778,404.61644263366816
2684,44.78974274636957,404.60490114792833
2685,44.823255040511285,404.5887558160989
2686,44.927999604829495,404.57277843306883
2687,45.10349632250623,404.5626167298824
2688,45.30246630867277,404.5613492129533
2689,45.46213977255649,404.56891579191324
2690,45.53512497873633,404.58465662012975
2691,45.50658364906445,404.6075218899379
2692,45.400202146781275,404.63298100856
2693,45.261742871735,404.65443447157855
2694,45.13015254834424,404.67004743834525
2695,45.04107872961155,404.6842641771228
2696,45.03327168769877,404.7006243921799
2697,45.1134044947693,404.71477492254024
2698,45.244311664237394,404.7150868944287
2699,45.386390380245665,404.69136303323455
2700,45.52136484885622,404.6440001790644
2701,45.63879482690481,404.58376074542423
2702,45.72603617327509,404.52478646197443
2703,45.771394312293324,404.47958470267054
2704,45.76631629105932,404.4550550256355
2705,45.70623917859878,404.4475051321998
2706,45.59365249436041,404.4470117813824
2707,45.44194242794838,404.4507210012287
2708,45.28373675570634,404.4639156092725
2709,45.17128741019026,404.48947374639073
2710,45.151795517526146,404.5249819461057
2711,45.23138172761189,404.566210103771
2712,45.36371150819665,404.6083673839052
2713,45.480793276083865,404.6453933466007
2714,45.5316032036362,404.67091297429965
2715,45.49940801249762,404.6834786651878
2716,45.40988184332396,404.68788659742773
2717,45.32497790663454,404.6881854386584
2718,45.29752267818471,404.68369367242644
2719,45.321827727108186,404.67224617829754
2720,45.35178901182115,404.6541990396384
2721,45.35125954252509,404.6337586587617
2722,45.30145255639034,404.61785075595515
2723,45.189797830066986,404.6119235171005
2724,45.00945652489553,404.6146701141954
2725,44.771643170244836,404.6182739265334
2726,44.52597848077564,404.6146032337601
2727,44.34461532012126,404.6000220941242
2728,44.279347456725326,404.5751290845792
2729,44.33918981606038,404.54515875063623
2730,44.49139489387101,404.5225718760294
2731,44.68350890194015,404.5227022190766
2732,44.87382358787436,404.55351626678356
2733,45.042436837057075,404.61030951010406
2734,45.179124386304686,404.67736309736927
2735,45.26994055677902,404.73218020602053
2736,45.305148463968564,404.7514096230517
2737,45.292694446506395,404.7220964414519
2738,45.239011526671646,404.651946895913
2739,45.13185157062584,404.5640766586923
2740,44.97479590951053,404.48247939802025
2741,44.80814084594562,404.4240854576662
2742,44.67092207485741,404.3951410905154
2743,44.57730295138764,404.3896070297952
2744,44.52821754872099,404.3963298645213
2745,44.51443009687685,404.4099911228591
2746,44.530861293537,404.432570461336
2747,44.59130559387121,404.4655764033544
2748,44.69807032564481,404.5052302341688
2749,44.821645929995114,404.5456982423201
2750,44.9223855024002,404.58296950185246
2751,44.97664937470222,404.61290750776186
2752,45.0012272575264,404.6290320482819
2753,45.04183282567487,404.6263163847952
2754,45.12254682822369,404.6063781746088
2755,45.23204762276198,404.5787229644905
2756,45.34696152921427,404.55568870106
2757,45.447692255556746,404.5428268353805
2758,45.523330395592176,404.5370091183477
2759,45.56343206933933,404.5342872990667
2760,45.55922698601528,404.533906531007
2761,45.52577587721178,404.53687285773754
2762,45.50030929982465,404.54339608659774
2763,45.50481251029706,404.5504093555537
2764,45.51455824389963,404.5540812257539
2765,45.46760526519886,404.55268518327597
2766,45.31060131055632,404.54447357131204
2767,45.03444669671239,404.5280776595332
2768,44.68038607971104,404.5052866834023
2769,44.33556144571874,404.4790244091419
2770,44.09291333909893,404.4506826668447
2771,43.9883037483501,404.4221655853153
2772,44.006810115013884,404.3982338314172
2773,44.13947062854724,404.3840484581972
2774,44.39469071425433,404.3814050016323
2775,44.76411226715234,404.3899218453507
2776,45.191937433723176,404.4079099921135
2777,45.57874548424762,404.42893518774736
2778,45.816736052608256,404.4438441187588
2779,45.82434763838686,404.4485985492262
2780,45.57860769480972,404.4462039007862
2781,45.138240218138854,404.4436364505999
2782,44.616609707512765,404.45078597422673
2783,44.13058287866725,404.47548900423794
2784,43.77183068941036,404.51437695092693
2785,43.587264425989154,404.55221315349235
2786,43.572680625110486,404.56998470453266
2787,43.68795767639366,404.5524772835574
2788,43.874867584723425,404.4932004345359
2789,44.07684192594503,404.3972671997323
2790,44.25139965925831,404.28035254994137
2791,44.35761871716291,404.16520573926994
2792,44.35497927601242,404.0777234676416
2793,44.24241549624406,404.0378463199024
2794,44.0847231220782,404.04811451492594
2795,43.97047434107336,404.095074398151
2796,43.93911697323047,404.16269954278545
2797,43.97147166453766,404.23963564981324
2798,44.04535384952402,404.31540017487026
2799,44.16396342978143,404.37508470451456
2800,44.32331434294706,404.4024356975279
2801,44.47983758701354,404.38910151271034
2802,44.577331328257934,404.33751579098555
2803,44.598056159674506,404.2595913027383
2804,44.56669531107938,404.17749649773384
2805,44.513402827577366,404.1178723681022
2806,44.45239307862373,404.0984823201505
2807,44.391201768377066,404.1207634969456
2808,44.34292502957629,404.1743717491075
2809,44.32434984226634,404.2458849540848
2810,44.342751139822845,404.3228709691035
2811,44.393463388562715,404.3933825245077
2812,44.47149524500119,404.4459072570116
2813,44.57699254757273,404.47245236828314
2814,44.715998891149866,404.47253530701323
2815,44.88785784315765,404.45394848204563
2816,45.07204434042515,404.42881021784797
2817,45.24268409587161,404.40520885566616
2818,45.38196197791845,404.38067573780086
2819,45.47813369866945,404.34610644407866
2820,45.52542292622294,404.2957080197324
2821,45.52585056149276,404.23412340219136
2822,45.49081086055242,404.1762022379751
2823,45.43884020902139,404.1369224863065
2824,45.39123297153513,404.1206125478921
2825,45.37501219488786,404.12164211303127
2826,45.4233725754256,404.13334125171406
2827,45.54638233491175,404.15395974487996
2828,45.68921410192923,404.1857321573891
2829,45.74856272153409,404.2309735708982
2830,45.65084203130816,404.28860840073577
2831,45.40481381285248,404.35217979804827
2832,45.08507220293621,404.4111822084014
2833,44.77814182082976,404.4545346641603
2834,44.53301245151184,404.47687643407113
2835,44.34644494520618,404.48697637554307
2836,44.19789805454842,404.5025260175974
2837,44.09677255515435,404.5322514786086
2838,44.076438817415095,404.57116011206944
2839,44.155372306419004,404.60813919467296
2840,44.32747658322903,404.62957089310873
2841,44.570002397130324,404.6236381799922
2842,44.846634381037504,404.58716658112144
2843,45.118722766270054,404.52719935473357
2844,45.35686709750572,404.4588235292892
2845,45.53630403177273,404.4029384415698
2846,45.63138540438796,404.379286359235
2847,45.62750412971298,404.39364469505716
2848,45.537941201809694,404.43291759667005
2849,45.39998483246113,404.4767894258414
2850,45.25623781750116,404.51211020335825
2851,45.145976029270074,404.5345864974606
2852,45.09852654914543,404.54502059523895
2853,45.1127313065139,404.548797643883
2854,45.14354429636832,404.551509172663
2855,45.13131965302527,404.5555368975345
2856,45.060813549324486,404.5628124182094
2857,44.97490041118607,404.5724360210429
2858,44.91979615223492,404.5789811826287
2859,44.90451137184251,404.5812346807756
2860,44.919682750109565,404.5864573456547
2861,44.95623182477878,404.60101003066103
2862,44.99218429060906,404.62151379720797
2863,44.99823959398354,404.6385049697635
2864,44.967888902661464,404.6447563458568
2865,44.91681359926507,404.6383012704523
2866,44.86288360247249,404.621771730532
2867,44.81870916594545,404.5998537154835
2868,44.77930094287614,404.5755794844185
2869,44.71876586996788,404.5480837191584
2870,44.619973751566455,404.5146730308339
2871,44.50754204442854,404.47677244362103
2872,44.436035158801054,404.4420308409273
2873,44.434174279238086,404.41903398052193
2874,44.47922006054243,404.41127069667573
2875,44.53258928316739,404.4157430344605
2876,44.57748791031216,404.42558895743656
2877,44.626635284558304,404.4332610707425
2878,44.70924913231743,404.4315369505237
2879,44.84683279086994,404.41425010203915
2880,45.0398733317447,404.37835861357314
2881,45.2697204568512,404.32578232344866
2882,45.504735465703476,404.2639821683672
2883,45.71763953763725,404.2045608267224
2884,45.89675688214405,404.16207799373245
2885,46.03214119457327,404.1516220113111
2886,46.115687379186106,404.1797480410054
2887,46.1634552136814,404.2379360307056
2888,46.20751966491133,404.3091883345114
2889,46.25365348583512,404.3783628321505
2890,46.254873735345825,404.43708474986283
2891,46.14909991826002,404.4841334134834
2892,45.94063101926901,404.520052806711
2893,45.71724923801302,404.5414237572956
2894,45.572822200769245,404.54461241612313
2895,45.532617817768745,404.53406706550305
2896,45.553665865095105,404.5214529194655
2897,45.5810778443834,404.5143153482828
2898,45.582156907127356,404.5091261304157
2899,45.53112490450581,404.4980785731165
2900,45.4029978299918,404.4791476208823
2901,45.19129209896296,404.45529509830385
2902,44.90976539480056,404.4290713344109
2903,44.58972142549317,404.40586101189746
2904,44.29750061028376,404.3947245411788
2905,44.1264181861296,404.39915668218043
2906,44.147594800320576,404.41537056814474
2907,44.37340276573053,404.43851932671464
2908,44.74457462775561,404.4630829348304
2909,45.142959727547876,404.4821263098344
2910,45.45478086723896,404.4910649845213
2911,45.639472920095095,404.4913008524964
2912,45.72230264934709,404.48924794683165
2913,45.7367827468333,404.4917067431227
2914,45.70721490445449,404.50348850695894
2915,45.6665665219327,404.5279958109
2916,45.64765017001371,404.5651692477406
2917,45.65476547191043,404.6068255350314
2918,45.66376915162287,404.63880853728614
2919,45.64356220731934,404.65166897034516
2920,45.57457311443669,404.6465306154276
2921,45.458717465366576,404.6329005626026
2922,45.305103459540035,404.6246537085766
2923,45.117537166878506,404.63193429622305
2924,44.91639727519828,404.65316707951956
2925,44.748971212383424,404.67611011549667
2926,44.6582941503467,404.68558315390277
2927,44.65514375815324,404.67213797033645
2928,44.716725385966555,404.63580278773117
2929,44.795577248962516,404.58372497441644
2930,44.83873397451736,404.52929628930934
2931,44.818946819506074,404.4906178268324
2932,44.75381377211477,404.4810608280357
2933,44.696129805118716,404.50139528584634
2934,44.70889617105098,404.5431350258426
2935,44.83838781338309,404.594536763357
2936,45.088119887922566,404.6409256741146
2937,45.40297816422206,404.666617762857
2938,45.68858928698364,404.6628795325676
2939,45.870662224042206,404.63140808861294
2940,45.93328874432818,404.58071809660635
2941,45.90238968027252,404.52401439356487
2942,45.815293546601616,404.4772221667316
2943,45.694022933421124,404.45380883418727
2944,45.53667546740795,404.46056967058183
2945,45.3381224763812,404.4956462802396
2946,45.10557562013375,404.5493629469344
2947,44.85682026292252,404.6099860185347
2948,44.609679789234015,404.66896437957655
2949,44.37995690072468,404.7190679396444
2950,44.19448476523714,404.74948243323485
2951,44.08144506070667,404.7484675474734
2952,44.05096207384187,404.71568492973284
2953,44.10748707849842,404.66804728827685
2954,44.25810258950872,404.62769367735586
2955,44.48627824519073,404.6055226122368
2956,44.73671466090034,404.59670117195105
2957,44.94806353469215,404.5901064610116
2958,45.08404054854448,404.5797224369023
2959,45.124897191687026,404.5657022431907
2960,45.0638826807556,404.54965649161227
2961,44.920922737519966,404.53437718996054
2962,44.75291447231419,404.5275635986621
2963,44.65359816810361,404.53911749146584
2964,44.700063300328,404.57124019843
2965,44.873489434396284,404.6167215444681
2966,45.07675762218686,404.66528930520803
2967,45.226581834691004,404.70634905064486
2968,45.29533663116307,404.73106059425436
2969,45.29790645308836,404.7349753180124
2970,45.269423243204216,404.7170035522861
2971,45.24925422730789,404.6785778134989
2972,45.27584616673449,404.62502179138176
2973,45.37395136945711,404.56466702304095
2974,45.52692712830686,404.5061131589688
2975,45.67059754103685,404.45860557321726
2976,45.73336178333805,404.4324567727582
2977,45.681464048735414,404.43427418136173
2978,45.52298556704399,404.46314075058643
2979,45.28227785521605,404.5132312323495
2980,44.98487027082521,404.57666013103005
2981,44.67122937583263,404.6409583913476
2982,44.40651454211702,404.68919342515784
2983,44.25090706890721,404.7084587688825
2984,44.218171773138224,404.6953028244013
2985,44.26705504004835,404.6544162218267
2986,44.33538943219473,404.5986741423503
2987,44.38798209353689,404.5474078689995
2988,44.43127377973524,404.51565607121023
2989,44.49242623052329,404.5032179718494
2990,44.592248179043004,404.4988427226848
2991,44.72743721078232,404.4926632612695
2992,44.86920658047073,404.48052226809364
2993,44.9767129861982,404.46262226409203
2994,45.01317217016934,404.44387963193924
2995,44.954449919267496,404.43496192871413
2996,44.810406547223586,404.44983476671854
2997,44.64069104694998,404.4947247565569
2998,44.51701950041756,404.5564174072731
2999,44.48436646118056,404.6096058404743
3000,44.552109296940316,404.63662280668
3001,44.68353790993396,404.63369228106
3002,44.82593223477793,404.60636045757474
3003,44.96664704792864,404.56699893815716
3004,45.11354591417512,404.52886188358275
3005,45.236623686355266,404.498707224104
3006,45.28859204743985,404.47710135961313
3007,45.26580378881554,404.4626736722498
3008,45.20361791252581,404.4539323494986
3009,45.13557634736035,404.44812733724905
3010,45.0765594481865,404.44234715703357
3011,45.013322095109714,404.43878124056596
3012,44.917971137564685,404.44385039852716
3013,44.80276496631646,404.45770841861645
3014,44.7388400966466,404.4681079260943
3015,44.79700288910187,404.4601439149825
3016,44.98803285316564,404.4334303261451
3017,45.25570730649467,404.4050588345308
3018,45.5041686902031,404.393047340397
3019,45.652105359205706,404.40114801988256
3020,45.6851547614657,404.42234015718213
3021,45.64665786897005,404.45203633516576
3022,45.58859057558615,404.49104022070543
3023,45.54742496921356,404.5374719042133
3024,45.531936604502036,404.58263660188754
3025,45.515786894000335,404.6140587525673
3026,45.46574109092829,404.621317961667
3027,45.37080173580808,404.603199385831
3028,45.24274739044663,404.5700128092816
3029,45.11243009693808,404.53871076969307
3030,45.017845885514326,404.52573170051244
3031,44.97894206448593,404.53898397459477
3032,44.98945600492766,404.5724189730749
3033,45.039278528884154,404.61021367115677
3034,45.12396798672298,404.6370017542897
3035,45.21636658244807,404.6452309822405
3036,45.26750837158669,404.63658348455186
3037,45.26356826382336,404.6175454654748
3038,45.24647502224595,404.5961401727651
3039,45.259214875401895,404.5818660251441
3040,45.29995030908622,404.58012504934504
3041,45.342809204517465,404.5881116436344
3042,45.38631914724473,404.6008978723073
3043,45.45768526037917,404.6139872168787
3044,45.5624489407035,404.61836069049366
3045,45.66049585447339,404.604773572292
3046,45.713710428727346,404.5756564826663
3047,45.72866552127607,404.5445877036708
3048,45.732830803834155,404.5244161753089
3049,45.73449311938569,404.5201797325397
3050,45.71527547308574,404.5303169815521
3051,45.64001054337156,404.5509761007222
3052,45.4804831312186,404.57852673758754
3053,45.25740822380528,404.60965134126616
3054,45.04826123878308,404.6408220879264
3055,44.9338835634549,404.66825958354417
3056,44.94257612673489,404.6889366320144
3057,45.03504601450215,404.69993774031025
3058,45.13309080545019,404.6979611862787
3059,45.175495192194454,404.6817034731039
3060,45.15498909645224,404.6546406079387
3061,45.11375820341128,404.6267257324808
3062,45.11284011836842,404.60874827323255
3063,45.18962047839857,404.6018273442716
3064,45.33065331000438,404.59820435071845
3065,45.490649854435325,404.59260432639763
3066,45.63575575577328,404.58859830184826
3067,45.75476046718416,404.5924727055304
3068,45.83251106288754,404.60325460645277
3069,45.842930846175584,404.6138015744335
3070,45.77343134577395,404.61958117058725
3071,45.633077473480625,404.62131972584996
3072,45.44931266248258,404.62023438011636
3073,45.26861871074513,404.61377666846624
3074,45.12719389757536,404.5981007359327
3075,45.01036929768298,404.57335281977356
3076,44.86344835909012,404.544927004911
3077,44.640240555141354,404.52084305891185
3078,44.33430525409642,404.50718105601743
3079,43.984243890316726,404.50617729924335
3080,43.66523490599622,404.5182383110533
3081,43.46368015872275,404.5402858481453
3082,43.44143301904621,404.56280812960716
3083,43.61597851293937,404.57471870591957
3084,43.95864072048097,404.5700246966885
3085,44.40254889301829,404.54857184047484
3086,44.87269246635424,404.5151781990404
3087,45.30856490641535,404.4790680950746
3088,45.646443375885596,404.45041483279806
3089,45.813929006229834,404.43515481035206
3090,45.77907915114765,404.43457904868103
3091,45.59321837617545,404.4516162133123
3092,45.36378469424984,404.492882315685
3093,45.1909956314041,404.559128254097
3094,45.123121461112525,404.63625368993627
3095,45.143088393655,404.70138299609823
3096,45.19703484946399,404.7367848740505
3097,45.24983855368679,404.73642520453507
3098,45.30470189735147,404.70603203709703
3099,45.36963948444365,404.66132358114857
3100,45.432148763443806,404.6225204240389
3101,45.470585386091514,404.60573304639917
3102,45.46864093632099,404.61570802297456
3103,45.421658076073136,404.64423907302995
3104,45.3457967401018,404.67563408807695
3105,45.27525976141701,404.69714918803834
3106,45.24059854959251,404.70620970903195
3107,45.25419540973045,404.7071838965793
3108,45.307758788273304,404.7036304180551
3109,45.365040601284576,404.6966332924644
3110,45.36842059714753,404.68932615268113
3111,45.26866928265943,404.68842201943426
3112,45.04884688395023,404.6986621468058
3113,44.73350521344457,404.71535969585506
3114,44.381260912437845,404.72300633007757
3115,44.065121052495684,404.7059118688366
3116,43.85726522365491,404.6623796948849
3117,43.80300264311615,404.60488120308213
3118,43.885308607400574,404.54701895987364
3119,44.031305215393076,404.49424990897353
3120,44.1723624636004,404.4460503206325
3121,44.28823358871364,404.40261890286047
3122,44.39207653055366,404.3673778228221
3123,44.49831402227101,404.34322088162344
3124,44.60647388386034,404.3288295915453
3125,44.706321998823434,404.3209753902526
3126,44.793176353568334,404.31987242441465
3127,44.86019810029838,404.3308301954147
3128,44.89333762670504,404.3562828106331
3129,44.90072047814245,404.38647240133537
3130,44.91443831542432,404.40583831237194
3131,44.93989523265396,404.40692161213826
3132,44.941497466864014,404.3942883063173
3133,44.89321527660139,404.3809912593655
3134,44.80927808859053,404.38015694204495
3135,44.724499529278745,404.3942094717345
3136,44.67525688719603,404.41622078149857
3137,44.688692654639674,404.44204184735304
3138,44.76338231259537,404.4723075948865
3139,44.86722265553684,404.50252774055326
3140,44.95392458975116,404.52118883401533
3141,44.98224152399116,404.5213370512208
3142,44.93925381879521,404.50838837416245
3143,44.83895710380783,404.4942765324477
3144,44.69996839565592,404.48913458353934
3145,44.553851107592564,404.49804633324345
3146,44.46022471931948,404.51964498092315
3147,44.471126172478606,404.5463457068421
3148,44.583642211624316,404.5671997321675
3149,44.74713850795764,404.5744192201185
3150,44.90687605437862,404.56884654041016
3151,45.03589149269357,404.55725363389837
3152,45.140767217828945,404.5460935578037
3153,45.248618422407574,404.53789672057985
3154,45.39005555172457,404.52995538645524
3155,45.57588811325096,404.51486132086853
3156,45.78293978907125,404.4852131823235
3157,45.97859978108342,404.44026397073975
3158,46.13892755896251,404.3860305080543
3159,46.22942496131679,404.3307431659619
3160,46.203609896359325,404.28328677666985
3161,46.03915044463554,404.25223178025146
3162,45.76407753957374,404.2431826556451
3163,45.436272705332215,404.2572832037592
3164,45.104775441605256,404.29153750665165
3165,44.799479905669486,404.34039901960404
3166,44.544859171838844,404.3978317940222
3167,44.368714601238835,404.4577453790335
3168,44.29237501106519,404.5124497219391
3169,44.31525986595335,404.5531023513485
3170,44.40775544402025,404.5741940569202
3171,44.52279454991519,404.575718492214
3172,44.63406828912066,404.5596474043103
3173,44.75914979281324,404.52692517772186
3174,44.9286354614419,404.4790081084533
3175,45.143948431926795,404.4215089592131
3176,45.373407411593874,404.36439762746244
3177,45.57782000037317,404.3171999309161
3178,45.734774601669216,404.28482069631247
3179,45.83288953302563,404.2678789785612
3180,45.852897532657735,404.2653845905836
3181,45.7834424659273,404.2789650525183
3182,45.64166712895042,404.3161102322596
3183,45.453961412443334,404.3819343232814
3184,45.23476208987054,404.4676832342806
3185,44.99193525749889,404.5559394736273
3186,44.73715521961887,404.63203681743636
3187,44.488144029407536,404.68466607595303
3188,44.27215834021862,404.7030228340927
3189,44.13066352168369,404.6820395822543
3190,44.10872714380495,404.6305282889351
3191,44.22897138883739,404.5683196985728
3192,44.462377555989285,404.5151769682511
3193,44.72106730301198,404.48400831439506
3194,44.89864365607156,404.4777165588548
3195,44.934838660070156,404.48804201709277
3196,44.85160310044432,404.50211353317457
3197,44.73157603073322,404.5124411121823
3198,44.66306787668487,404.5172005778123
3199,44.69796392038392,404.51206358304245
3200,44.83990328345834,404.48988070409416
3201,45.054596062260664,404.45119236597236
3202,45.287323166398984,404.4091071503043
3203,45.47909137062356,404.38023296679194
3204,45.58098994603944,404.373984905067
3205,45.57292961827842,404.3912566122089
3206,45.47690845237233,404.42786343502615
3207,45.344797074516045,404.477581733579
3208,45.23740892546039,404.53449769268855
3209,45.20838226652276,404.5931890064597
3210,45.27078974465004,404.64768501982735
3211,45.365669545680284,404.6903091828662
3212,45.39958096103277,404.7103534401178
3213,45.32930410558101,404.69802310649345
3214,45.18456872124277,404.65300786380203
3215,45.02004413732109,404.58542779305986
3216,44.87674333271367,404.50884920113265
3217,44.773174035586386,404.4353022314515
3218,44.7100264066102,404.3721967565171
3219,44.69391059181871,404.3212826716059
3220,44.75787870878497,404.2837270832791
3221,44.93129782508386,404.2641975658039
3222,45.1929617337325,404.26754533810833
3223,45.47860744447442,404.2953263080761
3224,45.729872180755024,404.34445939301713
3225,45.933636638413425,404.40683255183677
3226,46.11163265406964,404.4740813650848
3227,46.26706837895594,404.53945131534533
3228,46.36376006670028,404.59385378847054
3229,46.361407342852075,404.62801098019065
3230,46.24464745385369,404.6348936577898
3231,46.01931266542366,404.60958029536476
3232,45.7062034036755,404.5578889880935
3233,45.34635647876958,404.4996006961968
3234,45.005396977969745,404.4541271405269
3235,44.76812622902511,404.43064764982586
3236,44.704536255013636,404.43187568007454
3237,44.809106380526224,404.4576303812966
3238,44.998988992503186,404.503302802195
3239,45.19506543326704,404.556816728584
3240,45.364632038783206,404.60209837783816
3241,45.48858652545719,404.6305972417458
3242,45.54261185877551,404.64669906507015
3243,45.52030563349625,404.65883191899906
3244,45.45559526508215,404.66850862292677
3245,45.41330066316323,404.67015499904335
3246,45.44785009981355,404.65791226833096
3247,45.55300059506218,404.6312533746851
3248,45.64706595275385,404.59540955720456
3249,45.62458962344986,404.5564531441547
3250,45.43030062706574,404.5180014008081
3251,45.10197508911271,404.4857462778678
3252,44.76421848487646,404.4725062901333
3253,44.5597736902105,404.49071565712154
3254,44.56748810139416,404.5385255935325
3255,44.77771182077787,404.5979774972026
3256,45.117639762586535,404.64591968207725
3257,45.488258560818586,404.66574857475814
3258,45.79482391372621,404.65471983944786
3259,45.966147045307984,404.62436371477975
3260,45.96815410226058,404.59125781807865
3261,45.801368695426135,404.56578934577743
3262,45.48914660334855,404.5500446265093
3263,45.09337505747004,404.5425738617944
3264,44.721041172730615,404.54316894596184
3265,44.47383840523208,404.5543927313613
3266,44.393978667124316,404.57760984497577
3267,44.45727647088625,404.6087364816509
3268,44.60035718106017,404.63917280170597
3269,44.7526187802101,404.65814080231854
3270,44.85353161085553,404.6555837875975
3271,44.87228685385198,404.62878998613047
3272,44.83052724553308,404.5870276748039
3273,44.783115817626275,404.5457309071669
3274,44.777968159056805,404.5152556386803
3275,44.84823312999717,404.4966569612059
3276,45.00677242242677,404.48575080884655
3277,45.22742707536792,404.4800365071437
3278,45.46211233250469,404.48222312179576
3279,45.67931894840999,404.4941475280247
3280,45.873458605454154,404.51062839133823
3281,46.054462068242756,404.5230059714112
3282,46.22359098184753,404.52413492498994
3283,46.343497451140315,404.5112368734845
3284,46.354989005376595,404.48782749722574
3285,46.23335056803653,404.45986852049396
3286,46.007627119108065,404.43074255567393
3287,45.731215230127276,404.4053198676154
3288,45.4545617194794,404.39507290515303
3289,45.21337266985033,404.4108123107466
3290,45.02049348921329,404.4518972061218
3291,44.868395598389945,404.50608180491207
3292,44.74987562971581,404.5590762326663
3293,44.67898447075915,404.6049912804819
3294,44.678249554309694,404.6466285666379
3295,44.74259852749324,404.68552304508313
3296,44.83492752067356,404.71751813968274
3297,44.92422614920922,404.73748942620443
3298,45.015025447508755,404.741436157709
3299,45.129051425223075,404.7270869708135
3300,45.266953077673655,404.6977718878009
3301,45.39729314175132,404.66323669764904
3302,45.47885223466511,404.63469966404836
3303,45.49354613598702,404.6175790031183
3304,45.45985206415904,404.6094429181473
3305,45.41210055552157,404.6063226730391
3306,45.361509687749525,404.6068399298301
3307,45.280687860349126,404.6103243101383
3308,45.129713731043225,404.6154955869481
3309,44.89651331317752,404.621373513659
3310,44.62872073113703,404.62858667521647
3311,44.422730731829574,404.6384085908631
3312,44.35952371487864,404.6508576940731
3313,44.459042736028216,404.66542415507416
3314,44.691310419605905,404.6804936053935
3315,45.00371757128787,404.6906062204557
3316,45.333595682840304,404.6885837974317
3317,45.61288778213315,404.6701069032829
3318,45.78795050525012,404.63651140611677
3319,45.839071559591986,404.5967993470751
3320,45.77454568651721,404.562647166485
3321,45.632500402008546,404.54109818584004
3322,45.48356134023197,404.536341170896
3323,45.38464503896455,404.55024076356284
3324,45.334132610350984,404.57656690256374
3325,45.29158210717188,404.6016313184818
3326,45.22216230144667,404.61316591728314
3327,45.12220509941289,404.6100314191728
3328,45.02256054104575,404.6034327851706
3329,44.96612127210797,404.60556278579156
3330,44.968132013208894,404.6186403467065
3331,44.99767941040914,404.63624572728304
3332,45.00848821068688,404.65126495317685
3333,44.981934765138405,404.65981510318653
3334,44.92793258515194,404.66105072445816
3335,44.852112243511044,404.65656117900875
3336,44.744776150365205,404.6474812504656
3337,44.60572409123652,404.63292070268614
3338,44.45135989787971,404.613005115902
3339,44.29463659599862,404.5897144484964
3340,44.15320615159179,404.5656897215624
3341,44.069014475728586,404.5440962251145
3342,44.08166835008247,404.5277412347606
3343,44.18913434506953,404.5198242982342
3344,44.350121938687714,404.5237463760578
3345,44.520102799517986,404.53808412516145
3346,44.68830708804797,404.55455891251216
3347,44.87921895590593,404.56304984996063
3348,45.112599923714704,404.55626119181574
3349,45.37114942913243,404.5312552974275
3350,45.606078122114724,404.4916569744812
3351,45.762855135871185,404.4493579353039
3352,45.81542492014825,404.42055090702763
3353,45.78854688096885,404.41646327588774
3354,45.73573662444475,404.43580538005546
3355,45.68930625368685,404.4664611764204
3356,45.63768078334357,404.49485162860185
3357,45.558392504553964,404.5128804418633
3358,45.45290566060106,404.51977429910966
3359,45.32113407887874,404.5205250833277
3360,45.148103443404985,404.5202147465752
3361,44.95302210068119,404.52008713719687
3362,44.80016532203193,404.52002060433335
3363,44.743230765220716,404.52155029615557
3364,44.78448525536698,404.526038761071
3365,44.879326064298645,404.5322542122632
3366,44.978657891460436,404.5389762655014
3367,45.07005008453594,404.54824157726125
3368,45.14999284912816,404.563724312377
3369,45.181993749358874,404.5888001881774
3370,45.14029260346723,404.625547124658
3371,45.06803344585617,404.6696935762559
3372,45.04501071517189,404.7087553900772
3373,45.10815408904173,404.7292281782833
3374,45.2256981493178,404.7223442213208
3375,45.33670975299744,404.68411423062804
3376,45.39000702073899,404.61595286636276
3377,45.352376554156095,404.52792205009746
3378,45.20834305311156,404.43911720191295
3379,44.97192115072781,404.3691219929807
3380,44.698292096392706,404.3288377723312
3381,44.468763870728516,404.3212416288863
3382,44.34982880068743,404.3442510219476
3383,44.35665041075747,404.3891286655921
3384,44.45280436020944,404.4396843295254
3385,44.58227633271546,404.476478288025
3386,44.70319780841756,404.48672864443137
3387,44.806307106960105,404.4725161102353
3388,44.907865644598274,404.4477738539164
3389,45.023433224804556,404.4269906280051
3390,45.148109041251985,404.4168489031277
3391,45.25476830732224,404.4179270232911
3392,45.31754186002977,404.4307754241434
3393,45.33593903170493,404.4571180398556
3394,45.312002850942264,404.4955029119056
3395,45.2273918035816,404.5366162180966
3396,45.08240339616901,404.56804937287757
3397,44.92102609589705,404.5863124314422
3398,44.779659907205804,404.5977586222882
3399,44.640896873849286,404.6071907425749
3400,44.46488695575226,404.6111175704802
3401,44.24837591831972,404.6015145388764
3402,44.02982509268557,404.5745145117129
3403,43.85819243820754,404.53633016780753
3404,43.776165990268595,404.49825768498346
3405,43.794645072026256,404.4670127188839
3406,43.87171929743874,404.44526651984086
3407,43.94694677661041,404.4365397604919
3408,43.98626972008691,404.44039352974664
3409,43.989400147049246,404.4471753218525
3410,43.981126350617274,404.44734434940654
3411,43.99004831046519,404.44248896733075
3412,44.01882100844808,404.44132961101474
3413,44.041989826329306,404.4501843752468
3414,44.03556414805348,404.46839393702743
3415,43.99639964542956,404.48764658420464
3416,43.935827388187164,404.4962860597357
3417,43.88150476880265,404.4873591605232
3418,43.87343680764842,404.462002100931
3419,43.921599873372834,404.4256711087285
3420,43.99184906009007,404.3849587967541
3421,44.055695471931585,404.3462628588396
3422,44.11818871461905,404.31018951232977
3423,44.18813358674722,404.2686251476769
3424,44.25279650838485,404.2150980339197
3425,44.29662557808163,404.1562131363375
3426,44.32916206978225,404.10811050400855
3427,44.37396328196819,404.085014119175
3428,44.44676017471263,404.09324291537513
3429,44.55985896655768,404.13103480937986
3430,44.72240695726415,404.1874219290538
3431,44.9244934074658,404.2432442305296
3432,45.12933129126921,404.28241661683177
3433,45.28867040939464,404.3020825408612
3434,45.37231232308062,404.30956936508926
3435,45.3865474368949,404.3146852525635
3436,45.36408079146425,404.32388582405036
3437,45.3243406041146,404.33940885615664
3438,45.25772358175011,404.36235588526193
3439,45.16220274718387,404.39002507388824
3440,45.05542468451257,404.412444042413
3441,44.9497239961926,404.41867649267977
3442,44.85979995884853,404.4064576523925
3443,44.82395322516438,404.38335343161583
3444,44.89393803663688,404.35869729010017
3445,45.10083167815417,404.33795327978993
3446,45.41900363417663,404.3241218312829
3447,45.76613045212696,404.3182320499667
3448,46.043560580208734,404.3197027312478
3449,46.17453108002866,404.3281696021852
3450,46.11784993631298,404.34123046699955
3451,45.87148837968377,404.3533651235519
3452,45.481476522951816,404.35991289440926
3453,45.03955242963394,404.3586681650622
3454,44.649021523805814,404.3509303171608
3455,44.38121007412376,404.34583592408177
3456,44.26076780689853,404.3564992914854
3457,44.27466207471683,404.3871209418587
3458,44.38424066700317,404.4289880811904
3459,44.54962806131272,404.4680819599155
3460,44.75289267316972,404.49126849052305
3461,44.988341483512826,404.4874708355147
3462,45.24183076574375,404.4519435361048
3463,45.48474849196561,404.3933622412302
3464,45.672375938318815,404.3301053985054
3465,45.75768807477676,404.27720097734795
3466,45.72481821324745,404.2423515429818
3467,45.602398294739345,404.23082395673583
3468,45.44217006345764,404.2448026901544
3469,45.288601757690884,404.2805510904084
3470,45.16219945154893,404.33117748636096
3471,45.06408459651824,404.3888759590645
3472,44.99623599388606,404.44492807329186
3473,44.97693184270901,404.49180349716835
3474,45.02390203128016,404.52454072527064
3475,45.1214015750712,404.54055205135126
3476,45.22034635615171,404.54084553249527
3477,45.27139739018025,404.53069286600805
3478,45.247717787238365,404.51722148842384
3479,45.14089657225826,404.50582204646304
3480,44.95204401658456,404.49935722676366
3481,44.704154827133436,404.50005510210536
3482,44.46443795351955,404.51019097248286
3483,44.318794141105606,404.5311832620007
3484,44.29661280349268,404.5618312475738
3485,44.34468244737112,404.5945762331663
3486,44.39162232438469,404.6139970127475
3487,44.4099316076109,404.60438292495985
3488,44.4060933824515,404.5623012367984
3489,44.385086357412845,404.5003097189351
3490,44.347974698327526,404.43611990890645
3491,44.31912248795618,404.3795188406764
3492,44.3487953459691,404.3315204931011
3493,44.46281493457203,404.2927395711463
3494,44.63298231731086,404.2685564028774
3495,44.810019188896796,404.26588523746824
3496,44.94500397070885,404.2853568240597
3497,44.989239343538905,404.3183050061635
3498,44.92316544737993,404.35379512368996
3499,44.77543031031207,404.38620451088923
3500,44.59857233848097,404.4125430085685
3501,44.44824925837683,404.42839781096217
3502,44.37665670841718,404.4330435347986
3503,44.40952060273984,404.43227156130905
3504,44.527372720480706,404.4317374469809
3505,44.67855328259511,404.4320035308288
3506,44.80906510447101,404.42836300672025
3507,44.89566545674397,404.41374729855124
3508,44.96109333864035,404.3865751568313
3509,45.05311033533862,404.3540727466907
3510,45.20568467829681,404.32567449815247
3511,45.407404676927605,404.3061430009796
3512,45.6027566531918,404.29398030406105
3513,45.7342466059713,404.2844233714534
3514,45.78289934997967,404.27402826862436
3515,45.76032435695288,404.2638361205095
3516,45.676765414256465,404.26130755513094
3517,45.541279471219546,404.27770280850524
3518,45.381658391861606,404.3180839258357
3519,45.24480773262158,404.3735301527913
3520,45.169629460708656,404.4266365876519
3521,45.154942844115524,404.4623508916971
3522,45.16753031526535,404.47235878034314
3523,45.18199266740968,404.45787106606207
3524,45.199049825798596,404.43109785913424
3525,45.23389640750776,404.40622908778437
3526,45.28867168295244,404.3873582049807
3527,45.31805444542784,404.36974942267636
3528,45.23610166399257,404.35123801899226
3529,44.98620782128165,404.33665363991474
3530,44.597914478503384,404.33115753860767
3531,44.16987034952617,404.3327189982905
3532,43.81123914394108,404.33281632627234
3533,43.598387783195506,404.32587764046656
3534,43.56290984856361,404.3170297057429
3535,43.699638701590075,404.3179704562788
3536,43.98091772266607,404.3357496316949
3537,44.35473420092581,404.36654512708907
3538,44.7412470911035,404.3992299907584
3539,45.06618329964466,404.4237889150308
3540,45.30386306765093,404.43622823469764
3541,45.478505114422376,404.4379943354495
3542,45.61886768805595,404.4342381697884
3543,45.7082937763397,404.4317856433434
3544,45.69776375145562,404.43520584908737
3545,45.56355686702871,404.44375940049747
3546,45.32351069884356,404.45185467585793
3547,45.023819976841146,404.45326583607414
3548,44.7333872638595,404.44671172019923
3549,44.520969809240725,404.4354523506392
3550,44.42447923294018,404.4226984773136
3551,44.44211438887489,404.41148815684494
3552,44.54302198002934,404.40465793334107
3553,44.68621546856661,404.40222771151923
3554,44.82734749423649,404.40361575977164
3555,44.91081122688721,404.4119942475037
3556,44.88088517872542,404.4323112343292
3557,44.71739288644007,404.4644773359883
3558,44.45621148206192,404.50165728517885
3559,44.17333023169728,404.5368490963189
3560,43.95329219028912,404.56589206549955
3561,43.86168712411369,404.5828509619416
3562,43.92737133079286,404.5802639179342
3563,44.139646165744296,404.5552793927987
3564,44.44715585828909,404.5123961792107
3565,44.760896143607596,404.46278936014437
3566,44.99075001429523,404.4192978136728
3567,45.09800520940847,404.3878902016644
3568,45.107464605745115,404.36731331976
3569,45.066482137226934,404.35629603183116
3570,45.00461789087845,404.35410871755346
3571,44.93812098952449,404.35526809324006
3572,44.88521121774291,404.35083733253526
3573,44.8532178413553,404.3364327069291
3574,44.83373180432902,404.3155710293531
3575,44.83223471422152,404.29448241114716
3576,44.8805170773234,404.27627736668757
3577,45.00842655632057,404.26158441158503
3578,45.21830295278356,404.2529696515277
3579,45.47226826696868,404.2558528722472
3580,45.69199192682091,404.2752002305693
3581,45.79811483816268,404.3142980119155
3582,45.756190803272155,404.37552645508794
3583,45.57378857377003,404.4560215433398
3584,45.28097569414213,404.54426486179597
3585,44.9322538971093,404.6248606171788
3586,44.59997381691796,404.68172023431663
3587,44.3565085181436,404.69889294849185
3588,44.271743994495054,404.6693425357892
3589,44.390557631088896,404.60394872836724
3590,44.67929570040769,404.52541457344444
3591,45.02477134327097,404.45513614752724
3592,45.30484651460282,404.408976664997
3593,45.45254309761576,404.39506901729135
3594,45.46946135200895,404.4069214376264
3595,45.38914181719767,404.42511115499764
3596,45.23160438521809,404.4319833426514
3597,45.00609734219437,404.4241846657039
3598,44.74851018316722,404.4117007610909
3599,44.52866576790064,404.4075402501955
3600,44.41133665640577,404.4181627023923
3601,44.4258634783037,404.4409590842713
3602,44.57186266642401,404.4691698225573
3603,44.81729648146834,404.4955655846424
3604,45.08559985232775,404.5106850413518
3605,45.294411048118555,404.5055484950834
3606,45.423948891504665,404.4780988169829
3607,45.518563995192764,404.433920078841
3608,45.63169413768501,404.38524042797303
3609,45.788963015859956,404.35029928719376
3610,45.9752756545826,404.3456792362635
3611,46.13594181100152,404.3760037395418
3612,46.20665683032713,404.4310027717822
3613,46.159287517631974,404.4882469575159
3614,46.00822877282553,404.522291532544
3615,45.76785285839251,404.520929466949
3616,45.44050411727782,404.49275980534964
3617,45.05727716115416,404.4560254031234
3618,44.693577946261925,404.4250889042721
3619,44.43211960088698,404.4093340897679
3620,44.31817263907827,404.415771098809
3621,44.33912103883313,404.446353459531
3622,44.44369153463835,404.4942054462108
3623,44.58661560043456,404.54701565724156
3624,44.73902267822717,404.5943050376426
3625,44.86354504405781,404.6256891497115
3626,44.922821373493456,404.626764086098
3627,44.910099108600626,404.58584691017126
3628,44.843132280635594,404.50466245042423
3629,44.742641029146846,404.40178458572257
3630,44.63192622519392,404.30574038687257
3631,44.5432925259492,404.2423250628359
3632,44.50353821076134,404.2243551486503
3633,44.5066699455867,404.24957189088025
3634,44.523792588242145,404.306172381373
3635,44.542783188892194,404.3787332347
3636,44.57323363273924,404.45211460594294
3637,44.62317017812777,404.51612608335233
3638,44.70211508711472,404.56801008330865
3639,44.835995874729285,404.6097350019176
3640,45.037300779241995,404.64359445875493
3641,45.267754710631706,404.66753025974344
3642,45.47034832677836,404.6726065641899
3643,45.61965314353307,404.6522576891065
3644,45.714981451595726,404.6136121012177
3645,45.75555105155466,404.5709950012529
3646,45.74782586689862,404.5338391307066
3647,45.71900179787992,404.5051697769768
3648,45.69385434831548,404.48443826986653
3649,45.66722274056753,404.4699187470052
3650,45.623778670903896,404.4590957231959
3651,45.56219896778663,404.44802524857573
3652,45.48512242665608,404.433922617393
3653,45.3907635442683,404.41879649001106
3654,45.27134380191053,404.410347876246
3655,45.1102300303886,404.41759478709383
3656,44.89353006045905,404.4420191850894
3657,44.62711141558927,404.47256676883967
3658,44.352041287655425,404.4917027402667
3659,44.14166507977396,404.4880430809244
3660,44.05518928468538,404.46294735277337
3661,44.09783104938524,404.42669443966156
3662,44.23560512655731,404.39038454866466
3663,44.42313440506283,404.3608795912501
3664,44.61566484395152,404.34214220719946
3665,44.78688961588379,404.3361571998618
3666,44.94343866689009,404.33736479801905
3667,45.10609079510067,404.3324609829588
3668,45.27681429107834,404.3139010496413
3669,45.43257019534047,404.2901118594229
3670,45.54114443025121,404.2797583253315
3671,45.568584018992716,404.2983060832861
3672,45.47960259248156,404.3467648843339
3673,45.25740278287988,404.4093926516866
3674,44.93589201965398,404.4601702285784
3675,44.600496502635984,404.47408713005365
3676,44.34406630258747,404.4420082032925
3677,44.22016701353686,404.3781177822623
3678,44.23553514579006,404.31058399625715
3679,44.36996736351936,404.26533462074985
3680,44.58709374366867,404.25661021595823
3681,44.831595779310604,404.2862190613467
3682,45.04260696351846,404.3467972224249
3683,45.180263374441566,404.4254800048746
3684,45.22088591856905,404.50592114891884
3685,45.14343970010822,404.5714292101418
3686,44.96195185409614,404.6093163657401
3687,44.75905865719294,404.611679409989
3688,44.65015273654518,404.5781306438353
3689,44.70179983676323,404.5205670807842
3690,44.89142669269509,404.45746471048216
3691,45.14922831247305,404.40341050836815
3692,45.4163603697351,404.36765724501316
3693,45.64777766190736,404.3558422922965
3694,45.797955074146934,404.36842156646384
3695,45.837515163574594,404.3988805743353
3696,45.765611182188415,404.43256346679425
3697,45.605424211284586,404.4513134310964
3698,45.404289944048074,404.44621348080244
3699,45.221039813109265,404.4268343828788
3700,45.09221567006025,404.4164843144721
3701,45.00329679324602,404.4358000458658
3702,44.89888925609188,404.4874686800217
3703,44.735652943730045,404.5539499674451
3704,44.52238981329232,404.6098952111354
3705,44.30380698300511,404.6387564366017
3706,44.12003662983206,404.6390985332515
3707,43.99768478960624,404.61810064910713
3708,43.967840873114646,404.5828746189304
3709,44.05961088601611,404.5400394012651
3710,44.26901862644889,404.49959487302726
3711,44.554223834450816,404.4708034795604
3712,44.86486962621548,404.45479196573206
3713,45.168172146733056,404.44700666258825
3714,45.446609358822805,404.44176703251077
3715,45.668899563290694,404.43216778059104
3716,45.77312477761682,404.4162328238571
3717,45.6986345171539,404.4035521529023
3718,45.43755237620805,404.40867659812614
3719,45.05191446183384,404.43849625869547
3720,44.64816293823442,404.48621087996975
3721,44.338507519058375,404.53634419092833
3722,44.20110046797116,404.5742348306182
3723,44.24761948205458,404.59134440465095
3724,44.428293717978,404.5877852382317
3725,44.66623701559493,404.5714651687173
3726,44.89649724369799,404.5529278757408
3727,45.097661335841835,404.5415530368959
3728,45.28644535033772,404.54196386055315
3729,45.481860789933876,404.55084416267607
3730,45.68925079015988,404.5604112031326
3731,45.9100053179061,404.5637668363631
3732,46.13356513815737,404.5564083237537
3733,46.319846672201706,404.5380404808523
3734,46.41591752568609,404.51508296413374
3735,46.38361413935391,404.4981098496982
3736,46.20570054971683,404.49416024557695
3737,45.8975587624903,404.50264100982776
3738,45.522373384659005,404.517963103814
3739,45.160525951181256,404.533490225695
3740,44.856119921015356,404.5457278891594
3741,44.606775915657494,404.554974091455
3742,44.39258031178656,404.5586671286535
3743,44.21147659742489,404.54885829215505
3744,44.093395660555366,404.52048423990163
3745,44.07209013433028,404.4797589842923
3746,44.144690237819646,404.44326265884587
3747,44.26539483485645,404.42805680161285
3748,44.381930710559516,404.4401185355548
3749,44.47487082257376,404.47044425858957
3750,44.554855737118004,404.5001593584504
3751,44.641010163264525,404.5097188484349
3752,44.74782655637985,404.4900594757813
3753,44.86013422728444,404.4471360415178
3754,44.9277369956464,404.3945344293841
3755,44.92097238510832,404.3470702381938
3756,44.877553505816685,404.31761254514083
3757,44.87255189328481,404.3107724175819
3758,44.952834622411736,404.3217871107132
3759,45.09763331914477,404.34253336797514
3760,45.23946807753066,404.366435900825
3761,45.337134887334564,404.38907494917413
3762,45.411402874681,404.4069475884776
3763,45.49417454105001,404.4196008248444
3764,45.57613694286058,404.43151907197574
3765,45.625322308612546,404.4471056177719
3766,45.62586722453299,404.4657122026971
3767,45.56970730456922,404.4840564281493
3768,45.43771603193298,404.5002287700763
3769,45.22213141154219,404.51342129683303
3770,44.95334682796652,404.52157426153093
3771,44.69297268464262,404.5227325921949
3772,44.50760098234336,404.52135040386406
3773,44.445382882849984,404.52815634433966
3774,44.52702977376058,404.54888158922336
3775,44.73946603418581,404.5775307878526
3776,45.02320953339313,404.6015582012328
3777,45.28665179420504,404.6100271496283
3778,45.45359946903444,404.6004499856019
3779,45.49655345317827,404.5812162423248
3780,45.43735305658813,404.56463746917177
3781,45.318486388959826,404.557181139106
3782,45.167271414740725,404.55629241423884
3783,45.00348910549813,404.55322517453453
3784,44.870223053367475,404.53840672173305
3785,44.81766101188497,404.5057254431605
3786,44.850525958556766,404.4561171186108
3787,44.91827068760423,404.40150247042214
3788,44.96849299086342,404.36146741156887
3789,44.991590888091864,404.35154301242505
3790,45.00044787085233,404.37363572460293
3791,44.98877227333416,404.4160098893391
3792,44.93623769919532,404.46188196279786
3793,44.841097675884626,404.4987407132982
3794,44.73207389035688,404.5212995478853
3795,44.65195723254677,404.52999223435387
3796,44.62321158698317,404.5283907258295
3797,44.63474490332519,404.5180206768917
3798,44.6698030552251,404.49612035539496
3799,44.72632486441564,404.46242707043314
3800,44.802264252762946,404.42322817136665
3801,44.88003929530593,404.3854375951277
3802,44.93626232757078,404.3538824195391
3803,44.962978664579154,404.33606540615114
3804,44.968083817146535,404.34051719633044
3805,44.96025581711868,404.36757164179414
3806,44.95614547843934,404.4090591555093
3807,44.99406700686188,404.4562094451811
3808,45.12028539753588,404.50184750177937
3809,45.361213927621584,404.5379250862606
3810,45.70161895723791,404.553956888298
3811,46.086514508200295,404.53963337595377
3812,46.4387281066546,404.49343105151576
3813,46.66996759086838,404.4276932909829
3814,46.716443783870645,404.3632022956468
3815,46.58534886813509,404.3212544117562
3816,46.339753360933045,404.3162381321444
3817,46.05277030239085,404.34769775510927
3818,45.799282705459404,404.40294884399674
3819,45.648458361564764,404.46927298879075
3820,45.61725941186964,404.53726924486557
3821,45.647440607658254,404.59651117388637
3822,45.660951675245244,404.637145864829
3823,45.63009275209982,404.6541771367993
3824,45.58146787664895,404.64966069213887
3825,45.55527663058064,404.6319754823952
3826,45.567536680902705,404.6076679355359
3827,45.60059881087017,404.57771398294415
3828,45.63751477114382,404.54637101105965
3829,45.679058175847786,404.5221376322984
3830,45.70852826396098,404.5063247374433
3831,45.685709731729354,404.492194419796
3832,45.580973083202835,404.4778140660409
3833,45.388115973798676,404.47176603233135
3834,45.13356569620216,404.48435421795176
3835,44.8833044822835,404.51718159127125
3836,44.70222538798458,404.5619930434742
3837,44.60570394933167,404.60771715951614
3838,44.571758622880076,404.64565839384863
3839,44.59215544003945,404.6674983993556
3840,44.682316245818605,404.6646459040804
3841,44.837874378106385,404.6353262036526
3842,45.01264978709851,404.58994131779843
3843,45.138503382739,404.54545023213916
3844,45.165528522778786,404.51577228735573
3845,45.10382980989726,404.5066426904265
3846,45.008833382762504,404.5139588335313
3847,44.92859177631609,404.5261043013451
3848,44.892397877179086,404.5304371108169
3849,44.9195254976286,404.5188585359794
3850,45.00929750769864,404.4906899013042
3851,45.14456108697118,404.4520515899025
3852,45.30486131458359,404.410488857469
3853,45.448657756127304,404.3732502015023
3854,45.50848424271289,404.35008586325415
3855,45.44173035068574,404.34922934870355
3856,45.26081143512794,404.3728534413987
3857,45.00622147889246,404.41937649321477
3858,44.727693326816286,404.48419135505907
3859,44.48667239546539,404.5592879871021
3860,44.34549469715872,404.63602625450665
3861,44.341631203104704,404.7078635445689
3862,44.46974246729081,404.76918393885984
3863,44.689110314596306,404.811494526295
3864,44.94369674846589,404.82571390173825
3865,45.17991379763791,404.81018330225527
3866,45.355450952712964,404.77174253829537
3867,45.43143618115369,404.71948314552384
3868,45.375717994651566,404.6635988824715
3869,45.18923852394887,404.61779652695066
3870,44.91304230997024,404.59211630118324
3871,44.600971540100225,404.58137238132616
3872,44.29249687854173,404.56872440216995
3873,44.014381839903294,404.5453560788999
3874,43.799870904797615,404.5227827814753
3875,43.69715458664502,404.5212664346869
3876,43.74434145700335,404.5489361621547
3877,43.91648609469993,404.59611441545184
3878,44.12089297518342,404.64580505936686
3879,44.27640996844005,404.68429619087834
3880,44.374365065957164,404.7053513349182
3881,44.45196377292789,404.7104568296517
3882,44.54194976323665,404.70519987159275
3883,44.65516168909077,404.693721131094
3884,44.78655209198538,404.6759493947441
3885,44.92977500138996,404.6490898937916
3886,45.08604176664747,404.61242816996185
3887,45.25428697353087,404.57121859974353
3888,45.41800504492211,404.5349948545764
3889,45.54732332003131,404.51235407433217
3890,45.608581397638524,404.50656412259616
3891,45.57980697550079,404.51564551514286
3892,45.47386758901984,404.53587072454366
3893,45.33570531401898,404.56154349063974
3894,45.20777260894508,404.58343033519765
3895,45.10881731051434,404.59358043933923
3896,45.035492628670035,404.5905293653254
3897,44.971603735905234,404.5779331321708
3898,44.90304279299086,404.5615728816402
3899,44.82972372385984,404.5475343757913
3900,44.76722565494185,404.5410678099096
3901,44.73910660699143,404.5460945148326
3902,44.76910505492617,404.562751650938
3903,44.881475426590434,404.5839674211984
3904,45.08285490786362,404.59520789730664
3905,45.32315612347873,404.581307731175
3906,45.50779119232097,404.53815543351516
3907,45.5678755231158,404.4773846988277
3908,45.49007417903609,404.4196568795276
3909,45.28822478815371,404.38514197867886
3910,44.9986003579662,404.3873187762338
3911,44.70054599118408,404.4276842478787
3912,44.495911518278156,404.49164075137486
3913,44.458535973387555,404.554946619552
3914,44.60970965025014,404.60003842227593
3915,44.921686972240884,404.6250155001519
3916,45.32782989812501,404.63757454687334
3917,45.73890328946352,404.64405854145025
3918,46.05381518871269,404.64510006885155
3919,46.1738864647661,404.6368133549488
3920,46.05515076448024,404.61349430396604
3921,45.754570885414154,404.5750090645907
3922,45.39937703741979,404.53071374120606
3923,45.10601829524584,404.49176215648043
3924,44.91890442035301,404.4651988557122
3925,44.80098428105806,404.4563148974012
3926,44.68548879919202,404.4698799979991
3927,44.5527506727873,404.5076035186234
3928,44.44675927847751,404.5636990258759
3929,44.4285358943153,404.62288367791075
3930,44.53774107520527,404.6679468007673
3931,44.77268207363242,404.6899478828583
3932,45.080434531854145,404.6889738099238
3933,45.376571366673865,404.66905762087873
3934,45.5861055471662,404.63621043347507
3935,45.67014425227983,404.59948654759694
3936,45.622518399497956,404.56875666116633
3937,45.45966870933618,404.54821390385524
3938,45.21621456041421,404.5336063503138
3939,44.933025065610565,404.5188846302437
3940,44.64701685744144,404.50411858078144
3941,44.38731799524189,404.49334879982973
3942,44.16784079760058,404.4888152204556
3943,44.001228784364855,404.4898507543261
3944,43.92995281538496,404.49105403727526
3945,44.01001404164787,404.48303900231065
3946,44.25056959828202,404.461099773738
3947,44.59165408349604,404.4303298399067
3948,44.94565259063434,404.4008654038625
3949,45.245880821345835,404.38119922746813
3950,45.46794738538731,404.37549370323774
3951,45.62964406225353,404.3850101271734
3952,45.76263682040954,404.4105912581662
3953,45.887009503073024,404.452418050745
3954,46.01698906076462,404.5045040765115
3955,46.15067385154696,404.54959301346383
3956,46.25112537935137,404.5668002730465
3957,46.27893053038012,404.54630627316897
3958,46.240127684623765,404.49375193209517
3959,46.17083458032829,404.4246227983803
3960,46.07881937936013,404.35792268692865
3961,45.93574542231789,404.3117581602405
3962,45.72989587320067,404.2980204058599
3963,45.49942319575632,404.31569491175264
3964,45.31536553076491,404.35110780495893
3965,45.23126597502266,404.38745103168725
3966,45.22807111180047,404.41430012326583
3967,45.22766945222589,404.4315941654435
3968,45.180719371361064,404.44649212523905
3969,45.11495348360471,404.4656888524793
3970,45.0897073770805,404.49243709502286
3971,45.12370777352216,404.5289911950493
3972,45.182469924497425,404.57505577482937
3973,45.22982629682063,404.62328157581436
3974,45.263850650987365,404.66361339417114
3975,45.29758572336661,404.69417562155206
3976,45.32561177115173,404.71991882096756
3977,45.31560514523237,404.7402214851065
3978,45.23268804687748,404.74822722151055
3979,45.07596662144315,404.7407181609193
3980,44.88144049567275,404.7203124361978
3981,44.70057416793749,404.69066132582077
3982,44.602729174275765,404.65518210668563
3983,44.66479750888441,404.62117501110424
3984,44.91227855703422,404.6001968662032
3985,45.28070176715803,404.5999456115369
3986,45.651814021089876,404.61913963042406
3987,45.92962648295163,404.6493904900293
3988,46.08352834290358,404.6769918656197
3989,46.125298456714496,404.68919687576374
3990,46.06870046743613,404.6842052382856
3991,45.92406008131502,404.6713569724882
3992,45.71032667430312,404.6608260778884
3993,45.454906005300614,404.655492952435
3994,45.18539880325427,404.6525979853077
3995,44.9302456763665,404.64807923436706
3996,44.73590755064453,404.6380243428186
3997,44.66170439013461,404.62205008382966
3998,44.731226641582936,404.6052908576723
3999,44.90290375345309,404.5939974322102
4000,45.09183548562815,404.5908519729611
4001,45.223147939777675,404.59543702463577
4002,45.286966592382015,404.608415433354
4003,45.33341557145611,404.63384031551664
4004,45.40346842158834,404.6751893383475
4005,45.483064031595916,404.7276136419159
4006,45.53849948974122,404.7745479968565
4007,45.577475656688506,404.7961832646772
4008,45.64151101928866,404.7836861225068
4009,45.74863062612281,404.7431383745631
4010,45.87996790949089,404.6897703678496
4011,46.00764442262471,404.6420220688698
4012,46.10207820946415,404.61465910328775
4013,46.128223018319005,404.61396052510287
4014,46.06390050384154,404.63822469860895
4015,45.934039885611675,404.67849138524593
4016,45.820496775364745,404.7205353337428
4017,45.80650711257889,404.75200299595656
4018,45.90714621329657,404.77052196443725
4019,46.06989446714017,404.7831523623168
4020,46.21611676995783,404.7957147653688
4021,46.26765931191736,404.80610526892355
4022,46.17485960238132,404.80905496619533
4023,45.949718375802526,404.8033270980591
4024,45.66612859220236,404.7947712677908
4025,45.414632700210994,404.79390704950407
4026,45.251081783335934,404.80762214736313
4027,45.17445792365187,404.8320124208158
4028,45.139024723603015,404.8543849736639
4029,45.100480019982896,404.8619546742227
4030,45.04207036667813,404.8497404203329
4031,44.951952725146455,404.8223518755704
4032,44.831117150088744,404.78786759450134
4033,44.725729019156255,404.75053525014744
4034,44.69500165973495,404.71212616363283
4035,44.74872147958848,404.67659736588854
4036,44.835664544070255,404.6478885749827
4037,44.88891592830754,404.6261343761114
4038,44.886039966376295,404.6087112458885
4039,44.86631952292707,404.59356789909214
4040,44.8914941058438,404.5799725507768
4041,44.99545707626544,404.5658888584278
4042,45.16486774018824,404.5476331300337
4043,45.356002675306584,404.52317647961644
4044,45.5260802495919,404.4961398173826
4045,45.65623947849651,404.4759740645043
4046,45.75459093322011,404.46852918592424
4047,45.84186037829341,404.46856194680606
4048,45.933829148232725,404.46833332990633
4049,46.02850994555206,404.4668550042652
4050,46.09995338204691,404.46732226244734
4051,46.11217743492815,404.47487945711543
4052,46.051041746985646,404.4966147221839
4053,45.93293578094362,404.53751471997947
4054,45.77517003065197,404.5954768322386
4055,45.580004871443094,404.6597538639756
4056,45.36226296692981,404.71592010763015
4057,45.16414036626679,404.7539903268489
4058,45.021810524335564,404.7733472395326
4059,44.9361458541824,404.7835515585604
4060,44.88644831115889,404.7990573930366
4061,44.86670372971111,404.82741431342134
4062,44.89283275674297,404.8616383582928
4063,44.95100695393394,404.8869161880612
4064,44.9716731300966,404.89308068026463
4065,44.906129110398574,404.87963424927614
4066,44.79724375334322,404.85424699886494
4067,44.745125023167674,404.8274949710628
4068,44.834062068940156,404.80371765576433
4069,45.08479020714785,404.77863885983277
4070,45.43534215310892,404.7497357117052
4071,45.76565345235208,404.72185916896416
4072,45.97248311071301,404.69911801873013
4073,46.03906908554793,404.68181089233104
4074,46.02607820618386,404.6734950157102
4075,45.99929438626945,404.6783825946955
4076,45.972960840805655,404.69296614540207
4077,45.91986584735952,404.7100825465445
4078,45.824167149948735,404.7249919290341
4079,45.700161689594395,404.73571916050753
4080,45.57075517436883,404.74536776621534
4081,45.46275768824249,404.7596084222171
4082,45.41040647778295,404.77696970036743
4083,45.43482159921092,404.7862886513009
4084,45.53121545888823,404.7750855551449
4085,45.681929064438734,404.7387273640512
4086,45.85783420502692,404.68318945674514
4087,46.002478050513346,404.6219240196611
4088,46.04470812710114,404.5695710130749
4089,45.95338230397731,404.53292365265736
4090,45.771399282074924,404.5063809736354
4091,45.57588225921305,404.4821835801895
4092,45.41140052236886,404.4618948319125
4093,45.274497202495624,404.451508813143
4094,45.149913750650214,404.45231131164354
4095,45.04362433383997,404.46046543614915
4096,44.9794279996157,404.4711345473345
4097,44.97053021015379,404.48090358401174
4098,45.00297088884204,404.48669959949564
4099,45.0447411294574,404.4885209070071
4100,45.064512378185164,404.49541563762574
4101,45.04976063583574,404.5202599731993
4102,45.01155907808999,404.56609995794383
4103,44.97875290974354,404.62192658178685
4104,44.98962613041652,404.6712892403599
4105,45.064634346670225,404.7027589997151
4106,45.189994344377176,404.71223205791154
4107,45.33570728970308,404.69961596520494
4108,45.459754294770384,404.66836356281624
4109,45.51096238726106,404.6248478451078
4110,45.474075221873036,404.5750543328664
4111,45.390897295558965,404.5252716728897
4112,45.3174669201574,404.4835108112263
4113,45.2865923529009,404.4547414494352
4114,45.29408368531372,404.4362814501501
4115,45.296704284489635,404.4218562195491
4116,45.23914148948926,404.41080375359167
4117,45.086621315079256,404.41179933946484
4118,44.843448888058866,404.44020080820076
4119,44.557663578720344,404.5111106703834
4120,44.30667379771372,404.62577518728295
4121,44.17251410971542,404.7628530022501
4122,44.20425350500777,404.88632307524966
4123,44.39130633554286,404.96427678198785
4124,44.68477132741194,404.9856389946316
4125,45.02404639282406,404.9604636123155
4126,45.34270114810956,404.9076075967503
4127,45.59329856063638,404.8455458942489
4128,45.77349273582612,404.7863055724495
4129,45.90541983156208,404.7326849115764
4130,45.98961643745591,404.68256734717625
4131,45.9986859981868,404.63361667837097
4132,45.915215031811286,404.5865510726684
4133,45.752748204996536,404.54818908199064
4134,45.54298016650711,404.5296220636833
4135,45.317120839749144,404.54102124889766
4136,45.09003334622941,404.58570376736355
4137,44.85335759140745,404.65470482113795
4138,44.5944321359958,404.7298216630507
4139,44.32758609545714,404.7938748986239
4140,44.09747845971557,404.83429612714076
4141,43.96223757341942,404.84157692352613
4142,43.99154826104937,404.8128038088378
4143,44.24729138141352,404.75648114996005
4144,44.72172759495974,404.6918043147885
4145,45.30531296240631,404.63842355251586
4146,45.835109847937225,404.60220055779985
4147,46.17592369933096,404.57482573199235
4148,46.27927763050816,404.5487597928651
4149,46.20015299687945,404.5256085952958
4150,46.0518347552158,404.50805841654307
4151,45.92074507549324,404.4932871833608
4152,45.82202976089196,404.4793723603418
4153,45.72778380896912,404.47200041203695
4154,45.61398090322757,404.4831086244028
4155,45.466750202671754,404.524905959327
4156,45.259765341527945,404.5999984616702
4157,44.97568608010595,404.6935882853679
4158,44.66040802872366,404.77956690856917
4159,44.41336834522264,404.83728580712034
4160,44.319067136812244,404.8615128519552
4161,44.40105202634841,404.85627685328484
4162,44.60923355694722,404.8256931347213
4163,44.834141578347094,404.7768474275362
4164,44.97509165218855,404.72323789871206
4165,45.01682377863834,404.67715683913457
4166,45.01961710200523,404.64227820546
4167,45.034033717278085,404.6155639977971
4168,45.05366268745368,404.5944789964258
4169,45.04990629709483,404.57917592438366
4170,45.007774669791644,404.56845077614423
4171,44.923629001044446,404.56209097870504
4172,44.815945682033,404.564871985507
4173,44.73804850898812,404.5776417083878
4174,44.74061641024411,404.59067852391763
4175,44.82508237083297,404.59426860311356
4176,44.95508713632933,404.5880613826806
4177,45.096271732136266,404.5762109623096
4178,45.219645376742406,404.5608958881248
4179,45.29654176554278,404.5425941634942
4180,45.3249626032531,404.52051373337076
4181,45.32770079997366,404.4918390837206
4182,45.320012609479775,404.4554497581955
4183,45.31562938583982,404.4153170168901
4184,45.328377594803314,404.37852144746756
4185,45.33905426568623,404.3534693117843
4186,45.3067795611909,404.347983081391
4187,45.222679079023244,404.3644587297398
4188,45.11881634550074,404.39818218714385
4189,45.02507058814093,404.4398938373469
4190,44.94177635463377,404.4804622495008
4191,44.859900465838344,404.51717914186656
4192,44.78791286363998,404.5520779428112
4193,44.7423958108502,404.5851767687896
4194,44.728337540009164,404.61668678702614
4195,44.73928081823686,404.6482571447541
4196,44.758890950361206,404.6763501611838
4197,44.77383567617858,404.6926789461664
4198,44.79552329975262,404.69231155417003
4199,44.8405553837499,404.678118642155
4200,44.898034594293975,404.6609683853082
4201,44.93981344195597,404.6554097208252
4202,44.947008154719974,404.6679758033368
4203,44.91764275871738,404.690706254911
4204,44.85302798598476,404.7120004001517
4205,44.75079284116259,404.7273955180551
4206,44.63204760261938,404.735858981241
4207,44.550367006379474,404.7356723410438
4208,44.54093569467506,404.7256606675393
4209,44.58210809791602,404.7038071927674
4210,44.623248953255086,404.6691127922452
4211,44.63054384940058,404.6302015680693
4212,44.600173403578346,404.60470879049967
4213,44.54831471829062,404.60499701641817
4214,44.51180609203965,404.62806111173967
4215,44.54188401141394,404.65970831578727
4216,44.665818098167065,404.68635793553244
4217,44.87686841248827,404.7021301901994
4218,45.15420588534986,404.7075608799795
4219,45.44182933559605,404.7073733827459
4220,45.64349154898711,404.7067652071954
4221,45.68697954732714,404.70496290208894
4222,45.57398437172681,404.6953930232671
4223,45.36765410685191,404.6739507159873
4224,45.153421332780674,404.64562843615886
4225,45.003741295304195,404.6197963954207
4226,44.95642689345787,404.59863628573714
4227,45.012463271977055,404.5763451601817
4228,45.14893773717719,404.5480810818005
4229,45.32552176327915,404.5129226585816
4230,45.48831692249769,404.4735251418381
4231,45.58787794800175,404.43817549660105
4232,45.60042105034674,404.4171873422359
4233,45.54562586581174,404.4148036953566
4234,45.475024849129284,404.42763727114254
4235,45.42234374253847,404.4494140248683
4236,45.38538927513148,404.4739816084797
4237,45.34875344267385,404.4964708307228
4238,45.291837250293455,404.51464216775304
4239,45.19207795164851,404.5287876619009
4240,45.038900358000646,404.54291179965617
4241,44.837991216568454,404.5650148076322
4242,44.603088527342486,404.6000882312816
4243,44.35131488325714,404.64329208972885
4244,44.117003353487526,404.68510553300763
4245,43.961486240219045,404.7208981389766
4246,43.93687724713004,404.7492736852637
4247,44.04262125287097,404.76453751162654
4248,44.24412224908148,404.7571450500881
4249,44.51370912903509,404.72154821793674
4250,44.82884629969166,404.66090115439124
4251,45.15106361794615,404.58340065440365
4252,45.42448031676556,404.4998758265547
4253,45.602214319126155,404.4250605038442
4254,45.67985947652787,404.37318750353387
4255,45.69286616296737,404.3525925452511
4256,45.6738343534727,404.3643853905984
4257,45.623119812502516,404.4016542787841
4258,45.53091834946199,404.4511851925599
4259,45.40451074818372,404.49748910767534
4260,45.255136604070124,404.5265440017027
4261,45.079386929522514,404.52964020932296
4262,44.87760806840517,404.50773867413767
4263,44.6853668244495,404.4745524469878
4264,44.55846062874197,404.4499500638153
4265,44.53093892161857,404.44389652219013
4266,44.600778843433275,404.4511671933194
4267,44.74113597854152,404.46140544091105
4268,44.91821657983191,404.4658837800012
4269,45.0961315557629,404.4600641973988
4270,45.239189208049794,404.44836351753935
4271,45.33420130350392,404.4420648269888
4272,45.397803338093084,404.449413117842
4273,45.436946271203425,404.4687798330896
4274,45.42740704472759,404.4909557862095
4275,45.366933240531,404.50847249669255
4276,45.30978932965861,404.52079693255695
4277,45.31374389751589,404.5304880481766
4278,45.39153491044001,404.5391380934073
4279,45.52073856207473,404.54640033170256
4280,45.66404891010703,404.5517381620865
4281,45.77757953775293,404.55851533939983
4282,45.81736599105403,404.57051161427046
4283,45.7540075466914,404.58092307243106
4284,45.59174016633919,404.57404419416264
4285,45.36723855687068,404.5431913054687
4286,45.13276710882536,404.499441795866
4287,44.94994895140871,404.46038049593955
4288,44.8758045657172,404.4386276245154
4289,44.927989574803846,404.4409844963681
4290,45.07223564628375,404.46740125159204
4291,45.246826541925614,404.50782489614335
4292,45.39338094204401,404.54572443197384
4293,45.47670451776824,404.56916563950614
4294,45.478053360390426,404.5800032726242
4295,45.3762401567264,404.59092693987697
4296,45.16750625017556,404.61400617192294
4297,44.897543615888495,404.6511549723685
4298,44.63552899468185,404.69269009003233
4299,44.42562730642096,404.72482923123425
4300,44.27878562006964,404.7374982125316
4301,44.19156939938039,404.7268254115925
4302,44.172789732613914,404.6947717767069
4303,44.25305253670213,404.64673323898984
4304,44.44929507515424,404.589317340689
4305,44.72367296029654,404.53204634570267
4306,44.99796643747847,404.4889278115108
4307,45.209454471197574,404.4713663384504
4308,45.33913251508941,404.4785770616262
4309,45.393242203942265,404.50013147564056
4310,45.381699635149836,404.5254876917426
4311,45.320735899393796,404.54728704893955
4312,45.23613720000345,404.5612778819738
4313,45.14767312322715,404.56682225313153
4314,45.064682747506964,404.56462099209256
4315,45.00792469816236,404.5541183240644
4316,45.019559311158,404.5356718953493
4317,45.12631494310526,404.5144788219497
4318,45.284853771446585,404.49881132999394
4319,45.39011735018976,404.493509106291
4320,45.358520200202406,404.4970335786628
4321,45.18959282871428,404.50365119198096
4322,44.948116603623404,404.5065009935707
4323,44.719106449660444,404.5004793972725
4324,44.576717242106334,404.48468755119023
4325,44.55048049756166,404.4626289891885
4326,44.6083625691952,404.4387957169141
4327,44.689469232120665,404.4146682109292
4328,44.757255321604326,404.3908280771022
4329,44.81773966264783,404.36990888726365
4330,44.88571624649681,404.3522488134651
4331,44.95161114153072,404.3354965778432
4332,44.99626530885932,404.32343971295455
4333,45.01608565359722,404.3274505810135
4334,45.01600435871393,404.35416074661686
4335,44.987466996411946,404.3980960627654
4336,44.90766489085318,404.44970009826983
4337,44.76706547631639,404.50010123984475
4338,44.58453885598859,404.5387899778688
4339,44.38924693792073,404.56121473066736
4340,44.204810197251426,404.5746981989866
4341,44.05848885237244,404.58881722957966
4342,43.99404008245286,404.6060925305626
4343,44.05038827597226,404.62092731554196
4344,44.21704381494953,404.6230800897525
4345,44.432541171764875,404.6051124938593
4346,44.639856703340435,404.5670111141741
4347,44.8216356885882,404.51517797856064
4348,44.97121513278017,404.4597920876795
4349,45.06680477453462,404.4112610809799
4350,45.09689734479346,404.3768702499721
4351,45.08164247039612,404.35967160905176
4352,45.04655143183759,404.36141640994845
4353,44.98939900715598,404.3853317672161
4354,44.89136534814264,404.4316629667689
4355,44.763898286890345,404.49302113513755
4356,44.6697676449256,404.55687930599254
4357,44.668680553887995,404.60793083589095
4358,44.74649883531216,404.6307532341989
4359,44.83320369252021,404.6184042917796
4360,44.87441100699876,404.57607313204556
4361,44.85283825131179,404.5140609516861
4362,44.770081282919875,404.4423929084789
4363,44.63375028437937,404.3720493615369
4364,44.46072432720453,404.3151683607935
4365,44.29887834531865,404.28184086015665
4366,44.21879678547425,404.27896315701366
4367,44.2552538417444,404.30870885841
4368,44.371578551327936,404.3635912228416
4369,44.49554266891914,404.4269744066355
4370,44.57947338512109,404.48037645477297
4371,44.614108591158775,404.51085355128623
4372,44.61253450368919,404.5155975094876
4373,44.61518276989618,404.49890580223905
4374,44.68192789380179,404.4652190999955
4375,44.841996583530076,404.4187527809876
4376,45.06606628074181,404.3653157434536
4377,45.29774382738712,404.31007470910436
4378,45.48831834322809,404.2565613606712
4379,45.606493153463155,404.2086441328575
4380,45.647917843217726,404.1720076292398
4381,45.63018142327941,404.1538430276636
4382,45.572480368786124,404.1600495312771
4383,45.49664814167858,404.1916615719404
4384,45.43992800952321,404.2450758976709
4385,45.445841597234484,404.31377524124747
4386,45.530397201732136,404.3863470622722
4387,45.659502459951206,404.447138258303
4388,45.76779185706383,404.48380226194894
4389,45.798283756060286,404.4921915520769
4390,45.728237978526174,404.47530046095454
4391,45.57324105995849,404.4433383012853
4392,45.38235265990171,404.41421706362155
4393,45.22482812009144,404.40641110241114
4394,45.16058841964727,404.42794424445464
4395,45.20628222351443,404.47423933721484
4396,45.328223933134105,404.5331464078195
4397,45.479888584676836,404.59102328627404
4398,45.631463885449385,404.64072366901064
4399,45.74974730758792,404.68357908185646
4400,45.78707928510715,404.72107749992426
4401,45.71451666548732,404.7486419026904
4402,45.547218960305955,404.75992817617737
4403,45.33373576301945,404.75355329907984
4404,45.13430228273283,404.73232433784705
4405,44.997183956745985,404.6995985072684
4406,44.940586012413725,404.65953304265474
4407,44.96429402633138,404.61814890797467
4408,45.06369666821686,404.5829768824222
4409,45.21540220160255,404.56228225691547
4410,45.37968912707456,404.5639297604281
4411,45.52714398899095,404.59252381613265
4412,45.63454783023362,404.6450256192976
4413,45.672553183775705,404.7100808355565
4414,45.622582565163,404.77287430924935
4415,45.48149231972944,404.82110223990736
4416,45.25121025935854,404.8495042482992
4417,44.95079356822155,404.86150019512223
4418,44.62345800551364,404.8656185993655
4419,44.31328289612225,404.8667060418585
4420,44.0447981141659,404.85930332770295
4421,43.834425082269206,404.8337298804272
4422,43.71254221970605,404.788537597201
4423,43.708984880854445,404.73125768620565
4424,43.8113818252344,404.6669136159305
4425,43.96166458475115,404.5916994517306
4426,44.10753358324392,404.5018920107281
4427,44.235453253609656,404.4056000313222
4428,44.34393840821015,404.3215388385229
4429,44.42166773557805,404.2683251368784
4430,44.45969350939959,404.2557701085951
4431,44.46787123553727,404.2832384418261
4432,44.48056665830439,404.34220671715656
4433,44.53101825363746,404.41765437911545
4434,44.62352065470087,404.49122038653127
4435,44.745549849789974,404.54936862552995
4436,44.87995062861539,404.5872935251211
4437,45.00269536130485,404.60382437814263
4438,45.10105426619758,404.5981978057766
4439,45.18669869216827,404.5748517886735
4440,45.27288132435909,404.54608979977934
4441,45.3520967913544,404.52327740127885
4442,45.39600575141063,404.5063557721192
4443,45.36631437717273,404.48657677392725
4444,45.23313860784884,404.4590602533468
4445,44.99707368404215,404.42936871486495
4446,44.70176023571861,404.40801838781715
4447,44.41275930005911,404.4021876688193
4448,44.184131229206976,404.4124537588788
4449,44.0523277080732,404.4339819587999
4450,44.03343096062962,404.4605414508632
4451,44.10838476726241,404.4880126463007
4452,44.222445263247494,404.5135364054182
4453,44.31966611316402,404.53420189075405
4454,44.39285550496382,404.54996365570435
4455,44.478848628884954,404.56352687752354
4456,44.60389246102691,404.5732335213759
4457,44.75877885247459,404.5705072227322
4458,44.90792450849903,404.54846962315
4459,45.01322642596295,404.5107700684387
4460,45.06677403715548,404.4697211742093
4461,45.09091742263592,404.43920577889213
4462,45.099115435835614,404.4286755059504
4463,45.07536237195411,404.437806411515
4464,45.00369662246548,404.4579151748457
4465,44.892517090811616,404.4782243464096
4466,44.759074176559224,404.48746718864595
4467,44.627794747150745,404.47599775163263
4468,44.53788496945878,404.4407562210783
4469,44.50898026488211,404.3864355840664
4470,44.51689061631017,404.3244904126896
4471,44.52861479247775,404.2709350142153
4472,44.53356259583948,404.239610709147
4473,44.531326941607276,404.235906567861
4474,44.5162594337217,404.2579987752608
4475,44.47210296280845,404.30093645443236
4476,44.37638270294325,404.357767087738
4477,44.23371067030628,404.42027697723904
4478,44.096224221647354,404.4809357406657
4479,44.030403995800945,404.53460682421985
4480,44.07677182150051,404.576811676949
4481,44.24855491459154,404.60188655858906
4482,44.55120340149293,404.60756823770475
4483,44.97352533697443,404.5965450398605
4484,45.457780222872046,404.57079460657025
4485,45.90688539490466,404.5302645442718
4486,46.221729217464386,404.4761802906865
4487,46.33668986696644,404.4137162955581
4488,46.25592918501991,404.3528739283954
4489,46.06276401989843,404.30555356263744
4490,45.87774542834418,404.2807849193159
4491,45.78955369625634,404.28150398302245
4492,45.79870292642102,404.3041947911492
4493,45.818333587379556,404.3416172999288
4494,45.74170831108178,404.3860649966982
4495,45.52269289060701,404.43007471696393
4496,45.20172465212989,404.46700044211383
4497,44.8713431684718,404.4946635901524
4498,44.62308983958925,404.51465800039307
4499,44.50748679866438,404.5247594205596
4500,44.52293269437017,404.52000922816086
4501,44.62019798097411,404.5033688193114
4502,44.73169862342934,404.4843496116224
4503,44.83000642732383,404.4674057212593
4504,44.92921152981614,404.45256526492267
4505,45.019964919697436,404.444436178171
4506,45.04804944533968,404.45018453829493
4507,44.963717857793846,404.47087831669376
4508,44.77710688268585,404.50137652756257
4509,44.55605447887802,404.5341782759418
4510,44.36744089612061,404.55950412344316
4511,44.24429300443282,404.5686648063778
4512,44.208006479884894,404.5605026467725
4513,44.279461964388666,404.54063655113197
4514,44.45549003502067,404.51442536524985
4515,44.69714363576806,404.4836617963662
4516,44.9475767499383,404.4483561242248
4517,45.15344931104265,404.4079044348708
4518,45.27943046683373,404.3634989241455
4519,45.31571182560081,404.32124651678373
4520,45.278828559048435,404.28856601858
4521,45.207517796922424,404.2686562175316
4522,45.14153583431842,404.2623239912377
4523,45.1006287950333,404.2713333812577
4524,45.08090726974304,404.29421229331723
4525,45.0583907209247,404.3205271270562
4526,45.016437206265934,404.3358314946269
4527,44.970511145300755,404.3357916690961
4528,44.945724405208395,404.3316514412314
4529,44.9506263871434,404.33758437490656
4530,44.97468847242533,404.3568906052231
4531,44.989807286232576,404.3820276415087
4532,44.969443189447006,404.40158344031744
4533,44.9199661419248,404.4078141210215
4534,44.869940253134175,404.4029664752886
4535,44.8297685409037,404.39744590087133
4536,44.80115002334813,404.40029315762206
4537,44.81434106998415,404.41104537983847
4538,44.90507541679725,404.42108680792836
4539,45.06684197769404,404.4245978028371
4540,45.25953805874237,404.4240516834545
4541,45.42789188681975,404.42442132203803
4542,45.49657095685564,404.4285184504343
4543,45.412468811766516,404.4381967583914
4544,45.20993644177645,404.4556597002368
4545,44.99157522971335,404.47825084281703
4546,44.84051933414688,404.49492571477197
4547,44.773631405427196,404.4961325885934
4548,44.7628972731395,404.48275288391767
4549,44.768559967688375,404.4617418117058
4550,44.76037128860634,404.43976277728336
4551,44.73598050546394,404.42276050412715
4552,44.72167540532918,404.4164593221792
4553,44.74502117004257,404.4238612273883
4554,44.80991621513277,404.443760225165
4555,44.89683744414762,404.4718143436596
4556,44.969244162021475,404.5011536211439
4557,44.982768609017654,404.52539812137053
4558,44.91376273641771,404.54262034979166
4559,44.78701195486366,404.55261430633175
4560,44.669547814643835,404.55357058450517
4561,44.62419031444019,404.54571675397506
4562,44.650954319378286,404.530787008697
4563,44.68154401465993,404.50515100854693
4564,44.644696766133485,404.46252152900536
4565,44.529667980757814,404.4038203750189
4566,44.400115700946564,404.340726745861
4567,44.35988973580071,404.29041319082216
4568,44.48045502545024,404.26427643062124
4569,44.75273194753782,404.26149388834375
4570,45.10734998747063,404.2729237033527
4571,45.45698138551028,404.2883912769298
4572,45.727613531263316,404.3026798043034
4573,45.873607436777434,404.31573320242956
4574,45.87388403720962,404.3279619797637
4575,45.73585983816717,404.33889965043494
4576,45.50324977533749,404.34781742886065
4577,45.248505615089265,404.3522079052748
4578,45.056711181188504,404.3503072706773
4579,44.990744537354466,404.3466346262285
4580,45.05590302179015,404.34846042776735
4581,45.20939556548657,404.356963595847
4582,45.39517227403279,404.36730071282994
4583,45.561938503288374,404.3738850474443
4584,45.66931568983117,404.3739918789901
4585,45.694481922192416,404.3719783004156
4586,45.64038918277578,404.3762587350422
4587,45.53666561535432,404.3891597315969
4588,45.41342633283915,404.40649592284564
4589,45.26979772296,404.4242385223996
4590,45.08353202045677,404.4400567045342
4591,44.859891602865794,404.4516051647517
4592,44.65764979865056,404.4553847831086
4593,44.54193339893697,404.44932963923816
4594,44.52747038162821,404.4376938723478
4595,44.59307068262934,404.4294028132073
4596,44.714334371881094,404.43031175404155
4597,44.85801303420066,404.43896792748035
4598,44.98193994801663,404.44837079439844
4599,45.047203953045354,404.45119405087166
4600,45.01512145175162,404.4464348058699
4601,44.86023314940884,404.4410283964874
4602,44.60147272338353,404.4434829678345
4603,44.303581047869166,404.4557663480872
4604,44.04451509284951,404.4706053457637
4605,43.879082566815335,404.4772968997954
4606,43.820843269970126,404.4700000607455
4607,43.85901122797181,404.4517094756387
4608,43.98867730581713,404.4347761967708
4609,44.204202619069676,404.43586945403877
4610,44.47256098654252,404.46484732428826
4611,44.728797376129414,404.5162411473413
4612,44.88921322317318,404.57106973467546
4613,44.894169632497224,404.60916682296175
4614,44.7710708973136,404.62097387598754
4615,44.62554755911394,404.60860414828187
4616,44.53661218782376,404.58051726509166
4617,44.495016506061056,404.54430164947127
4618,44.469688745280436,404.50226642660704
4619,44.47984969172862,404.4563215077666
4620,44.560777263136565,404.4116677177558
4621,44.694006726974905,404.37249193257134
4622,44.81297091646058,404.34116013355265
4623,44.86918418161447,404.31852093343394
4624,44.869057597540554,404.30067269881937
4625,44.85397111526282,404.2826856547528
4626,44.865537416064775,404.2664026052842
4627,44.92721354522292,404.26045224920944
4628,45.04058164868728,404.2728408481488
4629,45.19134004444869,404.3048538927549
4630,45.35790933443978,404.3506750038394
4631,45.51113718779384,404.3991763592953
4632,45.61189517217208,404.43653588587654
4633,45.62374436291411,404.45184926587484
4634,45.53746229076022,404.4445658885156
4635,45.38555343177692,404.4253918524668
4636,45.22074745011084,404.4054104181263
4637,45.06862865421211,404.3860364874912
4638,44.92398489908364,404.3641301751202
4639,44.7932270998541,404.341814145008
4640,44.697723211742954,404.3240672637533
4641,44.64465049265962,404.31357975976294
4642,44.619646356378304,404.3141749516286
4643,44.59884221839441,404.3320366527525
4644,44.58534567277427,404.36993141419225
4645,44.63063858708999,404.42200252518677
4646,44.77548232405761,404.4740734485221
4647,44.98318673836607,404.50989304450303
4648,45.174689394644645,404.5180455851824
4649,45.31299711740993,404.49742178779854
4650,45.42639650328449,404.4612522341488
4651,45.56314691672723,404.43226190965504
4652,45.72306621593505,404.4273171888621
4653,45.828376619337625,404.44398056000085
4654,45.78299658444453,404.4647019634839
4655,45.56046755347496,404.4754724310306
4656,45.22600383825533,404.47440906191804
4657,44.87679941515531,404.4663703427559
4658,44.56774897010712,404.45908469214515
4659,44.31150971976431,404.45846030004384
4660,44.1245043080003,404.46242586953355
4661,44.02839999277901,404.4631137621441
4662,44.02933935484701,404.45531666989064
4663,44.12049862400958,404.4415957215421
4664,44.28338151368445,404.42878601936167
4665,44.49017315704298,404.42106653500747
4666,44.72321672965802,404.41701741444507
4667,44.97552963235855,404.4112954151612
4668,45.22768950686895,404.4005429889711
4669,45.44581928546225,404.3889081777874
4670,45.59318324102364,404.38564633581535
4671,45.633019009020245,404.3983739573698
4672,45.548092265837326,404.430241075748
4673,45.37519930152612,404.47821107017603
4674,45.204949839605916,404.5282417709275
4675,45.12197554509378,404.55742107828786
4676,45.14066991529175,404.5493030291549
4677,45.21168012112023,404.50548409892986
4678,45.28492943696976,404.44035154106956
4679,45.34981272322012,404.3705585373847
4680,45.4131343560209,404.3121452924014
4681,45.46034442598721,404.28092615293133
4682,45.4597143043285,404.2870905717474
4683,45.39467114295216,404.32756984054515
4684,45.27295793802739,404.38371192105876
4685,45.116255735461266,404.4290081979434
4686,44.95484936232235,404.44642427176865
4687,44.82288748507636,404.4381085821478
4688,44.75584317061347,404.4160279396304
4689,44.781970710853365,404.38924772684425
4690,44.902558066654564,404.3624380417941
4691,45.08414319331165,404.33984939352393
4692,45.26965372408413,404.3285326166295
4693,45.40128915278378,404.3386089034104
4694,45.44345365606833,404.375093161266
4695,45.38434826635912,404.4292150101045
4696,45.22581599206589,404.4842286213164
4697,44.99534291765618,404.5269569665277
4698,44.76173246599596,404.5474315238082
4699,44.61072831390531,404.53587519637983
4700,44.59420835910534,404.49104179862513
4701,44.708099195738036,404.42679663182224
4702,44.917945728114326,404.36430289412203
4703,45.177254972087844,404.319617073723
4704,45.42292312553894,404.3001415725938
4705,45.591686954810704,404.3094055812296
4706,45.64371987601513,404.34796343979383
4707,45.57599874952679,404.4087978062282
4708,45.42634577892345,404.47896212589484
4709,45.25212124465152,404.54749148307013
4710,45.10132447844139,404.60855518066904
4711,44.99603316526761,404.65711537056313
4712,44.942511434481574,404.6847565290332
4713,44.95959798143277,404.6837626386281
4714,45.055878645191804,404.6570306435074
4715,45.17440683429904,404.6192201302556
4716,45.221057852487604,404.5852803016004
4717,45.161646667538996,404.56340198600793
4718,45.050160572329474,404.55735074483465
4719,44.950771168473985,404.5651271850952
4720,44.87587972388761,404.57648551771507
4721,44.821545556444676,404.5806135511163
4722,44.80306860276584,404.57472337220037
4723,44.82807353266401,404.56217301743436
4724,44.87958580243964,404.5467912564676
4725,44.92646045304499,404.53157023018133
4726,44.93593825062499,404.5199979744243
4727,44.89544241909925,404.5152934692959
4728,44.82658043713979,404.52085481574744
4729,44.76958372630748,404.54129137708475
4730,44.75055275107043,404.57665311066137
4731,44.76944812322017,404.61668549208446
4732,44.8264977841287,404.64527750512025
4733,44.942697807127054,404.65111767531823
4734,45.130219538817464,404.63384452049957
4735,45.34621813730041,404.6008502784108
4736,45.50644124413573,404.5606051755359
4737,45.56129453052552,404.5190523554484
4738,45.542916879583714,404.47847780191296
4739,45.535638152866035,404.43926176763904
4740,45.6088756806196,404.40473047032543
4741,45.75592484023088,404.3821498934832
4742,45.88480725611485,404.37863424897137
4743,45.89119737502118,404.3980116582287
4744,45.74640904964784,404.43942905118985
4745,45.50133394655023,404.4959475381
4746,45.22252286793836,404.5546282123313
4747,44.95150196143042,404.60090500408296
4748,44.71388326915945,404.6242494679094
4749,44.536317967914414,404.62038079094054
4750,44.43856773467091,404.5925930170939
4751,44.41905185771193,404.5521425307524
4752,44.460386601577156,404.5122403700822
4753,44.53869060360371,404.47963820746986
4754,44.61963442928217,404.4518459684769
4755,44.66534182690959,404.4213791968139
4756,44.66537749407108,404.3856344344308
4757,44.65016088509532,404.3528545310299
4758,44.66076975460092,404.3354862363502
4759,44.71378476182041,404.33989092378926
4760,44.7989815814836,404.36288339658654
4761,44.89838238159658,404.3947222360963
4762,45.006611169738235,404.4264837695215
4763,45.13266833081198,404.4568537244627
4764,45.262935898904594,404.490066212361
4765,45.344742732939615,404.5282550554937
4766,45.34049078407172,404.56939367594157
4767,45.27556505396575,404.6093870154515
4768,45.21938216156973,404.641622114131
4769,45.22268513904107,404.65743817070603
4770,45.278320983376446,404.6498323902616
4771,45.35603952451136,404.61703499303275
4772,45.435727632834435,404.56508601387543
4773,45.4844110088111,404.50728266595104
4774,45.45214183324205,404.4582812405626
4775,45.30916400586575,404.4267123688966
4776,45.07023034768791,404.4143482048758
4777,44.779339942246985,404.4225124100812
4778,44.47837926783488,404.4541689787042
4779,44.20568427282037,404.5077659254885
4780,44.017053833818466,404.57155234842605
4781,43.977269955211135,404.62637042187816
4782,44.11353053652643,404.657991171703
4783,44.38191824785114,404.66522461771496
4784,44.68908355030755,404.65377499165913
4785,44.946224698345944,404.6290082132853
4786,45.10199032123172,404.5959965730932
4787,45.13808193041527,404.5588195680119
4788,45.064881096281056,404.5177966831729
4789,44.93092340894314,404.471299507627
4790,44.80442555953322,404.42284290928444
4791,44.7323549419408,404.38433807300333
4792,44.73110029668831,404.36847675388833
4793,44.80187033789256,404.37821067012055
4794,44.92948382232035,404.4045468341329
4795,45.07369584766674,404.4314463919929
4796,45.17499046304674,404.4419006538768
4797,45.17769495544607,404.42477958257246
4798,45.07141942298549,404.381972979972
4799,44.91566246781911,404.3308543106504
4800,44.80370320548937,404.29638820257236
4801,44.792463112757495,404.2943834487016
4802,44.866363915846996,404.320922613475
4803,44.96412137270597,404.35969051950923
4804,45.03492007015524,404.3955161505982
4805,45.069734341095625,404.4196887538148
4806,45.08837817484003,404.43155405986994
4807,45.10607537348353,404.43780776842704
4808,45.118671270554955,404.44277908377285
4809,45.11345134143493,404.44027818022346
4810,45.08598276650568,404.4202744058983
4811,45.05751481255508,404.38266419836395
4812,45.07056493485352,404.34188480597396
4813,45.150609489595574,404.31544611233454
4814,45.279636356169675,404.3105730176292
4815,45.404879263245654,404.32568253546555
4816,45.46866950870249,404.35815073890234
4817,45.44363905256041,404.4061261934841
4818,45.34283657062381,404.4659881149705
4819,45.20505755991178,404.52903170906114
4820,45.06777810359553,404.58462731445115
4821,44.94201810081656,404.6283442745973
4822,44.83419095564527,404.6599784300786
4823,44.77567619648624,404.67579454437134
4824,44.78903390960217,404.6716997593332
4825,44.84949091379225,404.6525481944141
4826,44.90639874864866,404.63169889440735
4827,44.92126053343418,404.6201510966777
4828,44.879018926597126,404.61777992043505
4829,44.793280867976975,404.61312519963377
4830,44.71797180199342,404.5909003904451
4831,44.724162258481456,404.54356899036713
4832,44.8326963140966,404.4774287160654
4833,44.98359421275535,404.40785150687225
4834,45.089041399579386,404.3490310692854
4835,45.09978468160274,404.306891297446
4836,45.024707824161,404.2798291720359
4837,44.92046355644266,404.2640146025644
4838,44.85747822995741,404.257200952382
4839,44.87467133621172,404.25927798645773
4840,44.96899976772471,404.27127709613603
4841,45.111822158370295,404.29501201741255
4842,45.26336180206268,404.33346292433737
4843,45.38345669848975,404.3872091761878
4844,45.434446345506124,404.4458227759471
4845,45.39749234980874,404.48815823514366
4846,45.295861158620326,404.49751903745096
4847,45.178186471022464,404.47271607712696
4848,45.08247607910929,404.42534829415956
4849,45.03144213536565,404.37275880136093
4850,45.037963802400576,404.3308620465334
4851,45.084713120754365,404.30903051368676
4852,45.122898429083726,404.3088653878362
4853,45.11611208283873,404.32309849494004
4854,45.05609760798853,404.33755752193235
4855,44.93310175366538,404.34163998592305
4856,44.73566206044223,404.3386038073249
4857,44.48845366948717,404.34202226266046
4858,44.256487053085415,404.3624054748544
4859,44.09945466715699,404.40066515909035
4860,44.03770919915403,404.4513906805601
4861,44.063192205691934,404.5044911251923
4862,44.160223999504296,404.5445963711362
4863,44.30025537719021,404.55856739363753
4864,44.43993532451052,404.5453196127246
4865,44.54912042337122,404.51531260082993
4866,44.62177933271631,404.4841669835348
4867,44.65223161227882,404.4651928691302
4868,44.628771523694574,404.4618700539085
4869,44.55664124093861,404.4685494919188
4870,44.467593817070295,404.47822045580307
4871,44.40201238120064,404.4872266368038
4872,44.38899951470879,404.4946039131521
4873,44.44606430705444,404.49902156225585
4874,44.59742525065441,404.4975355300909
4875,44.868358269323856,404.489029911543
4876,45.24074422112508,404.4778696218484
4877,45.63564775164853,404.4684395814669
4878,45.95326421995257,404.45690776811665
4879,46.121979169362824,404.43747557718365
4880,46.11244403320975,404.4133443648488
4881,45.93076347214078,404.393124437659
4882,45.62146102157949,404.3811602817509
4883,45.26501765784241,404.37407855055824
4884,44.95260679566969,404.3639835039005
4885,44.750373910221185,404.3483164175419
4886,44.674739746712646,404.33492586098544
4887,44.70568819348841,404.33221321117014
4888,44.82044493671731,404.34177523533214
4889,44.988717152323446,404.36435972338677
4890,45.151699755989746,404.4024723489596
4891,45.24768105705591,404.45460559570864
4892,45.25224542280597,404.512907327744
4893,45.18647977923355,404.56534406805616
4894,45.096711244148636,404.5986717465615
4895,45.01564045935144,404.6023764074406
4896,44.94543779030533,404.5724481091452
4897,44.88633930916273,404.5156993506671
4898,44.85424860802784,404.45020419300806
4899,44.85526075938979,404.3953047386948
4900,44.869470375831014,404.36098108642716
4901,44.87607674136242,404.3481782077024
4902,44.87965395917344,404.35401358151836
4903,44.904003449543424,404.37395316868816
4904,44.971439108782064,404.40281091052736
4905,45.088278754329814,404.4369841433263
4906,45.24085299553537,404.4754946810691
4907,45.406344469432064,404.51613722527367
4908,45.57241582541989,404.55090115212664
4909,45.741538210374344,404.5711269336992
4910,45.90460440524265,404.5781320127446
4911,46.02162574807428,404.5815752854194
4912,46.048480314870226,404.5860124885102
4913,45.96717891529145,404.58419905708695
4914,45.77473395564532,404.5644669251336
4915,45.468616904341246,404.52315145648777
4916,45.06572513754491,404.47086449485056
4917,44.624988000866395,404.42777293911195
4918,44.236776838968225,404.4113044931523
4919,43.98487653138909,404.4260880566998
4920,43.91943787016054,404.46392988780866
4921,44.05423238972819,404.5117956323426
4922,44.35414589530965,404.55886837752206
4923,44.723616092990085,404.59738424334705
4924,45.05123281987359,404.6219366581337
4925,45.273221133375316,404.6320909078595
4926,45.37973713022201,404.6325375506708
4927,45.390198276245606,404.6285947493496
4928,45.340974544240325,404.62352504678
4929,45.27523302081403,404.61728874081984
4930,45.23616215744793,404.60673242589587
4931,45.26309006327409,404.59000248125744
4932,45.3717266576172,404.5706173556184
4933,45.53283435617702,404.5576870300217
4934,45.68247936218668,404.5602254040773
4935,45.76323819416202,404.5772523632519
4936,45.75885163312162,404.59772295973664
4937,45.68825897107356,404.6118256574905
4938,45.577100311757896,404.61517316239843
4939,45.44448507609023,404.60477694326465
4940,45.305474265383715,404.579733377695
4941,45.1765647352071,404.54354868576934
4942,45.07638141191983,404.50315451235434
4943,45.01499855247741,404.46811355506185
4944,44.98363897601665,404.4479700223869
4945,44.96022580438348,404.4470814717609
4946,44.92044940791887,404.4622693568067
4947,44.84592410173804,404.4854705766171
4948,44.74450675017179,404.50983093790705
4949,44.665804632100055,404.5331362877548
4950,44.67434799078995,404.55534737430105
4951,44.79603882315212,404.5747970753493
4952,44.987070713069585,404.5870203418523
4953,45.162510217466384,404.58834647769413
4954,45.264301060373896,404.58109683436066
4955,45.29175716202939,404.57181419122765
4956,45.275337616527004,404.56354249140907
4957,45.2512442159817,404.5538722666294
4958,45.247467804770956,404.5416623824729
4959,45.26199683545349,404.53257131309704
4960,45.26934826435258,404.53583074879634
4961,45.26122890021953,404.5563993825496
4962,45.2669984397745,404.5917054655624
4963,45.32853111475436,404.63191468804655
4964,45.45483996687644,404.6612120794297
4965,45.604323244554855,404.66564025919337
4966,45.708082319661166,404.6420515221736
4967,45.7149446995693,404.5979044688918
4968,45.636653934065286,404.54531889359953
4969,45.54193230065454,404.49643347009294
4970,45.49180972030097,404.46192512911705
4971,45.498886337221506,404.44943952070736
4972,45.54092803044615,404.4601087564608
4973,45.581082672719845,404.48866815340864
4974,45.574223578803384,404.52895891509667
4975,45.47646798482829,404.5773258395781
4976,45.27540178715119,404.62882110394287
4977,45.020218972715405,404.67264424436496
4978,44.80832838076263,404.69714405973866
4979,44.72974083253382,404.6998292589641
4980,44.81030251259876,404.6880834224438
4981,44.99465060807187,404.67092138709387
4982,45.18767652975954,404.65282526635133
4983,45.31973726389396,404.63227724097493
4984,45.378306589324346,404.6026562015666
4985,45.391401194773934,404.55725811293684
4986,45.3810306360112,404.49687945389167
4987,45.340361824880695,404.4330256530292
4988,45.27206818836984,404.3833502767567
4989,45.208249703705015,404.36308193454374
4990,45.16927613777337,404.37889032607114
4991,45.14398529986536,404.42736557527667
4992,45.11173656687394,404.4969888279761
4993,45.06398510173361,404.57168769753514
4994,45.017660973277714,404.6342045398326
4995,45.01732314350576,404.67090423470717
4996,45.110552511778685,404.67874963855513
4997,45.302722017893856,404.6667068963106
4998,45.53206263265279,404.6464878877374
4999,45.706300991753736,404.62403296537593
5000,45.77348058674341,404.6015444320691
5001,45.740334319689204,404.5817784917775
5002,45.631241709713805,404.5675956668289
5003,45.45277645683313,404.56026112782814
5004,45.1909050674611,404.55893525584736
5005,44.846943000322526,404.5629410453437
5006,44.48658293205477,404.57266143451454
5007,44.21832109731,404.58517528643813
5008,44.09816138445141,404.5949363587216
5009,44.10004753136049,404.60101481535156
5010,44.19020245101108,404.6080103868156
5011,44.368280607053165,404.61902215882697
5012,44.62928377597713,404.63021546153914
5013,44.937943742197916,404.6350930301626
5014,45.252998552592864,404.6338180298703
5015,45.54448937512138,404.6330616048188
5016,45.78425985881569,404.63624134678156
5017,45.952360793310476,404.6389843208207
5018,46.04227135981653,404.63587893486994
5019,46.04290320724201,404.6274364312166
5020,45.940206037818044,404.6158989679875
5021,45.74245428369497,404.59948833308067
5022,45.49538750585101,404.5783804843273
5023,45.26728909476618,404.5597789978557
5024,45.11441105231391,404.5487267040172
5025,45.04937556594233,404.5401764782148
5026,45.03038556448532,404.5260670324111
5027,45.007194068507744,404.50373303311886
5028,44.9804120672653,404.47412768195886
5029,44.978619091218405,404.4402982670522
5030,44.99826840482409,404.41235579628744
5031,45.006233228207876,404.4035883107004
5032,44.97399636012304,404.413141612856
5033,44.89129493247947,404.4227401688145
5034,44.78415993140268,404.4167926825245
5035,44.709792721582524,404.39667432029967
5036,44.70449445096558,404.37671495733366
5037,44.76451024924531,404.375782788346
5038,44.883601376047636,404.4081378574879
5039,45.076531371472996,404.4720304614211
5040,45.34761848228605,404.5466167049043
5041,45.647125587143975,404.60405653651446
5042,45.885832322531776,404.626712382571
5043,45.996728996653395,404.61438266063806
5044,45.97638297840751,404.577846666971
5045,45.87318181334649,404.52957213608164
5046,45.7403844587295,404.4807976106682
5047,45.604407125390026,404.441513841831
5048,45.46458055040748,404.4195028901413
5049,45.29937603227364,404.41964720784375
5050,45.087079207852426,404.4409458607423
5051,44.84519772641265,404.47273345936594
5052,44.6410627322464,404.50059119730236
5053,44.54108277750136,404.518695349088
5054,44.54584196023832,404.53182541808053
5055,44.59470053729406,404.54686996847937
5056,44.63257655702375,404.5674747096673
5057,44.655908271737864,404.5936142772728
5058,44.70672772225139,404.61951257879315
5059,44.8317283295129,404.63271129891984
5060,45.04139069053171,404.62171588162755
5061,45.30705741878384,404.58731853586744
5062,45.58728384427786,404.5431177217891
5063,45.846716222102124,404.5052484129147
5064,46.05041488129698,404.4851590753064
5065,46.16236845138016,404.4867286819642
5066,46.169348920439155,404.50411916888237
5067,46.08535239867837,404.5259840656917
5068,45.931237507266474,404.5439823024425
5069,45.732338532816755,404.55535117141346
5070,45.514414493242455,404.55888900888334
5071,45.288833404037675,404.5511744131413
5072,45.0553278821124,404.5278442241114
5073,44.82054354957052,404.4910895266497
5074,44.6189867157519,404.45394842911526
5075,44.50033655777974,404.4313647105296
5076,44.48407345080387,404.42976908019045
5077,44.54426139587962,404.44943871758386
5078,44.635038114489575,404.48981009917134
5079,44.724523799558696,404.547094608215
5080,44.81218887045509,404.6121681524761
5081,44.92524476648332,404.6741384927191
5082,45.10036174175397,404.72462429956204
5083,45.33711570454862,404.7587642608442
5084,45.56290507660182,404.7728077671419
5085,45.67748358520536,404.7646328683591
5086,45.63328536289176,404.7399063030155
5087,45.4617752401033,404.7112673376197
5088,45.23753815183861,404.68660582741967
5089,45.034264840663056,404.6649081924306
5090,44.906471263676806,404.64528053272977
5091,44.87264280567753,404.6313819210426
5092,44.908123992613795,404.62587686065547
5093,44.97621614422787,404.6269829664479
5094,45.049125467717616,404.6305635936885
5095,45.103954321734506,404.63156360331106
5096,45.1334606367971,404.6248228603707
5097,45.15271637520001,404.6098182951954
5098,45.181952725919416,404.5961857619581
5099,45.229540816935376,404.60003971032205
5100,45.29148333783169,404.63055050091197
5101,45.35809297838597,404.6807515081981
5102,45.405174773600734,404.7310082937412
5103,45.39233255884803,404.75993388645406
5104,45.30003383307489,404.7557074391847
5105,45.15134459700776,404.72045574805196
5106,44.98754300317548,404.6641893812367
5107,44.84340360318484,404.5970849600691
5108,44.74296925713631,404.52906904762824
5109,44.71046405207109,404.47235647565594
5110,44.77304004144894,404.43881151858795
5111,44.93881321019401,404.43444702208626
5112,45.171532135551864,404.45523201255855
5113,45.394496066019876,404.48576743488576
5114,45.535622978732434,404.509155245056
5115,45.57100814696362,404.5216480005497
5116,45.52724551658753,404.5323872626912
5117,45.45199902271784,404.55249976455576
5118,45.380417434570056,404.58768940804737
5119,45.327912485438056,404.63592077904923
5120,45.301906453390465,404.6896129693169
5121,45.303595766844516,404.74027862666145
5122,45.32917619030387,404.780667314065
5123,45.37920245215924,404.80312939294345
5124,45.45216008838529,404.7995232123748
5125,45.52565790182428,404.76720402047965
5126,45.56585040096798,404.71555328423796
5127,45.55580789212121,404.6644429513547
5128,45.49872668649977,404.6325817042728
5129,45.40914805352251,404.62502953257103
5130,45.312720661573884,404.63324888589483
5131,45.23414396854532,404.6450815780416
5132,45.17681029327471,404.65172264258547
5133,45.128380485052595,404.6474903827135
5134,45.09309542014047,404.6295102923288
5135,45.10138662257157,404.6008674152717
5136,45.169296095721776,404.5698096021394
5137,45.26002295076897,404.5449368161946
5138,45.30844222243271,404.5318105883667
5139,45.286090805427875,404.53146916967785
5140,45.2233938437692,404.54188064010015
5141,45.1607963345482,404.56099220171006
5142,45.09849625799431,404.5881904069945
5143,45.004401271034155,404.6230394485438
5144,44.86146477663485,404.6636226627577
5145,44.695552826132385,404.7068972411079
5146,44.558890200216844,404.74634229474884
5147,44.49787477513511,404.76769021482664
5148,44.52643759020247,404.75584790556576
5149,44.617426395768476,404.71008367268377
5150,44.73095052228322,404.64487859210544
5151,44.85852689765287,404.5746677068594
5152,45.028911854500834,404.50563468842233
5153,45.26426729031775,404.4417015006768
5154,45.536598223920265,404.38895693648294
5155,45.77900827738056,404.3529439262077
5156,45.94250935045477,404.3357724066171
5157,46.02280663709663,404.3333280575178
5158,46.03313878746089,404.3353707828262
5159,45.98058977609285,404.33394833052506
5160,45.871358920646614,404.3314551555101
5161,45.723874112445365,404.3374491878212
5162,45.57335385788964,404.35864624063737
5163,45.4561762924451,404.39542879929843
5164,45.38223921273415,404.44642983055286
5165,45.33107201861582,404.50943306553665
5166,45.27424709510676,404.5798613777965
5167,45.19407281559003,404.652256680055
5168,45.09303020540686,404.71582605812375
5169,44.99271094695928,404.7497632871307
5170,44.91950484250921,404.73517234444927
5171,44.89260583566033,404.6734068552696
5172,44.917453438848874,404.58872848523134
5173,44.967676866181776,404.51326649627686
5174,44.97873432179426,404.4686283091758
5175,44.896598022949505,404.4580346994246
5176,44.733891628450834,404.47148900837834
5177,44.56555597464367,404.4958384659709
5178,44.476679789497666,404.5210182029694
5179,44.50065997860678,404.54141758027055
5180,44.60452643403478,404.5548725472203
5181,44.742786694159015,404.56091496734365
5182,44.89986666905277,404.56179527698526
5183,45.072593075088584,404.56415305491504
5184,45.24518693380618,404.57370954695307
5185,45.3871028722279,404.58773265356314
5186,45.45625053704733,404.5966802043083
5187,45.418555761352806,404.5929719534806
5188,45.28874201707887,404.57451307933565
5189,45.13943198457817,404.53889740523005
5190,45.04364018425747,404.4823281394337
5191,45.012410081967616,404.410106456441
5192,45.00343667897567,404.3421126583482
5193,44.97734441962989,404.30228240435304
5194,44.92693255443087,404.3010350388475
5195,44.86734070898487,404.3290527753615
5196,44.82976000941739,404.370510571525
5197,44.86195740900455,404.4166692613326
5198,45.011911298172045,404.4612661996792
5199,45.29874189963378,404.4918969596394
5200,45.690558965982056,404.4971135864974
5201,46.11524360257266,404.4799139792865
5202,46.49219510857215,404.4587755151101
5203,46.73895021728598,404.4559549290005
5204,46.774464381227205,404.4831360726688
5205,46.560937334282535,404.53317163737614
5206,46.138627074194126,404.58514460774467
5207,45.60640235063209,404.6195299415753
5208,45.074076316378054,404.6307762751068
5209,44.620933288291546,404.6293853037812
5210,44.283755462327534,404.63255341761175
5211,44.077385558607425,404.65104254773775
5212,44.006437567482486,404.6832028025195
5213,44.05980852673846,404.71664876548385
5214,44.209955742257264,404.7355552278258
5215,44.40928062093283,404.731420259093
5216,44.59728495627598,404.70740475067555
5217,44.7234855321542,404.6737828769005
5218,44.7697433868971,404.6417367417127
5219,44.77174777791595,404.6187686926421
5220,44.796359969424074,404.60725674255997
5221,44.87469655614136,404.60525006433585
5222,44.99087597825547,404.60755670676747
5223,45.13139676832403,404.60862612529183
5224,45.2984762736192,404.6048973511656
5225,45.4812634795252,404.5946602002097
5226,45.64459105107178,404.57749253009086
5227,45.75126855568046,404.55276576975746
5228,45.787399383275535,404.51979318197834
5229,45.754528367890906,404.4830565783175
5230,45.65238258480849,404.45569907868685
5231,45.49676226233453,404.4511815445539
5232,45.342072336310345,404.47122652696174
5233,45.25391776635587,404.50785218861574
5234,45.25851033457927,404.5529334859252
5235,45.3309188793828,404.60051749644225
5236,45.41763970671915,404.6449377108439
5237,45.46936150360266,404.6797659070062
5238,45.47479153448714,404.69866437407416
5239,45.460397634639044,404.6979038755371
5240,45.45206458431672,404.67777172562717
5241,45.44898055953949,404.64213148188554
5242,45.42870285885592,404.5975371915171
5243,45.36352721461084,404.55213476967947
5244,45.24029327301463,404.5123708089621
5245,45.07847507137353,404.4795843327585
5246,44.93026336001443,404.4525659390129
5247,44.84798763003165,404.4328880472328
5248,44.83770142475664,404.42529374603146
5249,44.85165665615354,404.4354751330938
5250,44.84045857919647,404.4682324991418
5251,44.81072217806097,404.5251583128908
5252,44.8107415552152,404.60432806103654
5253,44.86994022263252,404.7003116581817
5254,44.978959056218834,404.801690407051
5255,45.111956317265644,404.8895559874679
5256,45.25369991607015,404.94187551709007
5257,45.40279143666966,404.94468587207996
5258,45.54634694304965,404.90179185791294
5259,45.65519347113747,404.83604519987733
5260,45.7007356202498,404.7793613592334
5261,45.65696268272568,404.7512541984754
5262,45.509556506024836,404.7469260006442
5263,45.27659121058184,404.7499802021528
5264,45.00570637009378,404.74852740465815
5265,44.748058680591996,404.73746609674606
5266,44.53674744094198,404.71544209528355
5267,44.38302264737908,404.68498518762624
5268,44.27916642383199,404.6522269740901
5269,44.20542006646369,404.6228648060732
5270,44.15368236915217,404.59994454578833
5271,44.1383369621181,404.58443753684605
5272,44.16974877293525,404.57273438043194
5273,44.244903869963444,404.5549935072088
5274,44.36738285586158,404.521829227249
5275,44.53178579507779,404.4728998284943
5276,44.69206641565022,404.41592607418255
5277,44.78775229826921,404.3589345117735
5278,44.79508313265668,404.30672063069795
5279,44.73355515656654,404.26139480565166
5280,44.63919367354324,404.22333265551384
5281,44.53894423869434,404.1954649542246
5282,44.441970010017684,404.18494494402336
5283,44.354451370091915,404.1951648854904
5284,44.30329550271569,404.22031128768816
5285,44.33231772307625,404.25271737294827
5286,44.460194329718135,404.29131488659414
5287,44.653018619676835,404.338543303125
5288,44.849287335518405,404.39243427073336
5289,44.99592718120158,404.44576540466613
5290,45.05751355336031,404.48974103308655
5291,45.01608512390121,404.5164225445553
5292,44.87842262115881,404.5217730250779
5293,44.68888688689496,404.5076848583121
5294,44.52748879234637,404.4803402700544
5295,44.465527400669124,404.44824222459744
5296,44.51668240127212,404.4204170184923
5297,44.646332316499645,404.4026195719966
5298,44.80608628543938,404.3958060266614
5299,44.9467337451115,404.4001022623359
5300,45.03396951307258,404.41724415203475
5301,45.06479608490046,404.4473644003952
5302,45.057395180549086,404.48744855058635
5303,45.03406941307146,404.53512066790773
5304,45.01892665075304,404.5890834248505
5305,45.028786846491954,404.64281205551487
5306,45.05582932846,404.6832369450925
5307,45.08201722635714,404.69866432503153
5308,45.10656695932264,404.68460872234147
5309,45.13972377163152,404.64356484995
5310,45.18888637729606,404.58492365789186
5311,45.259533766862766,404.5244941980804
5312,45.33787565512801,404.4777733589565
5313,45.37648834434681,404.45079328219913
5314,45.341334797496074,404.4396776954359
5315,45.25861311387451,404.4366002543378
5316,45.177808419914285,404.43237058847
5317,45.11309022959259,404.4183086413343
5318,45.04928258332345,404.3922205866523
5319,44.97668563129949,404.36251653173974
5320,44.890749307985566,404.34244184166306
5321,44.788950530614294,404.340709915463
5322,44.68498734853015,404.3612633240182
5323,44.598599771546255,404.40694153045433
5324,44.54315405738846,404.47483074893245
5325,44.537875749803675,404.5509049357694
5326,44.60851164742398,404.61495698190316
5327,44.76647011607056,404.6509189212842
5328,44.98674494993763,404.6558178891722
5329,45.20077208447296,404.6403675023108
5330,45.32524819782379,404.6200824197097
5331,45.32208646907034,404.6064680087568
5332,45.22586739929834,404.6027244748125
5333,45.09508685410328,404.6043150132405
5334,44.956378876834876,404.60214081565476
5335,44.820707433439495,404.5867366591169
5336,44.72354629850915,404.555368645783
5337,44.71115253348026,404.5138850398877
5338,44.79460437303755,404.4696642201738
5339,44.93685865470686,404.427693126187
5340,45.09579166681655,404.391524474123
5341,45.26941439938187,404.3642029026074
5342,45.470478444301015,404.34939737331194
5343,45.67093727289063,404.35044371990574
5344,45.80578294531085,404.3700816583982
5345,45.818068839172334,404.4103777725264
5346,45.687687764718824,404.46705970115494
5347,45.43892110962349,404.5276064554805
5348,45.124800327978036,404.5795428991702
5349,44.79461399346753,404.6177157403542
5350,44.47809328585978,404.6436871532958
5351,44.19333527057484,404.65958307278845
5352,43.958311336502526,404.6637453915915
5353,43.79422594054627,404.65475158859283
5354,43.72082054386233,404.63478704115835
5355,43.74331652324109,404.605652844233
5356,43.83907196734488,404.5672999603889
5357,43.96298323406426,404.52172289057853
5358,44.062548102774485,404.4749464293937
5359,44.09731123665389,404.43379293995673
5360,44.0740488719482,404.401130071963
5361,44.05375823406028,404.37668459071256
5362,44.10762331570164,404.36074786982164
5363,44.27795437093398,404.352356417774
5364,44.562005596615535,404.34671720002245
5365,44.909001265985125,404.3394108044987
5366,45.2416077740213,404.33122222036275
5367,45.48377416462695,404.3270425143618
5368,45.58579644841405,404.3333768698238
5369,45.54514056132229,404.3567903826995
5370,45.39743143759218,404.3981021386097
5371,45.188601978646744,404.44716243299325
5372,44.95718661850363,404.4873796471987
5373,44.73526246002217,404.5063514532527
5374,44.565233889644134,404.50401726496386
5375,44.50152721721724,404.4912695269192
5376,44.56699401881194,404.48109625231035
5377,44.71254908567433,404.48232111010816
5378,44.85753114919616,404.49550987531353
5379,44.96043655234179,404.5101125239417
5380,45.031015104077014,404.51158126760623
5381,45.11132756903576,404.49391228935957
5382,45.24018894561186,404.4627521348593
5383,45.400068321466605,404.429308850069
5384,45.52671455956676,404.4045171656157
5385,45.572960375799475,404.39529662885974
5386,45.528998331337796,404.4020834144966
5387,45.40205902529489,404.42180541327866
5388,45.1959412264774,404.4531349355421
5389,44.90321972175316,404.4949666860493
5390,44.538891907173905,404.542015657528
5391,44.177048745240754,404.5854276677678
5392,43.913075261880586,404.6161597807038
5393,43.797097915607566,404.6268104685603
5394,43.82224379008283,404.61377665048855
5395,43.95540774816783,404.5796291319622
5396,44.16592715060305,404.5310710151962
5397,44.430046655720346,404.47546001832563
5398,44.7195126834598,404.41977705908914
5399,44.99325779812986,404.3718696491798
5400,45.20048005102373,404.34258852141147
5401,45.30242380646665,404.34161399666414
5402,45.29318588641518,404.3685013052902
5403,45.197959493700544,404.4102783394481
5404,45.06934243024964,404.44827355336383
5405,44.98654269884723,404.4677187499806
5406,45.024961111821725,404.46240556310363
5407,45.200219978048544,404.43568910993343
5408,45.4454356737795,404.40128011828375
5409,45.65492855802283,404.377531947964
5410,45.750277620666715,404.3759231372771
5411,45.709443212479485,404.3970425036093
5412,45.551336326524726,404.43584901004294
5413,45.30443289702627,404.48400307032506
5414,44.999067828186405,404.5302851742846
5415,44.684446982742884,404.5667305017659
5416,44.41278104355366,404.59017040788444
5417,44.203545096110204,404.59629451431715
5418,44.06074923259441,404.5823518894533
5419,43.999332210340185,404.5551830159229
5420,44.02016614558889,404.5271588387895
5421,44.098305817949914,404.50570275628047
5422,44.21337552547576,404.49063591773756
5423,44.3633388565459,404.47732279482915
5424,44.55028040929585,404.4611936805229
5425,44.752015358750036,404.4430945852539
5426,44.90833125281043,404.42980703678774
5427,44.970052220711686,404.4278651919717
5428,44.95917055617327,404.43867915250735
5429,44.95052946008719,404.4594879395234
5430,44.99516530217886,404.4857175037852
5431,45.08423708538024,404.5096855226819
5432,45.181863602958465,404.51993437530984
5433,45.24212708721311,404.5085425256892
5434,45.208703093204896,404.47870143032765
5435,45.05504527586726,404.44336222421055
5436,44.80139457209836,404.4184238337586
5437,44.48706589515697,404.413473009966
5438,44.16956741701253,404.42285443819435
5439,43.93056429616954,404.42729066118363
5440,43.849218642772286,404.4103936158427
5441,43.96338566268723,404.37258325664504
5442,44.235198689215586,404.3280791432492
5443,44.55491378058212,404.29520428696617
5444,44.80370745230045,404.2887377773594
5445,44.921497768691594,404.31223281427646
5446,44.91493838897125,404.3540329083997
5447,44.814810647784164,404.394061587741
5448,44.65212042730723,404.41735821104595
5449,44.47485923651209,404.4208663462085
5450,44.354528878826414,404.4082450783032
5451,44.35924894397034,404.38246586629026
5452,44.51595634240165,404.3468029955658
5453,44.78403525926547,404.3082824948045
5454,45.066700635252005,404.2730252452244
5455,45.26735668072437,404.24209232027687
5456,45.33870832997526,404.21619377529686
5457,45.275165130914345,404.19875161014295
5458,45.09356484137775,404.1920407163556
5459,44.84578714504249,404.1951090450662
5460,44.61935954639308,404.2049774395778
5461,44.49761342772502,404.2153512445331
5462,44.50624557696644,404.2188949867417
5463,44.59774036062031,404.2163015495676
5464,44.700291598933575,404.21811978970294
5465,44.77045938062398,404.2336115474588
5466,44.794424934790804,404.26082418139345
5467,44.78257521421017,404.29055600742794
5468,44.78141444474859,404.3151930826328
5469,44.85126199532975,404.33005885046725
5470,45.00801079936626,404.3328596079453
5471,45.18932632124938,404.3263984667687
5472,45.28379407128233,404.3199141392821
5473,45.21051793087096,404.32432384958634
5474,44.98123019584698,404.344535534567
5475,44.678729429293675,404.3765582457204
5476,44.39160497620473,404.4101066120293
5477,44.19543332766348,404.43391081462966
5478,44.15429297872856,404.4413089921419
5479,44.28306077790421,404.43246600432025
5480,44.52844056675681,404.41175612086573
5481,44.81095898355635,404.38267706034986
5482,45.06920788603977,404.34617086937146
5483,45.26217897739605,404.3034454432619
5484,45.35577266248485,404.25738837763095
5485,45.341653457121296,404.21218917844624
5486,45.2613901520858,404.17338837165545
5487,45.179885242136244,404.14674033268864
5488,45.14445951179691,404.1372768591652
5489,45.17134809688453,404.148836488542
5490,45.24393736393483,404.17930423388015
5491,45.31632640632921,404.2159010592952
5492,45.33597060667289,404.2424756472882
5493,45.280580434205746,404.2536764901778
5494,45.175047961080864,404.2568120970709
5495,45.074982905397626,404.25918027785247
5496,45.02521136796562,404.2605372448074
5497,45.01299375280338,404.2598257770364
5498,44.972804149873454,404.26017166502385
5499,44.854427611467855,404.2651300449288
5500,44.67300027944086,404.2776390829629
5501,44.48870430289745,404.30044601696625
5502,44.36128778890473,404.3322242591843
5503,44.32527201572476,404.3665418051362
5504,44.38350391660647,404.39617509107524
5505,44.52904134595841,404.41765471296037
5506,44.7648826480661,404.4334331714971
5507,45.063173247304384,404.4499261876767
5508,45.33684043398049,404.4716636587902
5509,45.502897060977986,404.49730458914826
5510,45.55059300416756,404.52158302416893
5511,45.52327742341029,404.53779365018033
5512,45.46007544655852,404.53840666206787
5513,45.378857357009544,404.5197412909221
5514,45.294947247649404,404.48722041125086
5515,45.228740416994,404.4511942648835
5516,45.19190856582453,404.41743368748837
5517,45.17391579529216,404.38682748690474
5518,45.15328464066635,404.36342361885147
5519,45.12062843506007,404.3533689219676
5520,45.09212670244354,404.3560840279877
5521,45.107411452025765,404.3660244683517
5522,45.19549289065947,404.37980293894867
5523,45.33951400155676,404.3928892331595
5524,45.48671402551323,404.39573447435885
5525,45.57484859557632,404.3806116884031
5526,45.559516302492376,404.35017663622284
5527,45.45155566107919,404.31830678730836
5528,45.324012725197804,404.300412857251
5529,45.27180759116433,404.3025926713553
5530,45.35543573555451,404.3215604148498
5531,45.56190491235835,404.34929396190034
5532,45.810258169934045,404.37698694155847
5533,46.003712812968374,404.4007478478422
5534,46.087533617140956,404.4236535746371
5535,46.06208613228585,404.45000272513647
5536,45.9545937055145,404.4800909906943
5537,45.78597422097088,404.5126765716912
5538,45.55613785133202,404.5463995297992
5539,45.26024219850862,404.5734692365395
5540,44.914932131715396,404.57936241174247
5541,44.55779223265332,404.5553513553092
5542,44.22717765110885,404.5088662509102
5543,43.955604621111554,404.4602666307283
5544,43.7805779980678,404.428802784353
5545,43.74125901698193,404.42223871993247
5546,43.853126438890655,404.4392163911921
5547,44.10324121227716,404.47340676887086
5548,44.46486779830263,404.51351775968385
5549,44.89623506352624,404.54700006178984
5550,45.34088962201009,404.5666906981944
5551,45.73773199645026,404.57218247935674
5552,46.032264156763034,404.56617895492485
5553,46.19485066938923,404.551954680047
5554,46.2269825743228,404.53477624705374
5555,46.14640574275725,404.5225985712179
5556,45.97047956077271,404.51978770573044
5557,45.71514521612588,404.52196920515144
5558,45.40877817075992,404.5219028901466
5559,45.09994962511702,404.5174555311341
5560,44.851072256350044,404.5109992301112
5561,44.717433203628296,404.5049743380133
5562,44.71421015051368,404.50011380124
5563,44.803767531290106,404.4940965468184
5564,44.92613745176339,404.48166249859656
5565,45.038443917102136,404.45933062792875
5566,45.12454422008523,404.42941733381474
5567,45.19386462904358,404.3993620727249
5568,45.274247084410014,404.37660883653746
5569,45.37642746160455,404.36317696885885
5570,45.46987473729419,404.35887600422205
5571,45.5055323731843,404.3664442582191
5572,45.45044374196257,404.38573947126866
5573,45.30306657273817,404.4069391517385
5574,45.08771170397477,404.4162328066998
5575,44.83511749669457,404.40857380291885
5576,44.57752115490847,404.39199347541745
5577,44.36252002665915,404.3773691099872
5578,44.237185039529415,404.36867957782283
5579,44.21270717933474,404.36576275943577
5580,44.27111896640368,404.36751267777356
5581,44.390582308949135,404.3701546616086
5582,44.5383603437548,404.37195433547834
5583,44.66855512022375,404.377315699817
5584,44.76218085470126,404.38872076515474
5585,44.85103876431226,404.4000697482966
5586,44.975582411743005,404.4039475863203
5587,45.12753860322642,404.4023702802472
5588,45.2543588566549,404.40463084607205
5589,45.31681412682074,404.4153398606095
5590,45.317619274536014,404.4307429119933
5591,45.285344483184865,404.4463590681861
5592,45.25655345714612,404.46264599689374
5593,45.251332956846475,404.483111807616
5594,45.24601768329734,404.5099867965835
5595,45.189012646204695,404.54127800380024
5596,45.05186879403296,404.5709297097338
5597,44.861319978062824,404.5921838210375
5598,44.69462111432021,404.5999675186612
5599,44.6403452033571,404.5916095912576
5600,44.73780195318126,404.5690099547825
5601,44.94604648982475,404.5391574322993
5602,45.17718739457491,404.51003797040187
5603,45.36180028230485,404.48567234952645
5604,45.47843494537141,404.465009330896
5605,45.519696024901144,404.44566193029743
5606,45.45676263157657,404.42835810127605
5607,45.26918413632644,404.4172593312851
5608,44.994000871045515,404.4151326743504
5609,44.71299173824214,404.4190604452646
5610,44.49781531513497,404.42279360422714
5611,44.37502731521087,404.42062831529216
5612,44.331761485752395,404.40831025285723
5613,44.34677365454062,404.38487840655796
5614,44.406369192988095,404.35376073972674
5615,44.497451746217266,404.32070416090556
5616,44.601795343564206,404.2922458861354
5617,44.701387581866165,404.2753577103342
5618,44.798156089086895,404.27579091411974
5619,44.91809804095534,404.29576801008255
5620,45.06840887165173,404.33230167380054
5621,45.20075204166743,404.37670703388267
5622,45.25533128001155,404.4176101076684
5623,45.238240949404876,404.44541366040414
5624,45.21030220926672,404.4547971706271
5625,45.199773989032884,404.44652359325306
5626,45.171274065757395,404.428484650627
5627,45.07960071676705,404.411849206367
5628,44.91833514997896,404.4024807479879
5629,44.720629599406074,404.3990516296375
5630,44.543323055609974,404.3988303407157
5631,44.44382697816065,404.3985141475906
5632,44.44200589545633,404.3944356119942
5633,44.50829304413586,404.38664612462225
5634,44.6002114044729,404.37700424918523
5635,44.69488031497498,404.36712256050396
5636,44.79029891285536,404.3615446892661
5637,44.90048914662537,404.36335718982303
5638,45.04385227263004,404.36705191993985
5639,45.21676987164985,404.3633167236387
5640,45.38229235165317,404.34775284683246
5641,45.49631795864091,404.3227069101516
5642,45.54083592646352,404.29623279442654
5643,45.52234482049451,404.28060471468115
5644,45.44976328220045,404.28727881111206
5645,45.33016782002991,404.3190125922465
5646,45.185600163320444,404.36627495228595
5647,45.05789779369754,404.4164288451253
5648,44.97824888076698,404.4660682181898
5649,44.94014309874899,404.51861798255993
5650,44.914639773020774,404.57482114368696
5651,44.88241847341529,404.62913058220596
5652,44.85350843888815,404.66799787543977
5653,44.86371523136387,404.67360322743104
5654,44.93827493773765,404.6372431235487
5655,45.06181283791234,404.5674225212424
5656,45.193486173005105,404.4840125239617
5657,45.293447729244235,404.40723939239894
5658,45.32909276322928,404.35137361081513
5659,45.27882823052313,404.3257512225585
5660,45.147631829840236,404.3345449268153
5661,44.96739402181886,404.37164897482495
5662,44.771496176650295,404.42185656014726
5663,44.5815258672505,404.47125603166177
5664,44.41044016517675,404.51583545645303
5665,44.26815666144316,404.5597932441206
5666,44.17675437272407,404.60586657092483
5667,44.161613666421424,404.6486756601235
5668,44.21362180810961,404.67707734113293
5669,44.296236901435606,404.68089636114183
5670,44.39140443267731,404.6550635928601
5671,44.50355308764464,404.6003321898177
5672,44.62671770916842,404.52590664889766
5673,44.741945928500336,404.4498500136639
5674,44.85653114843739,404.38896966657944
5675,45.02362156571473,404.34646345020525
5676,45.2970150107712,404.31275383629946
5677,45.658771782086305,404.2799772765122
5678,46.005807983116654,404.25130926276876
5679,46.22203565155497,404.23472871457335
5680,46.254690879776575,404.23571113648995
5681,46.12905497081472,404.2559685945531
5682,45.916408074115274,404.2892619701957
5683,45.6830484727346,404.32078862636
5684,45.45865962604981,404.3394887052352
5685,45.25090719031235,404.34720202989877
5686,45.06604635686079,404.3537055487414
5687,44.91184514044745,404.36922006846874
5688,44.80555941754698,404.39889014430594
5689,44.76879422389755,404.43769114333935
5690,44.81150543216024,404.47255260834515
5691,44.92853034249171,404.49051292513866
5692,45.078395133250524,404.4828826793504
5693,45.169903368111164,404.4461198887865
5694,45.11488572015949,404.3837881618745
5695,44.90360340155202,404.3080547458896
5696,44.625337242127515,404.23864966292393
5697,44.40922409505952,404.19525256693885
5698,44.333118650016324,404.1882036083853
5699,44.3966888054143,404.2188546169085
5700,44.56167300504658,404.28186232401293
5701,44.776266399477386,404.3608425995109
5702,44.98908076669281,404.4302082058156
5703,45.17434271407975,404.46843808356556
5704,45.323319764039596,404.4700978795605
5705,45.4223433763047,404.44627949314383
5706,45.46521389122114,404.4126959828838
5707,45.470879546510574,404.3784436840086
5708,45.473897281817294,404.3481579713097
5709,45.502809954510674,404.3276869942815
5710,45.56933480382223,404.32140367367947
5711,45.66778157683594,404.32927273562484
5712,45.77402638204308,404.3486828831613
5713,45.84878640466692,404.3757274108248
5714,45.846425702642264,404.405491049276
5715,45.726748837572295,404.43204994241637
5716,45.4800002152081,404.44972828086213
5717,45.143779107185686,404.45738734364215
5718,44.78160121712597,404.46024179214004
5719,44.45625966168839,404.46372093658726
5720,44.229692777706155,404.4671231089631
5721,44.150061839912645,404.4653975544738
5722,44.214002432300894,404.4538673483026
5723,44.36588594689916,404.4311079725217
5724,44.55018079840433,404.3991394325778
5725,44.752585603099526,404.36294611137134
5726,44.98462030476148,404.3331875258262
5727,45.24550319094209,404.32523951048046
5728,45.52141954138675,404.34942192041905
5729,45.81479216772029,404.40266414558675
5730,46.1368868237116,404.469930665975
5731,46.44959037980102,404.53254245980565
5732,46.64373855497182,404.5756846103354
5733,46.615788205153024,404.5905111564655
5734,46.35903873083062,404.57489970978764
5735,45.959397355303814,404.53645872294766
5736,45.5141236626707,404.4939953753061
5737,45.0716041214188,404.47175952802235
5738,44.64228425859504,404.4877714917605
5739,44.24282683379072,404.5449510379627
5740,43.920358600667655,404.62921478464625
5741,43.74176327640823,404.71532453471616
5742,43.75347868112884,404.77902000763055
5743,43.947067314108274,404.806981253285
5744,44.272253672389084,404.80041374893113
5745,44.67190416986548,404.7714214695234
5746,45.088908021895236,404.73298100554064
5747,45.45103463332869,404.692846753475
5748,45.67065849317343,404.6561613448968
5749,45.68642211809971,404.6273336035438
5750,45.51089988306768,404.6064880058111
5751,45.21804573637267,404.58910543538525
5752,44.896953265359436,404.5726866564931
5753,44.62494865677324,404.5602153599454
5754,44.44798688042132,404.5541713781107
5755,44.36394531976627,404.5509272390305
5756,44.33123426302132,404.5435874326125
5757,44.30618451408479,404.5265799792515
5758,44.282933307994206,404.49890199367087
5759,44.29187447720965,404.46708739243127
5760,44.360244709921076,404.44019672692616
5761,44.50039197675845,404.419873091183
5762,44.72470173387693,404.4002180627147
5763,45.02299741808795,404.3770259770443
5764,45.326782311020025,404.3544511270522
5765,45.53668481177197,404.34071301682195
5766,45.597692751844775,404.3388080514397
5767,45.5325851171205,404.34788136993023
5768,45.39735381586149,404.37021357130277
5769,45.2169474186973,404.4089450505093
5770,44.98671236905333,404.46013620279774
5771,44.73407843080165,404.5112836490683
5772,44.53763969773442,404.5519721228829
5773,44.47493143230719,404.5831428064214
5774,44.56678906855743,404.6104370579638
5775,44.758754449849334,404.6339125074074
5776,44.95538959246182,404.6477245710726
5777,45.086751650128825,404.64673084283464
5778,45.13809071860993,404.6326789042329
5779,45.13404785629911,404.61205943778526
5780,45.11607042439903,404.58872609155287
5781,45.12049809408519,404.5624834642743
5782,45.15797793208237,404.53180040678944
5783,45.208514040199354,404.49636920126454
5784,45.24491947674017,404.46000302298864
5785,45.256354530128895,404.42888889501234
5786,45.24607388014257,404.4062101354254
5787,45.22864450530285,404.39008137522677
5788,45.224097233652316,404.3757540651075
5789,45.23319450731139,404.35878731834697
5790,45.22156887183336,404.3371440231903
5791,45.131995611890375,404.3142737299528
5792,44.92217660096617,404.29754348702375
5793,44.60757506002456,404.2882349306269
5794,44.25666117427702,404.27939970207495
5795,43.93326849501318,404.26590412419773
5796,43.65670863237983,404.2477598839888
5797,43.41751612592813,404.2248579513255
5798,43.216042660565826,404.1974246320882
5799,43.07919123661451,404.17035190400236
5800,43.04198703740365,404.15120121740904
5801,43.11909549221549,404.14392434983563
5802,43.30062876109963,404.1473264911166
5803,43.562933377915314,404.15975337077657
5804,43.86841726711643,404.1823112972153
5805,44.17474268705461,404.2172768510906
5806,44.459663942683946,404.2649685918444
5807,44.721728615251685,404.3201347076418
5808,44.96237483659809,404.37210158006656
5809,45.186785813882764,404.41206291923766
5810,45.403058669507026,404.43753921180496
5811,45.60191860025097,404.449438544733
5812,45.74233726416153,404.4499261040249
5813,45.76239934294478,404.4416963797561
5814,45.625272445809564,404.4278801784521
5815,45.36324655426687,404.4146438673131
5816,45.07065106784821,404.4084645676631
5817,44.858572034013804,404.40686962147294
5818,44.8012170742441,404.3980999853487
5819,44.90474995744414,404.3732121965557
5820,45.122134797127785,404.3354212720933
5821,45.38709025194521,404.29815305809956
5822,45.6341365812728,404.276326429581
5823,45.807006204817775,404.27736717929264
5824,45.86752961523082,404.2971352827328
5825,45.81151372221861,404.32383585294866
5826,45.67216975035339,404.34795620784047
5827,45.49395305612201,404.3684470273857
5828,45.30693933960066,404.3877184815953
5829,45.12129271584436,404.40483950034127
5830,44.92817300932047,404.4158760497752
5831,44.71022568903058,404.41572008732084
5832,44.47178686561785,404.39978406059555
5833,44.25855578990749,404.368429944069
5834,44.12447898337635,404.32952035358505
5835,44.09096246235398,404.2961389219496
5836,44.15955192704648,404.2813573041924
5837,44.325738031943665,404.2909918034589
5838,44.5528076266532,404.31965275752646
5839,44.76741871704449,404.3561653568367
5840,44.913041273457374,404.3901900778734
5841,44.99459093709023,404.4122026398715
5842,45.050227606382855,404.4156812500422
5843,45.0952902590963,404.40180974146847
5844,45.10685545389022,404.3771819645853
5845,45.052954409710566,404.35016192456027
5846,44.942209898606826,404.3298998375029
5847,44.84234588136672,404.3222468880588
5848,44.82563818787374,404.32844126023434
5849,44.90540764111636,404.34773266314613
5850,45.046772223955095,404.3745645725197
5851,45.207971396789496,404.39681577500437
5852,45.34573854398864,404.40167184611425
5853,45.41663624918518,404.3825499435771
5854,45.39402755310817,404.34377002239694
5855,45.28008440107599,404.3014985058809
5856,45.119871237647246,404.27783421284556
5857,44.98569260917108,404.2889007288071
5858,44.92085001692008,404.3350329347158
5859,44.92088642956415,404.40088490968867
5860,44.96361542074844,404.4642788705236
5861,45.02655044723119,404.5072707950533
5862,45.089964662093905,404.5226826128964
5863,45.14401350885331,404.5128632139879
5864,45.17941118684366,404.48364378751063
5865,45.17747016942955,404.44127064892655
5866,45.12552084377727,404.3956439919108
5867,45.02378222336943,404.3610574172764
5868,44.8777479963107,404.3481722035165
5869,44.701907265398745,404.35600556523167
5870,44.523699236375656,404.3735088793975
5871,44.36964828798055,404.389259716439
5872,44.25272547079318,404.39955052316054
5873,44.18744235608502,404.4063070477117
5874,44.201312241142446,404.4115542270947
5875,44.31778506091777,404.4184194343971
5876,44.544518329028676,404.43019195801617
5877,44.86362678006758,404.44418321794467
5878,45.20741176822307,404.453799453965
5879,45.47416346952716,404.45695085042314
5880,45.59780727272977,404.4568119249538
5881,45.57969968515017,404.45556771306735
5882,45.4481125812503,404.4516843761927
5883,45.225517426942524,404.4427219459909
5884,44.94102312322306,404.4279643768941
5885,44.64072565468739,404.4085396789385
5886,44.37486067507244,404.38602525160985
5887,44.19288035822631,404.36395885607214
5888,44.1538544395301,404.3510451123336
5889,44.30618026927193,404.35510540649835
5890,44.63457884857227,404.3740303181368
5891,45.050266453432954,404.39841629756086
5892,45.44215896148782,404.4188832586707
5893,45.72486029437434,404.4298596963472
5894,45.86367111597295,404.4325103860788
5895,45.8855473813646,404.43391711878513
5896,45.84300683453005,404.4402496791386
5897,45.75698578501662,404.4515494831784
5898,45.62412749994507,404.46300731288204
5899,45.46972602119675,404.4697461178215
5900,45.35202507718329,404.47144499749726
5901,45.30501408012825,404.4716550631482
5902,45.305003441750365,404.4717389280963
5903,45.30911042490385,404.4683062966852
5904,45.305795728702414,404.4560979690522
5905,45.308582370136435,404.43145033832474
5906,45.311647420336676,404.3953483332254
5907,45.28256767061426,404.3544905025487
5908,45.202390269928614,404.31870227228296
5909,45.09003379032072,404.2964208836004
5910,44.98981525413653,404.29132720978697
5911,44.94363853209824,404.30341934239965
5912,44.96127527661846,404.3315754228404
5913,45.01173626759366,404.3709803698524
5914,45.053001168688915,404.41120418439203
5915,45.07371571725666,404.44445517325505
5916,45.10481618674382,404.4732199806867
5917,45.182872310825196,404.5036852797613
5918,45.29672963448678,404.5352358381378
5919,45.39475680475593,404.55955846510165
5920,45.45374786606646,404.5673089834942
5921,45.499578442339114,404.5553351663129
5922,45.5499711483355,404.5297703163736
5923,45.58016405604182,404.50454315289187
5924,45.560026880824395,404.4950870637545
5925,45.48956645908457,404.50759026900454
5926,45.37676272637148,404.53284413545913
5927,45.21507859437725,404.55233624071695
5928,45.0070679225972,404.5513003407082
5929,44.78552681569832,404.5276676243105
5930,44.598000507854444,404.49035355527644
5931,44.47374609132355,404.4514675878524
5932,44.400114634246975,404.4213688803275
5933,44.33247509871223,404.40651696980825
5934,44.239676150915145,404.4071356138108
5935,44.154219264258884,404.41737419142123
5936,44.16590127664292,404.42860734280816
5937,44.33246568428475,404.433794285895
5938,44.613827233189774,404.4312491834281
5939,44.92303986631898,404.42444842273784
5940,45.20426245228911,404.41976327236733
5941,45.4395648860834,404.4247351087069
5942,45.610403121012155,404.4427354184787
5943,45.67561572645473,404.4672485022652
5944,45.59673250233159,404.4855250995649
5945,45.379070955755665,404.48905345150575
5946,45.0868871399821,404.47877373841715
5947,44.829164895208166,404.4613535678416
5948,44.70726116309921,404.4436764271487
5949,44.7491553985278,404.4303224388108
5950,44.90083550018137,404.42255895738253
5951,45.08252293052177,404.4192956810508
5952,45.252106418775156,404.419117676155
5953,45.4208185959323,404.41884173264344
5954,45.60105389302555,404.41276968187697
5955,45.75350662268702,404.3986009470786
5956,45.81553094280105,404.38306838036186
5957,45.76641110861567,404.37899272038334
5958,45.643858531832834,404.39553492611617
5959,45.511465840723034,404.4293489203718
5960,45.41576428635868,404.4643633404304
5961,45.36023343284161,404.4817738641886
5962,45.31693677673522,404.47271892668124
5963,45.27035955440196,404.4432384542656
5964,45.23437906650985,404.4087433484212
5965,45.2097423418116,404.3864358111306
5966,45.15754125302064,404.39010332716344
5967,45.036583284412046,404.42225203042955
5968,44.842621506435485,404.4714453850339
5969,44.61108848061916,404.5240522258066
5970,44.3962475700192,404.5739253908663
5971,44.23736312010041,404.6165161696086
5972,44.14438461965766,404.64146525505015
5973,44.11658421721707,404.6369532468893
5974,44.159179847231044,404.5999353554469
5975,44.28107416517476,404.54222840093394
5976,44.47433552188654,404.48579393980276
5977,44.691956479959295,404.4464932948061
5978,44.86408190185203,404.4226980876399
5979,44.94324916901082,404.4049492037936
5980,44.93119215193215,404.3908715577795
5981,44.87063039097234,404.38335608918015
5982,44.81057190265034,404.38163218581184
5983,44.77388028190417,404.38178078490427
5984,44.75644982517034,404.38418619379877
5985,44.743572270987414,404.3966304846097
5986,44.72115111081412,404.42725611459906
5987,44.69893811715415,404.475834192957
5988,44.72966305565053,404.5333801629297
5989,44.87428252333058,404.5861812989994
5990,45.13616625214375,404.6210130270384
5991,45.42922654677522,404.6329733214204
5992,45.62787223421407,404.6289765547234
5993,45.66707765064795,404.62171102071426
5994,45.57828498668304,404.6194377074089
5995,45.44782919223645,404.62162668433166
5996,45.37011714318102,404.62377516959594
5997,45.404689641500376,404.62262842861475
5998,45.54170987903515,404.61629401491433
5999,45.71627877191099,404.6025882413668
6000,45.86674781662646,404.5810322003584
6001,45.96216100593647,404.5590264611605
6002,45.97979727602397,404.5517474248514
6003,45.90594349898339,404.56925055605825
6004,45.75839893042867,404.6030936462877
6005,45.57607284965164,404.6303976321131
6006,45.40140475886117,404.63243858621865
6007,45.27957354200713,404.6068913605597
6008,45.246857115965504,404.56512369262566
6009,45.312823596962396,404.5230060387143
6010,45.463604127369614,404.4926135748573
6011,45.68158665870377,404.47588229319797
6012,45.948992383193044,404.46445027869686
6013,46.221553644061444,404.45037432147603
6014,46.429692019262745,404.436615968074
6015,46.529637514788156,404.4347959618134
6016,46.52397977294255,404.4568304384208
6017,46.44005070860097,404.50803671118996
6018,46.31579152715506,404.58257058619654
6019,46.18156167011351,404.66561671190055
6020,46.040185069770835,404.7415623689692
6021,45.875148987289975,404.7975796970533
6022,45.67884390435212,404.8227975539302
6023,45.46842025191065,404.81298175049994
6024,45.27286382462087,404.7737985527015
6025,45.107867095582066,404.7159237816354
6026,44.96888152035426,404.6512112567022
6027,44.85627069481392,404.591156485524
6028,44.79546867810487,404.5436436284908
6029,44.805441409832824,404.51177799962454
6030,44.863954217642906,404.49664265007254
6031,44.936660793413246,404.49878495963037
6032,45.01935258375533,404.5139532635864
6033,45.1236985634977,404.5304669718684
6034,45.235093939700626,404.53828601216793
6035,45.302259317830405,404.53934942029434
6036,45.268312498031385,404.544242047665
6037,45.11663788423641,404.56058883538407
6038,44.888910974542505,404.5860458744504
6039,44.65436890858297,404.61156512764114
6040,44.47183825703556,404.6298353717578
6041,44.37542673368881,404.63868676695944
6042,44.37149902793344,404.63766509563874
6043,44.44044219564943,404.6251037556623
6044,44.54782942966153,404.6019666966351
6045,44.66759279821583,404.57789334875713
6046,44.79005362672774,404.5682036211134
6047,44.90977430137078,404.5823856239839
6048,45.032850755904626,404.617252517232
6049,45.18133945360347,404.6603556964799
6050,45.362968438127794,404.69738533336476
6051,45.548957467459815,404.7188107309819
6052,45.68924165905077,404.72253260548956
6053,45.74358551345841,404.71030645472047
6054,45.69715089068761,404.6858437791615
6055,45.557128247210194,404.65841028498176
6056,45.35447116026071,404.6405763847662
6057,45.14988603138856,404.6378843019391
6058,45.00878915735602,404.6436619500342
6059,44.944665024804564,404.6471680941427
6060,44.90978782145618,404.64745915736853
6061,44.85576433385806,404.6552462419074
6062,44.763704899892026,404.6798671238789
6063,44.62794339371464,404.72068553054044
6064,44.46665897190564,404.77165565322724
6065,44.33516951793245,404.82450151522886
6066,44.294068632603164,404.865532859105
6067,44.372402528304754,404.8784631563957
6068,44.566109074800494,404.8516835166251
6069,44.84389027221324,404.78064586773843
6070,45.13809775053607,404.67108514517076
6071,45.359521301831016,404.5435045114515
6072,45.45216943416206,404.42596351920446
6073,45.427299464224006,404.3393324277303
6074,45.342967666811624,404.29247518881516
6075,45.26895812102688,404.28645556709546
6076,45.257124350332234,404.3161370037153
6077,45.31388759998526,404.370615621001
6078,45.40229366556171,404.43846827625583
6079,45.483550973267405,404.51134861444547
6080,45.54793397822649,404.58065237761883
6081,45.59676386294884,404.63576836900677
6082,45.613745796526985,404.6697351356109
6083,45.56701441391163,404.6854934305631
6084,45.42981320276624,404.6935230396867
6085,45.20829146497967,404.7023764486118
6086,44.95938974896654,404.712017957039
6087,44.75509028065341,404.71603909163105
6088,44.61916908403455,404.7099227261457
6089,44.521980512021095,404.6949000781934
6090,44.42925317511042,404.6736744070375
6091,44.33838102712337,404.645753018063
6092,44.28264927352328,404.6067422545504
6093,44.30359314242357,404.5519191733612
6094,44.40740110028016,404.4830678843517
6095,44.55661065413865,404.4121029748555
6096,44.700434326402544,404.35492198942984
6097,44.80501281632034,404.32046206060085
6098,44.86727087630639,404.3081627753286
6099,44.89769528452182,404.3137570243813
6100,44.896256230282376,404.3334466636683
6101,44.86599363604655,404.3641303906325
6102,44.83003149414855,404.40141329370584
6103,44.81290973880159,404.43964977879745
6104,44.82167577032148,404.4755849726408
6105,44.853192116605,404.5101869282706
6106,44.90534735684354,404.54622425580857
6107,44.97193429466113,404.5831637685092
6108,45.02994778651247,404.6150302012009
6109,45.04792498714617,404.6364510022361
6110,45.02271586532155,404.6490876085953
6111,44.999813660505,404.6581433428427
6112,45.03767340382067,404.66551524056445
6113,45.15187941675337,404.6699642866608
6114,45.30254918410192,404.66832323232524
6115,45.43242093899969,404.65525724844105
6116,45.5208184790043,404.62915413075183
6117,45.60079830102362,404.5956799844446
6118,45.71059469378054,404.56179029920054
6119,45.84502135462995,404.53241458710454
6120,45.971820353662714,404.51148391907077
6121,46.06561683328493,404.4992871558655
6122,46.09793351063199,404.492737167188
6123,46.02106775494752,404.49158325943495
6124,45.8087272331863,404.4985209144618
6125,45.50656374194493,404.51247454986026
6126,45.20460248746553,404.5272946158287
6127,44.96465135215824,404.53648966310374
6128,44.79683353915818,404.53771615456117
6129,44.68710223033756,404.5336658909486
6130,44.61802893034382,404.5264293882876
6131,44.580683237613634,404.5142500248873
6132,44.593845808803145,404.4982807049374
6133,44.692502042400044,404.4859084515567
6134,44.8794185285848,404.4831601613731
6135,45.10210948007966,404.48859796392475
6136,45.29149858338213,404.49466311587673
6137,45.41537313209893,404.4914468859345
6138,45.47834965488574,404.47215356617306
6139,45.49895955189738,404.4374670248635
6140,45.511295587899944,404.39343031322136
6141,45.555401611511556,404.34753768708816
6142,45.64800398240452,404.30884255580395
6143,45.767695959354754,404.28731913370876
6144,45.87379707845309,404.2873515717316
6145,45.943789964637425,404.30284864731897
6146,45.981094652361406,404.3227583933821
6147,45.98717956821508,404.33922294491657
6148,45.937104162539185,404.34983916041676
6149,45.792018631481156,404.3584581001088
6150,45.54202726566468,404.3745038801292
6151,45.23053719696147,404.4058995378241
6152,44.94038887334673,404.4526890118831
6153,44.75080936043024,404.51076812250795
6154,44.68302217355186,404.5790616163674
6155,44.694517827969534,404.6574750747729
6156,44.73269284240952,404.73828998357453
6157,44.76516002907328,404.80493845638983
6158,44.77396727200748,404.84019297330514
6159,44.77182507718218,404.83579090736475
6160,44.80856350069383,404.79857986161693
6161,44.92287358464128,404.74752575780883
6162,45.11120151791942,404.70262315929295
6163,45.35051827982878,404.67594350836157
6164,45.60567043894546,404.66979320800766
6165,45.82133399088876,404.6787815470967
6166,45.94397927705838,404.69270715087737
6167,45.95008504718734,404.70153964191775
6168,45.84979051953616,404.69915376471425
6169,45.672081479039996,404.68311526297214
6170,45.448488080053465,404.65677129962006
6171,45.20030298889335,404.63057361731387
6172,44.943064764507994,404.6161928509692
6173,44.71761056092616,404.6204471591156
6174,44.585967189578895,404.64251290756346
6175,44.56989560621593,404.67253079343396
6176,44.62540392845617,404.69616732306
6177,44.687093927683165,404.7028081032115
6178,44.715177593690704,404.6890206962663
6179,44.70418411510862,404.65851763889407
6180,44.67658501499672,404.6193530137789
6181,44.673192410776196,404.5774443359474
6182,44.717531217099776,404.53405424772063
6183,44.79193658150303,404.49090054648036
6184,44.861914151197155,404.45421318961235
6185,44.893820164937935,404.4299570392437
6186,44.84967973407176,404.41791168039975
6187,44.70586535150948,404.41486376754193
6188,44.48322110349698,404.42092764256694
6189,44.24118508304121,404.437170686343
6190,44.03550084082723,404.4576137910762
6191,43.89004722189735,404.47036130995
6192,43.81623624062776,404.4683535130919
6193,43.83005897917567,404.4569500761887
6194,43.93007732373173,404.4505787079793
6195,44.08468338225204,404.45933818196426
6196,44.25438152392429,404.47707140483453
6197,44.41554306444791,404.48571813921274
6198,44.55817626364593,404.47314226228036
6199,44.67253384074048,404.44147065185257
6200,44.75659213225856,404.39892095062424
6201,44.83557572166564,404.3542431053621
6202,44.9559506202308,404.31772570987135
6203,45.15438700369204,404.29653767874464
6204,45.437699220908634,404.28928692777606
6205,45.77612740402231,404.2887679917793
6206,46.098897658814586,404.2872732329739
6207,46.32521072205337,404.27981828234414
6208,46.416967377004866,404.26717813198144
6209,46.38730255409801,404.255872910977
6210,46.27737036247548,404.252619187354
6211,46.13318310566845,404.26113489782585
6212,45.9759904530603,404.2838879264182
6213,45.7989237583505,404.32232786126724
6214,45.608216114006034,404.37662729045655
6215,45.4389388357312,404.4443261786432
6216,45.305485447708534,404.51508523801306
6217,45.16618217786199,404.57167720969267
6218,44.965658783784036,404.60119615498724
6219,44.70336494882583,404.60316091618193
6220,44.44250659522706,404.586468066372
6221,44.25354774541632,404.55999229930796
6222,44.17382251913163,404.52659630051164
6223,44.21346278775935,404.48626661309527
6224,44.359334075776374,404.44262461740607
6225,44.571468366509734,404.4037312215728
6226,44.79826666970246,404.37610912278393
6227,44.99788671768329,404.3587646779953
6228,45.14214420799756,404.3448472208588
6229,45.21430455383624,404.32990056135526
6230,45.21620884672128,404.3171030996822
6231,45.16408649054981,404.3139495542503
6232,45.067965341984916,404.3251954510641
6233,44.92564397803936,404.3508855777709
6234,44.74265233169224,404.38970685480064
6235,44.553647764089924,404.4391827458417
6236,44.41133341882081,404.49247043008444
6237,44.34555622831713,404.54019022121327
6238,44.33563787308752,404.5769349220842
6239,44.3288372563383,404.60306997698586
6240,44.282851670917694,404.62123433197553
6241,44.182360057054396,404.63374339354937
6242,44.03776372627776,404.63909662744084
6243,43.88810171149642,404.63124002762254
6244,43.77874910111265,404.60878816282036
6245,43.72374353957909,404.58043831835334
6246,43.70800017648945,404.5556877934992
6247,43.71999484666152,404.53513111435274
6248,43.7648427915676,404.51088807027804
6249,43.85473990916847,404.47297248564206
6250,43.99944342353765,404.41689628667115
6251,44.204516934943136,404.34857088403186
6252,44.47223801609941,404.28341060556244
6253,44.792472397998004,404.23888196060904
6254,45.119308300984486,404.22448586799356
6255,45.372938917745174,404.23841307024907
6256,45.49170952580672,404.27209060837436
6257,45.46664415460295,404.31491433808105
6258,45.3319071340944,404.35630722723306
6259,45.15649558710977,404.38749368602214
6260,45.02056000502401,404.40563310760604
6261,44.96994228862812,404.4163077559115
6262,44.99177516205402,404.4258180084433
6263,45.02965790221103,404.43190187139163
6264,45.03364160294508,404.4279997766023
6265,44.99383375841026,404.41307379815
6266,44.92859700933596,404.394264608152
6267,44.878149800918806,404.3831498933925
6268,44.89625386908307,404.387775723878
6269,45.00585616369277,404.40674077152556
6270,45.173386987446584,404.43304513448294
6271,45.33115426484995,404.4593399880406
6272,45.40717112533997,404.4770415297728
6273,45.34569790002582,404.47888678973777
6274,45.13075788227242,404.4637841330807
6275,44.80526395638169,404.4336998412665
6276,44.462017542441956,404.39053274380876
6277,44.21035292957413,404.33937370504106
6278,44.13328934586283,404.28927036650026
6279,44.237398944813705,404.25049558060437
6280,44.43931713172669,404.23222530890166
6281,44.63139415559285,404.2376954388653
6282,44.756174961491524,404.2602847547732
6283,44.80763605384765,404.28585505522045
6284,44.80323388266321,404.3007151417039
6285,44.779589266087804,404.30280846514125
6286,44.78348746050281,404.30384027391625
6287,44.85183784947692,404.3162857515681
6288,44.995900919568996,404.34336884472
6289,45.182938968243676,404.38277079582394
6290,45.35302973450837,404.4300103328317
6291,45.4735225751408,404.4762828903132
6292,45.542124746685914,404.51120061712226
6293,45.54502768670973,404.5281037570169
6294,45.45832192498239,404.5247664659046
6295,45.292645638593626,404.5035890144767
6296,45.110968664835596,404.4731998664513
6297,44.98176489330981,404.4445316984208
6298,44.93100378943766,404.4221160827957
6299,44.95346836135183,404.4033430307168
6300,45.03732243982934,404.3857031294782
6301,45.165758431845866,404.3698265664326
6302,45.313034279151225,404.3575247984705
6303,45.442922564035875,404.34861541425715
6304,45.513620977293996,404.3388593030862
6305,45.49630165832378,404.3239280159529
6306,45.39309327326871,404.30498463949107
6307,45.222703233829215,404.28723740901853
6308,44.99206384402952,404.27481376530244
6309,44.70225306541181,404.2705461218989
6310,44.380719218892565,404.27833402109434
6311,44.1051120988192,404.2990405937816
6312,43.980557876681644,404.3240717234199
6313,44.06428315845468,404.33871290064735
6314,44.32054392153361,404.3344361692952
6315,44.6502064699687,404.3170458782685
6316,44.94676580559822,404.3026275235968
6317,45.14897205657117,404.30502946754274
6318,45.246850535334346,404.32429875881786
6319,45.240126865822596,404.34884938262314
6320,45.139936683711205,404.3704722040782
6321,44.98976610707739,404.39011231457914
6322,44.8351400540607,404.4110287886948
6323,44.70176516869586,404.4387227374435
6324,44.61413624532851,404.4821828218241
6325,44.60065201374337,404.54394057200517
6326,44.67128414167717,404.6150535307682
6327,44.80880513128682,404.68191775668805
6328,44.986243218011715,404.7307659361901
6329,45.17970724889301,404.75049688529043
6330,45.37225016985343,404.73764692714406
6331,45.55568048493056,404.69741710193614
6332,45.726513529610244,404.64121655719623
6333,45.88478821727784,404.58117428752723
6334,46.024168982969115,404.5252442690938
6335,46.115813169230364,404.47850706302853
6336,46.12510032056638,404.44326156117586
6337,46.04531008355749,404.41709000850824
6338,45.90874857422458,404.3969179346875
6339,45.772569163312696,404.3835858834685
6340,45.674996985047194,404.38008991914813
6341,45.59997609369291,404.3897610607446
6342,45.505824736950494,404.41658626562526
6343,45.38893339105051,404.4623350374614
6344,45.30441641770799,404.523145186468
6345,45.3095704604662,404.5896074810589
6346,45.398006529906866,404.6482463278141
6347,45.50811449369402,404.68404493907985
6348,45.576662404643656,404.6863398616208
6349,45.5688188432384,404.65755558972637
6350,45.479135472437726,404.6147996749908
6351,45.324368307949314,404.5770297488508
6352,45.137949120495804,404.5510353862928
6353,44.96535421825591,404.52973932710455
6354,44.847916354112016,404.5019545237003
6355,44.80068378518633,404.46576792299686
6356,44.816732528901284,404.4308587073518
6357,44.89379590768948,404.4074951729124
6358,45.0353139447869,404.3991124359179
6359,45.225028802848904,404.40502182543577
6360,45.42207842419267,404.42360342953526
6361,45.58273667109446,404.4502401084601
6362,45.67496864560771,404.4752122363166
6363,45.68366895776454,404.48831572326156
6364,45.624954902273714,404.48707494268757
6365,45.54938559258485,404.4799792163225
6366,45.51041185395492,404.4820706097264
6367,45.52105888383756,404.5055320438495
6368,45.53918127015283,404.55177240691893
6369,45.49138225363917,404.61139709940744
6370,45.32746068904044,404.6695794767752
6371,45.074601530732465,404.7125503395563
6372,44.82422377192179,404.7347464283167
6373,44.65545971759125,404.74130992137225
6374,44.581875889552215,404.7425150032867
6375,44.55973688409312,404.7453727328741
6376,44.527438025956606,404.7490437120385
6377,44.44431623990426,404.74810876346896
6378,44.31641317528363,404.73965801325284
6379,44.196937015362096,404.7269927308277
6380,44.16606079906752,404.71776733939595
6381,44.288459349207706,404.71820500283474
6382,44.55142125237508,404.7293821074091
6383,44.86225890842961,404.74722174445725
6384,45.122511181000505,404.7633920530221
6385,45.274956622155365,404.76899927453417
6386,45.29891847805601,404.7584858453103
6387,45.20189186749865,404.7291114664346
6388,45.01978648326853,404.6804514429943
6389,44.82183418571397,404.6168407827253
6390,44.68694100194898,404.54786060497827
6391,44.66188564012259,404.48448792045724
6392,44.75930707894673,404.43547323736175
6393,44.958894325163385,404.4055037580944
6394,45.186230917626766,404.39324525933733
6395,45.34172372875742,404.3922458296791
6396,45.36937076554701,404.39560023475593
6397,45.28446468985077,404.4004537960147
6398,45.15900981596477,404.4085105725173
6399,45.08346174187242,404.42159597789066
6400,45.11153814126277,404.4392024258308
6401,45.23468926131141,404.4609936461323
6402,45.40636369330348,404.4861518855376
6403,45.57789115313269,404.51038260205115
6404,45.711921430763766,404.5288154944883
6405,45.776363392448935,404.5398501586692
6406,45.74968075055943,404.54398757799714
6407,45.638614131502706,404.542915498858
6408,45.47225218133697,404.54140573013973
6409,45.28552976488066,404.54885130464686
6410,45.11797278747412,404.5759014609787
6411,45.00408976442125,404.6256074688023
6412,44.958673442385326,404.6877506268298
6413,44.976415224163375,404.743320403585
6414,45.03441735767287,404.7751755201902
6415,45.105775160749815,404.77732411003507
6416,45.18567487016982,404.7585550995962
6417,45.28710847985221,404.736286576377
6418,45.40364701181515,404.7226471532722
6419,45.490515262902335,404.71728188766247
6420,45.48706934475901,404.7128844087792
6421,45.35859965852202,404.7014795216956
6422,45.125251316410726,404.6759523453443
6423,44.86432958130018,404.6337998809709
6424,44.67148328157041,404.58299288512745
6425,44.59516325844788,404.541175123541
6426,44.61384759951858,404.5259242534249
6427,44.67064728342517,404.5442202596357
6428,44.71139746581649,404.58944330443865
6429,44.70258084874307,404.64534121613565
6430,44.634681747029276,404.69141061596
6431,44.51803701073224,404.7082972898013
6432,44.38456161128855,404.6855837787413
6433,44.28523209545131,404.62906011843705
6434,44.26478096543116,404.55788713645336
6435,44.33422839828366,404.4920701891694
6436,44.46583517608666,404.4439643123962
6437,44.60974306500061,404.4190772225967
6438,44.716206225294016,404.4183102550281
6439,44.74737697232787,404.43765900101687
6440,44.67983225743391,404.47029231032747
6441,44.50803453301847,404.51123680803823
6442,44.255831988087635,404.5572185415176
6443,43.98173181276918,404.6011535428699
6444,43.7661416851895,404.6309914948381
6445,43.69090350600893,404.6367740401565
6446,43.801736541353435,404.6163632654747
6447,44.0745444229854,404.57507372251445
6448,44.43224721921947,404.5258941080405
6449,44.77819910203513,404.48708151752305
6450,45.017941218509044,404.4689531213541
6451,45.098482305174194,404.46346027417104
6452,45.03011443900276,404.4537918725691
6453,44.85594791625407,404.4321628957251
6454,44.63256350402172,404.4040928558004
6455,44.435718155058524,404.37953594106534
6456,44.330218143100424,404.36532431235673
6457,44.333269047144206,404.3651280062181
6458,44.42800572913734,404.37950509307353
6459,44.58991794603411,404.40226984295117
6460,44.79042720567918,404.4224596458712
6461,44.99892156313912,404.43245598192055
6462,45.18700292644924,404.43140482459796
6463,45.32228346690548,404.42306672991975
6464,45.372331906180804,404.4118762427009
6465,45.32225252838997,404.4001175017812
6466,45.18156183311491,404.3916403041489
6467,44.98348254761257,404.393839996364
6468,44.77729923342078,404.41050347395185
6469,44.606083024432095,404.43658847398876
6470,44.487742696043235,404.4587027678408
6471,44.42601725909495,404.4611262268532
6472,44.43840552668756,404.4378278984282
6473,44.54639025789186,404.39537432280366
6474,44.73871191134712,404.34290467060447
6475,44.9766343409344,404.2874104403032
6476,45.22352042996126,404.23786673874827
6477,45.44769800721111,404.2054800222957
6478,45.62231777142667,404.1971952226151
6479,45.740622784848966,404.2120651579689
6480,45.8186182330075,404.2458754633407
6481,45.88065815800102,404.2935116693733
6482,45.95252117162592,404.34568652481295
6483,46.05972002294506,404.3919482449273
6484,46.20671247062326,404.4287974664072
6485,46.35800223778358,404.46127027940724
6486,46.461880202569134,404.49483187248774
6487,46.48068311951446,404.52633462637823
6488,46.39367848342407,404.5457537214917
6489,46.19842092766734,404.54642326062105
6490,45.89978965921434,404.531438328327
6491,45.51070052395653,404.512072429575
6492,45.09728637157599,404.5016815662099
6493,44.77226741918462,404.5091516373438
6494,44.60814526794681,404.53705127487393
6495,44.59245966772643,404.5828191507288
6496,44.6635338546482,404.6369686816753
6497,44.76231742716572,404.6833310412615
6498,44.86385421163156,404.70624083767734
6499,44.97681803501451,404.69711683284436
6500,45.11414374859727,404.6554254211042
6501,45.26651028828898,404.5882032507242
6502,45.41172552773334,404.5097407509768
6503,45.542825045205916,404.43782373380526
6504,45.659596987888776,404.38720787863446
6505,45.745749814415625,404.3644409648907
6506,45.786518420037964,404.3669178085805
6507,45.785605117758,404.38844826807684
6508,45.75048497658692,404.42380318265987
6509,45.683767028363505,404.46481251467407
6510,45.583679189775246,404.5006765087201
6511,45.44151967517439,404.5279215871343
6512,45.24988754321396,404.551469966392
6513,45.01466384259715,404.5742715934241
6514,44.75024185463128,404.5938913911881
6515,44.46810981901898,404.60675421677774
6516,44.186493999928345,404.6102268756297
6517,43.94791238694942,404.6036544611922
6518,43.806208488011265,404.5899577924939
6519,43.79946990146897,404.57579840620446
6520,43.9370851227136,404.56841139442685
6521,44.19074094668079,404.5696647042724
6522,44.503213269266915,404.5741786256318
6523,44.82154384695771,404.57500934430544
6524,45.111626173724986,404.5710725826422
6525,45.3450006540533,404.56911184146657
6526,45.49602040246252,404.5774702428559
6527,45.55755090073449,404.59864932341725
6528,45.542567390365136,404.6275571631266
6529,45.46806867690817,404.6536803365595
6530,45.34681053955008,404.6670478512378
6531,45.19129195680628,404.66398458167106
6532,45.02607279872143,404.6455623502053
6533,44.888340221724775,404.61428951047674
6534,44.80356791297339,404.5759908534954
6535,44.76425265662742,404.5409715197404
6536,44.73971952893712,404.5186754111692
6537,44.70780888676061,404.51293268192626
6538,44.66102938250181,404.52346829967166
6539,44.589052357750994,404.5478233018925
6540,44.489305757605294,404.5816810070885
6541,44.385691289871374,404.62003149887636
6542,44.31383694844725,404.65720175793757
6543,44.295340596910904,404.6865413687647
6544,44.33962602380315,404.7021321018635
6545,44.4645548478306,404.7002238370901
6546,44.6891140031104,404.6809793119675
6547,45.00236277321342,404.649976995585
6548,45.34729823111035,404.61365607784
6549,45.626437460838034,404.5745534287565
6550,45.74252173579833,404.5338006551507
6551,45.658074495358825,404.4942669667786
6552,45.417343324441205,404.46061549516196
6553,45.12405355249428,404.4382048298333
6554,44.887106134615166,404.4317357994106
6555,44.76028042172105,404.44349974783455
6556,44.738214982695986,404.47071236329947
6557,44.80372978522566,404.5069750123547
6558,44.94825175826576,404.54725008299704
6559,45.142636672551276,404.5871514282252
6560,45.328756147611266,404.6195791914547
6561,45.45417303893156,404.6375213649824
6562,45.47975772483195,404.6380870870026
6563,45.36951270376846,404.6225565597813
6564,45.118044606755824,404.595516789029
6565,44.77775087500988,404.5612713342694
6566,44.449057665210795,404.52068998577334
6567,44.24325182944841,404.47539420229566
6568,44.22407070497073,404.4314426169874
6569,44.35767668006245,404.3966466836362
6570,44.5266923021934,404.37697875907656
6571,44.61842075680633,404.37338646698123
6572,44.599808370203206,404.38089053142386
6573,44.51236016629035,404.3925282522657
6574,44.43028213332806,404.40198398703774
6575,44.41615929496615,404.40453719904303
6576,44.48920923634049,404.39941056692703
6577,44.644634924137506,404.3885287681621
6578,44.88696488087949,404.3738407742322
6579,45.209131196345666,404.35826238265184
6580,45.55526463826734,404.3451741373297
6581,45.836660159757876,404.33486985596915
6582,45.97668219129898,404.3247284643899
6583,45.935028026673436,404.31279361738706
6584,45.722141437630476,404.2986990750309
6585,45.40588337011033,404.2836789468768
6586,45.08760344219969,404.27145088244635
6587,44.85934818153506,404.2667971431375
6588,44.7624731644536,404.2725128940283
6589,44.77002706087994,404.2888260142314
6590,44.824639994761654,404.3173292019656
6591,44.898478633833896,404.3621402122147
6592,44.99693752149406,404.4215392859345
6593,45.11368623604197,404.48276251974016
6594,45.20536410482017,404.5308155911148
6595,45.209493203501374,404.5600424778419
6596,45.093909579411815,404.57616475628953
6597,44.90062616803855,404.5877532622461
6598,44.73122939546659,404.59609020887757
6599,44.677178614459315,404.5948411053985
6600,44.758069077996815,404.57821465544845
6601,44.91233747422523,404.5482688385441
6602,45.047332326807854,404.51535382600207
6603,45.11092535088387,404.49236926298175
6604,45.115041147206874,404.48840940418177
6605,45.10827755686664,404.50382062770836
6606,45.142698039454565,404.5277323346412
6607,45.24039029510306,404.54425627609635
6608,45.36419343102171,404.5442738577263
6609,45.425712897648054,404.5285027051959
6610,45.339521712982645,404.5014535694768
6611,45.08762462201809,404.4691607203605
6612,44.73906096347647,404.44000032522683
6613,44.39768007841313,404.42047763014864
6614,44.130169479041385,404.4124199892003
6615,43.94763087593705,404.4158435029283
6616,43.83856519908565,404.42979828695564
6617,43.79927823327003,404.45123443602097
6618,43.8290673895513,404.4763110049266
6619,43.90957578286459,404.50100145735996
6620,44.015430169026644,404.51861730149005
6621,44.15235242143033,404.52104738164815
6622,44.35651841014317,404.5065704040449
6623,44.644106263376074,404.48216730770423
6624,44.986597922733836,404.4555726649958
6625,45.34139639097468,404.43039861095036
6626,45.680193822503306,404.4098751950406
6627,45.99162181451343,404.39907428709444
6628,46.279630916357526,404.4014865584073
6629,46.535453719296115,404.41596423964364
6630,46.69911452945799,404.4354581559872
6631,46.68990438921073,404.44803597287853
6632,46.4825577348891,404.44488996386946
6633,46.12653482003191,404.42936123287393
6634,45.69158887227057,404.4136596862875
6635,45.21906739134171,404.4061109734249
6636,44.735644447328745,404.40631545728
6637,44.29091748052237,404.4128303202949
6638,43.94980561532346,404.4274135933116
6639,43.7414328171322,404.4470097344089
6640,43.6486855469999,404.45883969871505
6641,43.66046374283286,404.4512582535579
6642,43.795158534438926,404.42411818696854
6643,44.06599795457303,404.38522752832824
6644,44.44368657362805,404.3465847389342
6645,44.85393525734806,404.32254593876763
6646,45.21834222279222,404.3206856296396
6647,45.495150347089535,404.3359318285297
6648,45.68328027426889,404.3564146839195
6649,45.8117411213205,404.37461184474984
6650,45.905714668455644,404.392489315777
6651,45.94461843461295,404.41241628081286
6652,45.893590126975454,404.4283289028693
6653,45.771131430327024,404.4326308001841
6654,45.6319923205654,404.4265149418013
6655,45.49704158592411,404.4181135612789
6656,45.345267157506655,404.41193480994895
6657,45.159157949174045,404.4060882347705
6658,44.95311156576647,404.40084040816697
6659,44.775295063675834,404.4015639585981
6660,44.684896270865366,404.40948913798553
6661,44.709181240399566,404.4169420613714
6662,44.826140847850546,404.4183655897041
6663,44.98464520601283,404.4182817942635
6664,45.1294556216285,404.42194993102
6665,45.230775974938226,404.42705000905676
6666,45.29925189734759,404.42780527006596
6667,45.35345353802923,404.42166802969507
6668,45.38594028064111,404.4109730449901
6669,45.37459699919441,404.4003413713789
6670,45.31160537255266,404.39616034732074
6671,45.21359187177452,404.4064816370552
6672,45.11163493398914,404.4350165178542
6673,45.032547749623085,404.47859563314233
6674,44.985299109823465,404.53181446900214
6675,44.96594704963474,404.5858981524946
6676,44.97038654873089,404.62595269370735
6677,44.99605489792938,404.6399646995831
6678,45.03590086460258,404.629585143802
6679,45.08426029815222,404.6078876728435
6680,45.14326190750573,404.58997724447613
6681,45.19971333538036,404.5870471360687
6682,45.2111834482474,404.60357500076054
6683,45.14599178762645,404.63622450436344
6684,45.02210679797008,404.6748824972034
6685,44.88694319180933,404.70520184413755
6686,44.77186622543894,404.7138144785553
6687,44.67745283491396,404.6943943768575
6688,44.59044331382995,404.65038208724656
6689,44.49487571975784,404.5942373625498
6690,44.37255006331372,404.5436308606623
6691,44.2235590548595,404.51340466628056
6692,44.08725153065885,404.5077822488343
6693,44.019853554443614,404.52186326440227
6694,44.05924934042407,404.54833280432166
6695,44.21538657547225,404.5772883616052
6696,44.4705072414128,404.59533864944206
6697,44.77398874802077,404.5924660843577
6698,45.037815102606004,404.5670527312279
6699,45.16890160617139,404.5256832484275
6700,45.13883938489425,404.48044905358194
6701,45.01121231482371,404.4421497721144
6702,44.8968038331831,404.4174332893938
6703,44.884124437520455,404.41057495225454
6704,44.9940314613372,404.4206321236897
6705,45.19067993998222,404.4407900960977
6706,45.41842484287119,404.46337490615605
6707,45.622135681941735,404.47963540027683
6708,45.76714837440642,404.4792135496423
6709,45.85150403981144,404.45898699312045
6710,45.876285334647676,404.4283515569859
6711,45.8103582611853,404.40148215756057
6712,45.625076820197876,404.3865747560005
6713,45.35379493071649,404.3810026940053
6714,45.06737830102493,404.3774342723401
6715,44.81959524213992,404.3762131290352
6716,44.64297014068029,404.3864262694454
6717,44.5513840431587,404.4147592292929
6718,44.54157684653948,404.45970113230624
6719,44.6127450983107,404.5149326444441
6720,44.76888133339131,404.57304381066723
6721,44.99428107578187,404.6261223885928
6722,45.24206244888854,404.664025207498
6723,45.460138386742436,404.67595715864735
6724,45.619811606388296,404.65916159764976
6725,45.71372066638407,404.6236965295759
6726,45.74715283738252,404.5854051398798
6727,45.73079623474437,404.5575735165891
6728,45.668764347712184,404.54889419043604
6729,45.56425122750308,404.56004533517876
6730,45.43046039618801,404.57894039709373
6731,45.27878354082148,404.58857427778617
6732,45.10434422448435,404.581771064057
6733,44.89852919066084,404.5629719313298
6734,44.675941214977094,404.5386373493238
6735,44.46715525076903,404.51040722475915
6736,44.28027671226431,404.47833731348413
6737,44.09597496276388,404.44978746443155
6738,43.90673790091814,404.4394581757682
6739,43.7467070951068,404.4565102819797
6740,43.66864354689073,404.4946363581578
6741,43.70324288896018,404.537810775279
6742,43.859417675186016,404.5734387965734
6743,44.125185588238296,404.595867051311
6744,44.44748088910916,404.6005488204465
6745,44.74726127709538,404.5830232295107
6746,44.95584300331255,404.5419209131506
6747,45.03056707784293,404.4792647776877
6748,44.964728206985114,404.40098043451064
6749,44.793251096114055,404.3181116246576
6750,44.574373480191966,404.24698460869087
6751,44.361827226045435,404.20553076778305
6752,44.20034291344989,404.2030933039956
6753,44.13211701283425,404.2330885973847
6754,44.173184016221214,404.28085554131786
6755,44.28592519879865,404.3372890292564
6756,44.41045987234099,404.39994806013897
6757,44.519094393230915,404.4661912193184
6758,44.60527642961236,404.5300154556356
6759,44.64535383115485,404.58190592123697
6760,44.62807042874177,404.6118131905228
6761,44.598266414215416,404.6145737840983
6762,44.61496271574432,404.59280877833265
6763,44.67655428327136,404.5559021965721
6764,44.72504017851999,404.51411654971514
6765,44.71839730099671,404.4734548469234
6766,44.67648961021979,404.4397483412053
6767,44.66220109372135,404.42101113934626
6768,44.726585037378854,404.4194436532733
6769,44.859372698373825,404.42791863066344
6770,44.994677389229466,404.43883622528375
6771,45.079081260226,404.45213017093727
6772,45.110292195068716,404.470298512034
6773,45.107651729137594,404.489359838557
6774,45.09550132704419,404.4987987938163
6775,45.10890843011852,404.48737337955356
6776,45.17034209331429,404.4497263058146
6777,45.26395889708031,404.3906675244526
6778,45.34530476822111,404.3243392243288
6779,45.362214281423654,404.2703017129032
6780,45.27748105848914,404.2465608325391
6781,45.108485481246646,404.26049027905066
6782,44.93335175882686,404.30429854734433
6783,44.833388504657925,404.35997124707336
6784,44.837597209243086,404.41009694436843
6785,44.91313447351083,404.4460783280653
6786,44.99843070141387,404.4689065340753
6787,45.050478045601615,404.4833859653337
6788,45.05650765074454,404.4923142773306
6789,45.01563068767955,404.4965122159443
6790,44.933860458895886,404.4974313750717
6791,44.83060821710192,404.4965467108091
6792,44.732246538934,404.49265902976396
6793,44.666184928352074,404.48282530462126
6794,44.67075813496267,404.4694979944018
6795,44.784494741325155,404.46579407985706
6796,45.007878385684585,404.4860144394239
6797,45.301566837290125,404.52933587137454
6798,45.62310658179524,404.57765702292187
6799,45.93870014033188,404.6047987811545
6800,46.21603478772834,404.58768381259944
6801,46.41772085474793,404.5205481237416
6802,46.48776344692653,404.4209804782151
6803,46.36607371175653,404.3207982734878
6804,46.037066811510954,404.25320368090195
6805,45.56983798523468,404.2401655512913
6806,45.112468118904985,404.27948754432214
6807,44.812997726581465,404.3433906186419
6808,44.72985837781114,404.394980352527
6809,44.837097323483114,404.41035162187427
6810,45.089010424842236,404.39083851135274
6811,45.43898896489408,404.3574143419434
6812,45.82014888608832,404.33228512240316
6813,46.15009341159617,404.326752094242
6814,46.35254865411844,404.3431826860696
6815,46.364631720371,404.37855980363025
6816,46.150009686631435,404.42677353460584
6817,45.73438770269203,404.48217939621054
6818,45.22852284535847,404.5376663761728
6819,44.79822798455854,404.58387767289065
6820,44.58115199034979,404.6157028843605
6821,44.616241748156405,404.6340604152424
6822,44.839776608181296,404.63886186827807
6823,45.13352498363982,404.6238317104002
6824,45.392294717603036,404.58303632920496
6825,45.558828077945094,404.52292070244556
6826,45.6181787113175,404.4625539626222
6827,45.597227659177,404.41949490776176
6828,45.562298501939516,404.3988080192887
6829,45.5862283264331,404.39874766555755
6830,45.69642480251654,404.4206522708378
6831,45.85369163962332,404.46446910813336
6832,45.990393787587124,404.5194964676191
6833,46.058697422881366,404.56866378760327
6834,46.041154214495556,404.60090933018216
6835,45.936743954936006,404.6172695407414
6836,45.75313734940157,404.6269168843967
6837,45.51777257522246,404.6371368167685
6838,45.278932225198105,404.6470277116657
6839,45.07019364039739,404.6526336677473
6840,44.88429105085682,404.6554309902678
6841,44.69454253001403,404.6617082855216
6842,44.48671315347907,404.67537430908635
6843,44.27677164491585,404.69531932539155
6844,44.111783206617964,404.719483417023
6845,44.04893548785224,404.7475139160576
6846,44.126777332230816,404.7774424291262
6847,44.33916688947237,404.80120706562457
6848,44.63133353252013,404.8062350864558
6849,44.93337742624148,404.7844474510413
6850,45.20405575742158,404.73981931439914
6851,45.43531952468034,404.6842020105636
6852,45.609354067673905,404.6274451555838
6853,45.68052954506402,404.575362530867
6854,45.62097499962686,404.5332452835921
6855,45.46581059598287,404.50573820970277
6856,45.30380035753108,404.49442882963945
6857,45.22248516025036,404.4972522146358
6858,45.25135424451152,404.5080993553053
6859,45.350742015808116,404.5186142474318
6860,45.453438992928035,404.5258856814742
6861,45.51690715873119,404.53574700516447
6862,45.53779789570579,404.55375702043574
6863,45.53195963232494,404.57646255653145
6864,45.522770114798234,404.59364396899065
6865,45.531829182185525,404.59654814182204
6866,45.54764455913328,404.58301103044073
6867,45.52258500550209,404.55775661272395
6868,45.4238762486554,404.5330783134172
6869,45.26899449363373,404.5267906336239
6870,45.10410379181883,404.5508023086695
6871,44.95851581113013,404.6014138761173
6872,44.8285901032423,404.6632832432672
6873,44.704140786977696,404.7200989663744
6874,44.59213259589355,404.7620340820349
6875,44.51677073582782,404.78558064743686
6876,44.50402587541213,404.7900748079485
6877,44.55390324440594,404.78007896133494
6878,44.631664828146526,404.76653145595617
6879,44.69237193250201,404.7578292083082
6880,44.709874902504396,404.7524786701369
6881,44.687104853552164,404.74324140401694
6882,44.64356933300816,404.72641072359306
6883,44.597889160798594,404.7040708362908
6884,44.576431585427805,404.67896479008726
6885,44.62717484061981,404.65328979752655
6886,44.77796001958373,404.62956311793226
6887,44.980084810826696,404.6082182974007
6888,45.12985095240534,404.58863253711627
6889,45.144282249081925,404.572880961298
6890,45.021079178328705,404.56483099445063
6891,44.851212554806,404.5658693734828
6892,44.76270647518174,404.57198438360666
6893,44.82658447021569,404.57545746241584
6894,45.019356061210416,404.5715918598647
6895,45.27467218446387,404.5624197052862
6896,45.53882007827005,404.5509151855683
6897,45.77093210412914,404.5347239094667
6898,45.929760701911114,404.5121730524285
6899,45.97266100559817,404.4917574561786
6900,45.86456922313239,404.48592763189885
6901,45.61291690646464,404.49794912748143
6902,45.282641382825666,404.5219891830612
6903,44.942288003193,404.5515848997405
6904,44.61515076534377,404.5815705373707
6905,44.31285281792612,404.60370775422416
6906,44.08437089381712,404.60897829426887
6907,43.9846873661125,404.5958229420137
6908,44.0187575095837,404.5697237487192
6909,44.15284556176995,404.53646885401224
6910,44.35746871945506,404.50050755980084
6911,44.62161042743813,404.4666554604951
6912,44.93552351616471,404.4414039730441
6913,45.26565540073088,404.43313970837386
6914,45.55028466092606,404.44567678296323
6915,45.7165106355425,404.47084619493376
6916,45.70586066729019,404.49541685384685
6917,45.50821477730009,404.5120867548883
6918,45.18638998698791,404.51611498115204
6919,44.85679116702329,404.500246550632
6920,44.62598335789307,404.46157362936026
6921,44.53799690179284,404.40831981508023
6922,44.57365128780912,404.35689832761875
6923,44.67943234057889,404.32066808248896
6924,44.80693013014038,404.2986642280397
6925,44.940237493380636,404.2806204574671
6926,45.06962549982397,404.2652539224364
6927,45.15941890461246,404.2653448702669
6928,45.171926783102734,404.29285187850525
6929,45.09687098157043,404.3460406578242
6930,44.94469367978779,404.41170756906115
6931,44.738271240566796,404.47410531821544
6932,44.519278761482546,404.5225697513562
6933,44.34710030219026,404.55529163024664
6934,44.27258018410505,404.5757960109626
6935,44.30377241122603,404.5866311616422
6936,44.40178658248239,404.5882284645268
6937,44.51593319373536,404.5796335158766
6938,44.628842027668675,404.5579946766819
6939,44.75673381696757,404.5212418528496
6940,44.900124841132985,404.47203833433304
6941,45.02638787039951,404.41766358152773
6942,45.108774795327015,404.36602485038645
6943,45.143436803811774,404.3216036750349
6944,45.12675411299815,404.28578042885323
6945,45.05548368676633,404.25978704881527
6946,44.94512182499416,404.2461550936938
6947,44.827748218188496,404.24967456129053
6948,44.74058096320697,404.27693867195353
6949,44.7105765418469,404.33121880253384
6950,44.7380066311709,404.40605736564174
6951,44.803569520387484,404.4845949039147
6952,44.886957305671665,404.5459057021135
6953,44.960042909244656,404.57536102862395
6954,44.97864706292976,404.57357440593233
6955,44.91197485363758,404.5556215600776
6956,44.765441601948,404.53911292013964
6957,44.56842277766756,404.5321342216587
6958,44.36535833935647,404.5325423922191
6959,44.200833960644545,404.5358108046847
6960,44.09307306031384,404.53985312674524
6961,44.032732615986994,404.54209006151024
6962,43.9936953917491,404.53576296241647
6963,43.94370333901853,404.5149397561126
6964,43.86655631616931,404.48242038997535
6965,43.7764184563496,404.44681666039025
6966,43.709465438044056,404.41393633554003
6967,43.70619384898668,404.38618224067733
6968,43.80334042483432,404.3638680565755
6969,44.02160518875979,404.3411206130206
6970,44.343829259876,404.3084507734924
6971,44.72468990015847,404.2631904385102
6972,45.110088939769085,404.2130443876611
6973,45.42552707168196,404.17164743503594
6974,45.5872790686613,404.15082125849204
6975,45.552118635604465,404.1516735927185
6976,45.338837098027426,404.1651467136275
6977,45.00950584088837,404.1837413870498
6978,44.65188253644971,404.2084034168798
6979,44.36535905364608,404.2446543106762
6980,44.22676314071175,404.2963273695875
6981,44.25658574944357,404.3605582072197
6982,44.419562089209,404.4267854637026
6983,44.64613006853841,404.4818391559552
6984,44.85256726142055,404.51519352972724
6985,44.9718729540442,404.5216892365229
6986,44.99284351420683,404.50418712439836
6987,44.96213183193156,404.47442002071
6988,44.93924433779594,404.44864686750066
6989,44.94719086930419,404.4384543829425
6990,44.95464487931106,404.44210519075494
6991,44.9108944311903,404.4471288830608
6992,44.810169252426554,404.44588058863803
6993,44.70985115248522,404.44240616237164
6994,44.680577682087794,404.44031796115473
6995,44.7519209167015,404.43699947156165
6996,44.90339885157957,404.4326041898034
6997,45.078946590565174,404.4319406858729
6998,45.19972981389748,404.4371294964424
6999,45.19807807189062,404.44389872001983
7000,45.06586182283758,404.44483737925066
7001,44.86371978955084,404.43772169308136
7002,44.68001571563354,404.429971012317
7003,44.58101037907944,404.43324386067695
7004,44.58867925727136,404.4540125271908
7005,44.68795418639172,404.48584376590617
7006,44.83213233914115,404.50942677532566
7007,44.94750967419575,404.5067615127865
7008,44.97698867395231,404.47929362058414
7009,44.91999402523268,404.4474549791706
7010,44.812458077803136,404.4309272961218
7011,44.694432567445304,404.43510718733415
7012,44.59427228952252,404.45349762557885
7013,44.52658935940645,404.4740075267324
7014,44.5108621108944,404.48692177821124
7015,44.565406972067585,404.4910398637869
7016,44.670679701727686,404.48809000839833
7017,44.764593469030594,404.4773900746567
7018,44.77965270353311,404.4618782770805
7019,44.691760941464025,404.45031716450796
7020,44.553176116790546,404.4484053511926
7021,44.467350704261214,404.45167479886004
7022,44.511531189765726,404.4493680744032
7023,44.689308818102035,404.4364624451109
7024,44.94836543434842,404.41891455655906
7025,45.22138913826889,404.402948561491
7026,45.46100926393588,404.386577446279
7027,45.64878839737176,404.36687233098297
7028,45.768554404804306,404.34582020739174
7029,45.78947409676736,404.3250811558216
7030,45.69571335395574,404.3039965102299
7031,45.52703644674284,404.28638329416526
7032,45.37450525298817,404.283583024207
7033,45.31384657560859,404.3063495695287
7034,45.340374377632244,404.354260260284
7035,45.39577238357616,404.41562469327107
7036,45.441985977349354,404.4759603596962
7037,45.47445765781189,404.522199007395
7038,45.49164174273078,404.5442350809636
7039,45.48524073542205,404.54059976379835
7040,45.446176123439784,404.5200936932206
7041,45.364449490385134,404.4954946922909
7042,45.23851186585603,404.47653083677193
7043,45.09976693247369,404.46626988647864
7044,45.003604834827996,404.4635955874819
7045,44.97725329623997,404.4681508397712
7046,44.99876480395342,404.4785076247106
7047,45.03136594791604,404.48918649277186
7048,45.052812175943664,404.4954686758159
7049,45.049317242529725,404.49573272536213
7050,45.00490197089419,404.48633298205596
7051,44.904180482330304,404.4628144630007
7052,44.73674625316262,404.42861914226813
7053,44.51296630428984,404.39551292733836
7054,44.2815751997271,404.37598638579703
7055,44.10227778421476,404.3793928809287
7056,43.99630451559504,404.4080846597631
7057,43.95480854230183,404.45232708788484
7058,43.987895717753105,404.496046880984
7059,44.117626669522934,404.5289092248323
7060,44.335928004660644,404.54835491755074
7061,44.607552818297634,404.553888246351
7062,44.88463748560317,404.5456665391638
7063,45.11464827059426,404.5281128499478
7064,45.26924165458567,404.5103219382782
7065,45.35136155305636,404.4982784650117
7066,45.377540313859775,404.48792031906373
7067,45.376274405182606,404.4716741544196
7068,45.37338382617401,404.45097701815337
7069,45.36838023670862,404.4362337985691
7070,45.3507855973455,404.4340706958785
7071,45.32229560585141,404.43997734792936
7072,45.28438707791528,404.4449954714067
7073,45.224900454448445,404.4462819082166
7074,45.120872950809776,404.4475490575453
7075,44.94908943619412,404.4505872806418
7076,44.714185065834464,404.4547628790427
7077,44.46871827549427,404.46382536376393
7078,44.28994421935939,404.48547647388176
7079,44.23767198876166,404.52558617344243
7080,44.326206599087556,404.5819336918989
7081,44.525040870834324,404.6405160962292
7082,44.78315007583694,404.6796885604661
7083,45.05116537860127,404.6804962770397
7084,45.29493018081007,404.63750503768756
7085,45.50154611481215,404.5625223336716
7086,45.668176158450294,404.47823552126977
7087,45.77012555352233,404.4065652225453
7088,45.74735762524368,404.3598418912846
7089,45.558001062769826,404.3414804116545
7090,45.23760589260456,404.35045923707287
7091,44.87929333875121,404.3829773690932
7092,44.57381534063515,404.43214807593426
7093,44.369783156470945,404.48574413372904
7094,44.25993254465672,404.5265126858443
7095,44.19967995327235,404.5381245496941
7096,44.153862956543335,404.5140300630259
7097,44.12762787742577,404.46481390979886
7098,44.14967178852271,404.41489084955975
7099,44.23687630855726,404.38624353607315
7100,44.38365919868315,404.3824797297772
7101,44.572832572046245,404.38917183120986
7102,44.78068790285811,404.39039977461414
7103,44.98213079708598,404.38273468100306
7104,45.163447644410304,404.37319773278097
7105,45.31934776953493,404.36826427273314
7106,45.441922192469704,404.36657577827447
7107,45.52469800830107,404.3621345597489
7108,45.56162205879808,404.3559793781134
7109,45.53952090739391,404.3610092954188
7110,45.45841283430738,404.3910184670853
7111,45.359315164667635,404.44827396763066
7112,45.31110979685931,404.522215865882
7113,45.36638549421276,404.5954518015945
7114,45.528428204673325,404.6514830293479
7115,45.75601271115384,404.6812664491682
7116,46.00111977351218,404.6843572146119
7117,46.24074343795366,404.664997018855
7118,46.4628538175809,404.63132800531235
7119,46.62373359766418,404.595607508213
7120,46.64782671221954,404.5666574964488
7121,46.489883194645834,404.5450054187617
7122,46.18106949357117,404.5305879978541
7123,45.7940590474087,404.52865447750105
7124,45.38439522393492,404.54396375836296
7125,44.98684916202131,404.5741063508876
7126,44.63553858547562,404.60895277123484
7127,44.362416225597514,404.6358007476134
7128,44.190861814302664,404.648478356679
7129,44.140596765107595,404.64869745996447
7130,44.232643022584064,404.63841636858064
7131,44.47069019487948,404.61783017447334
7132,44.80571899639796,404.58868469716975
7133,45.13835699647932,404.5551065502976
7134,45.37700627704763,404.5228713825275
7135,45.48052994599801,404.49699940755914
7136,45.446656509063935,404.4794769064124
7137,45.30242661376739,404.4711656825763
7138,45.10795822620098,404.47322597713963
7139,44.93564448381065,404.48345377328087
7140,44.8421890797649,404.4945236616834
7141,44.84906597066318,404.50038541803497
7142,44.92487198293876,404.5032137442495
7143,44.99339998092982,404.511056243105
7144,44.985324053921666,404.52993535709777
7145,44.8921738728651,404.5589552141837
7146,44.75771198463663,404.58949159849203
7147,44.626595041302814,404.6084756952328
7148,44.52797176455228,404.60492297184896
7149,44.495574335708866,404.5756808251932
7150,44.568202669422455,404.52890799950245
7151,44.765324852622406,404.479982224772
7152,45.079906838202064,404.4399398781581
7153,45.48029091640382,404.41118390906047
7154,45.894947450565084,404.3917893116953
7155,46.225959144800356,404.37842959510056
7156,46.405414408029024,404.3698659611149
7157,46.42551923959475,404.36965948283466
7158,46.319734988681525,404.3830879214682
7159,46.14075739796478,404.4138369746207
7160,45.94887648762479,404.4617363867515
7161,45.78938987031648,404.5206610738395
7162,45.67982178385366,404.5826526686384
7163,45.619120799892265,404.642670979478
7164,45.58949033007307,404.69610585826683
7165,45.569002401520116,404.73682267120154
7166,45.55828299276725,404.76145355517684
7167,45.565947044217985,404.7757124601385
7168,45.56891582762179,404.79407903606347
7169,45.51725403088251,404.8280834228664
7170,45.38268305293529,404.8750710292571
7171,45.19110397440723,404.9201579479689
7172,45.017672872255204,404.94581827224044
7173,44.95142571013913,404.93985291485046
7174,45.02733627752353,404.9002204594494
7175,45.18792072045508,404.8360613546512
7176,45.33364853960497,404.7633300507582
7177,45.39807787273664,404.6969824471921
7178,45.36613135498249,404.64557725289677
7179,45.24236493544428,404.6110393103463
7180,45.0288156420333,404.5892206763658
7181,44.7461342251989,404.5710867114383
7182,44.454758197125834,404.5502909730721
7183,44.23078984734386,404.52801936940386
7184,44.12251267853565,404.5059932793042
7185,44.129528967150804,404.4832676410942
7186,44.2189643624998,404.4629537706598
7187,44.35244729327968,404.4523555680223
7188,44.4928393327733,404.4534324058733
7189,44.60401050689832,404.4586535949694
7190,44.65755219280267,404.4579745487555
7191,44.642103836062795,404.44635107283506
7192,44.56917111709215,404.4262339775862
7193,44.46529343321148,404.4068439277789
7194,44.35332516375454,404.39707278247437
7195,44.24143809987814,404.39647630024757
7196,44.1304858672372,404.39765918278977
7197,44.03263724571356,404.3975809214433
7198,43.97772832404854,404.40235328003473
7199,43.99984162814884,404.4213446145227
7200,44.124226950332826,404.45883342805104
7201,44.34775098293833,404.5103110456945
7202,44.62082000747468,404.56293334428955
7203,44.86853618097752,404.5987906432021
7204,45.02469800144084,404.60422769051104
7205,45.044762122900636,404.5797802504878
7206,44.91933882891089,404.5383831590564
7207,44.68865415054116,404.4953712014782
7208,44.427905508892614,404.4618882917862
7209,44.206681405457815,404.4440021801611
7210,44.06851614481886,404.445014129552
7211,44.04520226634342,404.4649509237553
7212,44.16175893224693,404.49705304124916
7213,44.4196834856199,404.5310146916584
7214,44.77814313315263,404.56115025121966
7215,45.14742230188488,404.5859266545658
7216,45.43049573110177,404.6008655574097
7217,45.592416125447336,404.6009939637489
7218,45.667693053089174,404.5897813982527
7219,45.70489878701393,404.5769173559702
7220,45.73343369133738,404.567185858441
7221,45.7648563469343,404.55630191643036
7222,45.79332979395662,404.53860172857355
7223,45.80197085210167,404.51645100800806
7224,45.77426459554901,404.4991734353625
7225,45.69322666260765,404.49404636619647
7226,45.54700505384652,404.49969609689737
7227,45.353234993724115,404.506817914406
7228,45.15968134542532,404.50614466842245
7229,45.0067772483426,404.49443823591594
7230,44.91054586167579,404.4722938535146
7231,44.88444344418207,404.4429176615495
7232,44.946839230215346,404.41403277992356
7233,45.094468423863404,404.39442298329476
7234,45.281879779621,404.3895825349684
7235,45.445187569920186,404.40391388102887
7236,45.554278591939294,404.4395945614623
7237,45.624115148012315,404.4881870180654
7238,45.66475267411834,404.5309362524899
7239,45.65501920253847,404.5519459096728
7240,45.586524535202216,404.54906946242926
7241,45.498591598875954,404.5335106842206
7242,45.44809578777911,404.52087572929815
7243,45.457820628800036,404.51893885108746
7244,45.49301320588923,404.5225032794636
7245,45.48496046294904,404.5233155723911
7246,45.38853994757219,404.5211753074256
7247,45.22233082952986,404.52037262803145
7248,45.048931952640395,404.5206715253838
7249,44.916495772482754,404.5183303782751
7250,44.829316261484514,404.513314377132
7251,44.771889287002594,404.5097685201959
7252,44.74275958555579,404.512228336612
7253,44.75981703414076,404.52425435885743
7254,44.83281129583203,404.545180002127
7255,44.93303105632627,404.5653758411858
7256,45.00087403660553,404.5687452095918
7257,44.97732820225477,404.5449386970434
7258,44.82803978723468,404.4992251537671
7259,44.56950265304525,404.44858419630265
7260,44.280435554933256,404.4101419162986
7261,44.06205646357921,404.39202347407695
7262,43.98488435195474,404.39228820159974
7263,44.0676429659167,404.4057428956667
7264,44.27288176428129,404.4280336436445
7265,44.522151434809835,404.45372914573136
7266,44.74854465063574,404.47527656986426
7267,44.93645503047831,404.48514854062563
7268,45.09836133739887,404.4802521259825
7269,45.23996232629736,404.4638987700185
7270,45.35780305578911,404.4416449851544
7271,45.440642445376106,404.4183149706867
7272,45.47506849371619,404.40126144900995
7273,45.46762758846491,404.40070375310273
7274,45.44829822810159,404.42146228985865
7275,45.435107965983406,404.456458985137
7276,45.41238701661792,404.49144452119293
7277,45.356834002284174,404.5144344954262
7278,45.25469029603691,404.5199578237451
7279,45.09393475365801,404.50909023228866
7280,44.8823826852031,404.4893976075406
7281,44.66701591417218,404.4733131251589
7282,44.50884153419758,404.47225343888033
7283,44.45219630725194,404.4912639680409
7284,44.510786225992064,404.52838532963654
7285,44.65370283537114,404.57431073697796
7286,44.81368975275095,404.61529988323457
7287,44.929167190590654,404.64174623572364
7288,44.98301391168815,404.6485601245215
7289,44.99322514061008,404.6277907918989
7290,44.971545842516235,404.57396340496433
7291,44.917264961639766,404.4974469327402
7292,44.83793002589729,404.42248975195093
7293,44.747165491759034,404.3731105684323
7294,44.65722019179117,404.36226483464867
7295,44.582208720282345,404.3874510487419
7296,44.53655354936628,404.43532407272903
7297,44.533469980728334,404.4912064314638
7298,44.57721099036125,404.5409003555388
7299,44.65319572142963,404.5698526227095
7300,44.745073382159134,404.5701041980445
7301,44.851403377937075,404.5447123483166
7302,44.980391996793614,404.50330221128246
7303,45.14813935698737,404.45668465418123
7304,45.362903114372365,404.4139599412927
7305,45.597243987392936,404.38163286152803
7306,45.79783580631004,404.36264034952933
7307,45.91971805016549,404.3548640405001
7308,45.94024933930677,404.3527885601888
7309,45.8571765047363,404.3515503754385
7310,45.69237316957353,404.3481998257243
7311,45.49468028915922,404.3418471717563
7312,45.32241530354254,404.3363658354188
7313,45.20964519406672,404.3387682108158
7314,45.14578990927421,404.3525737708402
7315,45.097354706922346,404.3762887880706
7316,45.05319406656865,404.40693735206065
7317,45.045945825372065,404.44151672837677
7318,45.128825295095936,404.47459276722395
7319,45.31337338902982,404.49628363660275
7320,45.536956834404215,404.4958986500989
7321,45.71532826955092,404.4708407258224
7322,45.79418164415985,404.43218919290763
7323,45.746170453889434,404.3989696102448
7324,45.586494721012,404.3858162000092
7325,45.39567045179957,404.3957897189142
7326,45.27314167003911,404.42287763666275
7327,45.260926461100794,404.45825271889055
7328,45.32613517281088,404.4928638239989
7329,45.40572933242974,404.51778556681177
7330,45.44349370856779,404.52850640539936
7331,45.39829045150349,404.52924205598185
7332,45.26753127246275,404.52933531761175
7333,45.110014636259436,404.5377407568645
7334,45.01315233533423,404.5625619751385
7335,45.02646396267266,404.60926490674666
7336,45.13365975133585,404.67447326368955
7337,45.2753409818381,404.7430832909507
7338,45.3893053361883,404.79338387092764
7339,45.45650269414481,404.8077792093661
7340,45.5139941464253,404.78282518151985
7341,45.60146805034712,404.73087310368317
7342,45.70093606145929,404.67325966442854
7343,45.74767679056882,404.62916697141804
7344,45.69161696662766,404.60511546643187
7345,45.52774218185111,404.5962191966517
7346,45.284603860751595,404.59890176509106
7347,45.00986923764534,404.61614971477024
7348,44.74741858729981,404.64853946479855
7349,44.514908901562805,404.68654705361223
7350,44.3214574361295,404.71436374847207
7351,44.194557118242095,404.7204522867337
7352,44.16906879903604,404.7033662970963
7353,44.26035046397813,404.6670790276409
7354,44.44890783839988,404.6153330823727
7355,44.68121924792592,404.55280343960834
7356,44.89098871902797,404.4901026133551
7357,45.04096988867442,404.44353056995186
7358,45.15293303454353,404.42453054826063
7359,45.27811966978356,404.4311002149125
7360,45.44206438965681,404.45069049510664
7361,45.63377830473537,404.4686262949373
7362,45.82618963341648,404.47468046601733
7363,45.98743786800833,404.46486372932276
7364,46.08926910442631,404.44190858930983
7365,46.12620463362136,404.4152188508368
7366,46.118999001480525,404.3969015758116
7367,46.07465661363495,404.3970989286328
7368,45.95729293041152,404.42020589440153
7369,45.7430242027368,404.46053807230214
7370,45.48590936344649,404.50168871015654
7371,45.27809629132652,404.52523249412667
7372,45.169813173475035,404.52526243389843
7373,45.162102454127606,404.51225113995457
7374,45.2380962124623,404.50026203756187
7375,45.36249797689222,404.49615377061434
7376,45.46961272527882,404.50126317148533
7377,45.489789563437725,404.5151852810119
7378,45.39665302742125,404.5355573005979
7379,45.225131883753704,404.55668857035676
7380,45.043305835581094,404.5706561159677
7381,44.9099324396078,404.570922683929
7382,44.86369012683231,404.5543817523692
7383,44.92246971561133,404.5221643433036
7384,45.057869706575005,404.4810509668353
7385,45.19386944106255,404.44306688593275
7386,45.26109939286276,404.4218288283754
7387,45.24647726840778,404.4265588142823
7388,45.19268295246067,404.4576088614829
7389,45.16019939077239,404.50765836389456
7390,45.18153962324988,404.5659989126376
7391,45.24132122101963,404.6211412362177
7392,45.29957026190202,404.66292567523317
7393,45.33360036704168,404.6857626797473
7394,45.35057820391622,404.6893025756012
7395,45.36875073291655,404.6763821602439
7396,45.399307973344165,404.65320204015586
7397,45.435508384770436,404.62885193875485
7398,45.452651275117894,404.6101944083411
7399,45.41723308571865,404.5992926982365
7400,45.290867517657794,404.5973826907588
7401,45.0433996196498,404.60750702627774
7402,44.69274574028799,404.63019986628456
7403,44.32752299258793,404.6589278074061
7404,44.058138573820344,404.6835020742054
7405,43.9416981011837,404.69511095608686
7406,43.97149068057162,404.6847163598529
7407,44.11282430270042,404.64409198035014
7408,44.30539157602288,404.5745133407691
7409,44.459507594698096,404.48977820560094
7410,44.50996079268865,404.40946420130274
7411,44.4707059651152,404.35189903276495
7412,44.414214127222046,404.3306476933713
7413,44.40755813073413,404.35018472408814
7414,44.47636752737154,404.4013461027669
7415,44.611006178778844,404.46530946849157
7416,44.790736159392765,404.5242241789461
7417,45.01233305287421,404.56812670455025
7418,45.285625463281626,404.59552578265385
7419,45.58722533386089,404.60899581958495
7420,45.85389739615013,404.6085824029604
7421,46.03457327586116,404.5909751602352
7422,46.12400181364128,404.5571534034972
7423,46.1473027157484,404.51474057256985
7424,46.125624451056176,404.47061563150265
7425,46.05590844637814,404.4288309568456
7426,45.9113354609446,404.392987752993
7427,45.66133446119259,404.3640860544748
7428,45.3110790527247,404.3408572927245
7429,44.921502541479896,404.3255342227215
7430,44.576748901918755,404.32493295008504
7431,44.331555738335815,404.34331785031867
7432,44.19900968900088,404.3785155994391
7433,44.18683680757235,404.42681440704143
7434,44.30787127485467,404.48633337962025
7435,44.54456610980633,404.5546100785091
7436,44.83804232339484,404.62653174754587
7437,45.10737106726573,404.69240136744094
7438,45.27824443672137,404.73574542970096
7439,45.3254968956648,404.74020904215627
7440,45.28510580218833,404.7037892773262
7441,45.21557525459276,404.6419406968079
7442,45.16279535139302,404.5751285289506
7443,45.153697891841766,404.51849727362514
7444,45.190297242805585,404.4829710214696
7445,45.24278945444437,404.47723236904085
7446,45.26856545607319,404.5039364202325
7447,45.25530740350259,404.55591959302626
7448,45.2380997236384,404.61691282899056
7449,45.25870133501657,404.6652021144752
7450,45.324348419571336,404.68155111453814
7451,45.4124470167969,404.6610931740536
7452,45.49645294637954,404.6162937706257
7453,45.55150656476231,404.5675867284624
7454,45.534414379347105,404.5343051764337
7455,45.40585644962939,404.52817343281527
7456,45.19218408961233,404.54966988221935
7457,44.973002176203714,404.5918966882212
7458,44.808887963110855,404.64288465441075
7459,44.7203833846131,404.6843851969017
7460,44.71139853657303,404.69991088085493
7461,44.780265095273386,404.68637073799255
7462,44.916059808374534,404.6552029927452
7463,45.10165407043854,404.6245401792211
7464,45.32178865102299,404.607434813257
7465,45.55136423206102,404.60367994071044
7466,45.738485358934916,404.6051953655563
7467,45.82019045617867,404.6066505695132
7468,45.76083212922167,404.6059426931208
7469,45.57005862916748,404.60067371828507
7470,45.29147001081105,404.5922537752573
7471,44.98679919116219,404.5890975181876
7472,44.71606147972113,404.59905350825386
7473,44.52289775665679,404.6205664407227
7474,44.44518306092151,404.6455076883392
7475,44.510674423898436,404.66886192950506
7476,44.70369973113171,404.6889908649466
7477,44.954576819079435,404.6994475142081
7478,45.16105402235527,404.68889504466637
7479,45.22914121930816,404.64969314086613
7480,45.12534500194405,404.58447694020634
7481,44.891440514028396,404.5089442088377
7482,44.60352330359635,404.4486339712167
7483,44.335437976361675,404.4261540440249
7484,44.15667384103769,404.4474330864494
7485,44.117847946761856,404.49923031342996
7486,44.220844373073284,404.55935995300854
7487,44.43156403583791,404.6090929142916
7488,44.71207770162949,404.63575206769985
7489,45.02091243332335,404.62903593070877
7490,45.30623979141572,404.58441833215136
7491,45.512641930901715,404.51116073941654
7492,45.60493864516467,404.42935318667685
7493,45.59590987194716,404.3578435091274
7494,45.53844714939633,404.30971230781853
7495,45.491923329154034,404.29492414594455
7496,45.494240588336304,404.3186339239071
7497,45.544481242468684,404.37615396418033
7498,45.6042479938135,404.4520898863737
7499,45.632059604808774,404.5255554248631
7500,45.62316732444227,404.5788278665203
7501,45.59830196539955,404.604605586461
7502,45.564881535796445,404.6060026783153
7503,45.5092516969121,404.5914212068546
7504,45.413758471651754,404.57141552150665
7505,45.27832067874403,404.555044539734
7506,45.133731370912905,404.5451236329311
7507,45.028645998279956,404.5401087257199
7508,44.995769929380316,404.53972707977476
7509,45.03030805130984,404.54444790528237
7510,45.10123301826156,404.55140236553297
7511,45.17776605133877,404.556259452589
7512,45.24073846181343,404.55912630920494
7513,45.27899814353228,404.56401664235483
7514,45.2911936141862,404.57191534271925
7515,45.28337692573345,404.5781937249442
7516,45.26156902407093,404.5767131539976
7517,45.23692239317899,404.56590259125613
7518,45.22457012168394,404.55310195121234
7519,45.237456129903876,404.5494237388218
7520,45.29205847452608,404.5585205189048
7521,45.39447642394678,404.5748714771327
7522,45.50984945093296,404.5905241843642
7523,45.57156351430339,404.59994203366205
7524,45.53153568779214,404.6023866469755
7525,45.39572149604465,404.60297384473324
7526,45.221281818259136,404.6100957985054
7527,45.09691120809993,404.6276603499274
7528,45.10051358519276,404.64996171650216
7529,45.23457640401335,404.6666808227294
7530,45.41139372213867,404.6707856315094
7531,45.51389092164783,404.6624048837668
7532,45.47295628472055,404.648055090506
7533,45.30869158041388,404.6344516272369
7534,45.10478034234842,404.62108560355597
7535,44.946498042557245,404.5996589505052
7536,44.879795117967824,404.5614416406178
7537,44.89633176921532,404.5065638835308
7538,44.954045767172616,404.4497767064661
7539,45.026578911236996,404.41425039539195
7540,45.10988791263364,404.41401820598617
7541,45.18514975441622,404.4450544920454
7542,45.230497812019685,404.493324099615
7543,45.27577198535589,404.54618155694845
7544,45.38715876582697,404.59874227045117
7545,45.57528565922559,404.6526958309312
7546,45.7620856454656,404.7065936850222
7547,45.854053249734996,404.7511917340763
7548,45.81000255371677,404.77728475240104
7549,45.63918043481858,404.78272368331636
7550,45.37827859610009,404.77207764705634
7551,45.08663444425211,404.75303864161316
7552,44.842566416783235,404.7339534427744
7553,44.714994203559314,404.7239524595805
7554,44.73636081012863,404.7285143540727
7555,44.90020333257771,404.741876708822
7556,45.16027791187971,404.74979260015914
7557,45.44026343723324,404.7416475791332
7558,45.665298069811904,404.717646044336
7559,45.78311862614955,404.68555687990187
7560,45.770467456547905,404.6544586030179
7561,45.63271594546385,404.6324571397435
7562,45.39033554933403,404.6242291743813
7563,45.07708011352673,404.62592066459945
7564,44.74979470620666,404.62561697974695
7565,44.46357728055274,404.61180369485436
7566,44.23462570341799,404.58220658619956
7567,44.056373059447694,404.54568480871603
7568,43.94118319445363,404.5150781473448
7569,43.91445520199881,404.49725025397595
7570,43.97433317652566,404.4896034643684
7571,44.079632978870755,404.48464674112086
7572,44.17750970235683,404.47531852770965
7573,44.24161010758056,404.4559740602317
7574,44.28842590103428,404.4233446353175
7575,44.34977178012119,404.38092714974164
7576,44.43632492160359,404.3405511439472
7577,44.54236625678858,404.3169192398277
7578,44.66609059640237,404.3213584674173
7579,44.81246500205118,404.3575955298001
7580,44.98213639943061,404.4156522545734
7581,45.144477201101445,404.47163315832677
7582,45.225868820567875,404.5030708555986
7583,45.156111279922655,404.5043920704356
7584,44.937294452794426,404.4844646894763
7585,44.6579202940097,404.45547454768837
7586,44.44017613454567,404.4284072918872
7587,44.37737586068933,404.41229998529656
7588,44.49627944002549,404.4108619629362
7589,44.741063093774926,404.42089748411934
7590,45.0029472074048,404.4353157860543
7591,45.190980710743574,404.4484791102608
7592,45.27178276059523,404.4606407841078
7593,45.25663452145717,404.4760240306892
7594,45.1788712077838,404.4968635063315
7595,45.08564803572991,404.5224209645845
7596,45.03060503781439,404.5507370061153
7597,45.04781097325312,404.57657071575517
7598,45.12608189830646,404.5919481759352
7599,45.21956296704494,404.5919360844097
7600,45.28532348046942,404.57649685179933
7601,45.30656433147585,404.54841351115874
7602,45.28990664049427,404.5110738566222
7603,45.24877340833063,404.4641230511622
7604,45.185083204737445,404.4045925390011
7605,45.086258515827815,404.3367957081286
7606,44.937556296754906,404.2740987007105
7607,44.7373963919504,404.230809404653
7608,44.49995525166662,404.2187720840307
7609,44.24953686050999,404.24447469794717
7610,44.03217244786574,404.3031923110608
7611,43.91063560955528,404.3824802124714
7612,43.914610152328336,404.4717360277738
7613,44.01531669929572,404.56238742233575
7614,44.16922456210139,404.64420551707514
7615,44.36767146575726,404.7079729603457
7616,44.621808567251875,404.7474079940597
7617,44.91219502747756,404.75842331865175
7618,45.18624843744125,404.74043252975855
7619,45.39959306091018,404.6989113302347
7620,45.52919797240547,404.6474064546616
7621,45.55957087574898,404.603530513184
7622,45.486421803855485,404.5789285385563
7623,45.32945594700588,404.5736902545932
7624,45.130754302112486,404.5791812517398
7625,44.93887733730144,404.58331699090655
7626,44.791914986913504,404.57485343866756
7627,44.71422882594779,404.54961533077653
7628,44.717125422969175,404.5146433946244
7629,44.780341223878274,404.48131806658773
7630,44.840511169208675,404.4546320587261
7631,44.8343661011217,404.43086988320294
7632,44.74995086767851,404.4028985961709
7633,44.61470671319898,404.3688058449825
7634,44.466882560083654,404.33697208578536
7635,44.36127092429757,404.3194219096501
7636,44.36377559154022,404.3201085319802
7637,44.5097933217907,404.33261327543033
7638,44.77945830929127,404.346927686647
7639,45.117164349950926,404.35464460389005
7640,45.45150404868614,404.3510022725941
7641,45.70455254596846,404.33643033647417
7642,45.81697604532733,404.3150436327279
7643,45.76413681575401,404.29090095065646
7644,45.55317457050832,404.2665792966644
7645,45.235141135879516,404.246032353333
7646,44.89755066912347,404.2383310706144
7647,44.61257987322151,404.25335894535755
7648,44.42768557932899,404.2915717630868
7649,44.39597101710657,404.3421923122183
7650,44.55054065442578,404.39156861604744
7651,44.85871717957763,404.43135113728374
7652,45.22923680980671,404.46163017712536
7653,45.55716805361294,404.4891949028212
7654,45.770609900691625,404.5196681874528
7655,45.84386710128447,404.5507786367218
7656,45.772463555227176,404.57587207371637
7657,45.566168256299235,404.5878387044976
7658,45.27640801406518,404.5801372281352
7659,44.99325670516211,404.55389597508764
7660,44.796044496644,404.51975940660765
7661,44.71479717820618,404.4861954938207
7662,44.72390165392614,404.4528347003819
7663,44.76409367494415,404.4184732345618
7664,44.78466048397875,404.38734841124506
7665,44.763087621056265,404.36439570876075
7666,44.69413860014399,404.34974110625956
7667,44.58578682113568,404.3375213194414
7668,44.46716667025367,404.32013164163084
7669,44.37692578645299,404.2979008965626
7670,44.335425245517776,404.2811598757928
7671,44.341962395983245,404.2813337551567
7672,44.38183158174117,404.30396732730077
7673,44.42976588055039,404.34592095999585
7674,44.466774802649745,404.3940938957287
7675,44.486171533325525,404.42965512812196
7676,44.49320702853741,404.437721416186
7677,44.50441333536161,404.41603185455386
7678,44.5250568411823,404.3745382015357
7679,44.540160557562444,404.3269158149701
7680,44.54560827042726,404.2842193015257
7681,44.57707047236782,404.2544068563526
7682,44.6853379815879,404.24492981680413
7683,44.87245535431042,404.26297107280254
7684,45.07090156821715,404.30921298191123
7685,45.197917340829115,404.37154506805894
7686,45.21988364238325,404.4295088094596
7687,45.16082784886071,404.4680283513502
7688,45.06456815163382,404.4857291822272
7689,44.96774337823751,404.4910183189916
7690,44.90041978457678,404.4943454846864
7691,44.87702586249334,404.50329953289486
7692,44.8835358537536,404.5197782337889
7693,44.89481529170677,404.5390433192508
7694,44.89740596208857,404.55238547415485
7695,44.89674501449549,404.55276112110647
7696,44.91614174154748,404.5392749772174
7697,44.97411124905765,404.51814306696093
7698,45.05444561900172,404.5017550378812
7699,45.1096251166036,404.50234573847615
7700,45.090829023715834,404.5208653297301
7701,44.97722239945189,404.54684806879544
7702,44.7900745025371,404.5691857422252
7703,44.58078135006337,404.57921040796407
7704,44.410332697530265,404.5685734201433
7705,44.33211550930087,404.53495078541755
7706,44.363890455119936,404.4889404279926
7707,44.477351742806874,404.44967309491375
7708,44.63114564737943,404.4296782669765
7709,44.79898867115725,404.4230893586997
7710,44.96435412415584,404.41187334840913
7711,45.109681093452075,404.3837520718048
7712,45.21215413155342,404.3431028440877
7713,45.24987313213727,404.30586636741054
7714,45.21485997048865,404.2840882459414
7715,45.116693773387304,404.27656890669704
7716,44.976048803398015,404.27417677078006
7717,44.81122970209886,404.2713218238551
7718,44.626573740431105,404.27024347433724
7719,44.423018127285935,404.27675066579815
7720,44.23016851123292,404.29587336038503
7721,44.106916776979816,404.3287984006013
7722,44.087192027022176,404.37276477538046
7723,44.15090450889627,404.42469213270147
7724,44.25871849969424,404.48060498670253
7725,44.389650324588956,404.53280916320006
7726,44.54589196743759,404.57153320886846
7727,44.72579286018024,404.5872916107019
7728,44.9026795879579,404.57369567129274
7729,45.04659370981219,404.53286360581586
7730,45.13756912374882,404.47667291373176
7731,45.161711569043206,404.42072003691834
7732,45.13679771144999,404.3767817870831
7733,45.11557977271439,404.3483153994935
7734,45.13715971886399,404.3305283999527
7735,45.205337264374236,404.3155379393357
7736,45.31520030042158,404.2987217842722
7737,45.46051310361922,404.28044709158485
7738,45.612269277257184,404.2644436104865
7739,45.72407488858415,404.25519201676906
7740,45.7684390258998,404.2542753323333
7741,45.75080469803067,404.25960465771163
7742,45.682165480859545,404.2678907004162
7743,45.562718969022036,404.27688214795154
7744,45.4025692570567,404.2882797961582
7745,45.23236091985497,404.31006127421307
7746,45.09425919188016,404.35164451294435
7747,45.03115900720368,404.4144839868019
7748,45.05983599240462,404.4892346348921
7749,45.150019484542966,404.5597217215762
7750,45.23958267282279,404.60797399285127
7751,45.26614428569799,404.62100233751477
7752,45.2001041795678,404.5995349269016
7753,45.06839282419086,404.5605373678047
7754,44.94157205526365,404.5244000113286
7755,44.879999818758456,404.49876460111363
7756,44.889447085263434,404.47947196987695
7757,44.93769802594568,404.4603015771435
7758,44.999363737609166,404.4356183452019
7759,45.07000631986601,404.40255641890036
7760,45.152406707438345,404.36674491950123
7761,45.24029657714895,404.34292249288643
7762,45.305691623690606,404.34701403515203
7763,45.30921772730115,404.38481651991384
7764,45.242856944958476,404.44853730419635
7765,45.14189851657084,404.52351222421674
7766,45.04550372954239,404.5933793959362
7767,44.97970658579969,404.6424516991009
7768,44.96438012033815,404.65995440026217
7769,45.00438909714374,404.6431375257056
7770,45.091017374587054,404.59909230568053
7771,45.21642517721061,404.54353163915533
7772,45.371058534582744,404.4945642370792
7773,45.5340912803338,404.46443410811753
7774,45.67486974436431,404.4525162009704
7775,45.75935097865069,404.45031418137205
7776,45.762472521390954,404.45626319154576
7777,45.6948139568373,404.4756255395561
7778,45.61798232848933,404.50774980526785
7779,45.61064534840242,404.544964842994
7780,45.700738714673854,404.57888696123445
7781,45.82715156834952,404.5999080591523
7782,45.884245220381935,404.5967242657378
7783,45.81147836260497,404.56421409794876
7784,45.62815904192135,404.51072462765296
7785,45.40244423158505,404.45554554174413
7786,45.20661700226317,404.4196170623285
7787,45.085517654789214,404.41633978725594
7788,45.050320580390974,404.44906120800096
7789,45.085904223743704,404.51186787430663
7790,45.1626411200547,404.58681777777156
7791,45.24947224194645,404.6496446037815
7792,45.31611264378224,404.6878435343707
7793,45.33980385643543,404.70658879733696
7794,45.32206703657216,404.7163681870533
7795,45.28021764901017,404.72379214887496
7796,45.219670099519476,404.7323222445695
7797,45.13265646934151,404.7452078651298
7798,45.02335108929459,404.766075036169
7799,44.920541350943,404.79540670622123
7800,44.85316879704844,404.8261182167169
7801,44.82360739080027,404.84452558428853
7802,44.812987408237035,404.83830053251836
7803,44.79571861924047,404.8043614662596
7804,44.75960885130743,404.7479392437743
7805,44.71818375865185,404.67665206221
7806,44.685400449155416,404.6004395651189
7807,44.64786728448088,404.53472635635546
7808,44.57061941561425,404.4949041218394
7809,44.427373575984255,404.4853027430606
7810,44.22578732584447,404.4990628850421
7811,44.000832085491176,404.52831141311424
7812,43.79494171083463,404.56848120291477
7813,43.64109497363761,404.6141934979474
7814,43.543807993659584,404.65546275642583
7815,43.487023527823965,404.6795642303908
7816,43.4697311262881,404.6797027849662
7817,43.51904059572144,404.66251637370885
7818,43.66678484851965,404.6410531087108
7819,43.91924881220478,404.61911315304013
7820,44.245262935738054,404.58906328097123
7821,44.59025432815092,404.5441107926727
7822,44.90327425619601,404.4883326799352
7823,45.15432004194193,404.4379177515785
7824,45.3381338491055,404.41094703311757
7825,45.46719631954286,404.41121385761016
7826,45.55443288855069,404.4272284766859
7827,45.59522014739185,404.4463452507156
7828,45.56517661054308,404.4614184844609
7829,45.450090466142846,404.4698127097522
7830,45.27357907017345,404.47372871054506
7831,45.07660318171618,404.4772499663929
7832,44.891400635197684,404.48279125678533
7833,44.75012127698867,404.4906105303058
7834,44.68830671659532,404.4978859793199
7835,44.719949132879556,404.4994598702857
7836,44.8192589283306,404.4915595319984
7837,44.94935947545508,404.47468945120056
7838,45.10389412856589,404.45298059182437
7839,45.286217245151775,404.43213401233214
7840,45.471963083196115,404.419746388695
7841,45.63160916774142,404.42510548738704
7842,45.75375088656762,404.45272889196673
7843,45.83703579850962,404.4946998313048
7844,45.89128185304183,404.5344062719479
7845,45.924133833320475,404.55975561780514
7846,45.918149916186735,404.57118729477764
7847,45.84699988284781,404.5791967673397
7848,45.7040811306056,404.5966133608507
7849,45.508221128697684,404.6309131262427
7850,45.28935114280488,404.6780677461256
7851,45.06303788016956,404.7224206904127
7852,44.83134947168139,404.74780085041414
7853,44.61618598359366,404.7490279243788
7854,44.46037926375661,404.72964852452793
7855,44.38888787013815,404.69396423178716
7856,44.39790388859131,404.6471674405806
7857,44.47883046841865,404.59691866506
7858,44.62653660801257,404.5478898948595
7859,44.82947099516285,404.4981130716373
7860,45.06032292406308,404.4424522874889
7861,45.26729653149538,404.37973291702684
7862,45.39244338934292,404.32059951504993
7863,45.4084004205732,404.28503302682
7864,45.32097360597028,404.28552048195803
7865,45.14258393016057,404.3166316844872
7866,44.87836929629289,404.3646029957654
7867,44.5466652506708,404.42042642365965
7868,44.20690601274359,404.478939030772
7869,43.943839058823094,404.5317382385355
7870,43.81583669083851,404.5685426518033
7871,43.82767503958392,404.5837828468775
7872,43.956439069369964,404.5778853426221
7873,44.18307360904399,404.5532728856525
7874,44.48085039447402,404.5135755375294
7875,44.79348595002392,404.46711355770003
7876,45.04609990975433,404.4251731381874
7877,45.18234120994328,404.39573161441444
7878,45.197067431121575,404.3823945312786
7879,45.13131283116054,404.3856407226111
7880,45.03725813615879,404.4023020232443
7881,44.953587312107175,404.4280553852009
7882,44.899596622299626,404.45861793352486
7883,44.87079741322445,404.4886290815257
7884,44.842602933553245,404.51635873910516
7885,44.795133475108784,404.5455181208302
7886,44.74033011850355,404.576523960746
7887,44.72023981371852,404.60120522570804
7888,44.76301302885478,404.6094481449948
7889,44.845912626382905,404.5979711635549
7890,44.93015217244994,404.5719496897819
7891,45.00686027384927,404.5415593881199
7892,45.07388767685399,404.51666754136727
7893,45.11093623170514,404.4997473719385
7894,45.11065409621054,404.48343246957245
7895,45.096708344968555,404.45832550534436
7896,45.095995398002025,404.4222504440901
7897,45.120357579799894,404.3810842186072
7898,45.16482902390138,404.3439313212035
7899,45.203582806076156,404.319373906533
7900,45.211204479937564,404.31468797340574
7901,45.192782167938724,404.3337414482852
7902,45.178840435875784,404.3725962878346
7903,45.19657628103117,404.4193051125661
7904,45.246791169229944,404.45950637657984
7905,45.305013295481295,404.4843860161627
7906,45.34061975178983,404.49526280981456
7907,45.33461307558039,404.4994319737772
7908,45.291884018528016,404.50192834304204
7909,45.238884109358715,404.50097347431205
7910,45.199206885824566,404.4899142937046
7911,45.174638654672535,404.4642090128801
7912,45.15404504209295,404.426513741714
7913,45.126031550884,404.38416314079336
7914,45.08561396566826,404.34338785877463
7915,45.038568388067716,404.3073815093085
7916,44.99470531957091,404.2780997714886
7917,44.96821697084026,404.2572960204026
7918,44.97764407893326,404.24590489697727
7919,45.02023760899854,404.24559416385677
7920,45.0628816110065,404.25995993019217
7921,45.07814709365248,404.2897606516075
7922,45.07215219448361,404.328793782379
7923,45.0693017965999,404.3683479981903
7924,45.08230405382756,404.40341579106916
7925,45.09417444368762,404.43304664214486
7926,45.0652152801147,404.4579710864349
7927,44.97649225394222,404.47816882025165
7928,44.86485168822157,404.49222454152425
7929,44.78464213700265,404.5002408825398
7930,44.74550808609022,404.50458863783587
7931,44.711803173772324,404.5066332814528
7932,44.65051305797777,404.5064107631931
7933,44.5726445544225,404.50554943858276
7934,44.53208632787084,404.5079361272683
7935,44.59239582067738,404.5162290776645
7936,44.795064790225496,404.5275335935206
7937,45.13127590404993,404.53380106051895
7938,45.530443291705694,404.5264835683556
7939,45.89188718288775,404.5027881101006
7940,46.134927232049165,404.46875228191146
7941,46.22392637729802,404.43440460554996
7942,46.16476737490023,404.4079964662069
7943,45.99112867970826,404.3942690591478
7944,45.75115029851925,404.39346918764295
7945,45.49209367638639,404.40245252661106
7946,45.24448110396762,404.41987794263497
7947,45.02093268813232,404.4485760980524
7948,44.81492303803558,404.48909703028494
7949,44.59501759547286,404.53353057675423
7950,44.342275209001,404.5701804988705
7951,44.09677731619257,404.5929374519273
7952,43.9338617884645,404.6035107635343
7953,43.905542169702244,404.60636028526915
7954,44.00997249417417,404.6027407377358
7955,44.198229882680366,404.58894985706326
7956,44.411000215564634,404.56139339711837
7957,44.612966302058574,404.52260261512447
7958,44.788264815726166,404.48098773036736
7959,44.916163159140794,404.44546197597236
7960,44.97794738111854,404.42028645625487
7961,44.98365804420785,404.4048307985393
7962,44.970841735263456,404.39633683759536
7963,44.97800771334627,404.3922878254435
7964,45.01323005096431,404.39317105961663
7965,45.04137510029917,404.4028483697443
7966,45.027110669134814,404.4260326335977
7967,44.993305494313134,404.46533729353246
7968,45.00732360521646,404.5167454824088
7969,45.10916137734724,404.56799690170186
7970,45.26157760420961,404.6038377128764
7971,45.371773921129375,404.61406932913957
7972,45.36473667907565,404.5982597607076
7973,45.22142814417748,404.56204060713844
7974,44.95963200957173,404.5104927093644
7975,44.622255366017654,404.4480490653929
7976,44.28291148048376,404.3838828573975
7977,44.03581620564324,404.3330836322784
7978,43.96195735107197,404.30734588925424
7979,44.08109043424081,404.3063086279711
7980,44.33585087897984,404.3186374559851
7981,44.63012698603208,404.3278695510219
7982,44.87610266946435,404.3220009372997
7983,45.029311853893944,404.301001855276
7984,45.1060508435112,404.27310267699414
7985,45.16210680395429,404.2459680415417
7986,45.25110489781824,404.2242731650623
7987,45.39279973303521,404.2137052218704
7988,45.56318904976377,404.22256520137074
7989,45.71200128443862,404.2564690135866
7990,45.79133677549229,404.31035884713543
7991,45.76674093851705,404.36746476540407
7992,45.61484637009456,404.40869948686196
7993,45.336100014876806,404.42401964015806
7994,44.967106226822224,404.4158780606908
7995,44.56329435834307,404.3944293132591
7996,44.18565751869735,404.37288717694724
7997,43.90085174090103,404.36561557919555
7998,43.749259145120966,404.3833654805584
7999,43.7181930307558,404.42460929053453
8000,43.77007133733922,404.4730316207479
8001,43.873541359168016,404.5084344512106
8002,44.00845397511152,404.5194619257804
8003,44.17054663529566,404.5069775687212
8004,44.3607337937521,404.48049525512914
8005,44.55457621684844,404.4519419675067
8006,44.70854016446851,404.4310800211125
8007,44.80211912731644,404.42250567257634
8008,44.85384199323984,404.42283819581223
8009,44.89780775946465,404.42415212605493
8010,44.94545436678651,404.4216154381835
8011,44.974043268544925,404.41461483753733
8012,44.95153280043006,404.40363798554193
8013,44.86089907623817,404.3891974190201
8014,44.71557438016379,404.37024415123767
8015,44.557544966821574,404.3432977751801
8016,44.425641810004194,404.30572168067994
8017,44.334017929248425,404.26157869595977
8018,44.28461869130036,404.22354929392
8019,44.28494875559375,404.2025035987611
8020,44.35587484762622,404.19644348115406
8021,44.52103306329442,404.1978158301697
8022,44.77047771145252,404.2058314618966
8023,45.04624161091305,404.2249803338214
8024,45.28539801417804,404.2572074411421
8025,45.455378799279906,404.29718486263323
8026,45.53763440503922,404.333710281198
8027,45.52051603432727,404.3576871780371
8028,45.423174489952785,404.3677738967674
8029,45.29748936440886,404.36873019345927
8030,45.19967834469778,404.36784614961545
8031,45.161920345197984,404.37153813258715
8032,45.177927545378964,404.38192622458
8033,45.211259035339985,404.3959691964582
8034,45.22954997263016,404.40743653875853
8035,45.237726556348406,404.40951807570644
8036,45.26637971057085,404.3982499353165
8037,45.32866209619833,404.3768908166149
8038,45.40442206737629,404.35427498802954
8039,45.45657187016691,404.3361437769087
8040,45.451972505561464,404.3226875889956
8041,45.378890177565566,404.3143045266405
8042,45.24912868165482,404.313391882707
8043,45.084634115828536,404.3211157743121
8044,44.90895166864875,404.33632727944075
8045,44.74728750274238,404.35494076805884
8046,44.62559155009013,404.36859745187115
8047,44.563218017187225,404.369816117482
8048,44.56213698691053,404.36038698987124
8049,44.606108314437265,404.3495474862576
8050,44.6688968178992,404.34258182747243
8051,44.71618558871933,404.3366831125065
8052,44.721029586351925,404.32990929224405
8053,44.69871069312548,404.3279165995212
8054,44.701681987999564,404.33900519579953
8055,44.76737017458839,404.365816929796
8056,44.88919845203693,404.40266359519296
8057,45.03566564780228,404.4396609169766
8058,45.18263835654867,404.4698790669542
8059,45.327728734475805,404.4908593907645
8060,45.472405293521255,404.4998685749612
8061,45.59766412278712,404.49311824706234
8062,45.67576910556705,404.46851055256246
8063,45.68981417087664,404.4279224212261
8064,45.628952920028766,404.38009752872125
8065,45.49275267695937,404.3383290303279
8066,45.308660533598086,404.31203003937344
8067,45.12686773899511,404.3031725275073
8068,44.99232192378504,404.3122712212126
8069,44.92828852873717,404.3422103756169
8070,44.943241860755826,404.3903420416534
8071,45.0279807944248,404.44265128304096
8072,45.141773626662285,404.4829265084537
8073,45.23024929719653,404.50303762317196
8074,45.26612423661588,404.5027200801546
8075,45.260954792179454,404.48831182113815
8076,45.235664113478265,404.4719263845944
8077,45.18685174753241,404.46466093841224
8078,45.08658800707027,404.47150168488935
8079,44.92127267132403,404.49153069511505
8080,44.72538163014201,404.51737907977594
8081,44.55616165304941,404.53747850206304
8082,44.443647532736925,404.5445393046483
8083,44.38376046573514,404.54082620100263
8084,44.36039993314438,404.5344707656123
8085,44.352540101868094,404.5342375278954
8086,44.33533453284263,404.5456905793047
8087,44.29878649649277,404.56618432072776
8088,44.25467217937102,404.5837884910887
8089,44.218569338582284,404.58439561736634
8090,44.20792445953293,404.56248395266977
8091,44.24633048606928,404.52572762168506
8092,44.34078108980189,404.48850002414855
8093,44.4619784628611,404.46269315731246
8094,44.558256118228606,404.453612072641
8095,44.59055987894182,404.45942267597735
8096,44.55886477660772,404.47400911517684
8097,44.497934133325444,404.4911638482987
8098,44.45432724347295,404.50323829183804
8099,44.458956930554514,404.49877375985943
8100,44.50985013539992,404.46807250911456
8101,44.59036512063164,404.41094807459154
8102,44.68889713643406,404.33691456759595
8103,44.79199156911283,404.25864601483465
8104,44.88527319864179,404.18783797971537
8105,44.96486185203917,404.1353811671901
8106,45.04705882283835,404.107645723048
8107,45.16373553721539,404.10257594822116
8108,45.32154340395508,404.1158654479163
8109,45.46710155506858,404.1475233403929
8110,45.5223986887286,404.19593244198586
8111,45.46870272660179,404.25057416880844
8112,45.382885320671775,404.2987074548224
8113,45.36885211057419,404.33692361881606
8114,45.458931082056836,404.37119828546355
8115,45.599846913702365,404.40904223432955
8116,45.70977635056684,404.4532050024837
8117,45.74121447575739,404.4984362246268
8118,45.726930344991956,404.53310108022225
8119,45.75201383385034,404.54480197912625
8120,45.85593210388044,404.5258215146845
8121,45.988254379543065,404.4778175205475
8122,46.068935621497786,404.4123573375939
8123,46.065899272506485,404.3437146992145
8124,45.99691225528261,404.28270193386516
8125,45.87871549563032,404.2368741055376
8126,45.707499366987754,404.20980574250314
8127,45.4849234088748,404.1996621500616
8128,45.24729018183813,404.20372031526296
8129,45.06052045412347,404.2241106617867
8130,44.97449358813323,404.2655601117233
8131,44.9699840792843,404.3267444754945
8132,44.95679394036748,404.39550931265313
8133,44.84931237661901,404.4554575072898
8134,44.64200048147139,404.49618881532524
8135,44.403041141247684,404.5166277184782
8136,44.22261618440332,404.5259423623846
8137,44.169785451744765,404.54088534926336
8138,44.26133973469711,404.57208602943814
8139,44.45698189262085,404.61252672814715
8140,44.695379292499425,404.6445403688771
8141,44.93273018988426,404.6567338121379
8142,45.135656028290704,404.65218506039537
8143,45.26675398589934,404.6426695159673
8144,45.30879256662204,404.6363531253864
8145,45.277630228653024,404.62927396010707
8146,45.204419775640254,404.60868349294196
8147,45.12657174232861,404.5660866291247
8148,45.07993524702677,404.5064337195429
8149,45.08130718125418,404.4437518280556
8150,45.11621384381276,404.3889154032085
8151,45.14140455522092,404.3437764162326
8152,45.12060765367445,404.30772220275304
8153,45.064453228606205,404.2872818115956
8154,45.00854650703399,404.2939929505757
8155,44.95807132779283,404.3323254162465
8156,44.87311512823083,404.39495995082194
8157,44.70809028146953,404.4670933771799
8158,44.46299481741087,404.5305499516091
8159,44.19408918826894,404.5688591892449
8160,43.98878542752057,404.5724105513368
8161,43.93298534114105,404.54129756804537
8162,44.0727347841005,404.4866364886613
8163,44.385298384025965,404.42699986076354
8164,44.78710123335621,404.3811170112084
8165,45.17575286667161,404.35940857388226
8166,45.480485953927655,404.35760856924503
8167,45.69292610989185,404.3605656901967
8168,45.84393932597162,404.35399380956414
8169,45.943228264253655,404.33472071320114
8170,45.95848424142321,404.3100643020285
8171,45.8558231879831,404.2857765965675
8172,45.64968956245839,404.26178882057667
8173,45.41809888390373,404.2442400258462
8174,45.267055847486525,404.2514776987762
8175,45.26005864360426,404.298528843783
8176,45.376591481015225,404.37974036573166
8177,45.540625012454875,404.4714474150179
8178,45.675419111030735,404.54882334008903
8179,45.73511133207082,404.6006478072694
8180,45.707725736504024,404.63094078237975
8181,45.61400136087729,404.6480377184173
8182,45.517067846661774,404.65429183344554
8183,45.49479571311427,404.6469688711589
8184,45.57121659565564,404.62531075462647
8185,45.69565034102089,404.5926980661128
8186,45.7958725152767,404.55552449002835
8187,45.83664256812435,404.52339610724687
8188,45.81820783732351,404.506397400101
8189,45.73816514703402,404.5098936147878
8190,45.590039673504585,404.5306290285622
8191,45.38791819081444,404.55622478153396
8192,45.17024119510836,404.57116576284517
8193,44.98893402696967,404.56308675927414
8194,44.891234020402955,404.524875131909
8195,44.903989900044515,404.4587191897466
8196,45.03463304946581,404.3786917944169
8197,45.269700228463435,404.3053459458295
8198,45.56321149615803,404.2575933800652
8199,45.8414137773264,404.2460119196058
8200,46.03396068321425,404.2697913874373
8201,46.10004725743608,404.3208780923009
8202,46.028966204344954,404.3889496767368
8203,45.84596257914216,404.46214107596063
8204,45.61671501272167,404.5284589135226
8205,45.40498898376279,404.57869994751314
8206,45.22718810112163,404.61073643085297
8207,45.06139118971012,404.6331770880864
8208,44.87802319948767,404.658816323928
8209,44.663740860277564,404.6914571773083
8210,44.44047362902994,404.7219780499307
8211,44.259488032585026,404.7370155256032
8212,44.161861094498356,404.7301600199094
8213,44.14112441841406,404.70430740136743
8214,44.15492346908841,404.6655527541747
8215,44.17134121505739,404.6198121170324
8216,44.1851183026398,404.5755594290827
8217,44.20122083357896,404.5440741669423
8218,44.22681696792204,404.5316869673332
8219,44.27559086792028,404.532921124888
8220,44.3727342290706,404.534094482975
8221,44.54033021650449,404.5224073084947
8222,44.76781959592824,404.4924700229566
8223,45.01303908723477,404.4479957808784
8224,45.235870951665724,404.4005457296889
8225,45.41807540778758,404.3666371053232
8226,45.55132894401139,404.36016805484803
8227,45.625589772239046,404.3836937841746
8228,45.63598130375806,404.4284292083743
8229,45.584206185391174,404.47962328778925
8230,45.47087223308003,404.52011800081294
8231,45.306943315842105,404.53732372273333
8232,45.13484935528312,404.52982359385186
8233,45.004211312226154,404.50440634368397
8234,44.92053580033279,404.46977975695677
8235,44.85006099961983,404.4342111944182
8236,44.76788172491838,404.40811335342556
8237,44.68221476286412,404.4049300923048
8238,44.62151158113442,404.4321310853189
8239,44.601440722145064,404.48436946902893
8240,44.623013391251625,404.54838020735417
8241,44.70691420986349,404.6076535590285
8242,44.87887228436581,404.6452735135924
8243,45.115751404038605,404.6522170795259
8244,45.340570482617885,404.6338541584883
8245,45.470228504155116,404.6046079740485
8246,45.47176849365516,404.5745487702859
8247,45.39030015927769,404.54301901633346
8248,45.327259363043844,404.5075283663723
8249,45.372064883819455,404.47470005811743
8250,45.532085078231646,404.45520170113326
8251,45.72876311815065,404.450377184777
8252,45.85654022232686,404.45153439745536
8253,45.839133347950025,404.4509575037749
8254,45.6621845018947,404.45032030588067
8255,45.3844331160736,404.4584744111949
8256,45.09213385995253,404.4809875122422
8257,44.83210347139188,404.51439818106104
8258,44.61871032231558,404.55199459327747
8259,44.47670639721781,404.5906961038798
8260,44.43179884206179,404.6292280522905
8261,44.47160875582409,404.66434606544493
8262,44.539217609428455,404.69031478288
8263,44.57849610072589,404.6989908964755
8264,44.577424758225604,404.68532398243804
8265,44.55337912865609,404.6559772197612
8266,44.52418660091605,404.6272317958296
8267,44.514301327982274,404.6112860127849
8268,44.55605896748949,404.6067194296353
8269,44.67017042372494,404.6042123484965
8270,44.8604166651161,404.59831540941485
8271,45.10749013302481,404.59008749658904
8272,45.35733022498575,404.58227837044416
8273,45.54102625355559,404.57709529289633
8274,45.60687905546982,404.57637923642164
8275,45.531457983397544,404.57857950775474
8276,45.33268797439637,404.5746551482053
8277,45.07922545108565,404.55279216733845
8278,44.85780230932843,404.50897816296737
8279,44.72234513803269,404.44901403529514
8280,44.67552299402156,404.38339296450243
8281,44.696115249707,404.3239336635481
8282,44.78176511053596,404.2820400010871
8283,44.944277599355075,404.2648745535964
8284,45.15857989851782,404.2708152499043
8285,45.35493812854603,404.2934555450173
8286,45.47434260945657,404.3324959637409
8287,45.51139138880218,404.3934991843771
8288,45.49614586459024,404.47530937179874
8289,45.445252690287674,404.5645572848677
8290,45.359267181824684,404.64268449124324
8291,45.26645855134298,404.6958564090263
8292,45.223130534924366,404.71937444913743
8293,45.25152891379944,404.7145177983167
8294,45.30585602586898,404.6845953268122
8295,45.31511272345481,404.6361696879699
8296,45.24722411740117,404.58363007339676
8297,45.12811871152231,404.5471563234016
8298,45.004684939914775,404.53997122407714
8299,44.90791133238681,404.55978147106646
8300,44.85243796827681,404.5935660314593
8301,44.84134937018446,404.6266191691321
8302,44.866946259416004,404.64683832628623
8303,44.91765310957851,404.6456858805177
8304,44.98777646637079,404.6217591529621
8305,45.074683034777316,404.5834117233912
8306,45.153522619183114,404.5443490226412
8307,45.173770505062,404.51612618190126
8308,45.09619046661256,404.5040488484259
8309,44.914922509732925,404.5081087689169
8310,44.660367684726744,404.5254434732575
8311,44.40854866746044,404.55269611029684
8312,44.25377741972818,404.58873604651393
8313,44.241727576847,404.63335816667325
8314,44.344424533800684,404.6831271665224
8315,44.49882116546666,404.73106773914645
8316,44.64852105977764,404.7673532741776
8317,44.75431764063232,404.7788011836519
8318,44.794508645215,404.7539293720031
8319,44.775673934557986,404.69227154986237
8320,44.73425961728965,404.6065054641105
8321,44.701381286905686,404.5159103714082
8322,44.66933633363867,404.4386964403647
8323,44.61670941228954,404.38463958378884
8324,44.55370215592924,404.35253471423454
8325,44.519457085635445,404.33776541838193
8326,44.54456977276255,404.33849381694574
8327,44.62647880170018,404.35185641214855
8328,44.733041312256965,404.36968472137386
8329,44.83113733173752,404.38163262021015
8330,44.9149858364977,404.3829889098862
8331,44.99759727916757,404.37803074804384
8332,45.08489444739225,404.37416674200773
8333,45.17865878814003,404.3758447326673
8334,45.29666018997309,404.38505245633246
8335,45.46592591150235,404.40220883965543
8336,45.679792365873524,404.4253138599894
8337,45.876384477802546,404.45228774982746
8338,45.99103221307416,404.48336074387026
8339,46.0183073223457,404.5185082709926
8340,45.994279376995905,404.55270065830615
8341,45.93173392729614,404.57562526585514
8342,45.809246802830394,404.5791273099333
8343,45.61953464126241,404.56487031232155
8344,45.38927349883262,404.5428740910268
8345,45.155839384046175,404.5213688380392
8346,44.95211972568625,404.49808470122065
8347,44.80312918744394,404.4642507075364
8348,44.7192998542214,404.41685712225126
8349,44.69867264795971,404.36499366058706
8350,44.737196124953606,404.32613720215096
8351,44.82433589028568,404.3160696426035
8352,44.92982663589925,404.34059089320493
8353,45.003811231132865,404.39542760313054
8354,44.99982949004437,404.4700954188935
8355,44.91532646132111,404.55290624296146
8356,44.80033149564668,404.6344916255655
8357,44.71106000796013,404.70534666508564
8358,44.666082178155534,404.7550421497764
8359,44.64581592653671,404.7778127298535
8360,44.62434227893106,404.7759537240357
8361,44.59342547999804,404.75495760915186
8362,44.56211024869142,404.7172396245159
8363,44.55142159165936,404.66503132968626
8364,44.5744637289921,404.6060336837646
8365,44.62476185316024,404.55284100155876
8366,44.70519906328782,404.52052762043485
8367,44.83978222190266,404.52033876737426
8368,45.03962440799283,404.54893635222334
8369,45.27867745598066,404.5887455948203
8370,45.50595965017637,404.62172464717077
8371,45.66862355351484,404.6396245839294
8372,45.72768567325993,404.64249908634207
8373,45.67891198906634,404.6317350605393
8374,45.5634167300201,404.6085126063748
8375,45.431055972725154,404.5777510703904
8376,45.30767428149768,404.5468463539393
8377,45.21683001521085,404.51909745181786
8378,45.194898989701336,404.4927356464337
8379,45.26875529982821,404.46814546121084
8380,45.42916992356971,404.4513417012515
8381,45.615565266086136,404.4470928444725
8382,45.738380382855674,404.4539915484653
8383,45.74108650008418,404.4690144138658
8384,45.639650766515835,404.4911439083829
8385,45.499393956908555,404.51849668744404
8386,45.37830795934166,404.546430032331
8387,45.29052747453901,404.57074725976474
8388,45.21062413196993,404.59015186400075
8389,45.097122839860184,404.60481323793783
8390,44.92608018895861,404.61539680087344
8391,44.72613862538456,404.621520135159
8392,44.57095739054947,404.61876895960836
8393,44.525140686062805,404.6022078068397
8394,44.602317334572234,404.57398141098673
8395,44.76614595770777,404.5423567272619
8396,44.95281308287902,404.5155698919698
8397,45.09150579437361,404.4997874125657
8398,45.124607773566964,404.49722577267744
8399,45.03417164094858,404.5042422463504
8400,44.85597105276554,404.51392864614155
8401,44.659397077350235,404.5192531024849
8402,44.51358571252497,404.5147346268866
8403,44.46828962777436,404.49787201437726
8404,44.53649108009236,404.4690730853397
8405,44.68557270030709,404.43263024910794
8406,44.86080531614858,404.3965493179494
8407,45.00778080609903,404.36594581001754
8408,45.07660047821476,404.3402052169752
8409,45.03487501838082,404.3189579226083
8410,44.887423616312645,404.3047622293582
8411,44.674455938733566,404.30144110562736
8412,44.44033384132773,404.3132271554959
8413,44.2199295045896,404.3406860293551
8414,44.06384434728288,404.37761303438975
8415,44.02558585577659,404.41780563430433
8416,44.09108989495216,404.46199785824547
8417,44.16882642198475,404.5125365139788
8418,44.1747851980679,404.5649476486741
8419,44.09660759040327,404.60999795150576
8420,43.98336241971225,404.64159711818684
8421,43.90492048223745,404.6580382211636
8422,43.91740121456569,404.657871721279
8423,44.04047665687561,404.6390555865735
8424,44.247650437743346,404.60014209849584
8425,44.48604648749989,404.5403013151093
8426,44.71866327324558,404.462688562503
8427,44.950014093047656,404.380579131876
8428,45.213917525769425,404.3146440672358
8429,45.529379511387845,404.2798834056627
8430,45.863696316118485,404.27821288043776
8431,46.14799693451925,404.30330769009686
8432,46.322182420225246,404.34658193120987
8433,46.36264401589194,404.3978317422552
8434,46.29095052317774,404.4451263308141
8435,46.1572244019396,404.47866768475524
8436,45.99398628983955,404.49459384921033
8437,45.79068652085653,404.49393610055176
8438,45.52388010190618,404.48258659574344
8439,45.198462960599066,404.4716166033584
8440,44.844805994225766,404.47190841478465
8441,44.48621094195191,404.48878835477194
8442,44.140600503574184,404.52032188889166
8443,43.86242975652007,404.5588882686765
8444,43.739298302376426,404.5972839358278
8445,43.82090177265208,404.63271473247227
8446,44.077132641327694,404.6631506539034
8447,44.428552794973875,404.6831045906764
8448,44.79685956720465,404.68474661590443
8449,45.12816108202982,404.66185568978005
8450,45.39112945526523,404.6152585959465
8451,45.581072788149264,404.55691124162064
8452,45.70962433248697,404.504695686703
8453,45.77155490380846,404.46900771196545
8454,45.754476148922876,404.4469306462576
8455,45.67560125440278,404.43160138198857
8456,45.58237969064917,404.42051376911803
8457,45.52868843029049,404.410506659953
8458,45.533608762599435,404.3950307935353
8459,45.55141587830487,404.3745596818198
8460,45.51250373358008,404.3615991612231
8461,45.38877665282096,404.36969470422514
8462,45.19629911241207,404.4017267033697
8463,44.95703250669446,404.4485319779564
8464,44.688915717699324,404.49515769492746
8465,44.42030970716966,404.52846800291775
8466,44.191404268585664,404.5412702200741
8467,44.049317564736626,404.5341074726897
8468,44.038920026137575,404.5155844900708
8469,44.175101223706626,404.49744249209215
8470,44.41981191904257,404.4869474413863
8471,44.694110889153066,404.4831636561966
8472,44.91617337861925,404.4776875161424
8473,45.033783857783895,404.4603084518533
8474,45.032461360704396,404.42778425505776
8475,44.92274287123071,404.38638427740415
8476,44.72798903336017,404.34577234944334
8477,44.49405062019054,404.3133636022393
8478,44.29548275627563,404.2949105644901
8479,44.20430714140003,404.2957972732186
8480,44.252896458768554,404.3186810117265
8481,44.421053590439776,404.3617546393211
8482,44.64420737853177,404.4170161686066
8483,44.85682109932318,404.46891800473463
8484,45.03731745124915,404.50168877418116
8485,45.18724019550659,404.5105908680229
8486,45.288436276385575,404.50228852210853
8487,45.310925911419965,404.4848078670926
8488,45.23993452837063,404.46100423430494
8489,45.07905034559289,404.4313961130081
8490,44.83763444653746,404.39963695947364
8491,44.534963197268354,404.3733319082182
8492,44.230055339448576,404.35922694094404
8493,44.020776031351836,404.35818925175363
8494,43.97865254302601,404.3667428003029
8495,44.090665696402425,404.3833583159355
8496,44.2782028283495,404.4104455451955
8497,44.45779980050263,404.44956687098545
8498,44.58127100195907,404.4963317676179
8499,44.64038474468073,404.5407793951011
8500,44.643419325754344,404.57156817313864
8501,44.59335610901113,404.5790667960705
8502,44.4966678998816,404.55897358583366
8503,44.378195950470925,404.5165800324933
8504,44.274818544788275,404.4646643416227
8505,44.22068909698726,404.4155689948823
8506,44.23761127453395,404.37679023778105
8507,44.33483901161599,404.3527336499634
8508,44.50524816982265,404.34599668292054
8509,44.71499286828435,404.35673780937196
8510,44.91995738141253,404.3829340501279
8511,45.092329877060266,404.4177784097333
8512,45.21564204388762,404.4474224951739
8513,45.279850728340264,404.45986626178006
8514,45.28669903124466,404.4555832135785
8515,45.23457513033087,404.44382225083905
8516,45.11766361771256,404.4349503530806
8517,44.95346668065367,404.43735478004845
8518,44.781370991946524,404.45142383308246
8519,44.632547877490964,404.4679019040867
8520,44.520311719955856,404.47644702253683
8521,44.44969409250128,404.4707601683766
8522,44.41417932494098,404.4461707962869
8523,44.38243630863378,404.40147472386093
8524,44.31855551092351,404.3448325118942
8525,44.23463522850438,404.29091976706957
8526,44.20025113564133,404.25145292452316
8527,44.27802164096081,404.2319850625099
8528,44.45573860857293,404.23353069912366
8529,44.64984029357667,404.2514287742463
8530,44.77086448298657,404.27496324193555
8531,44.78089246692313,404.2908060527457
8532,44.69349254487712,404.28682311062744
8533,44.544858506240644,404.2574436099089
8534,44.3838736016743,404.2085744516945
8535,44.26486880884041,404.1534625843286
8536,44.229396862762954,404.10607127487106
8537,44.2901953800876,404.0815544504188
8538,44.42108696261598,404.0927862019107
8539,44.57382248923884,404.13979943393724
8540,44.71059172375416,404.20799342083615
8541,44.80588630542027,404.2769163063626
8542,44.83288261890603,404.3276869021185
8543,44.776779364571446,404.34685482393604
8544,44.66285232294476,404.33122521790017
8545,44.55940393239522,404.2921106794218
8546,44.53365190266554,404.2516238312781
8547,44.587876917963555,404.2295992576762
8548,44.6531312392427,404.2335667709669
8549,44.65310158946974,404.26127280802785
8550,44.552826352194565,404.30662874077217
8551,44.362739111234234,404.3610238979712
8552,44.13768006696501,404.41423458753775
8553,43.95412652217354,404.45588349333735
8554,43.85119695535177,404.4768836150601
8555,43.80732888431959,404.47297240735486
8556,43.78777474981019,404.4475430706903
8557,43.78250644737816,404.41089277407207
8558,43.79148169176391,404.37644868277897
8559,43.82018421611521,404.3540841343616
8560,43.89056756375959,404.3461774336449
8561,44.01931539990823,404.35141825685963
8562,44.19020721585429,404.3673514715384
8563,44.36388683937304,404.38688076226066
8564,44.50776291921679,404.3984723293658
8565,44.60215735450576,404.39424734247166
8566,44.6328419574386,404.37700721396766
8567,44.60653004383417,404.358096309607
8568,44.55884188584437,404.34955192476764
8569,44.52429897764178,404.355942089182
8570,44.5066806070866,404.37139658306126
8571,44.48654710769649,404.3876102802568
8572,44.45728370985881,404.4023110181207
8573,44.448645135793996,404.4154606096398
8574,44.503304642504254,404.42319083978657
8575,44.633967913615926,404.4207373503378
8576,44.81507007597482,404.4056518119347
8577,45.006166508667235,404.3764000926734
8578,45.1752823639961,404.3337009980431
8579,45.31139505138342,404.28286902023046
8580,45.41767846838127,404.23263887649415
8581,45.49678508759856,404.19265591473123
8582,45.544789051804116,404.169291331067
8583,45.54320642824762,404.16229259654693
8584,45.471842722426835,404.1692564794609
8585,45.347621005870735,404.19141271397325
8586,45.21905953342207,404.22936371605863
8587,45.11816600386966,404.2769314008969
8588,45.04557486553783,404.32585879498714
8589,44.99123400565079,404.373490696245
8590,44.95522025429773,404.4196628277048
8591,44.95147835861405,404.46080076358294
8592,44.9883446651065,404.49256230344446
8593,45.05407054996024,404.5122292178677
8594,45.12410867712274,404.5155494311159
8595,45.170899556019876,404.4976698305487
8596,45.172886520383,404.4610653800713
8597,45.13353311277986,404.4187786518609
8598,45.090987176401875,404.3852080323587
8599,45.09003075687947,404.3637610917561
8600,45.14441290460596,404.3458946818286
8601,45.22819176670022,404.3220832321469
8602,45.28713489444869,404.2915166206679
8603,45.26805434011959,404.2625675678241
8604,45.15979552035846,404.24561471911915
8605,44.99787824269242,404.2434934250885
8606,44.824944702456534,404.2495675264857
8607,44.66253976680024,404.25636280536514
8608,44.5232970221154,404.26229890229064
8609,44.4273375195262,404.26862248490994
8610,44.38615556983513,404.27401992648976
8611,44.382836326510876,404.2760981306498
8612,44.3814833627005,404.27850295091383
8613,44.35279262118561,404.29257692575294
8614,44.30592426814585,404.32986564930485
8615,44.29660265764245,404.3920508550559
8616,44.37107421831738,404.4644386759757
8617,44.50716540508322,404.52059810088167
8618,44.63368041244675,404.53751213945526
8619,44.687460426163966,404.50979066581647
8620,44.649455643982805,404.4536070978911
8621,44.560154637181604,404.39564231362016
8622,44.49807567440619,404.35623956745627
8623,44.518920129613996,404.343608023021
8624,44.625639084228105,404.35570355769886
8625,44.797412993756424,404.3801428520369
8626,45.00684641543597,404.39867998263804
8627,45.20988095414384,404.3980155274655
8628,45.35978634978469,404.3771045754291
8629,45.43294521465919,404.3457882503463
8630,45.44012280628118,404.31743396582874
8631,45.427915693011826,404.3015488256444
8632,45.454352311592615,404.3010235315828
8633,45.53542497019272,404.31494007530586
8634,45.61603362286308,404.34133189183535
8635,45.61472205707946,404.37528834644195
8636,45.494051200471915,404.4076599594335
8637,45.277291608532764,404.4280401269863
8638,45.01579283482158,404.4301963511246
8639,44.75554669585384,404.41760953798655
8640,44.5307295679554,404.4037471260455
8641,44.37416855574527,404.40468799860633
8642,44.31454804850219,404.4276546101912
8643,44.35411446990028,404.4638229023234
8644,44.45627832703351,404.4943985919125
8645,44.565365217254694,404.5043935196072
8646,44.64045844757032,404.4905178788346
8647,44.6701667735339,404.4595626931904
8648,44.66515457513924,404.4204701619339
8649,44.65153267948561,404.37802535044597
8650,44.65737396590686,404.3353706792484
8651,44.68675086065214,404.29837720616695
8652,44.71937327848317,404.27532683828133
8653,44.739592462007195,404.273936986594
8654,44.74699248445316,404.2954109601308
8655,44.73524312872364,404.33290910444856
8656,44.69017390909209,404.37940069492294
8657,44.61815036044983,404.43014268586154
8658,44.54754320118128,404.4749179379424
8659,44.500484698400996,404.4978243902456
8660,44.483132369942446,404.4895429467295
8661,44.49943040166863,404.45535068691873
8662,44.551470870807414,404.4108208101506
8663,44.62316416421206,404.3724192757321
8664,44.68464958988327,404.3497396492363
8665,44.71889816139932,404.3426870920286
8666,44.73804432105362,404.34348588499284
8667,44.76601820633584,404.3400938337699
8668,44.80839197169859,404.32182131237
8669,44.84770712762547,404.2858699114908
8670,44.8547646399525,404.23710010488304
8671,44.8116583268346,404.1843413324079
8672,44.73853146847093,404.14072023959284
8673,44.67366836713441,404.121911295226
8674,44.63048931351142,404.1363142072199
8675,44.60655870563869,404.176150162081
8676,44.623190446267365,404.2230794964615
8677,44.72210163573469,404.26234739117007
8678,44.91250964879653,404.28856359301415
8679,45.139443790200815,404.30477481643806
8680,45.32320340976646,404.31935780814257
8681,45.4201538484656,404.3378704157542
8682,45.43256522438429,404.3583648539153
8683,45.3759950494968,404.3762414041252
8684,45.258012942854954,404.3905370089109
8685,45.079785610426086,404.40343828862046
8686,44.84965197436304,404.41540360615033
8687,44.5967656674042,404.4244995198193
8688,44.36444963372191,404.42950775651684
8689,44.20397066632205,404.43035522697005
8690,44.17457901466967,404.4248549358318
8691,44.309873150021026,404.40775674471035
8692,44.578462492783544,404.3759216296127
8693,44.903163605235235,404.33245659788656
8694,45.21181012991471,404.2854497784575
8695,45.461078926868716,404.2457168534056
8696,45.63845240832308,404.2250865996192
8697,45.7506765880308,404.2330695697769
8698,45.80733947234543,404.27259303489126
8699,45.82724913755503,404.3378501819121
8700,45.844624290310335,404.4147791959059
8701,45.88105569157979,404.4851785354178
8702,45.91214043385824,404.5333573188284
8703,45.88612578288223,404.54891122398374
8704,45.77131076227647,404.52923844344735
8705,45.55606014952129,404.48779100933547
8706,45.245147792216116,404.4533631756434
8707,44.90059916981488,404.451182914118
8708,44.63532133812153,404.4856565591731
8709,44.53369432209911,404.5403016164635
8710,44.60832904837942,404.58880117977805
8711,44.83432168884734,404.609227592595
8712,45.169352245343454,404.5948502250276
8713,45.52294029788687,404.55524643292074
8714,45.77313521421079,404.5087415181105
8715,45.84869309359675,404.47069864895263
8716,45.763062956471934,404.44534962881215
8717,45.562135830807726,404.4281241913309
8718,45.268425263682744,404.41467472533515
8719,44.88863230807096,404.40657211992874
8720,44.46430107014605,404.4061593053217
8721,44.09541051683132,404.40813957949536
8722,43.894506679020374,404.40326070086354
8723,43.91891588074511,404.38960341671844
8724,44.14603698763766,404.3780764166901
8725,44.49033488219636,404.387482666201
8726,44.84612595199562,404.4297167132125
8727,45.13908212222789,404.4979850486633
8728,45.35311276886466,404.5714294927899
8729,45.51195264819878,404.6281242669725
8730,45.634845224707554,404.65297143149223
8731,45.71507760452483,404.6437377962385
8732,45.73099505227878,404.6157952547691
8733,45.660657573604944,404.59085762405357
8734,45.48885139904547,404.5781975388885
8735,45.22827549587523,404.57335424518766
8736,44.9494027981075,404.5684294605352
8737,44.747340188132654,404.5584759835967
8738,44.65761242461142,404.54313856710263
8739,44.62743964204971,404.5246559499288
8740,44.566924183767725,404.506861420589
8741,44.42383556664761,404.4955539491405
8742,44.21341357093997,404.4960971148661
8743,43.990395136062276,404.51048073345584
8744,43.82650639724396,404.5337643631262
8745,43.80162742239193,404.5545350593391
8746,43.96329386334745,404.56493710655474
8747,44.28239522155895,404.5675135402483
8748,44.66431496071186,404.57049711544016
8749,45.003414517581746,404.5802042652274
8750,45.22509954063473,404.59691213276835
8751,45.30381199929511,404.6157332732843
8752,45.26584590830528,404.6307053380038
8753,45.16749511996131,404.6365270729223
8754,45.06946216022621,404.62890547530156
8755,45.024465272016414,404.6080255753617
8756,45.054961417199536,404.58022148585206
8757,45.130387803864195,404.5533138205871
8758,45.186476631980625,404.532565366878
8759,45.18126760864879,404.5217109225311
8760,45.12927796240775,404.52335280907386
8761,45.07540706104763,404.53666438809466
8762,45.04983230947412,404.5561886131565
8763,45.060046560606615,404.5738939329319
8764,45.09650510502954,404.5836498671166
8765,45.12638066140632,404.5841619176733
8766,45.103059314230514,404.5789601527037
8767,44.988897614408366,404.5740775133782
8768,44.76136262124744,404.57347094148844
8769,44.4200959086721,404.57526835553796
8770,44.017987762332794,404.57252637565574
8771,43.66724643652221,404.5595718189504
8772,43.48445420317946,404.53853857528617
8773,43.52685725506152,404.5178170653785
8774,43.76961574022766,404.5031360479445
8775,44.13100204540444,404.49037234841626
8776,44.51929214227024,404.46902312478124
8777,44.85947810861587,404.4334946749276
8778,45.10970861096686,404.3891435732479
8779,45.26625725295706,404.3492208572159
8780,45.32991257995314,404.327302215082
8781,45.290217861477956,404.3286102240862
8782,45.1633400354354,404.3462204061388
8783,45.0082922060425,404.36789666223837
8784,44.88556205797148,404.3880258279568
8785,44.82313046550216,404.41062083622694
8786,44.827462086550376,404.4406695143298
8787,44.895362652253006,404.4763455780769
8788,45.009406324144244,404.510623155673
8789,45.149008589237674,404.53719575235
8790,45.29845676159019,404.5537423130148
8791,45.426546124108924,404.5621291095746
8792,45.48015473220598,404.566243795839
8793,45.4177423148712,404.5680608020748
8794,45.24965468503541,404.56586080702124
8795,45.032557599336734,404.5582967978053
8796,44.81449322163961,404.5478382937114
8797,44.60686704534582,404.5363891311241
8798,44.41545622322358,404.52082018111633
8799,44.26965373478336,404.4963826671636
8800,44.20855127265922,404.46359305660945
8801,44.25866569408399,404.4299856876843
8802,44.43370688336237,404.4052234766994
8803,44.72174768227855,404.3952999356471
8804,45.06692596737162,404.39841080012525
8805,45.39509160272325,404.4058886176324
8806,45.65512546991366,404.41130157556097
8807,45.83167101977353,404.4169401663862
8808,45.93075908632342,404.42750298498197
8809,45.94920002974064,404.4418082542997
8810,45.86764458246856,404.4549726990488
8811,45.68740792353884,404.46347633617665
8812,45.45113521073396,404.4660865781794
8813,45.21420229239588,404.465779434099
8814,45.00639888329658,404.4712838584752
8815,44.82577051873642,404.49148000112183
8816,44.66373008562459,404.5259660447612
8817,44.51427296525655,404.56245919908474
8818,44.36021908732535,404.58312652321615
8819,44.18639648789299,404.57368635776345
8820,44.019477031420976,404.53101322999913
8821,43.93103122061556,404.4662430396582
8822,43.9854620558987,404.4016263887338
8823,44.197697680561205,404.3607211032863
8824,44.53413019014748,404.3559142513322
8825,44.927875966745674,404.38343657519556
8826,45.30396742128211,404.4301040844735
8827,45.60249779686681,404.48367342976894
8828,45.77261437864397,404.5370231705537
8829,45.777867420199236,404.5860390221675
8830,45.63043886347863,404.62712893227064
8831,45.387449152507635,404.65605375957625
8832,45.1111491845122,404.6675960083308
8833,44.855271751053635,404.6584918072695
8834,44.6651889080697,404.6312429043094
8835,44.564752137644156,404.5923456661644
8836,44.54875241788225,404.5484664416627
8837,44.596866826974164,404.50710125377543
8838,44.709027021783264,404.47696526608513
8839,44.91500721850825,404.46192537015406
8840,45.21529518230271,404.4546504671781
8841,45.537349265031445,404.44155030321167
8842,45.784150125051966,404.4156981356151
8843,45.89877658972545,404.3829326511231
8844,45.870109863800415,404.35697464524833
8845,45.71314393798495,404.3484907397054
8846,45.46960936672756,404.35679495901815
8847,45.211764099494644,404.37318380011516
8848,45.01291201420555,404.38989854543826
8849,44.904245523387004,404.40414347925935
8850,44.86710263822883,404.41668167366964
8851,44.86469057476599,404.4271953737365
8852,44.876292329875525,404.431595971981
8853,44.90177415023769,404.42494346620293
8854,44.948812880744846,404.40517484927165
8855,45.03446433098911,404.3744604102211
8856,45.17929877841973,404.340238570485
8857,45.37583347297481,404.3159711810047
8858,45.57767904693442,404.31805296780635
8859,45.73102507115028,404.35729740218034
8860,45.80618682998509,404.4309860978982
8861,45.79580321067094,404.52204723275855
8862,45.69475196429839,404.60583682397976
8863,45.49592842848195,404.6612803205048
8864,45.21488825223503,404.6776659526599
8865,44.90215552079951,404.6551007661727
8866,44.61101584200638,404.60755551301776
8867,44.37523970219953,404.56283351825175
8868,44.22587813535609,404.5476732729093
8869,44.20165190471921,404.5701225618637
8870,44.32576750979686,404.61778385315097
8871,44.56292622308208,404.6690009760764
8872,44.818817208854675,404.70412680036446
8873,45.01161574546474,404.7114764387758
8874,45.12594027941336,404.6883089709935
8875,45.18219689644216,404.63883942342716
8876,45.186452751125756,404.57087367986793
8877,45.13544953755763,404.49240876220904
8878,45.04265118260845,404.410918087139
8879,44.93259790158589,404.3363868341779
8880,44.82841290907909,404.2831239321083
8881,44.75459082526981,404.2653228511409
8882,44.74121679943626,404.289964187337
8883,44.812532334845486,404.35428232293043
8884,44.951769174687854,404.4472083211989
8885,45.09010857768192,404.5494193418253
8886,45.157812490065744,404.6369306818424
8887,45.139278365766785,404.6922660026994
8888,45.07086040173306,404.71159340912044
8889,45.003460478816805,404.70067654986616
8890,44.977976469925025,404.6685590915902
8891,45.01401826093946,404.6262414993015
8892,45.09850162271938,404.5846064384357
8893,45.18922610581224,404.5485096917889
8894,45.24277305510474,404.51538287996976
8895,45.244788811789974,404.4820189681872
8896,45.206445222418346,404.45209004064657
8897,45.13193812840709,404.43610187104343
8898,45.00865683962892,404.44425856564783
8899,44.83714563641014,404.4787122537749
8900,44.6593142933788,404.5297915235221
8901,44.541849622571284,404.58017956548554
8902,44.52776013607582,404.6154639396522
8903,44.61209498852427,404.63003566461026
8904,44.753203037192876,404.62338238204876
8905,44.89209586376397,404.5948317412222
8906,44.980380311544,404.54581512357123
8907,45.002720492334454,404.4860270613792
8908,44.96575413137575,404.4300021897018
8909,44.88031848170252,404.3856839807123
8910,44.76863746093084,404.3518781134616
8911,44.671298414240226,404.32613053479184
8912,44.62687401052769,404.3093511850014
8913,44.6504315741774,404.30378254363274
8914,44.73238635126169,404.3104396398292
8915,44.8326098266955,404.3278655555141
8916,44.8765602579248,404.3522048186682
8917,44.792643658360824,404.37846343392073
8918,44.57353995143869,404.4010566752769
8919,44.288795021369545,404.41599375600765
8920,44.024531395176595,404.4250893727962
8921,43.826459687342535,404.432214711852
8922,43.70165561218051,404.4347585530891
8923,43.64326404693224,404.42781420415866
8924,43.64604677400909,404.4141567213609
8925,43.71611936912982,404.4012137801381
8926,43.86916915892181,404.3918529739616
8927,44.11105727670076,404.3855084125373
8928,44.42009695747245,404.3849077299186
8929,44.753741627540826,404.3934373516395
8930,45.07246945921533,404.4071861324769
8931,45.35297572277804,404.4161023632856
8932,45.57279019139128,404.4123428982841
8933,45.69567020791834,404.39252861997
8934,45.70078496000023,404.3543592819366
8935,45.617884863022454,404.29757431566134
8936,45.51051327023463,404.22727656994334
8937,45.434812254792774,404.15533422676947
8938,45.415295214427545,404.1002187312403
8939,45.441793553639044,404.07900019543854
8940,45.480712043815856,404.09426788111745
8941,45.48243461478486,404.1331706198582
8942,45.3961153399729,404.1790685484355
8943,45.20343571575105,404.2213142311859
8944,44.932595576333554,404.2585196912345
8945,44.64682210471797,404.2956773424268
8946,44.426517979465146,404.33629124605494
8947,44.33432212036145,404.3759646249926
8948,44.38524468840918,404.4031616977855
8949,44.54868468561389,404.40866808307925
8950,44.770875889912546,404.3961920217408
8951,45.00194959561624,404.3795122153379
8952,45.20350942749571,404.36934085691877
8953,45.34005566453254,404.367866027024
8954,45.382325428974156,404.37197087240276
8955,45.32147871464652,404.3760516583367
8956,45.17773845814561,404.37425930669247
8957,45.00170423870056,404.36386593042283
8958,44.866330939376276,404.34837095054843
8959,44.82304504726895,404.33599408950835
8960,44.84956041856454,404.33216931631387
8961,44.86128629331399,404.336361452625
8962,44.779326935753716,404.3482357601317
8963,44.59362600168036,404.3707034848541
8964,44.359283012577826,404.40450820480197
8965,44.131078429915355,404.444196002642
8966,43.929183304018174,404.4813229464545
8967,43.76762508595674,404.51059306457955
8968,43.68448454647398,404.5299850357616
8969,43.727246710387455,404.53598238361695
8970,43.90938297064866,404.5240699984456
8971,44.190852059526144,404.4933619588587
8972,44.49685673091071,404.4482125669644
8973,44.75481439406616,404.3973022310626
8974,44.930120562620594,404.3511511044203
8975,45.02756683731685,404.3162069119651
8976,45.06546693267708,404.29260089917216
8977,45.06511828515737,404.2810777164871
8978,45.04669657084693,404.2866604560275
8979,45.018817929156114,404.3127704790362
8980,44.984859676670595,404.3546922008648
8981,44.95788877662281,404.39908669827076
8982,44.96033686884045,404.4312935036324
8983,45.012050352020104,404.4430733102855
8984,45.11409454736718,404.43368435208225
8985,45.242018266407854,404.4060133883447
8986,45.36575669992105,404.3614575365202
8987,45.47627680135784,404.3021790041033
8988,45.57292374561234,404.2393338450658
8989,45.622471869908345,404.19174783727374
8990,45.56711264083158,404.1745745418215
8991,45.38309120648727,404.19060177135424
8992,45.10708709385291,404.23104851784
8993,44.8102417604628,404.28423376932255
8994,44.55513198443157,404.34094927853994
8995,44.36450157418558,404.39178241340596
8996,44.22730135027511,404.42839774705794
8997,44.130373005250426,404.44982400466154
8998,44.072104215008245,404.46085771729173
8999,44.0529820203126,404.4638476069332
9000,44.06504045945231,404.45511199316223
9001,44.08431114958143,404.43065790366944
9002,44.085885942219385,404.39406889173705
9003,44.07627377252691,404.3541483717082
9004,44.08782368426827,404.31614963421737
9005,44.14714411965625,404.2812658262464
9006,44.25661705314346,404.25058151419597
9007,44.377895664743214,404.2246671144385
9008,44.44634295941777,404.20695931065615
9009,44.43340880082849,404.20860236344225
9010,44.37533769456206,404.2390142025472
9011,44.33502227935927,404.2905445478472
9012,44.367477456608036,404.34117708118225
9013,44.5123821273546,404.3742922004701
9014,44.778721634487376,404.3893419754581
9015,45.13058569141751,404.3930659340475
9016,45.50001406923916,404.3897817920878
9017,45.8195958096289,404.3827557301363
9018,46.051497950971125,404.37941123119816
9019,46.17822106027879,404.3889097009575
9020,46.175118881418115,404.41138291120774
9021,46.03382044825301,404.4357288994157
9022,45.79910234203196,404.450321093748
9023,45.54902265578191,404.45094352442413
9024,45.35432556588853,404.44271001487414
9025,45.24645022764537,404.4389351195745
9026,45.1971410045289,404.4515518485094
9027,45.148924316511916,404.48033902302376
9028,45.078574238301925,404.51408911238633
9029,45.01023389390799,404.5379113409832
9030,44.96646043560373,404.54124659999553
9031,44.92496807591393,404.52447121754585
9032,44.82526629090262,404.4959431486707
9033,44.62178108277018,404.46541590046877
9034,44.340916335535276,404.44168277258535
9035,44.07895439569827,404.4306384724108
9036,43.93613258062748,404.43409812110093
9037,43.96396099771151,404.45093424109217
9038,44.164259939753286,404.477229871388
9039,44.49177398069379,404.50288279241346
9040,44.86614243504827,404.51132365847474
9041,45.220282762235435,404.49146529072664
9042,45.51551648003862,404.4507809180199
9043,45.709575601789204,404.4105146027314
9044,45.752362393717355,404.3874946933097
9045,45.61303860873473,404.3834271064542
9046,45.308151609149746,404.39006423001274
9047,44.910046894802505,404.40027779080884
9048,44.5092101013033,404.4120082093788
9049,44.179527343713055,404.4233604143684
9050,43.98095015057066,404.4298624073021
9051,43.93151347112713,404.429584439981
9052,43.97097481903536,404.4271094257604
9053,44.00919525171301,404.42951393952717
9054,44.00897898591432,404.439796542786
9055,43.99964414920715,404.4538493112711
9056,44.02950628298427,404.4615961093107
9057,44.127455315012085,404.4536280831826
9058,44.296527597061704,404.43006074603613
9059,44.51910562723436,404.40052899396454
9060,44.76326576065898,404.37393983343077
9061,44.98830621686429,404.3526355236151
9062,45.16609163441984,404.33830048392866
9063,45.30695298934303,404.3353397772493
9064,45.43304570110605,404.34426307253693
9065,45.52818715655904,404.35971357279794
9066,45.54772147788996,404.3765528753758
9067,45.46715772611756,404.39202631403333
9068,45.29365489013033,404.40428620924445
9069,45.04695262889216,404.4122579906081
9070,44.75824329334054,404.4150387329894
9071,44.47140051406039,404.410892636546
9072,44.231826503776134,404.39894712087784
9073,44.08699548527302,404.3836132076941
9074,44.0708038303468,404.37453836177787
9075,44.164875339733356,404.3786720089833
9076,44.30899766225986,404.39334836138215
9077,44.46045634102874,404.4085313347087
9078,44.617313929572994,404.4154407454796
9079,44.78758372660656,404.41171269218796
9080,44.95669988555292,404.39989867410117
9081,45.07750838886512,404.38494341396347
9082,45.09608473062321,404.37397031469095
9083,45.00758721751227,404.3751129953628
9084,44.86906557967723,404.38982759067795
9085,44.746452714100535,404.40715084710484
9086,44.66062906231423,404.41301801887295
9087,44.580316157243374,404.40369278514896
9088,44.46822033971055,404.3856416895943
9089,44.334468579741014,404.3658254197198
9090,44.23062677979039,404.3466344895699
9091,44.20275510450864,404.32833948635647
9092,44.27352382406505,404.31225115618383
9093,44.44858856874536,404.30206789818067
9094,44.713967234937485,404.30416496067306
9095,45.034844472751175,404.3249327152202
9096,45.366325585301645,404.3650097580622
9097,45.66372012520618,404.4158652213609
9098,45.868534350369615,404.46516553211166
9099,45.89829511018998,404.5055580981299
9100,45.6950691603511,404.53503682771264
9101,45.28579041511878,404.5518046857406
9102,44.77587072649621,404.5538794184167
9103,44.29327188394581,404.5429148884653
9104,43.94102288224047,404.5254694552026
9105,43.773490981381045,404.50969444584985
9106,43.781982526492854,404.50017146236513
9107,43.90392469667622,404.49511170426376
9108,44.06830178254873,404.4874847781791
9109,44.235793965111405,404.4664977205125
9110,44.39821422216804,404.42183294401394
9111,44.547577601339135,404.35382835134965
9112,44.65701700640013,404.2790565779017
9113,44.70765137214975,404.22126492575734
9114,44.715182032727434,404.1945527498804
9115,44.70971188396472,404.1957856499921
9116,44.714557723202866,404.21166535005966
9117,44.75412997677342,404.2304002832477
9118,44.856876025957284,404.2478589493894
9119,45.0387171449566,404.26291298316056
9120,45.29090208834635,404.2681458537942
9121,45.57976944664718,404.2524012727089
9122,45.848983742126826,404.21539781325964
9123,46.033303982068205,404.1738575811233
9124,46.08515844872919,404.150009262976
9125,45.99384211369885,404.1562905997287
9126,45.77823297846265,404.1902627170649
9127,45.472104453639176,404.2404992969451
9128,45.13931799353195,404.29488075337724
9129,44.87664491140397,404.3421475089703
9130,44.75297985969808,404.3707227342063
9131,44.752055709004374,404.3746267775698
9132,44.801317577090096,404.3597026330696
9133,44.84313524874037,404.33874186433627
9134,44.855270011662846,404.32113632916986
9135,44.83759975957716,404.30870791286145
9136,44.81053349168515,404.3003012749788
9137,44.79725341305269,404.2990432113189
9138,44.80613502188357,404.3131211731805
9139,44.845835369637484,404.34922540795463
9140,44.932823551594964,404.40755934669903
9141,45.07618628463549,404.48116095100124
9142,45.2601586979545,404.555302613044
9143,45.43213355409446,404.6099334239511
9144,45.52001726087171,404.62997973388417
9145,45.4798942293039,404.6148868960085
9146,45.327540079729374,404.5776327721428
9147,45.12957934783295,404.5367487148842
9148,44.96200372242136,404.50612622863446
9149,44.86875347980251,404.4883460970101
9150,44.86727239368407,404.4794059489067
9151,44.96550121551076,404.47754295286813
9152,45.13630126357182,404.48274409095075
9153,45.309433645920905,404.4928870956742
9154,45.42654173097136,404.5057612425616
9155,45.48694698347958,404.520522343381
9156,45.524612912347116,404.53745679463697
9157,45.55411767675737,404.5574617285863
9158,45.5494056457392,404.5777678707809
9159,45.46746778652925,404.59216596488864
9160,45.29135766007439,404.5965939982816
9161,45.062259517682506,404.5887598057981
9162,44.86200482193,404.5648903317491
9163,44.74941435895357,404.52189810099577
9164,44.7176953242504,404.4626338036849
9165,44.715150993956684,404.3977559101095
9166,44.698659406314725,404.34224466039063
9167,44.65060036587503,404.309056710721
9168,44.55249245243661,404.3031164335475
9169,44.387940171293145,404.31994472789967
9170,44.170436027148654,404.34911792623313
9171,43.93846650725978,404.37839530453596
9172,43.74175451820759,404.39884570364694
9173,43.636074190275586,404.4103012983391
9174,43.662598629762556,404.42073701223217
9175,43.825814693521096,404.4384990912005
9176,44.09150751891455,404.46396408450954
9177,44.405762291554566,404.48650654424677
9178,44.72291767565882,404.4916306499517
9179,45.014661419990624,404.47324222069113
9180,45.25866714326729,404.4369715176074
9181,45.436963912187665,404.3949481318599
9182,45.54596795149344,404.3583134934319
9183,45.593767463541255,404.3298679569253
9184,45.58394105027286,404.30556689406416
9185,45.50927611205687,404.28450949251095
9186,45.361803065456535,404.2719063179989
9187,45.15087739500588,404.2683958810323
9188,44.92268649075583,404.2630108928222
9189,44.74352055818011,404.24516874535004
9190,44.64861876859244,404.218338830525
9191,44.63520901084471,404.1955725698473
9192,44.692236630487386,404.1869517462662
9193,44.80522083124162,404.1946241767147
9194,44.95719036742313,404.216174260815
9195,45.13807210562591,404.2485710565487
9196,45.34051858987986,404.28673674079425
9197,45.546645328755154,404.32085715432515
9198,45.717819961505135,404.3391309139682
9199,45.80831214277906,404.3338351945369
9200,45.79983790082421,404.30609131475654
9201,45.7019061013874,404.2655857333133
9202,45.52555189231637,404.2248010478995
9203,45.29425249379522,404.19591592512273
9204,45.05684463008494,404.1911821530453
9205,44.8580985569589,404.2178043851675
9206,44.719098582329615,404.270060106549
9207,44.64124456142332,404.33044743357493
9208,44.601038892398115,404.38114432627054
9209,44.552190858446366,404.4145072044416
9210,44.45141454969658,404.43456170926765
9211,44.291301309796424,404.45201583318897
9212,44.11019890983814,404.47715505477333
9213,43.957424097277546,404.51252925279385
9214,43.85398965630044,404.5495475493602
9215,43.794071492252314,404.57441716722104
9216,43.766127062233274,404.5805270495296
9217,43.76831480592086,404.573953917492
9218,43.808286893780945,404.5639382604742
9219,43.88553419754159,404.5505387876083
9220,43.988506102164074,404.526618655593
9221,44.11351823026132,404.4884971670303
9222,44.2650703522893,404.4387162494871
9223,44.43632514222387,404.3820822333853
9224,44.60781486337054,404.3258935227857
9225,44.76607957568443,404.2811864999747
9226,44.91105073579706,404.25709139146335
9227,45.04744768065819,404.2552070793657
9228,45.1756919355646,404.27072471730514
9229,45.28451918501099,404.2975136706099
9230,45.36195922783098,404.33180961006116
9231,45.422332601447046,404.3684640020403
9232,45.500303287914,404.39522886901204
9233,45.615242942529555,404.39571142229624
9234,45.7500727506514,404.36061981883785
9235,45.85097986319571,404.2982373875556
9236,45.852538445313826,404.23283850318666
9237,45.73138829494242,404.19238056096566
9238,45.54153524397979,404.1940019439941
9239,45.37504033107169,404.232264368247
9240,45.28754496338202,404.28351229910714
9241,45.284981807768226,404.32719438318236
9242,45.35514507050495,404.3587386450275
9243,45.471056116145064,404.383987295262
9244,45.59031901535633,404.4111034334322
9245,45.6753782618424,404.4479225212969
9246,45.70454938856728,404.4979130009966
9247,45.6727505087958,404.5537513865321
9248,45.5854293669407,404.6000601721503
9249,45.44713815423459,404.62667129977785
9250,45.2684345530337,404.6339909424511
9251,45.077613446653416,404.6247386434284
9252,44.90267283232757,404.59869867462993
9253,44.75850890421694,404.55641631244333
9254,44.664749128269,404.5024497973073
9255,44.64161902094079,404.44458708650876
9256,44.68737667042462,404.38968403578616
9257,44.78353694044371,404.3383439102729
9258,44.904003863694314,404.28779949223394
9259,45.00934467393972,404.2421332349209
9260,45.06675510201627,404.2139237386375
9261,45.084538323939974,404.21450138706507
9262,45.09710271747022,404.24529163048396
9263,45.1236886455026,404.29875673430286
9264,45.16293394623813,404.3640039212939
9265,45.21027078798365,404.4276921526302
9266,45.26163958462538,404.47634604396296
9267,45.309761123937676,404.5035516132533
9268,45.34877244401152,404.5097078369463
9269,45.3779656282875,404.49683224579337
9270,45.404947355866696,404.4698684279579
9271,45.45250832983497,404.4384392593292
9272,45.54520254495043,404.4122431287607
9273,45.66888851545,404.3967343512766
9274,45.757628766934225,404.3925958594074
9275,45.74197310730516,404.3947275134892
9276,45.597552372711476,404.3946554443081
9277,45.34859794514965,404.3914633015824
9278,45.0552636445762,404.3963237510956
9279,44.79695288609088,404.41659973318167
9280,44.64535234958335,404.4420887030047
9281,44.63039476224727,404.45843158981097
9282,44.72386046948749,404.4648948797866
9283,44.87142796156515,404.46928229850295
9284,45.02672726437816,404.47436500736427
9285,45.14655558709993,404.4761253626833
9286,45.19407283406806,404.4723758296826
9287,45.16498838858274,404.46969187807593
9288,45.10090034931724,404.4783053411362
9289,45.06982046470156,404.49860260671477
9290,45.1240042380351,404.51746102480985
9291,45.26944513608226,404.52158028745026
9292,45.465861082164636,404.5095530307748
9293,45.65096782631376,404.4911926899342
9294,45.772319906078366,404.48278780138423
9295,45.800899322000596,404.49792251996723
9296,45.728561370253246,404.5348522799003
9297,45.57605569427827,404.57890244013726
9298,45.396364742091805,404.61979045481047
9299,45.24306841932364,404.6586592485956
9300,45.133333456642475,404.69863792508136
9301,45.05429428977869,404.7368254817059
9302,44.99145368375258,404.76447635767596
9303,44.938201242290795,404.771661803362
9304,44.902181324995674,404.7549417603031
9305,44.8956876195839,404.7188383162479
9306,44.898412739478346,404.66994954073806
9307,44.86491382324761,404.6171565098107
9308,44.77787068728827,404.5751619319394
9309,44.657332125243684,404.5575962463071
9310,44.528343410573626,404.5640487303526
9311,44.41441165938242,404.57987667730777
9312,44.352007205148354,404.59063413434023
9313,44.37793606326012,404.59133054340293
9314,44.493161292991836,404.58394634961957
9315,44.65562801336532,404.57183210943276
9316,44.814719320561096,404.5553167968187
9317,44.93749511894735,404.531895295982
9318,45.00583720511782,404.5002394739126
9319,45.00824066873252,404.4624958008273
9320,44.939889518525405,404.42547626637787
9321,44.81342569191469,404.40087650250706
9322,44.67368164430132,404.3986824054139
9323,44.58952237914419,404.41765112155844
9324,44.61485522608318,404.44609022099047
9325,44.757287237928864,404.4703004330567
9326,44.96958254104491,404.4773256720558
9327,45.164759077722124,404.45601723455246
9328,45.27227926636013,404.4049337331368
9329,45.27973391550648,404.33690192214914
9330,45.209314000992386,404.2716651135442
9331,45.081101825975196,404.2269759436168
9332,44.90144762837891,404.21513745669586
9333,44.67233198466018,404.2395127639638
9334,44.422082109989056,404.29305127749257
9335,44.22321821588754,404.3632205603388
9336,44.14666534797413,404.43666989162415
9337,44.20217589892524,404.5015778096649
9338,44.355283886640365,404.55066252538546
9339,44.57871098645222,404.5807098754025
9340,44.85856128205921,404.5894961730067
9341,45.16531198611452,404.57665128631254
9342,45.43932801264321,404.54469933269934
9343,45.61927692431078,404.497380788336
9344,45.67580958964282,404.4426466746903
9345,45.604830135529795,404.3976733280611
9346,45.413272181519766,404.3837397929258
9347,45.14041068931784,404.4111556249236
9348,44.872160810454,404.4690695969038
9349,44.697178240941476,404.53279349480607
9350,44.65184249236839,404.5813317971469
9351,44.706772255188895,404.6077827051216
9352,44.77966601385646,404.6167951506236
9353,44.77604469533903,404.6150601417627
9354,44.65682322472888,404.60467185746916
9355,44.47406720825883,404.5837276628298
9356,44.33744277611281,404.55165869688676
9357,44.33952152971783,404.51404349228716
9358,44.50867821429016,404.47933924605326
9359,44.82269004996461,404.45200496348207
9360,45.23076178037518,404.43419848077235
9361,45.656320940101615,404.430297078569
9362,46.00931066591443,404.44446013733784
9363,46.215958335184496,404.47582135840065
9364,46.25510731396247,404.51716710861734
9365,46.16328993128434,404.5587882015353
9366,45.9906615483484,404.5942170665536
9367,45.76845510881459,404.61945260106404
9368,45.526541994299606,404.6282332264277
9369,45.31908585394671,404.61454118683287
9370,45.20399388237028,404.5796876090672
9371,45.19209725853046,404.5340384719878
9372,45.24860928542324,404.4932005136481
9373,45.342824959601245,404.47168203808195
9374,45.46116329722975,404.47627931476154
9375,45.58669113221793,404.5050742260172
9376,45.68488901155336,404.55117783386765
9377,45.7031402289036,404.60303430306766
9378,45.598477358589896,404.6436959947017
9379,45.38247549004848,404.6585060224079
9380,45.13448374763112,404.6490793860163
9381,44.948441737759886,404.63509347405187
9382,44.86648304207404,404.635166948225
9383,44.87802296006991,404.6503895470417
9384,44.95115647349201,404.66797810916694
9385,45.04583259600566,404.67268802631395
9386,45.131985036121975,404.6552607128966
9387,45.21397566531172,404.61673119993793
9388,45.32242549080985,404.566215702625
9389,45.47430959584106,404.51385430314633
9390,45.64905777139095,404.4659926962841
9391,45.80469350775583,404.426192800286
9392,45.909838870979456,404.399523334138
9393,45.956463979866115,404.3923692155535
9394,45.941258354089825,404.4041965884685
9395,45.845411281505505,404.4239786666505
9396,45.653469094998755,404.44013901762804
9397,45.38853163286041,404.45025074460074
9398,45.10951746443733,404.4593682996851
9399,44.88735317593272,404.47563735226163
9400,44.78256061130184,404.507259114268
9401,44.804706878318036,404.55658321254896
9402,44.90006527635262,404.6175593775623
9403,45.00027484199724,404.6790494046828
9404,45.05915186612193,404.7275560599642
9405,45.05378337946755,404.7507774028424
9406,45.000881596050405,404.7434333983152
9407,44.96881145025486,404.7100323124542
9408,45.02927623010851,404.6626052635643
9409,45.196798803288196,404.61603026168575
9410,45.4265228838904,404.5825088191049
9411,45.64452015691676,404.5680564896632
9412,45.786602600994286,404.5739669352928
9413,45.83619171630389,404.59710815603427
9414,45.810232940334316,404.62574017071853
9415,45.70994537804063,404.64231129983676
9416,45.521932247611396,404.63739924811006
9417,45.25770645692971,404.6175192165404
9418,44.95558465950121,404.5953799728658
9419,44.66621447413901,404.5777227431372
9420,44.458500281993764,404.5651603505122
9421,44.390709408629945,404.55727003633837
9422,44.45912670026072,404.55371909512843
9423,44.61236711148027,404.5533700478888
9424,44.805077307711464,404.5551523442391
9425,45.01394024870207,404.5582911607034
9426,45.21687375094829,404.56184244908866
9427,45.379253357814136,404.5662177624793
9428,45.46139858292401,404.5733499663478
9429,45.42841545784068,404.58343651052877
9430,45.26809070347255,404.5932931067238
9431,45.01262445751764,404.59801843298976
9432,44.73229423118196,404.5919980439021
9433,44.50173982739583,404.5708639174033
9434,44.36070927733717,404.5366375818539
9435,44.30223208150998,404.49824866097515
9436,44.305929576158604,404.46544380424837
9437,44.370072845397765,404.44645012431346
9438,44.507562952253245,404.4485825078671
9439,44.72784291026211,404.4737873729443
9440,45.016011617062794,404.51588764486496
9441,45.32461989755771,404.56428168559
9442,45.60336949453534,404.60751104862425
9443,45.83112627454815,404.6368593671712
9444,46.00934857763135,404.6501248877443
9445,46.142974606013325,404.649515977492
9446,46.226785565403084,404.6351897016969
9447,46.23966979049286,404.60362901334685
9448,46.171781146550714,404.55613596460853
9449,46.04914301368551,404.5065984299969
9450,45.91127634340415,404.4744901767581
9451,45.79170001294038,404.4729692945342
9452,45.72145013360026,404.5045983328474
9453,45.71370402208259,404.56006122359514
9454,45.73824552911484,404.62166163496323
9455,45.724420594738724,404.6731151823813
9456,45.60565517420879,404.70551390327034
9457,45.37057831999515,404.7180506527086
9458,45.06184621279662,404.71602814856743
9459,44.73878495252011,404.7046224552772
9460,44.45160027926468,404.6846067725164
9461,44.21885300118366,404.655750317895
9462,44.02138620668535,404.62197167713964
9463,43.83681163845562,404.5903700013356
9464,43.674264861335594,404.56627490709997
9465,43.57590514009537,404.5519160580229
9466,43.59101748581906,404.5457932049833
9467,43.7341239710617,404.53959349013064
9468,43.96546541819664,404.52275869197797
9469,44.224678521718886,404.49306437179837
9470,44.48011292001814,404.4577391496
9471,44.73632101699985,404.4260744879597
9472,44.994178147786066,404.4048439404858
9473,45.21265653649007,404.39665105496516
9474,45.32605632870975,404.3995728479799
9475,45.306486812084884,404.411122046214
9476,45.197175715394465,404.43009705641947
9477,45.07956851471658,404.45283737513
9478,45.02516149393022,404.4746332669757
9479,45.07214792614219,404.49542033650425
9480,45.20949229849684,404.5189308801416
9481,45.376594857879866,404.5472523201649
9482,45.50447048200478,404.5769036576481
9483,45.56463820694123,404.5983068328457
9484,45.566738340208246,404.6006447353199
9485,45.51887933541219,404.5805899978976
9486,45.42342582249747,404.54693049684596
9487,45.30685216463657,404.51538310975116
9488,45.20678724852314,404.4981623332432
9489,45.12818167280835,404.4976890032756
9490,45.05003211366134,404.5093873664599
9491,44.962470014379285,404.52851249759004
9492,44.86913666415842,404.5518980890837
9493,44.77313627468426,404.5748617089544
9494,44.68016342610217,404.59181411841416
9495,44.60949493074104,404.6010841553508
9496,44.58425764019718,404.60463075962116
9497,44.58883778849405,404.60298706668783
9498,44.556611735949126,404.5939419325755
9499,44.437399799772095,404.57611184457346
9500,44.258806371626434,404.55119009093505
9501,44.10469119183917,404.52050477660697
9502,44.0548451386238,404.4846146172333
9503,44.1371507908809,404.4500665320349
9504,44.322200456324694,404.42834977743036
9505,44.56116353891886,404.4252314404553
9506,44.80645606289478,404.4360314963409
9507,45.01061407597465,404.4488696191134
9508,45.150580521094184,404.44973159021646
9509,45.24180739083171,404.4309216660405
9510,45.30729627981495,404.3978436597944
9511,45.35504016253526,404.36343531511955
9512,45.3890041082271,404.3376887507336
9513,45.42774205254781,404.324694140762
9514,45.49823641338423,404.3261096586918
9515,45.5886282735305,404.3441642670775
9516,45.636971649195004,404.3781981001598
9517,45.601450415695254,404.4194228812195
9518,45.503995658456326,404.45338348871155
9519,45.38986532610082,404.46951489089474
9520,45.2811864795031,404.4686419731186
9521,45.17917913497858,404.4596787651939
9522,45.08831282724616,404.4517213047397
9523,45.018898522236206,404.45153290895473
9524,44.97741765122218,404.4625990627912
9525,44.9641082607874,404.48262777104867
9526,44.95957701049225,404.50204970563766
9527,44.9232716845931,404.5087967464412
9528,44.82450536344276,404.50043630701646
9529,44.66037748290879,404.48675520032197
9530,44.44906972846126,404.47575231753365
9531,44.22069034400315,404.46652996631224
9532,44.013672295640234,404.45847998420845
9533,43.8782230603812,404.45613051496247
9534,43.859136721215755,404.4634316827144
9535,43.95611507352117,404.4799569480371
9536,44.11912109453044,404.50239251004115
9537,44.29126772844935,404.52606491248866
9538,44.44646569227041,404.54321824464705
9539,44.59500632873734,404.54324223761387
9540,44.7575627707039,404.51831516320937
9541,44.925006662340635,404.4687750671165
9542,45.05303500864872,404.405907347868
9543,45.09673886619995,404.3471545916979
9544,45.044510606806945,404.30324664190425
9545,44.936075304901856,404.2744922498707
9546,44.84879725464411,404.2577231002871
9547,44.83849054176187,404.2490020192687
9548,44.898118723863135,404.24348564525684
9549,45.004585924651494,404.2384804271576
9550,45.17754951728984,404.2352705360661
9551,45.45133236707234,404.2352494831463
9552,45.812138477244446,404.2363808297439
9553,46.17219683454812,404.2370100851204
9554,46.39420767210469,404.2407379138907
9555,46.37699106313519,404.2540876792595
9556,46.13686845072853,404.28086784791446
9557,45.77938509298751,404.3212806192096
9558,45.40824863186278,404.37463297721604
9559,45.08778584963861,404.4395335038804
9560,44.855095880270056,404.5128514278952
9561,44.72984412595083,404.5896988804066
9562,44.70298503862227,404.6620274734776
9563,44.728175852230514,404.7185764972254
9564,44.750913852367084,404.75009595767443
9565,44.74491464778762,404.7555194143072
9566,44.712072910647564,404.74242567950915
9567,44.66465413622545,404.7217950111609
9568,44.620690036515626,404.7020320760583
9569,44.59747543244579,404.6854173939379
9570,44.60413289092969,404.6688629083621
9571,44.65905308705598,404.64860618705455
9572,44.792264901405034,404.6253288161785
9573,45.003149222594665,404.60515531338234
9574,45.23641852587509,404.59234802557216
9575,45.41366289794472,404.5814196028282
9576,45.4720405557574,404.5616497437769
9577,45.387726968256416,404.5271833442177
9578,45.19975493662851,404.4800100394735
9579,44.99266709248131,404.42830319517947
9580,44.83401173102061,404.3843235236595
9581,44.74834817706028,404.3605400230519
9582,44.73189321832149,404.36209236167866
9583,44.759299826815095,404.38133153326135
9584,44.79329045178572,404.4049213972907
9585,44.81419592834879,404.4251571580425
9586,44.83712183267384,404.4401289848017
9587,44.88506846574992,404.4484869106664
9588,44.95440844705349,404.4481990179856
9589,45.018116106981324,404.43960774780317
9590,45.0560063877967,404.43063694669013
9591,45.07417900805931,404.4348027392412
9592,45.09557625295921,404.45977948800515
9593,45.14421562810928,404.5018635713317
9594,45.234669692667175,404.5534508816005
9595,45.359145895901726,404.6089760934782
9596,45.484358001002434,404.6610815588496
9597,45.569245268508354,404.69967056038945
9598,45.594499257007264,404.71753146067095
9599,45.57362347660171,404.7141006316766
9600,45.5358150016643,404.69717161289674
9601,45.5072222719499,404.68032910776725
9602,45.49672661867597,404.67425485845376
9603,45.49325435508123,404.680189315599
9604,45.48960813926678,404.68863706519613
9605,45.49200221362175,404.6845490183262
9606,45.49355376868852,404.6610914457507
9607,45.469298001974174,404.6253950666662
9608,45.40441338146242,404.5859396441096
9609,45.307877470068476,404.54401714953025
9610,45.19715002666399,404.50033998099434
9611,45.07907144344444,404.4599266698398
9612,44.95374034976382,404.4301954041542
9613,44.82440567655922,404.41874043822384
9614,44.69280243673031,404.4298123157022
9615,44.56182425369554,404.4600117767645
9616,44.44701387612771,404.4982652756958
9617,44.36631005931639,404.53039150471545
9618,44.325353301312326,404.5444213981116
9619,44.33083608852722,404.5342079404068
9620,44.39644891625445,404.50162526790797
9621,44.51828382294382,404.4573452153743
9622,44.660155611749346,404.4173732644761
9623,44.7699739381472,404.39597224309574
9624,44.809464781283154,404.39951458440885
9625,44.77654680753301,404.42468015478227
9626,44.70365403553273,404.4629043738936
9627,44.63296803596637,404.5068184254158
9628,44.589080201375566,404.5499616141484
9629,44.569649609023095,404.58174504212207
9630,44.57083158530327,404.5908263926184
9631,44.618038521408344,404.57671179831954
9632,44.74826658292592,404.55210817655865
9633,44.96749349402207,404.5332256593906
9634,45.237211634302014,404.5325095366335
9635,45.49779310842178,404.5539271728483
9636,45.699203278109614,404.5854615153019
9637,45.805437894337196,404.60159825897784
9638,45.80241149710727,404.5826496087106
9639,45.72549713985676,404.52991937914356
9640,45.637273662984775,404.460102196007
9641,45.57129189628886,404.39229064558833
9642,45.53144012068739,404.3406184363839
9643,45.518995984338964,404.3099510973975
9644,45.53008653019348,404.29528193583667
9645,45.549442456322666,404.2879946275453
9646,45.55372132915467,404.285289601518
9647,45.519518544001976,404.2928633021626
9648,45.44445968940088,404.3176482971778
9649,45.34432090962056,404.36031474109257
9650,45.22189061400353,404.414002108684
9651,45.075924565471915,404.46775565869746
9652,44.93188857727781,404.5116764160044
9653,44.82115305441456,404.5407175179247
9654,44.74878879642635,404.5571007997644
9655,44.71476167591233,404.57065694313593
9656,44.7330150136195,404.59262674534494
9657,44.7989769560897,404.62427121528435
9658,44.87297240342076,404.6528924042846
9659,44.916323383531996,404.6629555923863
9660,44.92330183450419,404.6472687011219
9661,44.919774192697005,404.60647367376686
9662,44.947567185747545,404.54837546983117
9663,45.03788168241582,404.4893264919621
9664,45.1832499963024,404.44927187940834
9665,45.341899588495636,404.4446468039167
9666,45.46828500526194,404.48355559873784
9667,45.527050948988546,404.56055615525383
9668,45.487686180393986,404.6550969399488
9669,45.330996262680145,404.7419790637012
9670,45.071361689945974,404.80424476673574
9671,44.77134934705426,404.8341571962909
9672,44.523780292679746,404.8313235067925
9673,44.398396770054156,404.8033940969865
9674,44.39775304532019,404.761102401083
9675,44.472806020003844,404.71324383522557
9676,44.58408851548013,404.6665046549243
9677,44.733789065663274,404.6255881742933
9678,44.94059009120314,404.59315467828026
9679,45.205569232437036,404.5696339781076
9680,45.49706980547581,404.554905343955
9681,45.762009247856675,404.5499998438227
9682,45.95590771737054,404.55496818363486
9683,46.050111523795394,404.5671378493651
9684,46.02655445971965,404.5804643531864
9685,45.90121831193023,404.58582076517575
9686,45.73547019617463,404.5745081095764
9687,45.597781645260554,404.5427680227498
9688,45.53158388646943,404.4957593471018
9689,45.5513502349727,404.4461243916341
9690,45.63806872315904,404.4046534826286
9691,45.755208057997244,404.37441214552285
9692,45.87945033340436,404.35502280201314
9693,45.99136482062254,404.34784723238346
9694,46.04974317555331,404.3553567062228
9695,46.01354410956569,404.3789351636613
9696,45.888480005330656,404.41801028094903
9697,45.732254534138946,404.4699857424471
9698,45.6103540490123,404.53101341122203
9699,45.54527825434036,404.5962178812459
9700,45.50253675443545,404.6597269882549
9701,45.42210925266975,404.715274935957
9702,45.27298277032004,404.7567172433309
9703,45.089049756444396,404.7800651048751
9704,44.94190449319418,404.7868582475917
9705,44.88472939490244,404.78425697363866
9706,44.9350026091431,404.7797625609695
9707,45.081864381415265,404.7753585356263
9708,45.28883632738991,404.76717663313417
9709,45.4977133670131,404.75164031299505
9710,45.645791845463194,404.7311059295192
9711,45.69704738018631,404.7120909135425
9712,45.66089979656348,404.6994618862367
9713,45.59192866367663,404.69233950212737
9714,45.5700568027423,404.6841511116662
9715,45.64738383318512,404.66580882049817
9716,45.808765742559864,404.6309931660245
9717,45.98949642449065,404.58380797814516
9718,46.113487588199725,404.5385800536872
9719,46.12977575197038,404.5094563089528
9720,46.041354167461996,404.5052647873918
9721,45.88146015612907,404.52998045299296
9722,45.66645055521098,404.5796249079007
9723,45.40373181926847,404.6394583737845
9724,45.12291574243034,404.6877860598981
9725,44.875034422081036,404.7086945194133
9726,44.69780680190726,404.704266354422
9727,44.58004887854179,404.68853145690645
9728,44.47991771763103,404.67218147428224
9729,44.37361665098632,404.65963918940344
9730,44.28062401663967,404.6516228936135
9731,44.260782245718616,404.6444626888555
9732,44.37182059963669,404.63312425989614
9733,44.61197583111804,404.6168585985136
9734,44.91206336402732,404.60044680220955
9735,45.17677899810603,404.5896949308401
9736,45.335100763287606,404.5864830145797
9737,45.37000021426884,404.5883843215952
9738,45.31921439036496,404.59178368366025
9739,45.260540444515144,404.5946218258549
9740,45.26979048460326,404.5961475767599
9741,45.36258795693266,404.59696523640014
9742,45.47978468930358,404.60082720562946
9743,45.53129681344512,404.6124217216696
9744,45.46090451840582,404.632670117946
9745,45.282228926453556,404.65841932546994
9746,45.060005566286,404.68424575482277
9747,44.862784877691965,404.7039824093763
9748,44.72607469666079,404.71335499360924
9749,44.646464705531415,404.71036846239383
9750,44.59867443339451,404.69457355312215
9751,44.5535691472497,404.6689474890885
9752,44.49655174285022,404.6406250052586
9753,44.44873988098655,404.61703960665517
9754,44.461777568855595,404.6000637051334
9755,44.564984139443524,404.58651625963347
9756,44.71986525473909,404.5772596434561
9757,44.845017924294126,404.5793810268021
9758,44.87914653675003,404.59630172814934
9759,44.808276503244294,404.62343559356066
9760,44.644616368904316,404.65372867474906
9761,44.41223441599504,404.68255506119687
9762,44.15955277708632,404.7082121872095
9763,43.9600371979296,404.72869104536863
9764,43.88427967789082,404.73829763248875
9765,43.956221433766196,404.72878359676525
9766,44.13419702786234,404.6944066584605
9767,44.343775900396196,404.6362874688992
9768,44.51610324789744,404.5626990949365
9769,44.606799388498885,404.486858454568
9770,44.618252322370516,404.42508815509257
9771,44.59532085329312,404.39113116617966
9772,44.579157748622215,404.387451087164
9773,44.578138737616534,404.40610259220534
9774,44.5774499451756,404.4382659577316
9775,44.56304244348988,404.47751855953766
9776,44.54193351882924,404.5168416460872
9777,44.543563984187564,404.5512261354573
9778,44.60072239660608,404.5809303151795
9779,44.722957575232236,404.6066468849049
9780,44.897015668620554,404.6275995407906
9781,45.11161607076474,404.64493474046145
9782,45.345547788723366,404.6584828614125
9783,45.54519862085943,404.66166667050015
9784,45.65848347366127,404.64590488968
9785,45.67039327264029,404.61148362615603
9786,45.588757681452684,404.571324638565
9787,45.429774289058315,404.5410214723495
9788,45.22971686600429,404.52972774352463
9789,45.04142813163981,404.54046896554183
9790,44.88885322290479,404.5683672624759
9791,44.73672232369965,404.59862734620214
9792,44.533780468255486,404.6152149033763
9793,44.280811856363165,404.6118969283192
9794,44.04127843360105,404.5927434467968
9795,43.88889356101274,404.5664222075121
9796,43.85641901348103,404.54180329536086
9797,43.9331225996161,404.5249981073777
9798,44.09109386822982,404.5188168337308
9799,44.30564649532771,404.52187892313225
9800,44.56049901978466,404.5271255043872
9801,44.828874551302945,404.52618712495666
9802,45.051567111870064,404.51542863550446
9803,45.16086118661291,404.4968413709446
9804,45.135904880807054,404.47505306518684
9805,45.03202901083039,404.45295655133486
9806,44.95152152519,404.4298390883764
9807,44.96576605882492,404.4041972801723
9808,45.06568074721878,404.378504790335
9809,45.194911086493924,404.35893307177764
9810,45.30089581602915,404.34847889257446
9811,45.346478434757664,404.34424087944853
9812,45.30729188427744,404.3416937288439
9813,45.168189131353216,404.3374399054269
9814,44.92956975433411,404.3299961907916
9815,44.63481570577237,404.321517635649
9816,44.37466193942544,404.31840750397055
9817,44.245317955213146,404.3277827566471
9818,44.28941877926336,404.34978787543344
9819,44.464095311208446,404.3752972463843
9820,44.68192956304244,404.39470051359143
9821,44.885441140106145,404.4062962431788
9822,45.06932803751261,404.4146399858348
9823,45.24339759828051,404.42425432893805
9824,45.382949910817814,404.43801792919
9825,45.421085363121804,404.45855285246523
9826,45.30690093837921,404.4862610625646
9827,45.067156970805236,404.51674352988323
9828,44.796562460232934,404.5420824114661
9829,44.59266592798558,404.55627285243514
9830,44.49318934120358,404.5587378134888
9831,44.46406631874773,404.55024351808146
9832,44.45468977876912,404.53174251499155
9833,44.45951594731652,404.51008642435653
9834,44.51360670935729,404.4950040038436
9835,44.637751338337715,404.4881000929577
9836,44.80316627222696,404.48256858028367
9837,44.94801081938771,404.47427640106537
9838,45.019371940493556,404.46591891709335
9839,45.00384387571808,404.46056868585123
9840,44.93086765594417,404.4588022154204
9841,44.84564000926251,404.46107312561605
9842,44.77492471555517,404.46670877328336
9843,44.72021190456812,404.4707303693276
9844,44.672552357384035,404.46478234888616
9845,44.623708779598765,404.4431320773323
9846,44.56454418184799,404.4074326813669
9847,44.484026665014355,404.3654114060583
9848,44.38635481806098,404.3244607360597
9849,44.30531722668972,404.2848435897175
9850,44.2843650294751,404.2425671192854
9851,44.343861472265694,404.19955253931755
9852,44.464327003336194,404.16590540436346
9853,44.58661976455802,404.1524274229549
9854,44.64595470024429,404.1605808899025
9855,44.6296937615892,404.1803042540763
9856,44.58971163485695,404.2011895238971
9857,44.59291180212696,404.22090626800673
9858,44.68587505867771,404.24018290746466
9859,44.88876165266666,404.2571465063564
9860,45.177103414252755,404.2699261291343
9861,45.484861883389975,404.2813219920963
9862,45.74276331304337,404.29759495527856
9863,45.91621857182011,404.32149081141966
9864,46.024807446651366,404.34706348249244
9865,46.11589479788632,404.36290383095945
9866,46.213076113153654,404.36064174654535
9867,46.29488855216036,404.3410896140423
9868,46.30616080120709,404.31369800688526
9869,46.19737311300316,404.2889870041391
9870,45.97177885797094,404.2735321203511
9871,45.6861063931815,404.2726368801525
9872,45.41511118387038,404.29041034313974
9873,45.22518381233364,404.32484363100394
9874,45.14936614223969,404.3671169070037
9875,45.17069792946958,404.40814898641145
9876,45.24279284050462,404.445764418697
9877,45.321637233739025,404.4846429751617
9878,45.3770471578715,404.52834885793413
9879,45.39046503866327,404.57105217315
9880,45.34836042859309,404.59822179390443
9881,45.24862961437997,404.5975518424889
9882,45.12161799926984,404.5695314290719
9883,45.02491516209733,404.5250929121953
9884,44.99988861800907,404.47565662965917
9885,45.03698034740303,404.43051547647195
9886,45.09059779963599,404.3993811841833
9887,45.12480042788647,404.3931774922096
9888,45.13150337441347,404.42169204159944
9889,45.10624174876563,404.48504223778593
9890,45.0340788801738,404.5691340938431
9891,44.919132377112696,404.65441165101004
9892,44.80965081492126,404.72411040488043
9893,44.762216917938744,404.7654064993791
9894,44.7856947098899,404.7729816047923
9895,44.848889207668556,404.7510861270093
9896,44.93322442955856,404.7062644341061
9897,45.04188372423582,404.6414995984664
9898,45.16837851856637,404.5610881772993
9899,45.28854395930803,404.4781317874831
9900,45.38131878615611,404.41366181130195
9901,45.439373943110915,404.3854010123075
9902,45.45067972809962,404.39617162810566
9903,45.39749465565241,404.43307383377703
9904,45.301767128651825,404.4763567768947
9905,45.23321878483614,404.5092500853118
9906,45.24059970967254,404.5222768623998
9907,45.30735494965974,404.5133731039019
9908,45.37717874121244,404.4869384731458
9909,45.3898669187095,404.4508557819952
9910,45.31217604882929,404.41346256108744
9911,45.164245790215226,404.38388401027805
9912,45.000572838459185,404.3729615241331
9913,44.84883321213482,404.3892657678078
9914,44.68203594610357,404.43225280048216
9915,44.47606495864379,404.4920297457707
9916,44.28050875301852,404.5535789702443
9917,44.185787397878634,404.59927974395714
9918,44.226165860629635,404.6174785482377
9919,44.35801693520804,404.6116266899656
9920,44.52030163877442,404.5941576612019
9921,44.67006944696356,404.57385227912255
9922,44.76248783792248,404.55130948858914
9923,44.75128321502847,404.5228815107953
9924,44.63238996986535,404.4880661890317
9925,44.45657777072704,404.4525940692668
9926,44.29540101251848,404.4239168213391
9927,44.21797779459121,404.40545002130534
9928,44.27502937370994,404.3966283032491
9929,44.466423916717886,404.39695234695233
9930,44.73880761611083,404.406819795379
9931,45.030365295034024,404.4255003567282
9932,45.29753895258345,404.45126169912385
9933,45.50116438494927,404.48094695298346
9934,45.605521801377236,404.5081958699354
9935,45.60320274988897,404.5260396525267
9936,45.52229710822124,404.532630324892
9937,45.40700976465962,404.5328724600519
9938,45.29750463250198,404.5326946676553
9939,45.21857171226185,404.53233165581025
9940,45.17732976153874,404.5280087150454
9941,45.17454778775566,404.52011959724115
9942,45.2143424127174,404.5146985762717
9943,45.2923573808091,404.5148303375932
9944,45.38253779541642,404.5167836997093
9945,45.45052456858387,404.51664628336533
9946,45.47439555912609,404.51559187814024
9947,45.45035656113317,404.51630915980655
9948,45.391200691418504,404.5184320583513
9949,45.31404689148674,404.5201350523317
9950,45.23126186814459,404.5182739486355
9951,45.16293391504104,404.5069847449983
9952,45.141203611281455,404.4822550337957
9953,45.18578872927219,404.4457001790995
9954,45.27691279912119,404.4036862030332
9955,45.356302922541694,404.36502826600713
9956,45.35551122698696,404.3367907026675
9957,45.239635483454215,404.3242619944399
9958,45.033360938412535,404.3336858430453
9959,44.78877915290711,404.36695710129663
9960,44.5388818163168,404.4164338123567
9961,44.3058681031651,404.468441651321
9962,44.13069524263774,404.5084677861888
9963,44.05548952547158,404.52585608020667
9964,44.08516840868188,404.5171327842281
9965,44.19560924992569,404.4840526566267
9966,44.366795914566026,404.4311504302517
9967,44.58447685302505,404.3682801563475
9968,44.82600619776892,404.3094527214659
9969,45.06141344131928,404.2650558445579
9970,45.26267831570818,404.2415402630182
9971,45.41355014721522,404.24562986930914
9972,45.5140952257429,404.2785744544028
9973,45.56730269362477,404.32946207569586
9974,45.56751133010238,404.38061830855474
9975,45.52462130225706,404.4187468050635
9976,45.47917436822177,404.4400198474697
9977,45.45947581876049,404.4467068349719
9978,45.45166693299096,404.4422065202832
9979,45.4290754805142,404.43046053215494
9980,45.38016545492938,404.4172930004405
9981,45.30791257750096,404.40894158203855
9982,45.21616248827344,404.4118648836151
9983,45.09329465475269,404.4353352059694
9984,44.92843965597931,404.48848131133764
9985,44.75285501197966,404.572650854885
9986,44.63509643644672,404.67739341365194
9987,44.63222474224297,404.7820822198569
9988,44.75941400920427,404.86174034136945
9989,44.99048471697349,404.89590205117406
9990,45.27562674754531,404.87753595754214
9991,45.553010775117755,404.8144157337069
9992,45.741861751985766,404.72269473828726
9993,45.76105401144739,404.62313324897343
9994,45.58766768975793,404.5387350313723
9995,45.28271914862082,404.48767011012256
9996,44.944270384679854,404.479287896609
9997,44.63371958526284,404.5156652339603
9998,44.34445499053634,404.59086346164935
9999,44.050331081830755,404.68935852793345
