时间(s),实际响应温度(℃),真实仿真温度(℃),阀门开度(%),误差(℃)
0.000000000000000000e+00,3.801726696625535737e+02,3.804188019246329304e+02,4.510534845492878020e+01,1.982733033744642626e+01
1.000000000000000000e+00,3.801751634989045669e+02,3.796004271274122175e+02,4.736695563566999567e+01,1.982483650109543305e+01
2.000000000000000000e+00,3.798772479668554070e+02,3.797911123313770645e+02,5.045352351501036026e+01,2.012275203314459304e+01
3.000000000000000000e+00,3.807398463909236170e+02,3.804409423521144049e+02,5.481835684988029556e+01,1.926015360907638296e+01
4.000000000000000000e+00,3.824881105938204087e+02,3.801723166910571194e+02,5.395681835650933778e+01,1.751188940617959133e+01
5.000000000000000000e+00,3.834031215810687172e+02,3.801558824939996271e+02,4.968852285822371329e+01,1.659687841893128279e+01
6.000000000000000000e+00,3.853968336266815982e+02,3.799463877240694387e+02,4.975820663987297365e+01,1.460316637331840184e+01
7.000000000000000000e+00,3.869756800045347518e+02,3.798848213902706448e+02,4.513872431882715830e+01,1.302431999546524821e+01
8.000000000000000000e+00,3.869543154323772001e+02,3.800623987592897493e+02,4.281493851377804560e+01,1.304568456762279993e+01
9.000000000000000000e+00,3.889278903975770163e+02,3.801814538418416873e+02,4.751927435170451020e+01,1.107210960242298370e+01
1.000000000000000000e+01,3.894557559620246820e+02,3.804512120585237085e+02,4.272103391218427504e+01,1.054424403797531795e+01
1.100000000000000000e+01,3.907710509044014771e+02,3.801757260874068720e+02,4.462264628650984832e+01,9.228949095598522945e+00
1.200000000000000000e+01,3.907180923864951296e+02,3.803102528625484524e+02,4.258454950644513559e+01,9.281907613504870369e+00
1.300000000000000000e+01,3.917722647249188412e+02,3.803745711214369862e+02,4.651204715929945621e+01,8.227735275081158761e+00
1.400000000000000000e+01,3.933561554458725027e+02,3.806877356762073532e+02,4.489535849586894045e+01,6.643844554127497304e+00
1.500000000000000000e+01,3.933451902197189156e+02,3.802660563154934152e+02,4.100170019449704739e+01,6.654809780281084386e+00
1.600000000000000000e+01,3.945636238362919244e+02,3.800205549159355201e+02,4.429132906754428944e+01,5.436376163708075637e+00
1.700000000000000000e+01,3.952554594565316961e+02,3.801359912824888170e+02,4.154341732864771330e+01,4.744540543468303895e+00
1.800000000000000000e+01,3.960577133778585335e+02,3.803727095660549935e+02,4.120872288670920369e+01,3.942286622141466523e+00
1.900000000000000000e+01,3.959023843609194842e+02,3.802681163860364109e+02,4.016647421000116935e+01,4.097615639080515848e+00
2.000000000000000000e+01,3.968839213894161730e+02,3.803378719686876934e+02,4.316275357981820093e+01,3.116078610583826958e+00
2.100000000000000000e+01,3.972671178277052491e+02,3.796905078038316219e+02,4.061021411916837565e+01,2.732882172294750944e+00
2.200000000000000000e+01,3.976670684237495834e+02,3.798713603166851271e+02,4.080543288257275947e+01,2.332931576250416583e+00
2.300000000000000000e+01,3.986856625104620662e+02,3.804220655687381623e+02,4.069291771550012982e+01,1.314337489537933834e+00
2.400000000000000000e+01,3.986769944692062495e+02,3.797367426087365061e+02,3.770958490866850354e+01,1.323005530793750495e+00
2.500000000000000000e+01,3.995353787774673151e+02,3.797844678543577288e+02,3.936288070267534778e+01,4.646212225326848966e-01
2.600000000000000000e+01,3.997221897424171857e+02,3.805628447191156170e+02,3.680647103419130417e+01,2.778102575828143017e-01
2.700000000000000000e+01,4.001670261115607445e+02,3.805477227468185220e+02,3.729469893105873979e+01,-1.670261115607445390e-01
2.800000000000000000e+01,4.001362068465435300e+02,3.795595344043422301e+02,3.637793624783547841e+01,-1.362068465435299913e-01
2.900000000000000000e+01,4.006088173867038904e+02,3.802043136602764548e+02,3.745459168186269494e+01,-6.088173867038904064e-01
3.000000000000000000e+01,4.008401214950267217e+02,3.803516391224371773e+02,3.603125876054308208e+01,-8.401214950267217318e-01
3.100000000000000000e+01,4.015802332340542762e+02,3.797704532347965483e+02,3.568986267475097662e+01,-1.580233234054276181e+00
3.200000000000000000e+01,4.012660389160143950e+02,3.800915772184716275e+02,3.301361499351836670e+01,-1.266038916014394999e+00
3.300000000000000000e+01,4.014874641621231035e+02,3.807409390187456211e+02,3.508669532074281960e+01,-1.487464162123103506e+00
3.400000000000000000e+01,4.023185817597158689e+02,3.799785871459756663e+02,3.439104999478242775e+01,-2.318581759715868884e+00
3.500000000000000000e+01,4.027590968043746784e+02,3.802634565144417707e+02,3.100542949029888362e+01,-2.759096804374678413e+00
3.600000000000000000e+01,4.030512684961658465e+02,3.803038740256176311e+02,2.958366494546329406e+01,-3.051268496165846500e+00
3.700000000000000000e+01,4.030351777338117927e+02,3.800809512678812894e+02,2.876592404902228139e+01,-3.035177733811792677e+00
3.800000000000000000e+01,4.025213333297610347e+02,3.807292964244963969e+02,2.917104754938954159e+01,-2.521333329761034747e+00
3.900000000000000000e+01,4.028803435461550748e+02,3.799066915554497541e+02,3.150016624408351618e+01,-2.880343546155074819e+00
4.000000000000000000e+01,4.026839334160849830e+02,3.803671317211933456e+02,2.961279811595679945e+01,-2.683933416084983037e+00
4.100000000000000000e+01,4.037015603502930503e+02,3.800597877443340167e+02,3.030223745477263719e+01,-3.701560350293050305e+00
4.200000000000000000e+01,4.030625520252551723e+02,3.806030098261894068e+02,2.552393732262242665e+01,-3.062552025255172339e+00
4.300000000000000000e+01,4.030107093781261938e+02,3.807271932430595029e+02,2.843875516016702676e+01,-3.010709378126193769e+00
4.400000000000000000e+01,4.028167309896161328e+02,3.805674348328202541e+02,2.828038698978529908e+01,-2.816730989616132774e+00
4.500000000000000000e+01,4.030233001825080237e+02,3.802051035966978247e+02,2.869364740807134950e+01,-3.023300182508023681e+00
4.600000000000000000e+01,4.019552654215089547e+02,3.801137434449451007e+02,2.726090103638470552e+01,-1.955265421508954660e+00
4.700000000000000000e+01,4.024750258995015884e+02,3.809382375604071740e+02,3.151694872398225655e+01,-2.475025899501588356e+00
4.800000000000000000e+01,4.030491199673404026e+02,3.800425393969315451e+02,2.832033497864444271e+01,-3.049119967340402582e+00
4.900000000000000000e+01,4.032078275210720335e+02,3.803937508642015928e+02,2.532740331790592592e+01,-3.207827521072033505e+00
5.000000000000000000e+01,4.031973218729503401e+02,3.808653986708876573e+02,2.445656011426421372e+01,-3.197321872950340094e+00
5.100000000000000000e+01,4.027759640193755786e+02,3.808183300887330915e+02,2.431556347658121098e+01,-2.775964019375578573e+00
5.200000000000000000e+01,4.027575534876620509e+02,3.809381022786761832e+02,2.587181122716433634e+01,-2.757553487662050884e+00
5.300000000000000000e+01,4.022112877671683577e+02,3.807830234008467301e+02,2.540836676654999593e+01,-2.211287767168357732e+00
5.400000000000000000e+01,4.027014608092591175e+02,3.816941984190424932e+02,2.727509705983561972e+01,-2.701460809259117468e+00
5.500000000000000000e+01,4.026501780875167356e+02,3.820151385361424445e+02,2.439021140955653877e+01,-2.650178087516735559e+00
5.600000000000000000e+01,4.023249965964704415e+02,3.827115153981137610e+02,2.422601130130708924e+01,-2.324996596470441546e+00
5.700000000000000000e+01,4.023012931632878804e+02,3.830222836184744324e+02,2.522553561769823460e+01,-2.301293163287880361e+00
5.800000000000000000e+01,4.024284620884462242e+02,3.832329104006427656e+02,2.475996023569441107e+01,-2.428462088446224243e+00
5.900000000000000000e+01,4.025038641337586682e+02,3.847862187659566757e+02,2.369074073424409832e+01,-2.503864133758668231e+00
6.000000000000000000e+01,4.016622094961864491e+02,3.850607207238481351e+02,2.295872503471120396e+01,-1.662209496186449087e+00
6.100000000000000000e+01,4.024168024032239828e+02,3.857613770984451094e+02,2.627246176839648939e+01,-2.416802403223982765e+00
6.200000000000000000e+01,4.024261897228046223e+02,3.866382160789677300e+02,2.221558094944805362e+01,-2.426189722804622306e+00
6.300000000000000000e+01,4.014037526049166331e+02,3.874732490515646646e+02,2.192539858269504549e+01,-1.403752604916633118e+00
6.400000000000000000e+01,4.018136244832257375e+02,3.864502034893858990e+02,2.610394336059655629e+01,-1.813624483225737549e+00
6.500000000000000000e+01,4.014850055816934287e+02,3.872577293400819940e+02,2.352026839894820398e+01,-1.485005581693428667e+00
6.600000000000000000e+01,4.017199363512527270e+02,3.883125515026313224e+02,2.452892884166023180e+01,-1.719936351252727036e+00
6.700000000000000000e+01,4.010259180430821289e+02,3.888340922473205978e+02,2.296779564305114363e+01,-1.025918043082128861e+00
6.800000000000000000e+01,4.012151780844126847e+02,3.886528306802807151e+02,2.566368198179850069e+01,-1.215178084412684711e+00
6.900000000000000000e+01,4.014147922034758835e+02,3.884126200135988256e+02,2.419613315235443096e+01,-1.414792203475883525e+00
7.000000000000000000e+01,4.014401838880792752e+02,3.892693432985245181e+02,2.292074175754343912e+01,-1.440183888079275221e+00
7.100000000000000000e+01,4.007067014922785688e+02,3.893094715588374015e+02,2.256748400878698746e+01,-7.067014922785688213e-01
7.200000000000000000e+01,4.013540508361035677e+02,3.894731178756921395e+02,2.554388913608678635e+01,-1.354050836103567690e+00
7.300000000000000000e+01,4.013110999901029459e+02,3.909123775474280365e+02,2.214868639113782933e+01,-1.311099990102945867e+00
7.400000000000000000e+01,4.009308536376249776e+02,3.912361980707633506e+02,2.221422075463364010e+01,-9.308536376249776367e-01
7.500000000000000000e+01,4.009851001369872847e+02,3.910566180716064082e+02,2.370499907708769882e+01,-9.851001369872847135e-01
7.600000000000000000e+01,4.006362443654728054e+02,3.909441243973698192e+02,2.310946554290966404e+01,-6.362443654728053843e-01
7.700000000000000000e+01,4.008371208627327178e+02,3.922317288604737655e+02,2.436313547124861145e+01,-8.371208627327177965e-01
7.800000000000000000e+01,4.008544044443984262e+02,3.920644385852369851e+02,2.308795737265998227e+01,-8.544044443984262216e-01
7.900000000000000000e+01,4.006528676046577289e+02,3.918524585708033214e+02,2.280083695218050011e+01,-6.528676046577288616e-01
8.000000000000000000e+01,4.000562860144465844e+02,3.929080332844688428e+02,2.350175147166120482e+01,-5.628601444658443143e-02
8.100000000000000000e+01,4.004690230121678951e+02,3.928753961372213439e+02,2.584287144254939861e+01,-4.690230121678951036e-01
8.200000000000000000e+01,4.003296623601466990e+02,3.925193080857707741e+02,2.354509477177282761e+01,-3.296623601466990294e-01
8.300000000000000000e+01,4.006647914553404917e+02,3.934687894547320752e+02,2.399977409104271686e+01,-6.647914553404916660e-01
8.400000000000000000e+01,4.005147509424352279e+02,3.932495554818054302e+02,2.234337678159861440e+01,-5.147509424352278984e-01
8.500000000000000000e+01,4.003543832501406996e+02,3.935492091533376993e+02,2.300706179119686468e+01,-3.543832501406996016e-01
8.600000000000000000e+01,4.003022277983047843e+02,3.934555793976553559e+02,2.361073667537109699e+01,-3.022277983047843009e-01
8.700000000000000000e+01,3.999898043397031415e+02,3.935822502078487446e+02,2.367090479922935842e+01,1.019566029685847752e-02
8.800000000000000000e+01,4.001255961147454627e+02,3.941286014072600210e+02,2.487490614142886614e+01,-1.255961147454627280e-01
8.900000000000000000e+01,3.999884152782700539e+02,3.941031148485502626e+02,2.400830736868816828e+01,1.158472172994606808e-02
9.000000000000000000e+01,4.003507414009509375e+02,3.941659093643647225e+02,2.447995936867633660e+01,-3.507414009509375319e-01
9.100000000000000000e+01,4.000152496763316208e+02,3.947458360762137772e+02,2.274009400743058151e+01,-1.524967633162077618e-02
9.200000000000000000e+01,4.000003706779711479e+02,3.950715908949019308e+02,2.426542008799082595e+01,-3.706779711478702666e-04
9.300000000000000000e+01,3.995489322486129140e+02,3.955655799847155549e+02,2.419698187773418141e+01,4.510677513870859912e-01
9.400000000000000000e+01,4.000642646697444320e+02,3.958433601992259696e+02,2.606407876296592718e+01,-6.426466974443201252e-02
9.500000000000000000e+01,4.000573747180050646e+02,3.952844138813293853e+02,2.352941900324920610e+01,-5.737471800506455111e-02
9.600000000000000000e+01,3.997228650636263865e+02,3.959890270835028332e+02,2.362608839750240008e+01,2.771349363736135274e-01
9.700000000000000000e+01,3.997593115053913948e+02,3.955863614366847401e+02,2.512496157913077610e+01,2.406884946086051968e-01
9.800000000000000000e+01,4.001753239342698976e+02,3.957347054711929673e+02,2.483096359885048798e+01,-1.753239342698975634e-01
9.900000000000000000e+01,4.004067570399088822e+02,3.961277048592061192e+02,2.295264955752479352e+01,-4.067570399088822342e-01
1.000000000000000000e+02,3.995864145804895884e+02,3.961147293040214663e+02,2.210930416876509597e+01,4.135854195104116116e-01
1.010000000000000000e+02,3.996683244095323744e+02,3.960044307649651500e+02,2.590527412551590558e+01,3.316755904676256250e-01
1.020000000000000000e+02,3.995057888887491231e+02,3.964906692051889650e+02,2.528894389993641667e+01,4.942111112508769111e-01
1.030000000000000000e+02,4.001015571508699509e+02,3.967653434200578317e+02,2.587422260132358431e+01,-1.015571508699508740e-01
1.040000000000000000e+02,3.994674972805412381e+02,3.968592842129435212e+02,2.312720316053111702e+01,5.325027194587619306e-01
1.050000000000000000e+02,3.999270307036508143e+02,3.963613899567767476e+02,2.609576300836841511e+01,7.296929634918569718e-02
1.060000000000000000e+02,4.000562914420173684e+02,3.972813726695570722e+02,2.392569376115306312e+01,-5.629144201736835385e-02
1.070000000000000000e+02,3.992687910776103308e+02,3.974486797883374720e+02,2.349052748606361618e+01,7.312089223896691692e-01
1.080000000000000000e+02,4.002398368288680217e+02,3.976667564570472564e+02,2.707931893246167121e+01,-2.398368288680217120e-01
1.090000000000000000e+02,4.000255036826919763e+02,3.970743314893147726e+02,2.257322935205730019e+01,-2.550368269197633708e-02
1.100000000000000000e+02,4.001637386522158977e+02,3.972556792342505787e+02,2.381689132335515779e+01,-1.637386522158976732e-01
1.110000000000000000e+02,3.996039149620910962e+02,3.973169027875649704e+02,2.331674382652339261e+01,3.960850379089038142e-01
1.120000000000000000e+02,3.999661525917567246e+02,3.975352137602934590e+02,2.589463645281259119e+01,3.384740824327536757e-02
1.130000000000000000e+02,3.990150072644327679e+02,3.973861064254671192e+02,2.413474611656080526e+01,9.849927355672321028e-01
1.140000000000000000e+02,3.994563888346114595e+02,3.974636681135294793e+02,2.834735592278024185e+01,5.436111653885404849e-01
1.150000000000000000e+02,3.997215104553371248e+02,3.981563987472855501e+02,2.601322971543552853e+01,2.784895446628752325e-01
1.160000000000000000e+02,3.992588441283162410e+02,3.974011105070721328e+02,2.482721060203045482e+01,7.411558716837589600e-01
1.170000000000000000e+02,3.998978040668175140e+02,3.976010049350147142e+02,2.697537157681732367e+01,1.021959331824859873e-01
1.180000000000000000e+02,3.997741108932242469e+02,3.981288474679541309e+02,2.407138980012742380e+01,2.258891067757531346e-01
1.190000000000000000e+02,3.999281278115798273e+02,3.975029949520243804e+02,2.486864281328494997e+01,7.187218842017273346e-02
1.200000000000000000e+02,3.999283913127162009e+02,3.979504739357213339e+02,2.432286630047915921e+01,7.160868728379909953e-02
1.210000000000000000e+02,3.996825712815562497e+02,3.980227528877745158e+02,2.449397761915880523e+01,3.174287184437503129e-01
1.220000000000000000e+02,4.003037632242887298e+02,3.981455774758414350e+02,2.568970289693609743e+01,-3.037632242887298162e-01
1.230000000000000000e+02,3.996484497421903370e+02,3.979821895825105571e+02,2.295317429596230596e+01,3.515502578096629804e-01
1.240000000000000000e+02,3.996722508163494467e+02,3.982272927348789722e+02,2.610356251274755479e+01,3.277491836505532774e-01
1.250000000000000000e+02,4.002052459619795286e+02,3.984776452812117213e+02,2.587632590611056926e+01,-2.052459619795286017e-01
1.260000000000000000e+02,4.000483219017986016e+02,3.983057586462745689e+02,2.349339729453362580e+01,-4.832190179860162971e-02
1.270000000000000000e+02,3.994619535399030497e+02,3.985944501741014960e+02,2.440724231732280103e+01,5.380464600969503408e-01
1.280000000000000000e+02,3.997365343912132403e+02,3.988394134309988885e+02,2.703983896605388892e+01,2.634656087867597307e-01
1.290000000000000000e+02,3.997161372680129716e+02,3.987814934133059523e+02,2.561186729927569417e+01,2.838627319870283827e-01
1.300000000000000000e+02,3.994214598699727503e+02,3.986893357116028938e+02,2.569554798840973220e+01,5.785401300272496883e-01
1.310000000000000000e+02,3.996234152849748398e+02,3.987282789414914532e+02,2.697876441661435365e+01,3.765847150251602216e-01
1.320000000000000000e+02,3.999397402874463410e+02,3.988479264778391098e+02,2.596833693552678923e+01,6.025971255365902834e-02
1.330000000000000000e+02,4.000224507532472558e+02,3.988197588186177995e+02,2.462147177780796881e+01,-2.245075324725576138e-02
1.340000000000000000e+02,3.999416831718623939e+02,3.983801435118560903e+02,2.445254881164741789e+01,5.831682813760608042e-02
1.350000000000000000e+02,3.996899184933801052e+02,3.990758546314297632e+02,2.498135944691099652e+01,3.100815066198947534e-01
1.360000000000000000e+02,3.998965497631123185e+02,3.993524404428189882e+02,2.616287226810205979e+01,1.034502368876815126e-01
1.370000000000000000e+02,3.996180731872762522e+02,3.990022106518346163e+02,2.520226343397996160e+01,3.819268127237478438e-01
1.380000000000000000e+02,3.996211359427764478e+02,3.988672492337432232e+02,2.648796468677404903e+01,3.788640572235522086e-01
1.390000000000000000e+02,4.002845635136484361e+02,3.989291268175952609e+02,2.639551596798287036e+01,-2.845635136484361283e-01
1.400000000000000000e+02,4.000364264037885391e+02,3.989810058205669634e+02,2.346637014221977324e+01,-3.642640378853911898e-02
1.410000000000000000e+02,4.001066683226300711e+02,3.988162667381430992e+02,2.485863377879440606e+01,-1.066683226300710885e-01
1.420000000000000000e+02,4.003920186573401452e+02,3.992791592656486728e+02,2.463751436937210926e+01,-3.920186573401451824e-01
1.430000000000000000e+02,3.998685446275018194e+02,3.994727736098124637e+02,2.348510728908724232e+01,1.314553724981806226e-01
1.440000000000000000e+02,4.000509867739149854e+02,3.991569549093888440e+02,2.596397391340150662e+01,-5.098677391498540601e-02
1.450000000000000000e+02,4.001933991527981789e+02,3.988350763862891313e+02,2.503675638330432562e+01,-1.933991527981788749e-01
1.460000000000000000e+02,3.998319658702634456e+02,3.994875752018567709e+02,2.441724165376611211e+01,1.680341297365544051e-01
1.470000000000000000e+02,3.996942702380382570e+02,3.992804974996363399e+02,2.606020714642827940e+01,3.057297619617429518e-01
1.480000000000000000e+02,3.998813575211322586e+02,3.992355237335629567e+02,2.652506443666277036e+01,1.186424788677413744e-01
1.490000000000000000e+02,3.998436007419346083e+02,3.982724075372652806e+02,2.555593631198513904e+01,1.563992580653916775e-01
1.500000000000000000e+02,3.999903175946996043e+02,3.986973023544074977e+02,2.571690514701503005e+01,9.682405300395657832e-03
1.510000000000000000e+02,4.000135292000273921e+02,3.992853658339954563e+02,2.506188567402809397e+01,-1.352920002739210759e-02
1.520000000000000000e+02,4.000261594360319464e+02,3.994536784974464467e+02,2.502754323104153400e+01,-2.615943603194637035e-02
1.530000000000000000e+02,4.002570782277024932e+02,3.996096720314399704e+02,2.503087271031948191e+01,-2.570782277024932228e-01
1.540000000000000000e+02,4.000108326614296175e+02,3.999302651683302656e+02,2.407041216449681542e+01,-1.083266142961747391e-02
1.550000000000000000e+02,3.997888539344154992e+02,4.007287695111918993e+02,2.528628709448378942e+01,2.111460655845007750e-01
1.560000000000000000e+02,4.000747802138378688e+02,4.010556705692251285e+02,2.622369228999753332e+01,-7.478021383786881415e-02
1.570000000000000000e+02,4.004937755508062764e+02,4.010615755172939316e+02,2.484858167705476717e+01,-4.937755508062764420e-01
1.580000000000000000e+02,4.005188570025817967e+02,4.010678436905828903e+02,2.307882769455131466e+01,-5.188570025817966780e-01
1.590000000000000000e+02,4.001124217711777078e+02,4.022750421474262907e+02,2.320743347065307915e+01,-1.124217711777077966e-01
1.600000000000000000e+02,4.000876597260958647e+02,4.020506857107360474e+02,2.513577825344070504e+01,-8.765972609586469844e-02
1.610000000000000000e+02,3.998740884045877237e+02,4.027271944593578041e+02,2.513432178570405640e+01,1.259115954122762560e-01
1.620000000000000000e+02,4.003059029637884692e+02,4.022397927430037612e+02,2.597190641740141359e+01,-3.059029637884691510e-01
1.630000000000000000e+02,3.998845043225470590e+02,4.025917210265582185e+02,2.391708031525896061e+01,1.154956774529409813e-01
1.640000000000000000e+02,3.997935980553970126e+02,4.039189148740464361e+02,2.584713367612008739e+01,2.064019446029874416e-01
1.650000000000000000e+02,4.003700483234644594e+02,4.032643397918311052e+02,2.609202807472906116e+01,-3.700483234644593722e-01
1.660000000000000000e+02,3.999692208158370477e+02,4.044783865175814412e+02,2.343423245109205411e+01,3.077918416295233328e-02
1.670000000000000000e+02,4.000642714572479122e+02,4.045385000347299069e+02,2.536710637594170592e+01,-6.427145724791216708e-02
1.680000000000000000e+02,4.002226696698621708e+02,4.045644630602242842e+02,2.487298003466603546e+01,-2.226696698621708492e-01
1.690000000000000000e+02,4.001505417511762062e+02,4.049919652017615022e+02,2.417365453585381374e+01,-1.505417511762061622e-01
1.700000000000000000e+02,3.999334419919238712e+02,4.046334392362510357e+02,2.455526316108426244e+01,6.655800807612877179e-02
1.710000000000000000e+02,4.007355828574281418e+02,4.051129233977845274e+02,2.550406453977855747e+01,-7.355828574281417787e-01
1.720000000000000000e+02,4.002251624728866091e+02,4.055244633678463515e+02,2.189717241733094255e+01,-2.251624728866090663e-01
1.730000000000000000e+02,3.999896308844655550e+02,4.060117196409839835e+02,2.443446531909823705e+01,1.036911553444497258e-02
1.740000000000000000e+02,4.004482814962109956e+02,4.062159751808122792e+02,2.540107625868420271e+01,-4.482814962109955559e-01
1.750000000000000000e+02,3.998651429161664055e+02,4.056953367756255489e+02,2.323576870822311236e+01,1.348570838335945155e-01
1.760000000000000000e+02,3.999772640742193062e+02,4.063361872693137684e+02,2.588324376857256581e+01,2.273592578069383308e-02
1.770000000000000000e+02,4.006011011512669597e+02,4.064865976530034004e+02,2.516733044143317954e+01,-6.011011512669597323e-01
1.780000000000000000e+02,3.997311268911138313e+02,4.066685829387814124e+02,2.234846742213640880e+01,2.688731088861686658e-01
1.790000000000000000e+02,4.000537948330090785e+02,4.065927973055282223e+02,2.637315433436061696e+01,-5.379483300907850207e-02
1.800000000000000000e+02,3.999434984355094684e+02,4.069550150894430658e+02,2.468310910187322449e+01,5.650156449053156393e-02
1.810000000000000000e+02,4.002290308592612291e+02,4.072941799959462514e+02,2.513300031934645773e+01,-2.290308592612291250e-01
1.820000000000000000e+02,3.999065325248721479e+02,4.073315171798035976e+02,2.381094049308764937e+01,9.346747512785213985e-02
1.830000000000000000e+02,3.997165038603993708e+02,4.079527310061656635e+02,2.530282449079164664e+01,2.834961396006292489e-01
1.840000000000000000e+02,3.997089287388962475e+02,4.076351769754389238e+02,2.602602779832358593e+01,2.910712611037524766e-01
1.850000000000000000e+02,3.993789469180878768e+02,4.074333227377060780e+02,2.589821652062716240e+01,6.210530819121231616e-01
1.860000000000000000e+02,3.997617490765145476e+02,4.082698517037003398e+02,2.723351612920205511e+01,2.382509234854524038e-01
1.870000000000000000e+02,3.994894691774267130e+02,4.080043536926174284e+02,2.534666877766255411e+01,5.105308225732869687e-01
1.880000000000000000e+02,3.997114142962980736e+02,4.080543424456421349e+02,2.659339915065672599e+01,2.885857037019263771e-01
1.890000000000000000e+02,4.001638752628833231e+02,4.079696170994275803e+02,2.554733741952172821e+01,-1.638752628833231029e-01
1.900000000000000000e+02,3.998508653535946564e+02,4.080044757348202893e+02,2.364952200532795956e+01,1.491346464053435739e-01
1.910000000000000000e+02,3.995397481193876388e+02,4.079704932110431059e+02,2.529720415566718827e+01,4.602518806123612194e-01
1.920000000000000000e+02,4.002208504175906683e+02,4.083933679154522451e+02,2.669387358789206033e+01,-2.208504175906682576e-01
1.930000000000000000e+02,3.998860633551296360e+02,4.090016219111125793e+02,2.360963133556943916e+01,1.139366448703640344e-01
1.940000000000000000e+02,4.004373067457585762e+02,4.095377898849467897e+02,2.533723714303661723e+01,-4.373067457585761986e-01
1.950000000000000000e+02,4.002924702879682854e+02,4.092562588297808475e+02,2.295048363023950699e+01,-2.924702879682854473e-01
1.960000000000000000e+02,4.001592749801779973e+02,4.095735131283432224e+02,2.386374671377438972e+01,-1.592749801779973495e-01
1.970000000000000000e+02,4.000314078257079018e+02,4.095503889681742749e+02,2.455232586870963374e+01,-3.140782570790179307e-02
1.980000000000000000e+02,3.998922877852246529e+02,4.097830139085743326e+02,2.510806898095919593e+01,1.077122147753470927e-01
1.990000000000000000e+02,4.001806708324384658e+02,4.096536003703370170e+02,2.564473425806119167e+01,-1.806708324384658226e-01
2.000000000000000000e+02,4.004110773865455712e+02,4.097789102047802885e+02,2.427017571736632107e+01,-4.110773865455712439e-01
2.010000000000000000e+02,4.000491588942433054e+02,4.099236067382572060e+02,2.332705063909143206e+01,-4.915889424330543989e-02
2.020000000000000000e+02,3.999746218915926192e+02,4.087526403746342112e+02,2.505059423509084127e+01,2.537810840738075058e-02
2.030000000000000000e+02,3.997035817994315039e+02,4.102520887780192993e+02,2.528493004270075772e+01,2.964182005684961041e-01
2.040000000000000000e+02,3.996250988383486629e+02,4.100227465015350958e+02,2.636515348946741710e+01,3.749011616513371337e-01
2.050000000000000000e+02,3.999886628738426566e+02,4.100985682000302859e+02,2.650714718833693340e+01,1.133712615734339124e-02
2.060000000000000000e+02,4.002502839307217073e+02,4.107769873595159993e+02,2.475756560149394758e+01,-2.502839307217072928e-01
2.070000000000000000e+02,3.991370586968716907e+02,4.098851611024456361e+02,2.369350069600238839e+01,8.629413031283093005e-01
2.080000000000000000e+02,4.001015833907912338e+02,4.104643923921806845e+02,2.872700959559038836e+01,-1.015833907912337963e-01
2.090000000000000000e+02,3.998902615177664757e+02,4.103757388484054331e+02,2.410120609522533996e+01,1.097384822335243371e-01
2.100000000000000000e+02,3.999718352067633873e+02,4.105400677007672243e+02,2.523085907490713709e+01,2.816479323661269518e-02
2.110000000000000000e+02,4.002429369121588820e+02,4.104075807286944837e+02,2.491483563512452548e+01,-2.429369121588820235e-01
2.120000000000000000e+02,3.997747709750236709e+02,4.106844364217747057e+02,2.380475965609393185e+01,2.252290249763291285e-01
2.130000000000000000e+02,3.995882360911560909e+02,4.103558774420498025e+02,2.602787781340743223e+01,4.117639088439091211e-01
2.140000000000000000e+02,4.000639240224031141e+02,4.104954610947718834e+02,2.673248900878252954e+01,-6.392402240311412243e-02
2.150000000000000000e+02,4.001381645095713679e+02,4.111655521445454724e+02,2.450295352346164890e+01,-1.381645095713679439e-01
2.160000000000000000e+02,4.001287466965794124e+02,4.108002418299448095e+02,2.431765626415565862e+01,-1.287466965794124008e-01
2.170000000000000000e+02,3.999053115601544732e+02,4.110438478954599759e+02,2.448838567343536710e+01,9.468843984552677284e-02
2.180000000000000000e+02,4.001574793365753067e+02,4.106431599859519110e+02,2.554254829864301612e+01,-1.574793365753066610e-01
2.190000000000000000e+02,3.999546295440201789e+02,4.107705440900103326e+02,2.438587709433421580e+01,4.537045597982114487e-02
2.200000000000000000e+02,4.002262058988910667e+02,4.115361625958480545e+02,2.535573034185250663e+01,-2.262058988910666812e-01
2.210000000000000000e+02,3.999723563112002012e+02,4.114924347360770867e+02,2.412684373462019849e+01,2.764368879979883786e-02
2.220000000000000000e+02,4.001557877598781943e+02,4.112127605944165794e+02,2.533483747576506673e+01,-1.557877598781942652e-01
2.230000000000000000e+02,4.001628113531471627e+02,4.112447802103513368e+02,2.447368525376454329e+01,-1.628113531471626629e-01
2.240000000000000000e+02,4.000093671154464801e+02,4.118122907354685367e+02,2.448950743466742708e+01,-9.367115446480056562e-03
2.250000000000000000e+02,3.997180542132822438e+02,4.109305819018497345e+02,2.518736222269817304e+01,2.819457867177561639e-01
2.260000000000000000e+02,3.995803476966484027e+02,4.113082974039951978e+02,2.639654608321152907e+01,4.196523033515973111e-01
2.270000000000000000e+02,4.002166067370179121e+02,4.115281523849349696e+02,2.681383663069120615e+01,-2.166067370179121099e-01
2.280000000000000000e+02,4.000512106508350598e+02,4.117966007249700624e+02,2.385815099404095818e+01,-5.121065083505982329e-02
2.290000000000000000e+02,3.997090969215227005e+02,4.116059635893070663e+02,2.477695587138932964e+01,2.909030784772994593e-01
2.300000000000000000e+02,4.002010918492168230e+02,4.121679568804057112e+02,2.631764031935015424e+01,-2.010918492168229932e-01
2.310000000000000000e+02,4.002012461570982396e+02,4.118954389506698135e+02,2.404015096064556190e+01,-2.012461570982395642e-01
2.320000000000000000e+02,4.001802029437934038e+02,4.116093226055036212e+02,2.419644131974132506e+01,-1.802029437934038469e-01
2.330000000000000000e+02,4.001658666857508706e+02,4.119904495862784870e+02,2.438904466536519422e+01,-1.658666857508706016e-01
2.340000000000000000e+02,3.999729041003303678e+02,4.116859966793192029e+02,2.450293434721269392e+01,2.709589966963221741e-02
2.350000000000000000e+02,4.002739539759066361e+02,4.118179839165030671e+02,2.536517387217044117e+01,-2.739539759066360602e-01
2.360000000000000000e+02,4.000891598486281850e+02,4.115006510154462376e+02,2.396700306546924963e+01,-8.915984862818504553e-02
2.370000000000000000e+02,3.999174300701475886e+02,4.120124748974947124e+02,2.485871218001449634e+01,8.256992985241140559e-02
2.380000000000000000e+02,4.002146862212604788e+02,4.112277988546023835e+02,2.556644178950853075e+01,-2.146862212604787601e-01
2.390000000000000000e+02,4.007347890852182672e+02,4.117433501185951741e+02,2.415513131136236780e+01,-7.347890852182672461e-01
2.400000000000000000e+02,4.004347051926182530e+02,4.120014394381261695e+02,2.195342300254900891e+01,-4.347051926182530224e-01
2.410000000000000000e+02,3.997362520447962879e+02,4.121979052705998470e+02,2.354822289246428824e+01,2.637479552037120811e-01
2.420000000000000000e+02,3.997430812234496784e+02,4.114090602999659154e+02,2.661649414796189461e+01,2.569187765503215815e-01
2.430000000000000000e+02,4.001071077158286471e+02,4.118799847149895186e+02,2.624745390306468451e+01,-1.071077158286470876e-01
2.440000000000000000e+02,3.993596949010378125e+02,4.115277888106405726e+02,2.443803401958782828e+01,6.403050989621874578e-01
2.450000000000000000e+02,4.000259754542118458e+02,4.121986509845844466e+02,2.772773338560550371e+01,-2.597545421184577208e-02
2.460000000000000000e+02,3.999377829257801409e+02,4.111394704840857344e+02,2.448036292152359650e+01,6.221707421985911424e-02
2.470000000000000000e+02,4.001771398764673791e+02,4.118534511741028723e+02,2.497441667191550607e+01,-1.771398764673790538e-01
2.480000000000000000e+02,3.998681757530331993e+02,4.114375164275391512e+02,2.396393746241635370e+01,1.318242469668007288e-01
2.490000000000000000e+02,4.002958661909248121e+02,4.111739558172453144e+02,2.545205528229765335e+01,-2.958661909248121447e-01
2.500000000000000000e+02,4.000301761017837521e+02,4.117865889974282254e+02,2.352954687131669687e+01,-3.017610178375207397e-02
2.510000000000000000e+02,3.998460379958174826e+02,4.118944716323111379e+02,2.485903703476984816e+01,1.539620041825173757e-01
2.520000000000000000e+02,4.002106260141016492e+02,4.116620872501059694e+02,2.564054432158967600e+01,-2.106260141016491616e-01
2.530000000000000000e+02,4.003794773276071055e+02,4.114801364227722615e+02,2.394614626028467441e+01,-3.794773276071055079e-01
2.540000000000000000e+02,4.001444138247139790e+02,4.117754334396155969e+02,2.331880990147086052e+01,-1.444138247139790110e-01
2.550000000000000000e+02,4.000726165481679004e+02,4.114241053947870910e+02,2.449151395303339029e+01,-7.261654816790041878e-02
2.560000000000000000e+02,3.998577798451702279e+02,4.109692745354699923e+02,2.477788168292513404e+01,1.422201548297721274e-01
2.570000000000000000e+02,3.991094588590030980e+02,4.111980446170462073e+02,2.565485410063493532e+01,8.905411409969019587e-01
2.580000000000000000e+02,4.001358173779483423e+02,4.108416591090040129e+02,2.876915889386529912e+01,-1.358173779483422550e-01
2.590000000000000000e+02,3.996076415591624595e+02,4.110749707469900613e+02,2.383715047997483794e+01,3.923584408375404564e-01
2.600000000000000000e+02,3.993902872017868049e+02,4.111477225826502604e+02,2.635361806960824893e+01,6.097127982131951285e-01
2.610000000000000000e+02,4.002028711973900386e+02,4.107250806256754458e+02,2.719079460995622100e+01,-2.028711973900385601e-01
2.620000000000000000e+02,4.005270046979647418e+02,4.109658399193887703e+02,2.348388211959334981e+01,-5.270046979647418084e-01
2.630000000000000000e+02,4.000191183860364958e+02,4.104695681321709912e+02,2.237398689437133825e+01,-1.911838603649584911e-02
2.640000000000000000e+02,4.001965509900571192e+02,4.110445580798196943e+02,2.494730778409928007e+01,-1.965509900571191793e-01
2.650000000000000000e+02,3.999721091970629914e+02,4.106659695893016533e+02,2.415701220334171140e+01,2.789080293700862967e-02
2.660000000000000000e+02,4.003551194917573639e+02,4.108202833488651891e+02,2.520830864798558935e+01,-3.551194917573639032e-01
2.670000000000000000e+02,3.998032097579234687e+02,4.106175162417408160e+02,2.347254028795488878e+01,1.967902420765312854e-01
2.680000000000000000e+02,4.004761293246250489e+02,4.105123993361334556e+02,2.601811667129590688e+01,-4.761293246250488664e-01
2.690000000000000000e+02,4.001728794572820220e+02,4.104561447740683207e+02,2.290034640622866746e+01,-1.728794572820220310e-01
2.700000000000000000e+02,3.995733685276597384e+02,4.102094075210964661e+02,2.442616187332254896e+01,4.266314723402615527e-01
2.710000000000000000e+02,4.001203381228011722e+02,4.098357323863696138e+02,2.701527084444451532e+01,-1.203381228011721760e-01
2.720000000000000000e+02,4.003498622116430852e+02,4.102185718838537696e+02,2.431719214772444460e+01,-3.498622116430851747e-01
2.730000000000000000e+02,3.996813641099412280e+02,4.102687029744123492e+02,2.337936992919454227e+01,3.186358900587720200e-01
2.740000000000000000e+02,3.996262738355406441e+02,4.101671349089602359e+02,2.644291241399796988e+01,3.737261644593559140e-01
2.750000000000000000e+02,4.002234994994258273e+02,4.103661247287527658e+02,2.645018604446503119e+01,-2.234994994258272527e-01
2.760000000000000000e+02,3.994393693609193861e+02,4.103362882509647420e+02,2.367118701618869636e+01,5.606306390806139461e-01
2.770000000000000000e+02,3.992714490594549375e+02,4.099255125664085426e+02,2.727136282348245189e+01,7.285509405450625309e-01
2.780000000000000000e+02,4.000846813858623250e+02,4.098263688033247831e+02,2.774343945602590367e+01,-8.468138586232498710e-02
2.790000000000000000e+02,3.996917093502738112e+02,4.099144234681923535e+02,2.396037286545147893e+01,3.082906497261888035e-01
2.800000000000000000e+02,4.002294452093885297e+02,4.095698786706115015e+02,2.593138844097241602e+01,-2.294452093885297472e-01
2.810000000000000000e+02,4.003998464092414338e+02,4.093409542305991522e+02,2.357452335664599019e+01,-3.998464092414337756e-01
2.820000000000000000e+02,3.998956056515884825e+02,4.091023582082038956e+02,2.309535373608962061e+01,1.043943484115175124e-01
2.830000000000000000e+02,4.000195703732172205e+02,4.096623980214777703e+02,2.555000213896778405e+01,-1.957037321722054912e-02
2.840000000000000000e+02,3.999149954025084526e+02,4.099681125837868194e+02,2.492838208128767974e+01,8.500459749154742894e-02
2.850000000000000000e+02,4.004256552448807724e+02,4.098519884502506443e+02,2.539183711295826740e+01,-4.256552448807724431e-01
2.860000000000000000e+02,4.004533387687066579e+02,4.092130719904230887e+02,2.311948372526682860e+01,-4.533387687066579019e-01
2.870000000000000000e+02,4.004175697030007086e+02,4.098335303867535231e+02,2.321596966472218782e+01,-4.175697030007086141e-01
2.880000000000000000e+02,3.998357158632309165e+02,4.089806875996812323e+02,2.351801154739931832e+01,1.642841367690834886e-01
2.890000000000000000e+02,3.999729434792153029e+02,4.089780430095687507e+02,2.611944463099892033e+01,2.705652078469711341e-02
2.900000000000000000e+02,3.996778658166031732e+02,4.094595674516895087e+02,2.526776588494109888e+01,3.221341833968267565e-01
2.910000000000000000e+02,4.001718890251706284e+02,4.097247846470845616e+02,2.645032620427507553e+01,-1.718890251706284289e-01
2.920000000000000000e+02,3.996429503272011630e+02,4.097326588650933559e+02,2.408300824810326546e+01,3.570496727988370367e-01
2.930000000000000000e+02,4.000719422556790050e+02,4.091128442741215281e+02,2.649182285456771524e+01,-7.194225567900502938e-02
2.940000000000000000e+02,3.999805655809257701e+02,4.097768179159521651e+02,2.443126923453689159e+01,1.943441907422993609e-02
2.950000000000000000e+02,4.000127252941733786e+02,4.091732472708491741e+02,2.491890906262717209e+01,-1.272529417337864288e-02
2.960000000000000000e+02,3.997169840389699402e+02,4.089403571713171459e+02,2.479398578717633939e+01,2.830159610300597706e-01
2.970000000000000000e+02,3.994983897901889236e+02,4.093056060075431333e+02,2.611044912188620515e+01,5.016102098110764018e-01
2.980000000000000000e+02,3.997637168584100777e+02,4.092386262517211435e+02,2.693970724209931333e+01,2.362831415899222520e-01
2.990000000000000000e+02,3.995444289940641056e+02,4.094351902144891824e+02,2.560394857034217608e+01,4.555710059358943909e-01
3.000000000000000000e+02,3.998897741169233200e+02,4.095008604881003293e+02,2.658499696538321544e+01,1.102258830766800202e-01
3.010000000000000000e+02,4.006102918959397243e+02,4.091548034564314094e+02,2.500205217681011760e+01,-6.102918959397243270e-01
3.020000000000000000e+02,3.998551386454143994e+02,4.089607288114248149e+02,2.199314583298618331e+01,1.448613545856005658e-01
3.030000000000000000e+02,3.999475378886388626e+02,4.096437817939575439e+02,2.572968315107141635e+01,5.246211136113743123e-02
3.040000000000000000e+02,4.001431984683774203e+02,4.096368617751479633e+02,2.524710491957905845e+01,-1.431984683774203404e-01
3.050000000000000000e+02,4.005862959168103998e+02,4.091254235584686398e+02,2.438919240377740039e+01,-5.862959168103998309e-01
3.060000000000000000e+02,3.999123890892788609e+02,4.091797366649583978e+02,2.255033932832869681e+01,8.761091072113913469e-02
3.070000000000000000e+02,3.995475043083695823e+02,4.092358790473888916e+02,2.576019100021852282e+01,4.524956916304176957e-01
3.080000000000000000e+02,4.000097859443019956e+02,4.089610263082898882e+02,2.719077626383023727e+01,-9.785944301995641581e-03
3.090000000000000000e+02,3.999712475744011613e+02,4.091604017802652606e+02,2.489160098204878935e+01,2.875242559883872673e-02
3.100000000000000000e+02,4.000088683488326069e+02,4.085469457576671175e+02,2.510374954598301755e+01,-8.868348832606898213e-03
3.110000000000000000e+02,3.998908668093999950e+02,4.087333193588262930e+02,2.495164274761659584e+01,1.091331906000050367e-01
3.120000000000000000e+02,3.997616153811275694e+02,4.087385348562545460e+02,2.549385213091922608e+01,2.383846188724305648e-01
3.130000000000000000e+02,4.002672527335478208e+02,4.084152078754558488e+02,2.601966976284421662e+01,-2.672527335478207533e-01
3.140000000000000000e+02,4.000223213329521741e+02,4.091279934899109207e+02,2.373151401729938215e+01,-2.232133295217408886e-02
3.150000000000000000e+02,3.996433255361588408e+02,4.087645018612021772e+02,2.499472233732482351e+01,3.566744638411591950e-01
3.160000000000000000e+02,3.999443125485751693e+02,4.080556111672772204e+02,2.665403224655127090e+01,5.568745142483066957e-02
3.170000000000000000e+02,3.999817976332635112e+02,4.091587910688159013e+02,2.516338287345585556e+01,1.820236673648878423e-02
3.180000000000000000e+02,3.999988561652529029e+02,4.087779051156091441e+02,2.503590780865651411e+01,1.143834747097116633e-03
3.190000000000000000e+02,3.995067641380716168e+02,4.093161062894523070e+02,2.500724081589192238e+01,4.932358619283832013e-01
3.200000000000000000e+02,4.002397738374188521e+02,4.082631224136394508e+02,2.719376291205921348e+01,-2.397738374188520538e-01
3.210000000000000000e+02,4.002477999059632907e+02,4.086378060086155983e+02,2.379008857459552928e+01,-2.477999059632907120e-01
3.220000000000000000e+02,4.002313793687686712e+02,4.088175388221372373e+02,2.398430150016682560e+01,-2.313793687686711564e-01
3.230000000000000000e+02,4.003359106831509280e+02,4.084463818758054003e+02,2.420935514261078936e+01,-3.359106831509279800e-01
3.240000000000000000e+02,3.998249890687357038e+02,4.089216680973961502e+02,2.384192695514969529e+01,1.750109312642962323e-01
3.250000000000000000e+02,4.000798663101662669e+02,4.085519238665661987e+02,2.617113913038818751e+01,-7.986631016626688506e-02
3.260000000000000000e+02,3.993408225399212483e+02,4.079828991395045819e+02,2.487022948295232894e+01,6.591774600787516647e-01
3.270000000000000000e+02,4.004919200225552913e+02,4.078218711630737516e+02,2.809010621283084319e+01,-4.919200225552913253e-01
3.280000000000000000e+02,3.999807976520896773e+02,4.083840176786378038e+02,2.271087194190723224e+01,1.920234791032271460e-02
3.290000000000000000e+02,4.001173352844367059e+02,4.083277640322777984e+02,2.527012817609097439e+01,-1.173352844367059333e-01
3.300000000000000000e+02,4.000747327077190789e+02,4.088373718176865736e+02,2.463844247998734716e+01,-7.473270771907891685e-02
3.310000000000000000e+02,4.004153381620804453e+02,4.089040354294201052e+02,2.486521786648946630e+01,-4.153381620804452723e-01
3.320000000000000000e+02,4.001215085796589506e+02,4.084737678262939085e+02,2.338312682371423534e+01,-1.215085796589505662e-01
3.330000000000000000e+02,4.004479134345709781e+02,4.081706628275613866e+02,2.482661468232485902e+01,-4.479134345709780973e-01
3.340000000000000000e+02,3.993632141800450768e+02,4.087278822167838825e+02,2.335716157867732434e+01,6.367858199549232268e-01
3.350000000000000000e+02,3.997159482786938725e+02,4.076901313159007145e+02,2.820537893615597014e+01,2.840517213061275470e-01
3.360000000000000000e+02,3.996497105556071574e+02,4.090488303668322487e+02,2.620909332331863340e+01,3.502894443928425972e-01
3.370000000000000000e+02,4.000180013203975022e+02,4.078832919270544153e+02,2.637537135719643899e+01,-1.800132039750224067e-02
3.380000000000000000e+02,3.996182086991304914e+02,4.082076240632920303e+02,2.466487955449398939e+01,3.817913008695086319e-01
3.390000000000000000e+02,3.996195843218416712e+02,4.081227147778825497e+02,2.652750291824201767e+01,3.804156781583287739e-01
3.400000000000000000e+02,3.992975315973516786e+02,4.079758886824268416e+02,2.641219524330324475e+01,7.024684026483214438e-01
3.410000000000000000e+02,4.000353318616351430e+02,4.081076549961053956e+02,2.775774132586727561e+01,-3.533186163514301370e-02
3.420000000000000000e+02,3.999976246863135430e+02,4.076214990141829162e+02,2.436233794200682823e+01,2.375313686457047879e-03
3.430000000000000000e+02,3.993114997090421525e+02,4.081964210804459867e+02,2.478812010331568416e+01,6.885002909578474828e-01
3.440000000000000000e+02,4.001372686518567434e+02,4.079971198387752338e+02,2.794284403780206461e+01,-1.372686518567434177e-01
3.450000000000000000e+02,3.998138045274912429e+02,4.079012082129185615e+02,2.412708670808044076e+01,1.861954725087571205e-01
3.460000000000000000e+02,3.997432724976469558e+02,4.075481680996038563e+02,2.581464340163822513e+01,2.567275023530442013e-01
3.470000000000000000e+02,4.002658959527772708e+02,4.079595634605154260e+02,2.615455384449628795e+01,-2.658959527772708498e-01
3.480000000000000000e+02,3.999375653145025922e+02,4.073922245677659930e+02,2.387312456977088004e+01,6.243468549740782692e-02
3.490000000000000000e+02,3.998679933686255481e+02,4.082346843847165019e+02,2.556549472930192124e+01,1.320066313744518993e-01
3.500000000000000000e+02,3.991149287642646186e+02,4.081059338314647675e+02,2.588158082401687921e+01,8.850712357353813786e-01
3.510000000000000000e+02,3.997110094809589782e+02,4.073961972746936340e+02,2.914322511994354414e+01,2.889905190410217983e-01
3.520000000000000000e+02,3.998692704023301872e+02,4.083317576397063249e+02,2.617313099680945498e+01,1.307295976698128470e-01
3.530000000000000000e+02,3.998447733138722242e+02,4.080857001413167495e+02,2.554982499077685532e+01,1.552266861277757926e-01
3.540000000000000000e+02,3.998679018413437234e+02,4.083679346037926621e+02,2.579246682511550048e+01,1.320981586562766097e-01
3.550000000000000000e+02,3.997028154629932146e+02,4.089995197876253883e+02,2.578084774763240716e+01,2.971845370067853764e-01
3.560000000000000000e+02,3.995539614080173010e+02,4.091355845389319370e+02,2.658120929486631212e+01,4.460385919826990175e-01
3.570000000000000000e+02,4.000895578204105050e+02,4.092665473517026271e+02,2.721323938627317673e+01,-8.955782041050497355e-02
3.580000000000000000e+02,3.996780106748038293e+02,4.104273929502613214e+02,2.480806549656809068e+01,3.219893251961707392e-01
3.590000000000000000e+02,3.998339446428436190e+02,4.102647915030119634e+02,2.683102455231902894e+01,1.660553571563809783e-01
3.600000000000000000e+02,3.998761189342777698e+02,4.102674434469747098e+02,2.610932261026188428e+01,1.238810657222302325e-01
3.610000000000000000e+02,3.998252240432260010e+02,4.113683518058180653e+02,2.598567417488473907e+01,1.747759567739990416e-01
3.620000000000000000e+02,3.999348223900229868e+02,4.113279904753948699e+02,2.627751620130255006e+01,6.517760997701316228e-02
3.630000000000000000e+02,3.999364690439878700e+02,4.119034970207262063e+02,2.582976769683977381e+01,6.353095601212999100e-02
3.640000000000000000e+02,4.000898992424250196e+02,4.124604349351507722e+02,2.590424113783394588e+01,-8.989924242501956542e-02
3.650000000000000000e+02,3.999787796651861527e+02,4.125256251348340015e+02,2.529618646913820257e+01,2.122033481384733022e-02
3.660000000000000000e+02,4.001301398259141138e+02,4.122070765865885846e+02,2.589991540808152948e+01,-1.301398259141137714e-01
3.670000000000000000e+02,4.001805850064781680e+02,4.130955249333410393e+02,2.526598779233687253e+01,-1.805850064781679976e-01
3.680000000000000000e+02,4.003427595047930936e+02,4.130761497734998784e+02,2.513796312762672613e+01,-3.427595047930935834e-01
3.690000000000000000e+02,3.992405878750296324e+02,4.132037901369330370e+02,2.451359207805930751e+01,7.594121249703675858e-01
3.700000000000000000e+02,4.006707793742444323e+02,4.137622023689257844e+02,2.944670415461339985e+01,-6.707793742444323470e-01
3.710000000000000000e+02,4.002790300427349734e+02,4.132610598786991432e+02,2.275519922997460753e+01,-2.790300427349734491e-01
3.720000000000000000e+02,3.998972564458355237e+02,4.139871243791170059e+02,2.486588100211326235e+01,1.027435541644763362e-01
3.730000000000000000e+02,4.000811421562328860e+02,4.139781406427212005e+02,2.659362913063366562e+01,-8.114215623288600909e-02
3.740000000000000000e+02,3.999989131703448493e+02,4.144742508678696709e+02,2.564002353461192740e+01,1.086829655150722829e-03
3.750000000000000000e+02,4.003384329242481954e+02,4.145465614765620330e+02,2.598526696989061335e+01,-3.384329242481953770e-01
3.760000000000000000e+02,3.997922357626549115e+02,4.146829839033640042e+02,2.445248697764660406e+01,2.077642373450885316e-01
3.770000000000000000e+02,3.998884230899961949e+02,4.147027960086197140e+02,2.696039921689402163e+01,1.115769100038050965e-01
3.780000000000000000e+02,3.995006090807252122e+02,4.149693646318436322e+02,2.635173139991241342e+01,4.993909192747878478e-01
3.790000000000000000e+02,3.997015116990924071e+02,4.154189731086685811e+02,2.796571110837243879e+01,2.984883009075929294e-01
3.800000000000000000e+02,3.995398621217503319e+02,4.154675604826319955e+02,2.685459768382149548e+01,4.601378782496681197e-01
3.810000000000000000e+02,4.003186572327787758e+02,4.154944361946723461e+02,2.751390666336813240e+01,-3.186572327787757786e-01
3.820000000000000000e+02,3.997498187198006008e+02,4.158062461145661928e+02,2.402234692525626158e+01,2.501812801993992252e-01
3.830000000000000000e+02,3.997101843220032151e+02,4.157254326903659489e+02,2.683039715523126745e+01,2.898156779967848706e-01
3.840000000000000000e+02,3.995225655320807050e+02,4.165006462672568546e+02,2.694491380585494511e+01,4.774344679192950025e-01
3.850000000000000000e+02,4.001809174000738949e+02,4.164813361163358536e+02,2.771438417561290635e+01,-1.809174000738948962e-01
3.860000000000000000e+02,3.994897275509561041e+02,4.166712491897828272e+02,2.473293309757353597e+01,5.102724490438959037e-01
3.870000000000000000e+02,3.994784524273700299e+02,4.166391122007551076e+02,2.800680366966785328e+01,5.215475726299700909e-01
3.880000000000000000e+02,4.001688755931893979e+02,4.165848809845500682e+02,2.789775127372610086e+01,-1.688755931893979323e-01
3.890000000000000000e+02,3.997775149604580633e+02,4.167120119402376304e+02,2.479443549785964862e+01,2.224850395419366578e-01
3.900000000000000000e+02,3.993706951974281765e+02,4.171211087046442572e+02,2.679104767563073963e+01,6.293048025718235294e-01
3.910000000000000000e+02,3.997290395231734692e+02,4.176759976091100270e+02,2.857221502054682460e+01,2.709604768265307939e-01
3.920000000000000000e+02,3.996018221656281071e+02,4.173432798866753046e+02,2.682956661914530727e+01,3.981778343718929136e-01
3.930000000000000000e+02,3.995732972104781879e+02,4.176289458916069748e+02,2.745874053201883669e+01,4.267027895218120648e-01
3.940000000000000000e+02,4.005453770702501970e+02,4.175714939346499932e+02,2.758636599618337826e+01,-5.453770702501969936e-01
3.950000000000000000e+02,3.992208080875907967e+02,4.174921618952688505e+02,2.335470508569054715e+01,7.791919124092032689e-01
3.960000000000000000e+02,4.001907163246240771e+02,4.179304008157126873e+02,2.962094068725482288e+01,-1.907163246240770604e-01
3.970000000000000000e+02,3.994656305848594116e+02,4.182815561617117623e+02,2.507462457001382461e+01,5.343694151405884440e-01
3.980000000000000000e+02,4.001119316139360080e+02,4.175392689346188604e+02,2.851514245751560495e+01,-1.119316139360080342e-01
3.990000000000000000e+02,3.999653156456404872e+02,4.183488472404930576e+02,2.553554850259780906e+01,3.468435435951278123e-02
4.000000000000000000e+02,4.004242411921856615e+02,4.180755176791477652e+02,2.639639898086623049e+01,-4.242411921856614754e-01
4.010000000000000000e+02,3.997656486565005025e+02,4.179620962902580459e+02,2.447508919492735302e+01,2.343513434994974887e-01
4.020000000000000000e+02,4.000378456726435275e+02,4.179778452734469170e+02,2.762440998387594249e+01,-3.784567264352745042e-02
4.030000000000000000e+02,3.994466218665772885e+02,4.179772247397522733e+02,2.629639722481665842e+01,5.533781334227114712e-01
4.040000000000000000e+02,3.998547267685993347e+02,4.182987920470331460e+02,2.891668003066792281e+01,1.452732314006652814e-01
4.050000000000000000e+02,3.993785788926086298e+02,4.184391409081521829e+02,2.688124956995716630e+01,6.214211073913702421e-01
4.060000000000000000e+02,3.994327282037727969e+02,4.184198436572311834e+02,2.899915498663778735e+01,5.672717962272031400e-01
4.070000000000000000e+02,3.995824152911927740e+02,4.178856275301600363e+02,2.857009870241466487e+01,4.175847088072259794e-01
4.080000000000000000e+02,3.996515888475123575e+02,4.186960072249594305e+02,2.783651867356273968e+01,3.484111524876425392e-01
4.090000000000000000e+02,3.999982739471814739e+02,4.182800845204818074e+02,2.757586245500008104e+01,1.726052818526113697e-03
4.100000000000000000e+02,3.996858675284274227e+02,4.183430272236661267e+02,2.614511687379949834e+01,3.141324715725772876e-01
4.110000000000000000e+02,4.003432879420327595e+02,4.179694797009483977e+02,2.774615137454637548e+01,-3.432879420327594744e-01
4.120000000000000000e+02,3.996314447714573248e+02,4.186392231450630561e+02,2.489699728171950710e+01,3.685552285426751951e-01
4.130000000000000000e+02,3.999444424343955120e+02,4.185405379521819214e+02,2.834284902046768906e+01,5.555756560448799064e-02
4.140000000000000000e+02,4.002258187951807713e+02,4.189247645617417106e+02,2.686006245369297929e+01,-2.258187951807713034e-01
4.150000000000000000e+02,4.000052086726038851e+02,4.185504085874500788e+02,2.571770076295861784e+01,-5.208672603885133867e-03
4.160000000000000000e+02,3.999528593283752684e+02,4.183744841466235016e+02,2.687641978862643199e+01,4.714067162473156714e-02
4.170000000000000000e+02,3.999967108381468393e+02,4.187435914766351743e+02,2.712621253357763251e+01,3.289161853160749160e-03
4.180000000000000000e+02,3.998874298835908121e+02,4.189113734632196042e+02,2.692470833281672427e+01,1.125701164091879036e-01
4.190000000000000000e+02,3.995951425940803006e+02,4.187870554587026390e+02,2.741716063087938693e+01,4.048574059196994313e-01
4.200000000000000000e+02,4.004932593763612658e+02,4.187663032925592006e+02,2.865033552014290308e+01,-4.932593763612658222e-01
4.210000000000000000e+02,3.990909749284423924e+02,4.190231604275028872e+02,2.457033809664812196e+01,9.090250715576075891e-01
4.220000000000000000e+02,3.998547382051665409e+02,4.193351982214603595e+02,3.101930046513718509e+01,1.452617948334591347e-01
4.230000000000000000e+02,3.999233881373548343e+02,4.188092709727523015e+02,2.722749192567836118e+01,7.661186264516572919e-02
4.240000000000000000e+02,3.998769842791851943e+02,4.186946667941712121e+02,2.701313558908129764e+01,1.230157208148057180e-01
4.250000000000000000e+02,3.998451560218494478e+02,4.182961567691293112e+02,2.731449062849745957e+01,1.548439781505521751e-01
4.260000000000000000e+02,3.999751000155259817e+02,4.191178316874471648e+02,2.750374419587205921e+01,2.489998447401831072e-02
4.270000000000000000e+02,3.997977853409439604e+02,4.185999632414009284e+02,2.696279432045188074e+01,2.022146590560396362e-01
4.280000000000000000e+02,3.996995780514606054e+02,4.190752380957553669e+02,2.782326493799364187e+01,3.004219485393946343e-01
4.290000000000000000e+02,3.992008466201183410e+02,4.191026403805489053e+02,2.822850768309054814e+01,7.991533798816590206e-01
4.300000000000000000e+02,4.001413916901747712e+02,4.189337902361847341e+02,3.034883933052892857e+01,-1.413916901747711563e-01
4.310000000000000000e+02,3.998472199266190046e+02,4.191841501967322756e+02,2.598406234109087976e+01,1.527800733809954181e-01
4.320000000000000000e+02,3.996762589250673727e+02,4.192308014549256541e+02,2.757006029089048482e+01,3.237410749326272708e-01
4.330000000000000000e+02,3.996436342563657149e+02,4.193866315277354033e+02,2.838003998729581667e+01,3.563657436342850815e-01
4.340000000000000000e+02,4.001857434726196630e+02,4.190008359475448856e+02,2.849222885795495230e+01,-1.857434726196629526e-01
4.350000000000000000e+02,3.999509132877518596e+02,4.190227509846505427e+02,2.610657051024002229e+01,4.908671224814042944e-02
4.360000000000000000e+02,3.995743412774219792e+02,4.196471324852060434e+02,2.739166355673814834e+01,4.256587225780208428e-01
4.370000000000000000e+02,3.996473652395123395e+02,4.186184107256541438e+02,2.909509490963888823e+01,3.526347604876605146e-01
4.380000000000000000e+02,3.996211038383214600e+02,4.192952203083083873e+02,2.864103266636347911e+01,3.788961616785400111e-01
4.390000000000000000e+02,3.997698662503699438e+02,4.191240898607163672e+02,2.871490373881288605e+01,2.301337496300561725e-01
4.400000000000000000e+02,4.000430451657766184e+02,4.188765830784061563e+02,2.804118689480454307e+01,-4.304516577661843257e-02
4.410000000000000000e+02,3.996191975213996557e+02,4.193911325360311935e+02,2.692119445171161018e+01,3.808024786003443296e-01
4.420000000000000000e+02,3.997225515818694817e+02,4.190390800875923105e+02,2.896061532274738326e+01,2.774484181305183483e-01
4.430000000000000000e+02,4.000192100655849572e+02,4.194472755418934753e+02,2.843833283018612335e+01,-1.921006558495719219e-02
4.440000000000000000e+02,4.000747623805189050e+02,4.191979599568546746e+02,2.716164815831612955e+01,-7.476238051890504721e-02
4.450000000000000000e+02,3.995246661660049767e+02,4.188279598215034412e+02,2.708630233243414054e+01,4.753338339950232694e-01
4.460000000000000000e+02,3.999210775634032871e+02,4.186075584998038153e+02,2.962733933944378606e+01,7.892243659671294154e-02
4.470000000000000000e+02,4.000117846447564034e+02,4.188404202895148956e+02,2.773104074008229958e+01,-1.178464475640339515e-02
4.480000000000000000e+02,4.004927627845402753e+02,4.187997400928049956e+02,2.743003270805866478e+01,-4.927627845402753337e-01
4.490000000000000000e+02,3.999664473450096125e+02,4.189328377273851629e+02,2.544628544865622288e+01,3.355265499038750932e-02
4.500000000000000000e+02,4.001349753407295111e+02,4.187267659116540699e+02,2.805097972482590407e+01,-1.349753407295111174e-01
4.510000000000000000e+02,3.995956261809703847e+02,4.190250649382042525e+02,2.725791370830247473e+01,4.043738190296153334e-01
4.520000000000000000e+02,3.998894910640490821e+02,4.192880999878435659e+02,2.965118050503535585e+01,1.105089359509179303e-01
4.530000000000000000e+02,3.995397856792457105e+02,4.194457507480055369e+02,2.813378504019576098e+01,4.602143207542894743e-01
4.540000000000000000e+02,4.003671597990886539e+02,4.190677764535094525e+02,2.965272124394249786e+01,-3.671597990886539264e-01
4.550000000000000000e+02,4.000989481395248504e+02,4.185748352453150574e+02,2.587826030487514473e+01,-9.894813952485037589e-02
4.560000000000000000e+02,3.997094771056571290e+02,4.185293365997497403e+02,2.734917390201123411e+01,2.905228943428710409e-01
4.570000000000000000e+02,3.994486434858146708e+02,4.188816156656824887e+02,2.911279041278407931e+01,5.513565141853291607e-01
4.580000000000000000e+02,3.994586686099529516e+02,4.181652962121738142e+02,3.010420354626962336e+01,5.413313900470484441e-01
4.590000000000000000e+02,3.998655321014228434e+02,4.182400501978738703e+02,2.984618286295927447e+01,1.344678985771565749e-01
4.600000000000000000e+02,3.996811958451217492e+02,4.182710099293364010e+02,2.795200374695447465e+01,3.188041548782507562e-01
4.610000000000000000e+02,3.999995145745093055e+02,4.179156416111492263e+02,2.889156652425181093e+01,4.854254906945243420e-04
4.620000000000000000e+02,3.991854395243155977e+02,4.171955676600896368e+02,2.751628442179795186e+01,8.145604756844022631e-01
4.630000000000000000e+02,3.996905821018235656e+02,4.172287310266984832e+02,3.124185337931980300e+01,3.094178981764343916e-01
4.640000000000000000e+02,3.997823172588567786e+02,4.173480899498500207e+02,2.877151734499841496e+01,2.176827411432213921e-01
4.650000000000000000e+02,3.991966888152678621e+02,4.170299450044319087e+02,2.846364997779003758e+01,8.033111847321379173e-01
4.660000000000000000e+02,3.995968532342816388e+02,4.172831287782004210e+02,3.113952238606568557e+01,4.031467657183611664e-01
4.670000000000000000e+02,4.000467922615445104e+02,4.164830497684699822e+02,2.920894552976761105e+01,-4.679226154451043840e-02
4.680000000000000000e+02,4.002971643025684330e+02,4.161952584775085029e+02,2.734579227061047035e+01,-2.971643025684329587e-01
4.690000000000000000e+02,4.000571519143373393e+02,4.167577072924746062e+02,2.655768337301143234e+01,-5.715191433733934900e-02
4.700000000000000000e+02,4.000390257269871199e+02,4.165534634264863598e+02,2.793481683822903250e+01,-3.902572698711992416e-02
4.710000000000000000e+02,3.992769490796044352e+02,4.161725627751146703e+02,2.811652027372402785e+01,7.230509203955648445e-01
4.720000000000000000e+02,3.999314040388480294e+02,4.161497991397954479e+02,3.149972209976379744e+01,6.859596115197064137e-02
4.730000000000000000e+02,4.003497970147184901e+02,4.162310385715968550e+02,2.832063859597151634e+01,-3.497970147184901180e-01
4.740000000000000000e+02,4.004639842555178575e+02,4.162728528122410125e+02,2.661576391691438559e+01,-4.639842555178574912e-01
4.750000000000000000e+02,3.998932063687701657e+02,4.153276834768848289e+02,2.640564215036379991e+01,1.067936312298343182e-01
4.760000000000000000e+02,3.996680484756666942e+02,4.154777263210705769e+02,2.913469674370269757e+01,3.319515243333057697e-01
4.770000000000000000e+02,3.996956826623849679e+02,4.150450232301460574e+02,2.998937000477368287e+01,3.043173376150321019e-01
4.780000000000000000e+02,3.995780100844157801e+02,4.152669414497167395e+02,2.967657920560659335e+01,4.219899155842199434e-01
4.790000000000000000e+02,3.998546976675015117e+02,4.149216199170630830e+02,3.008330592008570292e+01,1.453023324984883402e-01
4.800000000000000000e+02,4.001733312203031687e+02,4.152186061454872856e+02,2.875972919850844178e+01,-1.733312203031687204e-01
4.810000000000000000e+02,3.996017066102671720e+02,4.149100649429856276e+02,2.744051923231044654e+01,3.982933897328280182e-01
4.820000000000000000e+02,3.999048002674131794e+02,4.145578539353955421e+02,3.014153030627984720e+01,9.519973258682057349e-02
4.830000000000000000e+02,3.996170516819681779e+02,4.146546202031886423e+02,2.868356610956765351e+01,3.829483180318220548e-01
4.840000000000000000e+02,4.001393977050750550e+02,4.143494109102693415e+02,3.000630194586384647e+01,-1.393977050750550006e-01
4.850000000000000000e+02,3.999285134917075197e+02,4.146092290735000461e+02,2.764259273912653470e+01,7.148650829248026639e-02
4.860000000000000000e+02,4.001631407183179476e+02,4.145660446734112270e+02,2.877003187451474631e+01,-1.631407183179476306e-01
4.870000000000000000e+02,3.999387875609894536e+02,4.143745046203380866e+02,2.778498697947437535e+01,6.121243901054640446e-02
4.880000000000000000e+02,4.001158249149336257e+02,4.143139792598708482e+02,2.890571860103240809e+01,-1.158249149336256778e-01
4.890000000000000000e+02,3.992266996789759901e+02,4.139398123538717869e+02,2.811841345063674780e+01,7.733003210240099179e-01
4.900000000000000000e+02,3.994305979159805702e+02,4.137298103781659506e+02,3.207203559806890780e+01,5.694020840194298216e-01
4.910000000000000000e+02,4.000926907347446786e+02,4.143718361275300595e+02,3.080436537334017189e+01,-9.269073474467859342e-02
4.920000000000000000e+02,3.997060921407326077e+02,4.141110037533424020e+02,2.778556452568838253e+01,2.939078592673922685e-01
4.930000000000000000e+02,4.001800478174849331e+02,4.133282341638872026e+02,2.972265709613189699e+01,-1.800478174849331481e-01
4.940000000000000000e+02,3.994727450449149160e+02,4.131263031600507816e+02,2.764227831927583168e+01,5.272549550850840205e-01
4.950000000000000000e+02,4.000985614227120664e+02,4.132780822831399519e+02,3.095744331788606019e+01,-9.856142271206635996e-02
4.960000000000000000e+02,3.998544999320345710e+02,4.138265023334013790e+02,2.804271831403082516e+01,1.455000679654290252e-01
4.970000000000000000e+02,3.996234358232592285e+02,4.135907568220607118e+02,2.930114905190695396e+01,3.765641767407714724e-01
4.980000000000000000e+02,3.994052513944973271e+02,4.136305295725036899e+02,3.032283845230683639e+01,5.947486055026729446e-01
4.990000000000000000e+02,3.998585956165643438e+02,4.134167591173790584e+02,3.117960496286260863e+01,1.414043834356562002e-01
5.000000000000000000e+02,4.002386246250840145e+02,4.134824162314418459e+02,2.904903168541745373e+01,-2.386246250840144967e-01
5.010000000000000000e+02,3.994397441395033752e+02,4.130907201862385136e+02,2.752912195384551808e+01,5.602558604966247913e-01
5.020000000000000000e+02,3.999867292337787603e+02,4.130940964745528277e+02,3.129718397723975798e+01,1.327076622123968264e-02
5.030000000000000000e+02,3.999956501039149543e+02,4.134550037383680205e+02,2.871702671201948220e+01,4.349896085045656946e-03
5.040000000000000000e+02,3.997874027997038411e+02,4.124906940048502975e+02,2.882966855406860418e+01,2.125972002961589169e-01
5.050000000000000000e+02,3.994191476446171691e+02,4.133720526802822519e+02,2.984858323724080620e+01,5.808523553828308650e-01
5.060000000000000000e+02,3.999847771801338467e+02,4.129403024211991351e+02,3.143193226393613671e+01,1.522281986615325877e-02
5.070000000000000000e+02,3.999173216514290061e+02,4.123544676513653258e+02,2.878284347651171160e+01,8.267834857099387591e-02
5.080000000000000000e+02,3.994749928572735485e+02,4.120846859236689284e+02,2.924702748401372077e+01,5.250071427264515478e-01
5.090000000000000000e+02,3.997527425245574477e+02,4.129827525479826704e+02,3.126288495854781146e+01,2.472574754425522769e-01
5.100000000000000000e+02,4.002384701255359118e+02,4.128942240683094269e+02,2.990414651202543439e+01,-2.384701255359118477e-01
5.110000000000000000e+02,3.995503685019859290e+02,4.128842148272624399e+02,2.784020924900191218e+01,4.496314980140709849e-01
5.120000000000000000e+02,4.002446611353166190e+02,4.118349857479336151e+02,3.112264383693883474e+01,-2.446611353166190383e-01
5.130000000000000000e+02,3.999348546087278464e+02,4.122152742153315899e+02,2.795164300385676981e+01,6.514539127215357439e-02
5.140000000000000000e+02,3.999303054166510378e+02,4.123723150478486446e+02,2.955572033294436096e+01,6.969458334896216911e-02
5.150000000000000000e+02,4.002455185447931285e+02,4.128386848688259647e+02,2.959290413146944587e+01,-2.455185447931285125e-01
5.160000000000000000e+02,3.993456723208713584e+02,4.118380965894884298e+02,2.823148954824409174e+01,6.543276791286416483e-01
5.170000000000000000e+02,3.996613001650101751e+02,4.125392730349816475e+02,3.231849013349440014e+01,3.386998349898249216e-01
5.180000000000000000e+02,3.995171555449082916e+02,4.122262835447615430e+02,3.061330972480759272e+01,4.828444550917083689e-01
5.190000000000000000e+02,4.003444795612953726e+02,4.123692354602886212e+02,3.119274203774185850e+01,-3.444795612953726049e-01
5.200000000000000000e+02,3.990707582292932898e+02,4.122225888392249544e+02,2.749734165049680001e+01,9.292417707067102128e-01
5.210000000000000000e+02,3.996666917739490259e+02,4.121714076065881045e+02,3.340843064763843273e+01,3.333082260509740991e-01
5.220000000000000000e+02,4.000692523597269314e+02,4.113147428856047441e+02,3.043273988730302904e+01,-6.925235972693144504e-02
5.230000000000000000e+02,4.000577366739551053e+02,4.115680603854827950e+02,2.874185563630866724e+01,-5.773667395510528877e-02
5.240000000000000000e+02,3.995502600900214816e+02,4.121105427135681225e+02,2.904562640254729189e+01,4.497399099785184262e-01
5.250000000000000000e+02,3.996736726249739036e+02,4.116872145503147635e+02,3.142703358129912772e+01,3.263273750260964334e-01
5.260000000000000000e+02,3.993919795129984323e+02,4.118390448682657734e+02,3.076059014230687438e+01,6.080204870015677443e-01
5.270000000000000000e+02,3.995575508134224378e+02,4.114324282589293489e+02,3.197856233150725203e+01,4.424491865775621591e-01
5.280000000000000000e+02,4.002149827205618635e+02,4.116866440647501122e+02,3.112888654898757679e+01,-2.149827205618635162e-01
5.290000000000000000e+02,3.998803180260985641e+02,4.117256706977663612e+02,2.828013369527946352e+01,1.196819739014358674e-01
5.300000000000000000e+02,4.004232254709841641e+02,4.120917920181989871e+02,3.008762408103224928e+01,-4.232254709841640761e-01
5.310000000000000000e+02,3.999223758984652477e+02,4.108588951954253048e+02,2.779383180507542761e+01,7.762410153475229890e-02
5.320000000000000000e+02,4.001734586431895764e+02,4.113800236743840060e+02,3.029518409592392203e+01,-1.734586431895763781e-01
5.330000000000000000e+02,4.002866811897562798e+02,4.111429228747456932e+02,2.916294944726943328e+01,-2.866811897562797640e-01
5.340000000000000000e+02,3.998195916024135954e+02,4.104691067376266460e+02,2.876723937596494096e+01,1.804083975864045897e-01
5.350000000000000000e+02,3.993897731553381618e+02,4.112776688156646969e+02,3.091887030748030796e+01,6.102268446618381859e-01
5.360000000000000000e+02,4.001629373461780119e+02,4.109164779480279321e+02,3.263597262361047058e+01,-1.629373461780119214e-01
5.370000000000000000e+02,3.996226413603891956e+02,4.111063254758803396e+02,2.895672954955080414e+01,3.773586396108044028e-01
5.380000000000000000e+02,3.999424306428331306e+02,4.110012798902519648e+02,3.149585140516661141e+01,5.756935716686939486e-02
5.390000000000000000e+02,4.000378278044922240e+02,4.111911328696966734e+02,2.996291584947962150e+01,-3.782780449222400421e-02
5.400000000000000000e+02,3.999533915642968509e+02,4.107781525831141494e+02,2.962070318389393009e+01,4.660843570314909812e-02
5.410000000000000000e+02,3.998702814312485430e+02,4.108080124269186513e+02,3.008890241880730088e+01,1.297185687514570418e-01
5.420000000000000000e+02,3.999086986882289239e+02,4.108313387100728846e+02,3.047900395065303769e+01,9.130131177107614349e-02
5.430000000000000000e+02,3.999992479528582408e+02,4.108748878825084603e+02,3.029308456018653573e+01,7.520471417592489161e-04
5.440000000000000000e+02,3.999134698808443886e+02,4.108365123010187858e+02,2.990973002018758464e+01,8.653011915561137357e-02
5.450000000000000000e+02,4.000483811143828916e+02,4.109942590476310329e+02,3.033937954311206653e+01,-4.838111438289161015e-02
5.460000000000000000e+02,3.996970957923196011e+02,4.106333000322362068e+02,2.974893500895113974e+01,3.029042076803989403e-01
5.470000000000000000e+02,3.997387305303859648e+02,4.106737391540437443e+02,3.134772392129315222e+01,2.612694696140351880e-01
5.480000000000000000e+02,3.994799248228159172e+02,4.101928702514971405e+02,3.104219005139522025e+01,5.200751771840828042e-01
5.490000000000000000e+02,4.004662033658885321e+02,4.103066048088900857e+02,3.211747789181259805e+01,-4.662033658885320619e-01
5.500000000000000000e+02,3.992548561829972300e+02,4.110807127773573484e+02,2.766758017269618009e+01,7.451438170027699925e-01
5.510000000000000000e+02,3.997941360323629851e+02,4.099916542989654431e+02,3.334178808852381337e+01,2.058639676370148663e-01
5.520000000000000000e+02,3.992517484106394932e+02,4.101288603120995049e+02,3.066213156715550525e+01,7.482515893605068413e-01
5.530000000000000000e+02,3.994479849414430532e+02,4.104576612228093495e+02,3.308994951268418561e+01,5.520150585569467694e-01
5.540000000000000000e+02,4.001934034620351213e+02,4.109455771903100754e+02,3.202707376735094158e+01,-1.934034620351212652e-01
5.550000000000000000e+02,3.996587549959403418e+02,4.110407339691037691e+02,2.876013308928688872e+01,3.412450040596581857e-01
5.560000000000000000e+02,3.988850028610035565e+02,4.103173253390082778e+02,3.146259540633498375e+01,1.114997138996443482e+00
5.570000000000000000e+02,3.999494606048409651e+02,4.105021768191359115e+02,3.483037344167112792e+01,5.053939515903493884e-02
5.580000000000000000e+02,3.996465180491369438e+02,4.107093359944149142e+02,2.982884458237569447e+01,3.534819508630562268e-01
5.590000000000000000e+02,3.998726709052127717e+02,4.105687470260288023e+02,3.145937960991917492e+01,1.273290947872283141e-01
5.600000000000000000e+02,3.994930323424861172e+02,4.100655117099140057e+02,3.054682705411195798e+01,5.069676575138828412e-01
5.610000000000000000e+02,4.001372900352164379e+02,4.104402335160349935e+02,3.237815599854142334e+01,-1.372900352164379001e-01
5.620000000000000000e+02,3.996063054836001243e+02,4.097047445352046111e+02,2.951576788536891272e+01,3.936945163998757380e-01
5.630000000000000000e+02,3.996836547222072227e+02,4.102588577555338247e+02,3.212603850499579039e+01,3.163452777927773241e-01
5.640000000000000000e+02,3.993691851496751042e+02,4.104852098544362775e+02,3.173399097459115481e+01,6.308148503248958150e-01
5.650000000000000000e+02,4.000013171994172581e+02,4.102062258462131581e+02,3.312168425048055553e+01,-1.317199417258052563e-03
5.660000000000000000e+02,4.001887229854452812e+02,4.104457548655432788e+02,3.024038526550585715e+01,-1.887229854452812106e-01
5.670000000000000000e+02,3.992729561523743200e+02,4.103574332087420089e+02,2.966802585306562179e+01,7.270438476256799731e-01
5.680000000000000000e+02,3.996085909607903091e+02,4.095172940508570605e+02,3.392206723493990239e+01,3.914090392096909454e-01
5.690000000000000000e+02,4.000579368309503252e+02,4.098440547461526080e+02,3.219291168809777304e+01,-5.793683095032520214e-02
5.700000000000000000e+02,4.007339037605307226e+02,4.096594555889585649e+02,3.024192960297576960e+01,-7.339037605307225931e-01
5.710000000000000000e+02,3.993431210970105667e+02,4.102375479685392747e+02,2.753413563992404534e+01,6.568789029894332998e-01
5.720000000000000000e+02,3.994948828165571513e+02,4.100852803392837700e+02,3.408778661236956964e+01,5.051171834428487273e-01
5.730000000000000000e+02,3.998572248253580597e+02,4.092840772674098275e+02,3.306731612684812660e+01,1.427751746419403389e-01
5.740000000000000000e+02,3.993872824562812411e+02,4.100124320509893323e+02,3.133901316714903373e+01,6.127175437187588614e-01
5.750000000000000000e+02,3.993350265854697909e+02,4.100741081018960585e+02,3.348100498914638479e+01,6.649734145302090838e-01
5.760000000000000000e+02,4.001082825371515241e+02,4.093388584248038455e+02,3.355454104205747257e+01,-1.082825371515241386e-01
5.770000000000000000e+02,3.995566745796153896e+02,4.096612188669654984e+02,3.007775022253590080e+01,4.433254203846104247e-01
5.780000000000000000e+02,3.999432272498481211e+02,4.101238133782101727e+02,3.281070806921654537e+01,5.677275015187888130e-02
5.790000000000000000e+02,3.995647143610388525e+02,4.094029793912179684e+02,3.108488161498109292e+01,4.352856389611474697e-01
5.800000000000000000e+02,3.994003825402797361e+02,4.092523491677265497e+02,3.291271175904001467e+01,5.996174597202639234e-01
5.810000000000000000e+02,4.002855264754916789e+02,4.091325867370048286e+02,3.357408259027030084e+01,-2.855264754916788661e-01
5.820000000000000000e+02,3.996568991026618960e+02,4.101052237536822531e+02,2.961699907232488371e+01,3.431008973381040050e-01
5.830000000000000000e+02,4.001460656751488614e+02,4.090360779764731660e+02,3.274186127757565146e+01,-1.460656751488613736e-01
5.840000000000000000e+02,3.999455713259706613e+02,4.088326781113232187e+02,3.056287690364003851e+01,5.442867402933870835e-02
5.850000000000000000e+02,3.996205292442974724e+02,4.090860717468220855e+02,3.165531041346072172e+01,3.794707557025276401e-01
5.860000000000000000e+02,3.996235693983711599e+02,4.095796490133176917e+02,3.312230243182907685e+01,3.764306016288401224e-01
5.870000000000000000e+02,3.990034808130719171e+02,4.097246730751895711e+02,3.299013898470221307e+01,9.965191869280829451e-01
5.880000000000000000e+02,3.996619526871249946e+02,4.093527301621197694e+02,3.562908718236025152e+01,3.380473128750054457e-01
5.890000000000000000e+02,3.996646080113283119e+02,4.091818265030681800e+02,3.243189396296276072e+01,3.353919886716880683e-01
5.900000000000000000e+02,4.002585075754186050e+02,4.087884794550640777e+02,3.255349971350013050e+01,-2.585075754186050290e-01
5.910000000000000000e+02,3.999733205671077485e+02,4.089533336238986863e+02,3.007390827721462045e+01,2.667943289225149783e-02
5.920000000000000000e+02,3.999902077853728883e+02,4.090354755795304413e+02,3.169481159613164323e+01,9.792214627111661684e-03
5.930000000000000000e+02,3.996559523157853846e+02,4.088430596534922756e+02,3.173665795358951058e+01,3.440476842146154013e-01
5.940000000000000000e+02,3.996554521996399671e+02,4.090656684432369161e+02,3.328415567399477482e+01,3.445478003600328520e-01
5.950000000000000000e+02,4.002539104055849180e+02,4.088849466879804595e+02,3.318921557220442509e+01,-2.539104055849179531e-01
5.960000000000000000e+02,3.999198233668989815e+02,4.090491360297905885e+02,3.052729073202213428e+01,8.017663310101852403e-02
5.970000000000000000e+02,4.000458710428150084e+02,4.088556628523420500e+02,3.225028121617665988e+01,-4.587104281500842262e-02
5.980000000000000000e+02,3.995364025784937212e+02,4.095671504196702699e+02,3.171511340343313989e+01,4.635974215062788062e-01
5.990000000000000000e+02,3.997147835647364786e+02,4.091125370878442595e+02,3.401066970843708503e+01,2.852164352635213618e-01
6.000000000000000000e+02,3.996652369011819701e+02,4.086827335307648923e+02,3.303797002885128364e+01,3.347630988180299028e-01
6.010000000000000000e+02,3.997474865029436160e+02,4.090128879827331616e+02,3.322422408826196971e+01,2.525134970563840398e-01
6.020000000000000000e+02,4.000983652379346154e+02,4.089794524697301767e+02,3.283386144353645619e+01,-9.836523793461537934e-02
6.030000000000000000e+02,3.998342637225595695e+02,4.089587386662224731e+02,3.133648560458531662e+01,1.657362774404305128e-01
6.040000000000000000e+02,3.997878801220657579e+02,4.088775497445622591e+02,3.269074977879792243e+01,2.121198779342421403e-01
6.050000000000000000e+02,3.998730494295011795e+02,4.083546591065584153e+02,3.290353630050491063e+01,1.269505704988205252e-01
6.060000000000000000e+02,3.997375870998536698e+02,4.085037573184912389e+02,3.252478811179014428e+01,2.624129001463302302e-01
6.070000000000000000e+02,3.997640437395734239e+02,4.089752164528876506e+02,3.316074112704851018e+01,2.359562604265761365e-01
6.080000000000000000e+02,3.996593513484392020e+02,4.091141349012635828e+02,3.301775580194621540e+01,3.406486515607980436e-01
6.090000000000000000e+02,4.000069393345502817e+02,4.086061039574934171e+02,3.347944901372611071e+01,-6.939334550281728298e-03
6.100000000000000000e+02,3.996065821872700212e+02,4.083983585163370549e+02,3.192798914347737238e+01,3.934178127299787775e-01
6.110000000000000000e+02,4.002439039411181056e+02,4.081964711736869162e+02,3.383082431942428769e+01,-2.439039411181056494e-01
6.120000000000000000e+02,4.001823014082267491e+02,4.090829378084229120e+02,3.096946808712559829e+01,-1.823014082267491176e-01
6.130000000000000000e+02,3.996596830438000438e+02,4.088697631561268508e+02,3.150433528440423103e+01,3.403169561999561665e-01
6.140000000000000000e+02,4.004930872661542480e+02,4.091663935904235245e+02,3.392869051464430186e+01,-4.930872661542480273e-01
6.150000000000000000e+02,3.993197723297989796e+02,4.088092583115058005e+02,3.013764876740733101e+01,6.802276702010203735e-01
6.160000000000000000e+02,4.003116644593445130e+02,4.088521787392812712e+02,3.555905516918134168e+01,-3.116644593445130340e-01
6.170000000000000000e+02,4.000824397322411414e+02,4.086740472805121840e+02,3.086220348150324710e+01,-8.243973224114142795e-02
6.180000000000000000e+02,3.997812764352227646e+02,4.081357463444977611e+02,3.210859676551190489e+01,2.187235647772354241e-01
6.190000000000000000e+02,4.002242064113099218e+02,4.082002104939479068e+02,3.347026742082183404e+01,-2.242064113099218048e-01
6.200000000000000000e+02,4.000397818287270866e+02,4.083977956913918774e+02,3.142464185162750923e+01,-3.978182872708657669e-02
6.210000000000000000e+02,3.998488098472644765e+02,4.079748117199940793e+02,3.237140069618889271e+01,1.511901527355234975e-01
6.220000000000000000e+02,3.996929397024458126e+02,4.081469471511035181e+02,3.320511533695728446e+01,3.070602975541874002e-01
6.230000000000000000e+02,3.999450898513547372e+02,4.082168958765587945e+02,3.379186556803058750e+01,5.491014864526277961e-02
6.240000000000000000e+02,3.998274427953712120e+02,4.079403146097099011e+02,3.255942465189911417e+01,1.725572046287879857e-01
6.250000000000000000e+02,3.997621633153013363e+02,4.083732117846571441e+02,3.311429863474994306e+01,2.378366846986637029e-01
6.260000000000000000e+02,4.000728040920581066e+02,4.075318810975099382e+02,3.337420216349901381e+01,-7.280409205810656204e-02
6.270000000000000000e+02,3.998005575989512295e+02,4.081890870653162438e+02,3.197894386923453425e+01,1.994424010487705345e-01
6.280000000000000000e+02,4.001494437627671346e+02,4.085422441247578149e+02,3.329739137854163289e+01,-1.494437627671345581e-01
6.290000000000000000e+02,3.996826595941190021e+02,4.083054868287418913e+02,3.173412631614821322e+01,3.173404058809978778e-01
6.300000000000000000e+02,3.993397976241043352e+02,4.081618612022647881e+02,3.391651848637677347e+01,6.602023758956647725e-01
6.310000000000000000e+02,3.999578306936842296e+02,4.080529333849082150e+02,3.528331084524401717e+01,4.216930631577042732e-02
6.320000000000000000e+02,3.995562429216500391e+02,4.082849783647678237e+02,3.234859651345865927e+01,4.437570783499609206e-01
6.330000000000000000e+02,3.994091851587940596e+02,4.082647213209897359e+02,3.425835939074852377e+01,5.908148412059404109e-01
6.340000000000000000e+02,3.999299613168397514e+02,4.083596680240163437e+02,3.481959275812134535e+01,7.003868316024863816e-02
6.350000000000000000e+02,3.998942473790767735e+02,4.074804821484179911e+02,3.244245015614545480e+01,1.057526209232264591e-01
6.360000000000000000e+02,3.994752098896174743e+02,4.079326208584188862e+02,3.280060289989819466e+01,5.247901103825256541e-01
6.370000000000000000e+02,3.988095689371221511e+02,4.077457641900945760e+02,3.475530013765308013e+01,1.190431062877848944e+00
6.380000000000000000e+02,4.000738047681625744e+02,4.076385062539870887e+02,3.755022305745612243e+01,-7.380476816257441897e-02
6.390000000000000000e+02,3.997378447929967820e+02,4.074044210810892537e+02,3.166688980283271349e+01,2.621552070032180382e-01
6.400000000000000000e+02,3.997206910635948134e+02,4.075276135894002323e+02,3.353327596466529315e+01,2.793089364051866141e-01
6.410000000000000000e+02,3.996787607340115756e+02,4.078444965406640108e+02,3.372436552375370411e+01,3.212392659884244495e-01
6.420000000000000000e+02,3.997409574166360926e+02,4.075526829532884676e+02,3.399219840881780641e+01,2.590425833639073971e-01
6.430000000000000000e+02,3.997311021423755051e+02,4.073795357016164189e+02,3.377300978353993344e+01,2.688978576244949181e-01
6.440000000000000000e+02,3.999876957321461077e+02,4.078252463273738044e+02,3.389679163471846834e+01,1.230426785389227007e-02
6.450000000000000000e+02,3.993430491513625498e+02,4.074206032256691969e+02,3.284159758745380486e+01,6.569508486374502354e-01
6.460000000000000000e+02,4.002888616376660025e+02,4.081890136180339255e+02,3.583221534458625968e+01,-2.888616376660024798e-01
6.470000000000000000e+02,3.994630889734625043e+02,4.069204234452234346e+02,3.152517619930418746e+01,5.369110265374956725e-01
6.480000000000000000e+02,3.995282109256165768e+02,4.078191130993199067e+02,3.548152992917484028e+01,4.717890743834232126e-01
6.490000000000000000e+02,3.999624996055787847e+02,4.071085917376492489e+02,3.503681064654166022e+01,3.750039442121533284e-02
6.500000000000000000e+02,3.992119888665953340e+02,4.073380422731473800e+02,3.308635497783880197e+01,7.880111334046659977e-01
6.510000000000000000e+02,3.999283239861345010e+02,4.074168981199890709e+02,3.654876443736504399e+01,7.167601386549904419e-02
6.520000000000000000e+02,3.991930873822209378e+02,4.078098217123325639e+02,3.319964966070516965e+01,8.069126177790622023e-01
6.530000000000000000e+02,3.998904334704042753e+02,4.072035501149910033e+02,3.662707642675290742e+01,1.095665295957246599e-01
6.540000000000000000e+02,3.999125211177200754e+02,4.076695584920736906e+02,3.339176894255775352e+01,8.747888227992461907e-02
6.550000000000000000e+02,3.999296886360367580e+02,4.071603455793774629e+02,3.353072657549162727e+01,7.031136396324200177e-02
6.560000000000000000e+02,3.998214474996302670e+02,4.074909119919549880e+02,3.363612957425615235e+01,1.785525003697330249e-01
6.570000000000000000e+02,3.999220154204015785e+02,4.077864445837867038e+02,3.424644176253114125e+01,7.798457959842153286e-02
6.580000000000000000e+02,4.003630701205590299e+02,4.073602271814101528e+02,3.385598753935638427e+01,-3.630701205590298741e-01
6.590000000000000000e+02,4.001290448251148746e+02,4.069390721342512052e+02,3.202303268837009398e+01,-1.290448251148745840e-01
6.600000000000000000e+02,3.996029125344945214e+02,4.070914709213363949e+02,3.332192993953072602e+01,3.970874655054785762e-01
6.610000000000000000e+02,3.991729866496636987e+02,4.064403840335926361e+02,3.568192708211358877e+01,8.270133503363013006e-01
6.620000000000000000e+02,3.998633986632827941e+02,4.068953203373503698e+02,3.734390400896098328e+01,1.366013367172058679e-01
6.630000000000000000e+02,4.006201915802199665e+02,4.073118802630464756e+02,3.399628769237056503e+01,-6.201915802199664540e-01
6.640000000000000000e+02,3.994675410693148478e+02,4.066777429586375661e+02,3.082975318771876871e+01,5.324589306851521542e-01
6.650000000000000000e+02,3.990214682286363086e+02,4.068235090381360806e+02,3.631836527564043138e+01,9.785317713636914050e-01
6.660000000000000000e+02,3.996520041278361077e+02,4.068337945542782563e+02,3.800528740290296525e+01,3.479958721638922725e-01
6.670000000000000000e+02,3.996152809594707378e+02,4.070259192909493891e+02,3.488526976995358808e+01,3.847190405292622017e-01
6.680000000000000000e+02,3.997858149969388251e+02,4.066759999975584492e+02,3.513308557056145531e+01,2.141850030611749389e-01
6.690000000000000000e+02,3.993143766167554531e+02,4.066615970808803127e+02,3.444903886882235611e+01,6.856233832445468579e-01
6.700000000000000000e+02,3.991566795846911759e+02,4.070206485024978065e+02,3.664549580182654864e+01,8.433204153088240673e-01
6.710000000000000000e+02,3.995072577968722385e+02,4.069048113026490796e+02,3.721482118968967256e+01,4.927422031277615133e-01
6.720000000000000000e+02,4.000215165743443322e+02,4.066515862953905867e+02,3.555875147858429841e+01,-2.151657434433218441e-02
6.730000000000000000e+02,3.994118047801964053e+02,4.067565185856604444e+02,3.343395912377521029e+01,5.881952198035946822e-01
6.740000000000000000e+02,3.999835608893992571e+02,4.067889922342087061e+02,3.644390925773223699e+01,1.643911060074287889e-02
6.750000000000000000e+02,3.997645999097239269e+02,4.067617637157512149e+02,3.390315895190407502e+01,2.354000902760731151e-01
6.760000000000000000e+02,3.999034261814390447e+02,4.066895120517770010e+02,3.512571346283132812e+01,9.657381856095526018e-02
6.770000000000000000e+02,3.994257462961874126e+02,4.068107551081458269e+02,3.460345204294180377e+01,5.742537038125874460e-01
6.780000000000000000e+02,3.998277396854401218e+02,4.065314830469410481e+02,3.682160688309232910e+01,1.722603145598782248e-01
6.790000000000000000e+02,3.999679189860017914e+02,4.069872717906787329e+02,3.493852317294506094e+01,3.208101399820861843e-02
6.800000000000000000e+02,3.999455975463496884e+02,4.066313082456021561e+02,3.445526054496342283e+01,5.440245365031159963e-02
6.810000000000000000e+02,3.993872860321052372e+02,4.067561703421079073e+02,3.471729258344102931e+01,6.127139678947628454e-01
6.820000000000000000e+02,3.999600109291108083e+02,4.068276458357234446e+02,3.725753002861072360e+01,3.998907088919168018e-02
6.830000000000000000e+02,3.995806933271401249e+02,4.067774578092553952e+02,3.456876960293329404e+01,4.193066728598751070e-01
6.840000000000000000e+02,3.995642360226578944e+02,4.065847951426037525e+02,3.639139730993969835e+01,4.357639773421055907e-01
6.850000000000000000e+02,3.999772248692101471e+02,4.066095835462458581e+02,3.640079707178041701e+01,2.277513078985293760e-02
6.860000000000000000e+02,3.990682501006296548e+02,4.070662483092255002e+02,3.456758160576616490e+01,9.317498993703452470e-01
6.870000000000000000e+02,3.996412331366792614e+02,4.061446761650350368e+02,3.872608273879692575e+01,3.587668633207385938e-01
6.880000000000000000e+02,3.995902541210281242e+02,4.064692890272996237e+02,3.592877640543132856e+01,4.097458789718757544e-01
6.890000000000000000e+02,4.004952696696977910e+02,4.065485749794227672e+02,3.625921494810053503e+01,-4.952696696977909596e-01
6.900000000000000000e+02,4.000268887223397769e+02,4.062611983435407979e+02,3.238081657843527950e+01,-2.688872233977690485e-02
6.910000000000000000e+02,3.996187850122435066e+02,4.063250770473618445e+02,3.492370397102428115e+01,3.812149877564934286e-01
6.920000000000000000e+02,3.999918000361566897e+02,4.058334434544892133e+02,3.680601671798263652e+01,8.199963843310342781e-03
6.930000000000000000e+02,3.997457664811618656e+02,4.060976730426913264e+02,3.505439478235040696e+01,2.542335188381343869e-01
6.940000000000000000e+02,3.997350513900468627e+02,4.064461276226628570e+02,3.623593050141570160e+01,2.649486099531372929e-01
6.950000000000000000e+02,4.005429557552557185e+02,4.060422168279885113e+02,3.624094018365881453e+01,-5.429557552557184863e-01
6.960000000000000000e+02,3.996709581762315793e+02,4.061973585402519120e+02,3.269565516392066939e+01,3.290418237684207270e-01
6.970000000000000000e+02,3.992040927543773705e+02,4.059279521222258040e+02,3.688186791980909618e+01,7.959072456226294889e-01
6.980000000000000000e+02,3.994866454697507834e+02,4.057315303607969668e+02,3.874270986886661916e+01,5.133545302492166229e-01
6.990000000000000000e+02,3.995041612337112156e+02,4.061425978335415721e+02,3.717897953103775421e+01,4.958387662887844272e-01
7.000000000000000000e+02,3.992004296992656691e+02,4.066669828767295485e+02,3.704215179433133898e+01,7.995703007343308855e-01
7.010000000000000000e+02,3.998514477345143519e+02,4.064377959640844438e+02,3.835572060582101983e+01,1.485522654856481495e-01
7.020000000000000000e+02,3.994017360973969630e+02,4.059593294785818216e+02,3.538624221624905175e+01,5.982639026030369678e-01
7.030000000000000000e+02,3.999124777635332748e+02,4.059959088376801901e+02,3.760431510676044553e+01,8.752223646672518953e-02
7.040000000000000000e+02,3.996967399972141948e+02,4.056297615238269714e+02,3.534818804603883535e+01,3.032600027858052272e-01
7.050000000000000000e+02,4.000475956452020228e+02,4.060356247635679097e+02,3.654083756807818162e+01,-4.759564520202275162e-02
7.060000000000000000e+02,3.996367649975302925e+02,4.057886476401425284e+02,3.508780270695443448e+01,3.632350024697075241e-01
7.070000000000000000e+02,3.993368102467970857e+02,4.059305195420338919e+02,3.711505244064461806e+01,6.631897532029142894e-01
7.080000000000000000e+02,3.998560448632816247e+02,4.058550609783372352e+02,3.838844126182870298e+01,1.439551367183753428e-01
7.090000000000000000e+02,3.995003157364646427e+02,4.057930401673963274e+02,3.597275415221837136e+01,4.996842635353573314e-01
7.100000000000000000e+02,4.003990387824724166e+02,4.053585426351849037e+02,3.769700749513116733e+01,-3.990387824724166421e-01
7.110000000000000000e+02,3.994961881759972471e+02,4.055456507173299201e+02,3.373542222488157449e+01,5.038118240027529282e-01
7.120000000000000000e+02,3.998719209551874201e+02,4.056378384424917272e+02,3.809618861813278556e+01,1.280790448125799230e-01
7.130000000000000000e+02,3.996705394623318739e+02,4.053089868686138288e+02,3.630303374063387167e+01,3.294605376681261077e-01
7.140000000000000000e+02,4.000144974016486117e+02,4.053496291407813032e+02,3.727595930806602809e+01,-1.449740164861168523e-02
7.150000000000000000e+02,3.998101366426684535e+02,4.055398755790649830e+02,3.575174115607015324e+01,1.898633573315464673e-01
7.160000000000000000e+02,3.997313036648644129e+02,4.055750343391323440e+02,3.680577856665006209e+01,2.686963351355871055e-01
7.170000000000000000e+02,3.995706531068656773e+02,4.056106090919030862e+02,3.716472064569229872e+01,4.293468931343227268e-01
7.180000000000000000e+02,4.001153215805582022e+02,4.054075994138999590e+02,3.784650554795938859e+01,-1.153215805582021858e-01
7.190000000000000000e+02,4.000302738498173198e+02,4.049135530945793562e+02,3.539364495419988543e+01,-3.027384981731984226e-02
7.200000000000000000e+02,3.996438110527797676e+02,4.049792759637695667e+02,3.599099115748020239e+01,3.561889472202324214e-01
7.210000000000000000e+02,3.997498396650681229e+02,4.055256913079015249e+02,3.778843830128915471e+01,2.501603349318770597e-01
7.220000000000000000e+02,3.995360519624549056e+02,4.054924036474696436e+02,3.721775877216763462e+01,4.639480375450943939e-01
7.230000000000000000e+02,3.996274374801077442e+02,4.061301753033839645e+02,3.814105891585317210e+01,3.725625198922557502e-01
7.240000000000000000e+02,3.997640540592553293e+02,4.050967834133434735e+02,3.764500297951489927e+01,2.359459407446706791e-01
7.250000000000000000e+02,4.002248706030392214e+02,4.051701431875276853e+02,3.704593270171316277e+01,-2.248706030392213506e-01
7.260000000000000000e+02,3.998271214732571366e+02,4.052586665937232056e+02,3.511690589013617370e+01,1.728785267428634143e-01
7.270000000000000000e+02,3.996004256205372940e+02,4.056698334640611279e+02,3.713933732139747690e+01,3.995743794627060197e-01
7.280000000000000000e+02,3.994838892299720783e+02,4.058511031296205829e+02,3.812814393071614916e+01,5.161107700279217170e-01
7.290000000000000000e+02,4.000341303472148979e+02,4.051732450257150617e+02,3.853538015692469543e+01,-3.413034721489793810e-02
7.300000000000000000e+02,3.999173446372382728e+02,4.053010813443004849e+02,3.602779728751604438e+01,8.265536276172724683e-02
7.310000000000000000e+02,3.998167131007571697e+02,4.057093167768066451e+02,3.674882380692426409e+01,1.832868992428302590e-01
7.320000000000000000e+02,3.999458157028950041e+02,4.060347329090985227e+02,3.727818456715029072e+01,5.418429710499594876e-02
7.330000000000000000e+02,3.995449473528248063e+02,4.056856573550936105e+02,3.673409444084229136e+01,4.550526471751936697e-01
7.340000000000000000e+02,3.997780594710977198e+02,4.050801128731932295e+02,3.856536677375583366e+01,2.219405289022802208e-01
7.350000000000000000e+02,3.995491781652428358e+02,4.056863972164792926e+02,3.741721422141747411e+01,4.508218347571641971e-01
7.360000000000000000e+02,4.003325721546280533e+02,4.046538025065754027e+02,3.845550424596110872e+01,-3.325721546280533403e-01
7.370000000000000000e+02,4.003491042680107057e+02,4.048844242672940368e+02,3.496821205407281496e+01,-3.491042680107057095e-01
7.380000000000000000e+02,3.999667091237134855e+02,4.047351105946095799e+02,3.524287929946449793e+01,3.329087628651450359e-02
7.390000000000000000e+02,3.999891309925731093e+02,4.053862119120037733e+02,3.714574032201650056e+01,1.086900742689067556e-02
7.400000000000000000e+02,3.996305336741052088e+02,4.054318824422466037e+02,3.701332617733515917e+01,3.694663258947912254e-01
7.410000000000000000e+02,3.998930938942420426e+02,4.049682832851015064e+02,3.856482214968318090e+01,1.069061057579574481e-01
7.420000000000000000e+02,4.004052933749317162e+02,4.047197141798871485e+02,3.723980417595204528e+01,-4.052933749317162437e-01
7.430000000000000000e+02,4.001863005271909515e+02,4.054025664161441114e+02,3.502336256148427651e+01,-1.863005271909514704e-01
7.440000000000000000e+02,3.995263342039285703e+02,4.052239410754545474e+02,3.624091636800600469e+01,4.736657960714296678e-01
7.450000000000000000e+02,3.997011139130752895e+02,4.050084930878056753e+02,3.917868013944816852e+01,2.988860869247105256e-01
7.460000000000000000e+02,3.998901207519840000e+02,4.051067694480784667e+02,3.813321923822275750e+01,1.098792480160000196e-01
7.470000000000000000e+02,4.000819277169924248e+02,4.054418171064542094e+02,3.721618873563306096e+01,-8.192771699242484829e-02
7.480000000000000000e+02,4.000026769374896958e+02,4.050703084926974498e+02,3.641920776246950453e+01,-2.676937489695774275e-03
7.490000000000000000e+02,3.997850387339176450e+02,4.046306814701849248e+02,3.688940932989851262e+01,2.149612660823549959e-01
7.500000000000000000e+02,3.999139173130707832e+02,4.052858028662233778e+02,3.788377457737323795e+01,8.608268692921683396e-02
7.510000000000000000e+02,4.001171494727434492e+02,4.050511873352061230e+02,3.724896082085484750e+01,-1.171494727434492233e-01
7.520000000000000000e+02,4.003345623400699083e+02,4.045680554376545501e+02,3.638351047861268484e+01,-3.345623400699082595e-01
7.530000000000000000e+02,4.004422354472388861e+02,4.049712041871532620e+02,3.555162579398854206e+01,-4.422354472388860813e-01
7.540000000000000000e+02,4.003716089729447845e+02,4.049981666230892756e+02,3.526260474304832115e+01,-3.716089729447844547e-01
7.550000000000000000e+02,3.998725871782131662e+02,4.051300059622163872e+02,3.573346392080058109e+01,1.274128217868337742e-01
7.560000000000000000e+02,4.005661977791604045e+02,4.051328302072510610e+02,3.796928690634165093e+01,-5.661977791604044796e-01
7.570000000000000000e+02,3.994185744146278694e+02,4.049479983472439812e+02,3.473056672344412732e+01,5.814255853721306266e-01
7.580000000000000000e+02,4.001493172698513945e+02,4.054905321061449399e+02,3.992311338307555246e+01,-1.493172698513944852e-01
7.590000000000000000e+02,4.003014409103772664e+02,4.046356027534093869e+02,3.629211535619380413e+01,-3.014409103772663912e-01
7.600000000000000000e+02,4.002133691960668216e+02,4.048592609311527326e+02,3.569492100624175634e+01,-2.133691960668215870e-01
7.610000000000000000e+02,3.999364503364683401e+02,4.050522001161451726e+02,3.619152439388327025e+01,6.354966353165991677e-02
7.620000000000000000e+02,4.000009656231484314e+02,4.050275505139363190e+02,3.742174545904465788e+01,-9.656231484314048430e-04
7.630000000000000000e+02,4.000592031525924313e+02,4.052662766843071722e+02,3.701370712178280797e+01,-5.920315259243125183e-02
7.640000000000000000e+02,3.996100206636854182e+02,4.049849700596533921e+02,3.670495094362565425e+01,3.899793363145818148e-01
7.650000000000000000e+02,4.002993381926918914e+02,4.050874854794354292e+02,3.865293132343442295e+01,-2.993381926918914360e-01
7.660000000000000000e+02,3.997692504409498611e+02,4.048412361899657981e+02,3.542163033899252156e+01,2.307495590501389415e-01
7.670000000000000000e+02,3.997878965503408040e+02,4.048829890852249491e+02,3.792364331153651591e+01,2.121034496591960306e-01
7.680000000000000000e+02,3.998808561480981325e+02,4.051972738769406419e+02,3.770759982639465591e+01,1.191438519018674924e-01
7.690000000000000000e+02,3.995008009222742658e+02,4.044721905303175618e+02,3.722737293987853491e+01,4.991990777257342415e-01
7.700000000000000000e+02,3.995309388202244349e+02,4.048003941743879182e+02,3.888622700231907459e+01,4.690611797755650514e-01
7.710000000000000000e+02,3.999377057460175706e+02,4.047759362302260797e+02,3.857880510652412909e+01,6.229425398242938172e-02
7.720000000000000000e+02,4.003034014474651485e+02,4.046468371432717959e+02,3.671915942412496747e+01,-3.034014474651485216e-01
7.730000000000000000e+02,4.000677280228659356e+02,4.049582641262825291e+02,3.528116669514950132e+01,-6.772802286593559984e-02
7.740000000000000000e+02,4.000199144905143385e+02,4.045625639607975472e+02,3.659679584399915342e+01,-1.991449051433846762e-02
7.750000000000000000e+02,3.998156316003777988e+02,4.047044560505239588e+02,3.687992810813616273e+01,1.843683996222011956e-01
7.760000000000000000e+02,3.999542687340400562e+02,4.044114514551707771e+02,3.779681539359030751e+01,4.573126595994381205e-02
7.770000000000000000e+02,4.001735515144961255e+02,4.051224545357462148e+02,3.711162050103462917e+01,-1.735515144961254919e-01
7.780000000000000000e+02,4.002653030483305088e+02,4.051192314283327391e+02,3.617401359617372236e+01,-2.653030483305087728e-01
7.790000000000000000e+02,3.998060943069571067e+02,4.053940018206952800e+02,3.589437517723209936e+01,1.939056930428932901e-01
7.800000000000000000e+02,4.000816677664641929e+02,4.046967165481551092e+02,3.801704201354410628e+01,-8.166776646419293684e-02
7.810000000000000000e+02,4.002631879704725861e+02,4.046128012882142571e+02,3.666719261288951515e+01,-2.631879704725861302e-01
7.820000000000000000e+02,4.000602324759135513e+02,4.046446534226009248e+02,3.591315212398773582e+01,-6.023247591355129771e-02
7.830000000000000000e+02,3.999621415884224689e+02,4.051661073152130257e+02,3.690775946870966351e+01,3.785841157753111474e-02
7.840000000000000000e+02,4.001664417346502205e+02,4.049475366358882980e+02,3.730278368943074696e+01,-1.664417346502204964e-01
7.850000000000000000e+02,3.997715982811923823e+02,4.048875926703965433e+02,3.633931369336797701e+01,2.284017188076177263e-01
7.860000000000000000e+02,3.997336142927289870e+02,4.042929080968990547e+02,3.810982354160761787e+01,2.663857072710129614e-01
7.870000000000000000e+02,4.001122319102433949e+02,4.048982565160324043e+02,3.811241469104257362e+01,-1.122319102433948501e-01
7.880000000000000000e+02,4.000683098997237721e+02,4.050944088634949480e+02,3.633961195953177281e+01,-6.830989972377210506e-02
7.890000000000000000e+02,4.001020492227542604e+02,4.052958851387838308e+02,3.663972178793031986e+01,-1.020492227542604269e-01
7.900000000000000000e+02,3.999837398050867705e+02,4.053402648601310716e+02,3.654246002117141501e+01,1.626019491322949762e-02
7.910000000000000000e+02,4.000773670559561310e+02,4.048537711665877055e+02,3.710630257747275351e+01,-7.736705595613102560e-02
7.920000000000000000e+02,3.999413873760516935e+02,4.046308869755265505e+02,3.667021928663562846e+01,5.861262394830646372e-02
7.930000000000000000e+02,4.002645796929531912e+02,4.050387042169037386e+02,3.728931630759831961e+01,-2.645796929531911701e-01
7.940000000000000000e+02,4.001426747552961274e+02,4.048000462931755123e+02,3.582970851124862577e+01,-1.426747552961273868e-01
7.950000000000000000e+02,4.003176447883820401e+02,4.044697179000322080e+02,3.648386393328392074e+01,-3.176447883820401330e-01
7.960000000000000000e+02,4.002056609523126554e+02,4.051415240179928787e+02,3.573629714722805062e+01,-2.056609523126553540e-01
7.970000000000000000e+02,3.999037577295914048e+02,4.053415696205282757e+02,3.631290478465277261e+01,9.624227040859523186e-02
7.980000000000000000e+02,4.002160623828132202e+02,4.049680405152542448e+02,3.762285362733791771e+01,-2.160623828132202107e-01
7.990000000000000000e+02,3.999411756261750384e+02,4.047897179122734883e+02,3.610235904198693646e+01,5.882437382496163991e-02
8.000000000000000000e+02,3.997926568706988064e+02,4.047195174557297719e+02,3.734412809778676490e+01,2.073431293011935850e-01
8.010000000000000000e+02,3.997600341106012820e+02,4.045708612706754934e+02,3.788005123114034944e+01,2.399658893987179908e-01
8.020000000000000000e+02,3.997338657296199358e+02,4.045987396418961453e+02,3.787542470907970227e+01,2.661342703800642084e-01
8.030000000000000000e+02,4.006714662203050352e+02,4.046582751307169019e+02,3.788040951537355738e+01,-6.714662203050352218e-01
8.040000000000000000e+02,4.001401178980099758e+02,4.048265607926163625e+02,3.371440015212674268e+01,-1.401178980099757609e-01
8.050000000000000000e+02,4.001030618581578437e+02,4.056430888616059178e+02,3.643911335855778333e+01,-1.030618581578437443e-01
8.060000000000000000e+02,4.003275712840795677e+02,4.046439012043946946e+02,3.660053990669111812e+01,-3.275712840795677039e-01
8.070000000000000000e+02,4.002765109628512050e+02,4.051231472723792422e+02,3.559744316198086267e+01,-2.765109628512050222e-01
8.080000000000000000e+02,3.996375172656660197e+02,4.047688907347134659e+02,3.590635256635106032e+01,3.624827343339802610e-01
8.090000000000000000e+02,3.997910647621913540e+02,4.046142167143196389e+02,3.871338861532095166e+01,2.089352378086459794e-01
8.100000000000000000e+02,3.999077543567843236e+02,4.047620500287728191e+02,3.773900020706251723e+01,9.224564321567640945e-02
8.110000000000000000e+02,3.998779421931101297e+02,4.046265154198611640e+02,3.710698752459748562e+01,1.220578068898703350e-01
8.120000000000000000e+02,4.001366546547490657e+02,4.042498950087145317e+02,3.721623093000570037e+01,-1.366546547490656849e-01
8.130000000000000000e+02,4.000750268712698698e+02,4.042445006346637228e+02,3.606357881638079732e+01,-7.502687126986984367e-02
8.140000000000000000e+02,4.002595370813803584e+02,4.042703183687625597e+02,3.644488015629293187e+01,-2.595370813803583587e-01
8.150000000000000000e+02,4.001669826977436060e+02,4.048755754741978308e+02,3.568344385650655681e+01,-1.669826977436059678e-01
8.160000000000000000e+02,3.998140470284808430e+02,4.039825824383297572e+02,3.620239213993620808e+01,1.859529715191570176e-01
8.170000000000000000e+02,3.999600102346743711e+02,4.041999634346766470e+02,3.776574423603959474e+01,3.998976532562892316e-02
8.180000000000000000e+02,3.999099018942422390e+02,4.051452020325783110e+02,3.696934326704458584e+01,9.009810575776100450e-02
8.190000000000000000e+02,3.998027281451800263e+02,4.047575707689894102e+02,3.715438009760357119e+01,1.972718548199736688e-01
8.200000000000000000e+02,3.999326761201600675e+02,4.041566313098545038e+02,3.757597199599601367e+01,6.732387983993248781e-02
8.210000000000000000e+02,4.002633574771539315e+02,4.042786755704122470e+02,3.692998297710775546e+01,-2.633574771539315407e-01
8.220000000000000000e+02,3.995914523813133883e+02,4.042097098796222667e+02,3.550401389937743346e+01,4.085476186866117132e-01
8.230000000000000000e+02,4.000404045810221305e+02,4.039289186230200812e+02,3.860654788586543873e+01,-4.040458102213051461e-02
8.240000000000000000e+02,4.001136585459295247e+02,4.042299282850976283e+02,3.643538382509836282e+01,-1.136585459295247347e-01
8.250000000000000000e+02,3.997926826374951474e+02,4.049821595443749516e+02,3.620065401910439107e+01,2.073173625048525537e-01
8.260000000000000000e+02,4.005350780297853248e+02,4.055245398348930053e+02,3.769274138694267862e+01,-5.350780297853248157e-01
8.270000000000000000e+02,3.997694006521185770e+02,4.045831589578654075e+02,3.436134597153599657e+01,2.305993478814230002e-01
8.280000000000000000e+02,4.001433581336752354e+02,4.049253483199628363e+02,3.799970213513231698e+01,-1.433581336752354218e-01
8.290000000000000000e+02,3.999762355914067484e+02,4.043762045793543507e+02,3.618703582066850544e+01,2.376440859325157362e-02
8.300000000000000000e+02,3.997788181003350587e+02,4.046901568570533527e+02,3.697831029435397454e+01,2.211818996649412838e-01
8.310000000000000000e+02,4.000137608956061968e+02,4.044704315540664652e+02,3.779606602474235189e+01,-1.376089560619675467e-02
8.320000000000000000e+02,4.000083614965917036e+02,4.048446715747405733e+02,3.664781790097585912e+01,-8.361496591703598824e-03
8.330000000000000000e+02,3.999002149767954393e+02,4.045393536793309295e+02,3.670756010455012586e+01,9.978502320456072994e-02
8.340000000000000000e+02,4.000841756500000201e+02,4.048949592945394897e+02,3.720119818852166560e+01,-8.417565000002014131e-02
8.350000000000000000e+02,4.004363468028258808e+02,4.044911725457941998e+02,3.636225955741398508e+01,-4.363468028258807863e-01
8.360000000000000000e+02,4.001418259456240776e+02,4.043350467888143953e+02,3.489393160795992799e+01,-1.418259456240775762e-01
8.370000000000000000e+02,4.005681354551979325e+02,4.047702941712408347e+02,3.639049829707579420e+01,-5.681354551979325151e-01
8.380000000000000000e+02,3.994474779231647972e+02,4.047439900373170190e+02,3.451922761937715478e+01,5.525220768352028244e-01
8.390000000000000000e+02,4.001084209476967999e+02,4.044708934845256749e+02,3.959496024384949209e+01,-1.084209476967998853e-01
8.400000000000000000e+02,4.002040873971469068e+02,4.050607195570846102e+02,3.628169076591189679e+01,-2.040873971469068238e-01
8.410000000000000000e+02,4.000715478118523265e+02,4.046695517404789371e+02,3.590517160097776639e+01,-7.154781185232650387e-02
8.420000000000000000e+02,3.996558003387805229e+02,4.040822739780640518e+02,3.655253096021840520e+01,3.441996612194770933e-01
8.430000000000000000e+02,4.000830022904027601e+02,4.048006600719143648e+02,3.834088108564337460e+01,-8.300229040276008163e-02
8.440000000000000000e+02,4.000948390730151800e+02,4.049822042588831437e+02,3.625821005114893580e+01,-9.483907301518001987e-02
8.450000000000000000e+02,3.993823897864659216e+02,4.046958284736470546e+02,3.627345623241222228e+01,6.176102135340784116e-01
8.460000000000000000e+02,3.994556538185851196e+02,4.044930223270464467e+02,3.942844462949349094e+01,5.443461814148804478e-01
8.470000000000000000e+02,4.002588933011049335e+02,4.041280332936803461e+02,3.879637672271658033e+01,-2.588933011049334709e-01
8.480000000000000000e+02,3.994058356006693771e+02,4.043637428948588877e+02,3.513857667817328689e+01,5.941643993306229277e-01
8.490000000000000000e+02,4.000201373956757038e+02,4.046333364687698122e+02,3.915960566869574677e+01,-2.013739567570382860e-02
8.500000000000000000e+02,4.002980874761945529e+02,4.044499387218049264e+02,3.627072053981137856e+01,-2.980874761945528917e-01
8.510000000000000000e+02,3.996675042913769289e+02,4.043579231493847033e+02,3.523363541027921997e+01,3.324957086230710956e-01
8.520000000000000000e+02,4.000282751147844920e+02,4.042053375035005729e+02,3.823798957792882192e+01,-2.827511478449196147e-02
8.530000000000000000e+02,3.999353506185036622e+02,4.046510519866369009e+02,3.652697333153492565e+01,6.464938149633780995e-02
8.540000000000000000e+02,4.005995663935085531e+02,4.044711824481519216e+02,3.702392538126986210e+01,-5.995663935085531193e-01
8.550000000000000000e+02,4.001948620520005306e+02,4.038010688047055510e+02,3.414628504400489817e+01,-1.948620520005306389e-01
8.560000000000000000e+02,4.003805857659377807e+02,4.046798242575138715e+02,3.624580687365963882e+01,-3.805857659377807067e-01
8.570000000000000000e+02,4.000966614886096409e+02,4.043057616418543603e+02,3.544892908803456066e+01,-9.666148860964085543e-02
8.580000000000000000e+02,4.001546098639664706e+02,4.045088328169188685e+02,3.677630268571691374e+01,-1.546098639664705843e-01
8.590000000000000000e+02,4.000857550559382503e+02,4.042405316378301450e+02,3.643259387988227616e+01,-8.575505593825027972e-02
8.600000000000000000e+02,3.999351534152714294e+02,4.040063768948123766e+02,3.669254360147534300e+01,6.484658472857063316e-02
8.610000000000000000e+02,4.002192825021721205e+02,4.043539739059860949e+02,3.728089452205374243e+01,-2.192825021721205303e-01
8.620000000000000000e+02,4.002979122140726531e+02,4.051286222893296554e+02,3.591804503276897975e+01,-2.979122140726531143e-01
8.630000000000000000e+02,4.000644546273595665e+02,4.050424700483169431e+02,3.562789193170883095e+01,-6.445462735956652978e-02
8.640000000000000000e+02,3.995998577653864459e+02,4.048761100330953013e+02,3.671050863922012297e+01,4.001422346135541375e-01
8.650000000000000000e+02,3.998949558894786378e+02,4.045177753519442376e+02,3.865576884298934601e+01,1.050441105213621995e-01
8.660000000000000000e+02,4.000848865838244137e+02,4.043773926018953375e+02,3.708665522326110420e+01,-8.488658382441371941e-02
8.670000000000000000e+02,3.998303785803382766e+02,4.040867263661368725e+02,3.622075970771667386e+01,1.696214196617233938e-01
8.680000000000000000e+02,4.003165183580982784e+02,4.048065263586729543e+02,3.739998955932009039e+01,-3.165183580982784406e-01
8.690000000000000000e+02,3.996915731104364795e+02,4.043399478552248638e+02,3.520296898217382164e+01,3.084268895635204899e-01
8.700000000000000000e+02,3.996723620105501595e+02,4.046097725797014277e+02,3.811483131795694845e+01,3.276379894498404610e-01
8.710000000000000000e+02,4.001040520020151234e+02,4.047169238591667977e+02,3.801486213771710965e+01,-1.040520020151234348e-01
8.720000000000000000e+02,3.998892956893787414e+02,4.050015459633468708e+02,3.600881024118045559e+01,1.107043106212586281e-01
8.730000000000000000e+02,3.996332453898055519e+02,4.044648648452939597e+02,3.708073360030476806e+01,3.667546101944481052e-01
8.740000000000000000e+02,3.998585857610361245e+02,4.046100098500709805e+02,3.818408378572765116e+01,1.414142389638755049e-01
8.750000000000000000e+02,3.999219940182420032e+02,4.043547155976484078e+02,3.707441921457182588e+01,7.800598175799677847e-02
8.760000000000000000e+02,3.998368646567686824e+02,4.050522757850761764e+02,3.683383112892767031e+01,1.631353432313176199e-01
8.770000000000000000e+02,4.004221838971619718e+02,4.049852417709095107e+02,3.726697473223542545e+01,-4.221838971619717995e-01
8.780000000000000000e+02,4.000650334989191492e+02,4.045111850492007761e+02,3.472099784600148098e+01,-6.503349891914922409e-02
8.790000000000000000e+02,3.999746762236759992e+02,4.043929520878502899e+02,3.657108894545326905e+01,2.532377632400084622e-02
8.800000000000000000e+02,3.999309473396999692e+02,4.049882467185536825e+02,3.697932570507283856e+01,6.905266030003076594e-02
8.810000000000000000e+02,4.003174842359910031e+02,4.043804988591642200e+02,3.713360547753674723e+01,-3.174842359910030609e-01
8.820000000000000000e+02,3.996297707255658906e+02,4.047558924757568093e+02,3.540297973201781900e+01,3.702292744341093567e-01
8.830000000000000000e+02,4.002493323711529456e+02,4.044175470860634505e+02,3.855857512097098549e+01,-2.493323711529455977e-01
8.840000000000000000e+02,3.998157230474432140e+02,4.045255092257920637e+02,3.562240964515746811e+01,1.842769525567860001e-01
8.850000000000000000e+02,4.000239593652370331e+02,4.048337077086404747e+02,3.766305790083666949e+01,-2.395936523703312560e-02
8.860000000000000000e+02,4.000368012869126346e+02,4.051389017067928080e+02,3.664053930269903958e+01,-3.680128691263462315e-02
8.870000000000000000e+02,4.000792858735182449e+02,4.044912761679954656e+02,3.661274697012292023e+01,-7.928587351824489815e-02
8.880000000000000000e+02,4.004103891718584123e+02,4.046933484966605761e+02,3.645234385007977806e+01,-4.103891718584122827e-01
8.890000000000000000e+02,3.993594313623914331e+02,4.048194129591420278e+02,3.504488262464326453e+01,6.405686376085668599e-01
8.900000000000000000e+02,3.999886437790233344e+02,4.047072896295988471e+02,3.980788996758740694e+01,1.135622097666555419e-02
8.910000000000000000e+02,4.001241165187293518e+02,4.048168515182538840e+02,3.666741547466887852e+01,-1.241165187293518102e-01
8.920000000000000000e+02,3.996743874156391598e+02,4.048520205284204962e+02,3.613018641416352494e+01,3.256125843608401738e-01
8.930000000000000000e+02,3.996962223488105792e+02,4.041693843998661464e+02,3.819402207858142617e+01,3.037776511894207943e-01
8.940000000000000000e+02,4.001421347203866503e+02,4.048891271408748480e+02,3.794915423422222744e+01,-1.421347203866503150e-01
8.950000000000000000e+02,4.003001732199064691e+02,4.044144997119750542e+02,3.592544305747941280e+01,-3.001732199064690576e-01
8.960000000000000000e+02,3.999464098578233120e+02,4.047142197553537244e+02,3.540879665590673397e+01,5.359014217668800484e-02
8.970000000000000000e+02,3.998302588577707866e+02,4.041690250938902977e+02,3.714140980429327499e+01,1.697411422292134375e-01
8.980000000000000000e+02,4.003500587333801946e+02,4.047853145161976727e+02,3.759735389495148183e+01,-3.500587333801945533e-01
8.990000000000000000e+02,3.998665260754239057e+02,4.046584907851862454e+02,3.524230649139119009e+01,1.334739245760943049e-01
9.000000000000000000e+02,4.002808720921623262e+02,4.045756637307964638e+02,3.754591131775620028e+01,-2.808720921623262257e-01
9.010000000000000000e+02,4.002049938562124112e+02,4.040498874857690907e+02,3.562791449552813816e+01,-2.049938562124111741e-01
9.020000000000000000e+02,4.002382774512741435e+02,4.044289235114235908e+02,3.608592303355161590e+01,-2.382774512741434592e-01
9.030000000000000000e+02,4.002331778988805695e+02,4.043602829711053346e+02,3.598066142419248337e+01,-2.331778988805695008e-01
9.040000000000000000e+02,4.007187661750184020e+02,4.049506151688191267e+02,3.603752274712809367e+01,-7.187661750184020093e-01
9.050000000000000000e+02,3.995632622624277701e+02,4.048066030590463811e+02,3.393138879660279628e+01,4.367377375722298893e-01
9.060000000000000000e+02,4.001604135317375608e+02,4.042602859776134210e+02,3.919992737223647339e+01,-1.604135317375607883e-01
9.070000000000000000e+02,4.002429235691757299e+02,4.041303745573209767e+02,3.616984035289240751e+01,-2.429235691757298810e-01
9.080000000000000000e+02,4.002907245148600168e+02,4.041015606183489695e+02,3.581832028432391724e+01,-2.907245148600168250e-01
9.090000000000000000e+02,3.997537133036585146e+02,4.046723418698336445e+02,3.564807255618735837e+01,2.462866963414853672e-01
9.100000000000000000e+02,3.995482198328123786e+02,4.045875493654360753e+02,3.802812953975563204e+01,4.517801671876213732e-01
9.110000000000000000e+02,3.995893395137467223e+02,4.050828755348109667e+02,3.867988877286772720e+01,4.106604862532776679e-01
9.120000000000000000e+02,3.999028010106740112e+02,4.044065991147748491e+02,3.824203704546921756e+01,9.719898932598880492e-02
9.130000000000000000e+02,3.995843741498840700e+02,4.042128176421795729e+02,3.673454967478840416e+01,4.156258501159300067e-01
9.140000000000000000e+02,4.001429479259833215e+02,4.050622381834411954e+02,3.819356076631400754e+01,-1.429479259833215110e-01
9.150000000000000000e+02,4.000823132239384563e+02,4.044287059867388621e+02,3.565900691774167086e+01,-8.231322393845630359e-02
9.160000000000000000e+02,4.000233302892059442e+02,4.048696585190893416e+02,3.614123021884491038e+01,-2.333028920594415467e-02
9.170000000000000000e+02,3.999890259430340507e+02,4.046562276537828211e+02,3.651528448788514680e+01,1.097405696594933033e-02
9.180000000000000000e+02,4.006686577122336530e+02,4.040789201537205599e+02,3.671459948989980404e+01,-6.686577122336530010e-01
9.190000000000000000e+02,4.003876821368069159e+02,4.048643644235012289e+02,3.376870882233196625e+01,-3.876821368069158780e-01
9.200000000000000000e+02,3.999513792233540244e+02,4.046149375923770890e+02,3.533303484718897636e+01,4.862077664597563853e-02
9.210000000000000000e+02,4.000795338540939952e+02,4.046803168398976709e+02,3.730750208146721292e+01,-7.953385409399515993e-02
9.220000000000000000e+02,4.000444686794272116e+02,4.047621885806074715e+02,3.657203885192144099e+01,-4.446867942721155487e-02
9.230000000000000000e+02,4.002652454500052386e+02,4.047899546302590466e+02,3.666502304377078048e+01,-2.652454500052385811e-01
9.240000000000000000e+02,4.003415929776721782e+02,4.046583235422925213e+02,3.564006335551484028e+01,-3.415929776721782218e-01
9.250000000000000000e+02,3.997876408079509929e+02,4.044490189796260324e+02,3.536763813942616252e+01,2.123591920490071061e-01
9.260000000000000000e+02,3.998525446846929867e+02,4.045494076225660933e+02,3.784986898393299271e+01,1.474553153070132794e-01
9.270000000000000000e+02,4.005729672617687811e+02,4.043812087489599776e+02,3.733208021995866233e+01,-5.729672617687810998e-01
9.280000000000000000e+02,3.996975285928996868e+02,4.047892040749377429e+02,3.406749668018333921e+01,3.024714071003131721e-01
9.290000000000000000e+02,4.005307093193797527e+02,4.043196509494925976e+02,3.815084722069582313e+01,-5.307093193797527420e-01
9.300000000000000000e+02,3.997418918850135583e+02,4.047711954642494447e+02,3.425801697661495382e+01,2.581081149864417057e-01
9.310000000000000000e+02,4.006245786210336064e+02,4.044832795949347997e+02,3.792927508223177568e+01,-6.245786210336063959e-01
9.320000000000000000e+02,3.996946866636095592e+02,4.045820050248113944e+02,3.384005002446027532e+01,3.053133363904407815e-01
9.330000000000000000e+02,3.996357423243204039e+02,4.046358702227094568e+02,3.816179377795079830e+01,3.642576756795961046e-01
9.340000000000000000e+02,3.999021729704381869e+02,4.043924343040067697e+02,3.813077386422781956e+01,9.782702956181310583e-02
9.350000000000000000e+02,4.003605027265928129e+02,4.048603152336697804e+02,3.675300646946219985e+01,-3.605027265928129054e-01
9.360000000000000000e+02,4.001880099335393197e+02,4.050073594504200969e+02,3.474794775300215832e+01,-1.880099335393197180e-01
9.370000000000000000e+02,3.997072056626458334e+02,4.040575935074674021e+02,3.572001690631488202e+01,2.927943373541666006e-01
9.380000000000000000e+02,4.000341752509563662e+02,4.046977687091049347e+02,3.787109546410292893e+01,-3.417525095636619881e-02
9.390000000000000000e+02,3.999006040027782092e+02,4.037828430311583929e+02,3.624425417257708659e+01,9.939599722179082164e-02
9.400000000000000000e+02,3.996271365584051978e+02,4.043265075232153549e+02,3.685614357979300593e+01,3.728634415948022252e-01
9.410000000000000000e+02,4.001227171304791455e+02,4.046033906519083416e+02,3.800336716013489990e+01,-1.227171304791454531e-01
9.420000000000000000e+02,3.999272741438647358e+02,4.047071460535266283e+02,3.568413599047494955e+01,7.272585613526416637e-02
9.430000000000000000e+02,3.998978841472908243e+02,4.049833590678267683e+02,3.668037723773446857e+01,1.021158527091756696e-01
9.440000000000000000e+02,3.997148891588010997e+02,4.043369613480821272e+02,3.680990249640188949e+01,2.851108411989002889e-01
9.450000000000000000e+02,3.998782165952479204e+02,4.042020870075932066e+02,3.759788535940220555e+01,1.217834047520796048e-01
9.460000000000000000e+02,3.999054338867424576e+02,4.042771598154141657e+02,3.679552929142700179e+01,9.456611325754238351e-02
9.470000000000000000e+02,3.996130532721688269e+02,4.041669260869430218e+02,3.670508606933788087e+01,3.869467278311731206e-01
9.480000000000000000e+02,4.004832351217955875e+02,4.043906401751935960e+02,3.801820113301689474e+01,-4.832351217955874745e-01
9.490000000000000000e+02,4.000456279076672104e+02,4.043419713864217897e+02,3.411481338803680075e+01,-4.562790766721036562e-02
9.500000000000000000e+02,4.000398703675861611e+02,4.043728987167418722e+02,3.638194922196431236e+01,-3.987036758616113730e-02
9.510000000000000000e+02,3.999677871560739391e+02,4.048546840336359764e+02,3.642627812372183627e+01,3.221284392606094116e-02
9.520000000000000000e+02,3.997066933550309500e+02,4.044191505266022659e+02,3.674918603272553952e+01,2.933066449690500122e-01
9.530000000000000000e+02,3.999791348523372676e+02,4.039183433067756823e+02,3.785713288320339132e+01,2.086514766273239729e-02
9.540000000000000000e+02,3.996036060807585386e+02,4.051028232905011919e+02,3.652396062017927392e+01,3.963939192414613899e-01
9.550000000000000000e+02,4.000355765265606465e+02,4.039620264954353956e+02,3.820373844886741210e+01,-3.557652656064647090e-02
9.560000000000000000e+02,4.001951715195335737e+02,4.047708650640751102e+02,3.617053403986742666e+01,-1.951715195335737008e-01
9.570000000000000000e+02,3.997116777556361740e+02,4.047027300996855956e+02,3.559539179450377588e+01,2.883222443638260302e-01
9.580000000000000000e+02,3.998906498204407853e+02,4.047158936310428885e+02,3.786299460121097837e+01,1.093501795592146664e-01
9.590000000000000000e+02,4.003019371807885705e+02,4.048321600870696102e+02,3.695315937967223618e+01,-3.019371807885704584e-01
9.600000000000000000e+02,4.003498411051908192e+02,4.050239661179494988e+02,3.516836117898819225e+01,-3.498411051908192348e-01
9.610000000000000000e+02,4.001699883290733055e+02,4.039428701545689364e+02,3.516802689820558214e+01,-1.699883290733055219e-01
9.620000000000000000e+02,4.003083749110023177e+02,4.047200858155842980e+02,3.610752049175851397e+01,-3.083749110023177309e-01
9.630000000000000000e+02,4.000740205253862314e+02,4.044981403598579845e+02,3.551062759561339988e+01,-7.402052538623138389e-02
9.640000000000000000e+02,4.001339017659401520e+02,4.047966860776604108e+02,3.659576622807959723e+01,-1.339017659401520177e-01
9.650000000000000000e+02,4.001253251421001664e+02,4.041597544380306886e+02,3.625244455065064386e+01,-1.253251421001664312e-01
9.660000000000000000e+02,4.003989323486039211e+02,4.044286126983013219e+02,3.625770641034641528e+01,-3.989323486039211275e-01
9.670000000000000000e+02,4.001378478267515106e+02,4.047289119526903960e+02,3.503211902742573614e+01,-1.378478267515106381e-01
9.680000000000000000e+02,4.003456659838581118e+02,4.046257249553942756e+02,3.627342232041846160e+01,-3.456659838581117583e-01
9.690000000000000000e+02,3.999757494482362290e+02,4.044331631807517056e+02,3.529589290935369661e+01,2.425055176377099997e-02
9.700000000000000000e+02,4.001686042208571621e+02,4.048935381048095223e+02,3.695236378759794604e+01,-1.686042208571620904e-01
9.710000000000000000e+02,4.004172143546431357e+02,4.043102502698245075e+02,3.594863326532150438e+01,-4.172143546431357208e-01
9.720000000000000000e+02,4.003426369815503563e+02,4.041699905113326849e+02,3.484447782592231846e+01,-3.426369815503562677e-01
9.730000000000000000e+02,3.994700644224908501e+02,4.045577031799790007e+02,3.526735572527375240e+01,5.299355775091498799e-01
9.740000000000000000e+02,3.999053460622003513e+02,4.049575707737762400e+02,3.908543416764486977e+01,9.465393779964870191e-02
9.750000000000000000e+02,4.002243753080407487e+02,4.043662821723201546e+02,3.676227921148483091e+01,-2.243753080407486777e-01
9.760000000000000000e+02,3.999822565855344578e+02,4.044607122920390339e+02,3.530677948840779834e+01,1.774341446554217328e-02
9.770000000000000000e+02,3.999039490941204349e+02,4.050722544476879534e+02,3.647486137039506815e+01,9.605090587956510717e-02
9.780000000000000000e+02,4.004227697737181870e+02,4.044550005712381449e+02,3.676846736718352560e+01,-4.227697737181870252e-01
9.790000000000000000e+02,3.996033098164946864e+02,4.042278840789466585e+02,3.443612003459342219e+01,3.966901835053135983e-01
9.800000000000000000e+02,4.001439269137972587e+02,4.042990330539716979e+02,3.821345491103178205e+01,-1.439269137972587487e-01
9.810000000000000000e+02,3.997638617471575913e+02,4.043091786085510080e+02,3.558652613771320006e+01,2.361382528424087468e-01
9.820000000000000000e+02,3.999351758468665707e+02,4.049103995016242266e+02,3.733250147302861421e+01,6.482415313342926311e-02
9.830000000000000000e+02,4.004195568332539210e+02,4.043425882363781056e+02,3.645861091489298644e+01,-4.195568332539210132e-01
9.840000000000000000e+02,3.996067496148626219e+02,4.045135194957295539e+02,3.435087575416551431e+01,3.932503851373780890e-01
9.850000000000000000e+02,4.000980496350285307e+02,4.043956797420993894e+02,3.813335766295211471e+01,-9.804963502853070167e-02
9.860000000000000000e+02,4.002688031489122977e+02,4.049611918663052847e+02,3.574869969080992149e+01,-2.688031489122977291e-01
9.870000000000000000e+02,3.991969583742703662e+02,4.046977303945357676e+02,3.508833841614571014e+01,8.030416257296337790e-01
9.880000000000000000e+02,3.996552166315283898e+02,4.046162282392312477e+02,3.989807205157825365e+01,3.447833684716101743e-01
9.890000000000000000e+02,3.999952088389558185e+02,4.043840765734338447e+02,3.746827551821289859e+01,4.791161044181535544e-03
9.900000000000000000e+02,3.997114116164071334e+02,4.044245272269292286e+02,3.594024648267266997e+01,2.885883835928666485e-01
9.910000000000000000e+02,3.997761582524179858e+02,4.046741508020133438e+02,3.732463971204236941e+01,2.238417475820142499e-01
9.920000000000000000e+02,3.995374024430912527e+02,4.049240948359253593e+02,3.700907875219118637e+01,4.625975569087472650e-01
9.930000000000000000e+02,3.998252673058680102e+02,4.042312123916984206e+02,3.807093000182330655e+01,1.747326941319897742e-01
9.940000000000000000e+02,3.999383251967038291e+02,4.044794076822217903e+02,3.672582288373167358e+01,6.167480329617092139e-02
9.950000000000000000e+02,4.002516326097781985e+02,4.042593555569533805e+02,3.632916598195043889e+01,-2.516326097781984572e-01
9.960000000000000000e+02,4.000485818577636223e+02,4.040351799272781932e+02,3.509279305820163586e+01,-4.858185776362233810e-02
9.970000000000000000e+02,3.995294503269930146e+02,4.049554742320613059e+02,3.622222421564912054e+01,4.705496730069853584e-01
9.980000000000000000e+02,3.999459497989118404e+02,4.042018951129722382e+02,3.854753346129909630e+01,5.405020108815961066e-02
9.990000000000000000e+02,3.996247448407081038e+02,4.047708667415317905e+02,3.652321370354094654e+01,3.752551592918962342e-01
1.000000000000000000e+03,3.999902856443969199e+02,4.044452834096019842e+02,3.799926090831733916e+01,9.714355603080093715e-03
1.001000000000000000e+03,4.002256120569117002e+02,4.044841260839158963e+02,3.630648417683180185e+01,-2.256120569117001651e-01
1.002000000000000000e+03,4.001252533487522669e+02,4.041258699858748855e+02,3.540382565479440302e+01,-1.252533487522669020e-01
1.003000000000000000e+03,3.996415708297358833e+02,4.045658698744290973e+02,3.604129316693367713e+01,3.584291702641166921e-01
1.004000000000000000e+03,3.995301097790608083e+02,4.046234619285158942e+02,3.823162431274330686e+01,4.698902209391917495e-01
1.005000000000000000e+03,3.996612236628368464e+02,4.044109145761897821e+02,3.853647173670965032e+01,3.387763371631535847e-01
1.006000000000000000e+03,4.001348687570021525e+02,4.042640403537041038e+02,3.780066569651195607e+01,-1.348687570021525062e-01
1.007000000000000000e+03,3.993202533810139130e+02,4.039646137455317785e+02,3.570495348676173819e+01,6.797466189860870145e-01
1.008000000000000000e+03,3.999612503016557525e+02,4.046916602944708075e+02,3.947819587044359935e+01,3.874969834424746296e-02
1.009000000000000000e+03,3.999630538622669178e+02,4.044068838589221286e+02,3.644088203734369813e+01,3.694613773308219606e-02
1.010000000000000000e+03,3.995483170174599650e+02,4.041207886324405649e+02,3.660206052237058572e+01,4.516829825400350273e-01
1.011000000000000000e+03,4.004064925082129776e+02,4.044973612941642500e+02,3.853124699783124640e+01,-4.064925082129775546e-01
1.012000000000000000e+03,4.001227234334460832e+02,4.043018832560424585e+02,3.467660789557267265e+01,-1.227234334460831633e-01
1.013000000000000000e+03,4.004132253943259911e+02,4.045246182085339228e+02,3.626765165078129627e+01,-4.132253943259911466e-01
1.014000000000000000e+03,4.003841184366737593e+02,4.043109289322037512e+02,3.509396337681774014e+01,-3.841184366737593336e-01
1.015000000000000000e+03,4.001039968323655671e+02,4.040124874385886073e+02,3.541998314304089490e+01,-1.039968323655671156e-01
1.016000000000000000e+03,3.999925525369581010e+02,4.044165517506010019e+02,3.674800759680866236e+01,7.447463041899027303e-03
1.017000000000000000e+03,3.998268910110948013e+02,4.045188753872284337e+02,3.715657429317850102e+01,1.731089889051986574e-01
1.018000000000000000e+03,4.003256118437609530e+02,4.038859113922750907e+02,3.776645192961426289e+01,-3.256118437609529792e-01
1.019000000000000000e+03,3.998190619914417994e+02,4.039410618695899871e+02,3.543407149891541508e+01,1.809380085582006359e-01
1.020000000000000000e+03,4.002130019810029466e+02,4.042644231560765888e+02,3.777958450086074293e+01,-2.130019810029466498e-01
1.021000000000000000e+03,3.996841799573081175e+02,4.045766211276705349e+02,3.589968638722053385e+01,3.158200426918824633e-01
1.022000000000000000e+03,3.997381347497497472e+02,4.041233561655777748e+02,3.828924153951820131e+01,2.618652502502527568e-01
1.023000000000000000e+03,3.999035600946968430e+02,4.040493211200626433e+02,3.784890818683551572e+01,9.643990530315704746e-02
1.024000000000000000e+03,3.995869181149499241e+02,4.042769439256301212e+02,3.702431054770586627e+01,4.130818850500759254e-01
1.025000000000000000e+03,3.993131753537118129e+02,4.041839905250790252e+02,3.842387265234213345e+01,6.868246462881870684e-01
1.026000000000000000e+03,3.994795346251129331e+02,4.047051612034933896e+02,3.948284635781739382e+01,5.204653748870669006e-01
1.027000000000000000e+03,3.998242202855605569e+02,4.041944426729707516e+02,3.855044476201787518e+01,1.757797144394430688e-01
1.028000000000000000e+03,4.001881138986615838e+02,4.043309885627186304e+02,3.701369335124550730e+01,-1.881138986615837894e-01
1.029000000000000000e+03,4.004973298668671191e+02,4.046201024710294405e+02,3.559259581913312331e+01,-4.973298668671191081e-01
1.030000000000000000e+03,4.005106127874554431e+02,4.043692294952110728e+02,3.454311830418073725e+01,-5.106127874554431401e-01
1.031000000000000000e+03,4.001031376976230263e+02,4.040297884690370438e+02,3.483442076243971286e+01,-1.031376976230262699e-01
1.032000000000000000e+03,4.004172970560129556e+02,4.042792113555578339e+02,3.683934602594708707e+01,-4.172970560129556361e-01
1.033000000000000000e+03,3.998931978898104944e+02,4.048743537781195982e+02,3.541050982015280368e+01,1.068021101895055835e-01
1.034000000000000000e+03,3.996630983485450770e+02,4.045055461117504478e+02,3.780053382989741806e+01,3.369016514549230124e-01
1.035000000000000000e+03,3.998394034626852545e+02,4.043781546747090374e+02,3.860644229738952760e+01,1.605965373147455466e-01
1.036000000000000000e+03,3.998152433840090794e+02,4.045833611843873427e+02,3.759385934405849383e+01,1.847566159909206362e-01
1.037000000000000000e+03,4.000977235238730145e+02,4.043463299413903087e+02,3.762844838690338634e+01,-9.772352387301452836e-02
1.038000000000000000e+03,3.996476661351546227e+02,4.045447011405758531e+02,3.634296948425568274e+01,3.523338648453773203e-01
1.039000000000000000e+03,4.003581083117749131e+02,4.045758172899261922e+02,3.841162968239214592e+01,-3.581083117749130906e-01
1.040000000000000000e+03,3.997291198550512377e+02,4.046231209297583860e+02,3.516786936480586689e+01,2.708801449487623358e-01
1.041000000000000000e+03,3.997703916307621625e+02,4.043854424610398155e+02,3.816528844418042610e+01,2.296083692378374508e-01
1.042000000000000000e+03,4.002940603107320499e+02,4.041472390380388333e+02,3.784534192738384206e+01,-2.940603107320498566e-01
1.043000000000000000e+03,3.998617842884061133e+02,4.044218617650479928e+02,3.549624990360375421e+01,1.382157115938866809e-01
1.044000000000000000e+03,3.998945174938197056e+02,4.044695808565651305e+02,3.759692054321809707e+01,1.054825061802944219e-01
1.045000000000000000e+03,3.991959040486312915e+02,4.041117325787028562e+02,3.738429265989167760e+01,8.040959513687084836e-01
1.046000000000000000e+03,4.002225412111631613e+02,4.043803470611014177e+02,4.040326816881619010e+01,-2.225412111631612788e-01
1.047000000000000000e+03,4.003967460133024474e+02,4.044274214972995765e+02,3.557725319406704756e+01,-3.967460133024474089e-01
1.048000000000000000e+03,3.999920547081641757e+02,4.043608406826240866e+02,3.510263701924780122e+01,7.945291835824264126e-03
1.049000000000000000e+03,3.993717833703653923e+02,4.048617770368832680e+02,3.714018974625820846e+01,6.282166296346076706e-01
1.050000000000000000e+03,4.004458296784660547e+02,4.044058855150214526e+02,3.982326052804494765e+01,-4.458296784660547019e-01
1.051000000000000000e+03,3.998602067058046146e+02,4.041875613862312662e+02,3.482775596271727636e+01,1.397932941953854424e-01
1.052000000000000000e+03,4.000156926003078297e+02,4.046481029571057206e+02,3.770684725285491368e+01,-1.569260030782970716e-02
1.053000000000000000e+03,3.996754697567645849e+02,4.044224833496917881e+02,3.695533090533835718e+01,3.245302432354151279e-01
1.054000000000000000e+03,4.002133050882807765e+02,4.048877923951797015e+02,3.846822924539645783e+01,-2.133050882807765447e-01
1.055000000000000000e+03,3.998685094495465364e+02,4.046695470277057893e+02,3.597971293234110846e+01,1.314905504534635838e-01
1.056000000000000000e+03,4.003226233760896662e+02,4.044521364796089529e+02,3.765571322273595456e+01,-3.226233760896661806e-01
1.057000000000000000e+03,4.002347185541839849e+02,4.047144592529375018e+02,3.562130114223658239e+01,-2.347185541839849066e-01
1.058000000000000000e+03,4.001795054375161840e+02,4.047937164886781147e+02,3.619065141316342249e+01,-1.795054375161839744e-01
1.059000000000000000e+03,3.999392406298416631e+02,4.045069367403280580e+02,3.650479784188586763e+01,6.075937015833687838e-02
1.060000000000000000e+03,4.003991056725208182e+02,4.043876897034148215e+02,3.756658395538600814e+01,-3.991056725208181888e-01
1.061000000000000000e+03,4.000215258916363155e+02,4.047843023578214456e+02,3.544794774084191857e+01,-2.152589163631546398e-02
1.062000000000000000e+03,4.004256686146495099e+02,4.048848026544686718e+02,3.723843226372544279e+01,-4.256686146495098910e-01
1.063000000000000000e+03,4.000563958973367562e+02,4.047321714274932560e+02,3.537781525035432395e+01,-5.639589733675620664e-02
1.064000000000000000e+03,4.001293881039628673e+02,4.045593657588723886e+02,3.711212589913697002e+01,-1.293881039628672625e-01
1.065000000000000000e+03,3.998035256406943745e+02,4.046623013669881743e+02,3.668413672685684901e+01,1.964743593056255122e-01
1.066000000000000000e+03,4.003297036297897762e+02,4.046451909008349617e+02,3.806059996843197979e+01,-3.297036297897761870e-01
1.067000000000000000e+03,4.002642783959425969e+02,4.043078956840018918e+02,3.557299414026209661e+01,-2.642783959425969442e-01
1.068000000000000000e+03,4.004538030174225014e+02,4.046572661438793261e+02,3.598461493536939315e+01,-4.538030174225013980e-01
1.069000000000000000e+03,4.002251222395456125e+02,4.044340757605836529e+02,3.520039546605056557e+01,-2.251222395456125014e-01
1.070000000000000000e+03,4.000216144968960634e+02,4.051246047073805130e+02,3.630605872506077958e+01,-2.161449689606342872e-02
1.071000000000000000e+03,3.996418775449762961e+02,4.048457701563054343e+02,3.713893815053814507e+01,3.581224550237038784e-01
1.072000000000000000e+03,4.001814956256608298e+02,4.047385305069999504e+02,3.864849004542943334e+01,-1.814956256608297736e-01
1.073000000000000000e+03,3.998709001173675688e+02,4.043680813753121015e+02,3.601000071986216966e+01,1.290998826324312176e-01
1.074000000000000000e+03,4.004369613506711403e+02,4.046517661364996457e+02,3.743972531459170483e+01,-4.369613506711402806e-01
1.075000000000000000e+03,4.000931055938497138e+02,4.043815153015113424e+02,3.486708976755296163e+01,-9.310559384971384134e-02
1.076000000000000000e+03,3.998736611334921349e+02,4.043891960128576102e+02,3.657098462826545671e+01,1.263388665078650774e-01
1.077000000000000000e+03,4.001822918520062444e+02,4.039320661957218022e+02,3.748599689589482153e+01,-1.822918520062444259e-01
1.078000000000000000e+03,4.002433650461265415e+02,4.045234403316550242e+02,3.600145328422807722e+01,-2.433650461265415288e-01
1.079000000000000000e+03,3.996854801657611915e+02,4.042230333646650706e+02,3.579199656468721003e+01,3.145198342388084711e-01
1.080000000000000000e+03,3.997244904590174883e+02,4.044134210294250238e+02,3.828524365189095846e+01,2.755095409825116803e-01
1.081000000000000000e+03,4.005490906545049370e+02,4.050354707558323639e+02,3.787860996460077700e+01,-5.490906545049369925e-01
1.082000000000000000e+03,3.997674390157852145e+02,4.041061777150576404e+02,3.415077029829872401e+01,2.325609842147855488e-01
1.083000000000000000e+03,3.999215625940487939e+02,4.043889003280213501e+02,3.787474794735653916e+01,7.843740595120607395e-02
1.084000000000000000e+03,4.000812026695783743e+02,4.038754315126795973e+02,3.702341947122491916e+01,-8.120266957837429800e-02
1.085000000000000000e+03,4.000370186713641942e+02,4.044900649060784872e+02,3.628644663816837124e+01,-3.701867136419423332e-02
1.086000000000000000e+03,4.000196106148065383e+02,4.049350244205469949e+02,3.653070751436841590e+01,-1.961061480653825129e-02
1.087000000000000000e+03,4.001259810363740712e+02,4.042365675211555640e+02,3.661782977753036050e+01,-1.259810363740712091e-01
1.088000000000000000e+03,4.000683033276165474e+02,4.042288926977676056e+02,3.615187342278220939e+01,-6.830332761654744900e-02
1.089000000000000000e+03,4.005166944100061528e+02,4.045058136105576523e+02,3.645206082773482592e+01,-5.166944100061527934e-01
1.090000000000000000e+03,3.998725805663326014e+02,4.042970623950096751e+02,3.449777037087263665e+01,1.274194336673986072e-01
1.091000000000000000e+03,3.998052475550822464e+02,4.041971467754145806e+02,3.751900664232657334e+01,1.947524449177535644e-01
1.092000000000000000e+03,4.002125450797669259e+02,4.044998708320086394e+02,3.762864159216217530e+01,-2.125450797669259373e-01
1.093000000000000000e+03,3.996791901090638248e+02,4.046127081786229951e+02,3.569747986657046113e+01,3.208098909361751794e-01
1.094000000000000000e+03,3.999672581549369852e+02,4.044693000282520075e+02,3.811872628534167262e+01,3.274184506301480724e-02
1.095000000000000000e+03,4.001422608817558739e+02,4.045642426105207505e+02,3.666385856808177124e+01,-1.422608817558739247e-01
1.096000000000000000e+03,4.000577387074546891e+02,4.050808643267004641e+02,3.591459856327696798e+01,-5.773870745468911991e-02
1.097000000000000000e+03,3.994286838927600343e+02,4.048346130356057415e+02,3.637833630991619316e+01,5.713161072399657314e-01
1.098000000000000000e+03,3.998923239070471141e+02,4.046446414660436517e+02,3.914058869572455990e+01,1.076760929528859378e-01
1.099000000000000000e+03,4.000972150628761597e+02,4.044475122416574209e+02,3.682786212616640142e+01,-9.721506287615966357e-02
1.100000000000000000e+03,3.998665379439999583e+02,4.043727083521021655e+02,3.597935197986594602e+01,1.334620560000416845e-01
1.101000000000000000e+03,4.002271053870531432e+02,4.044337147562252426e+02,3.711981904316586167e+01,-2.271053870531432040e-01
1.102000000000000000e+03,4.000148096066794210e+02,4.046551693273285650e+02,3.552678449098232960e+01,-1.480960667942099462e-02
1.103000000000000000e+03,4.001764461843771983e+02,4.047868230223094201e+02,3.661706021896132768e+01,-1.764461843771982785e-01
1.104000000000000000e+03,4.003891616487127862e+02,4.043415204302869483e+02,3.591528516290926376e+01,-3.891616487127862456e-01
1.105000000000000000e+03,4.000722833182149998e+02,4.041531107901392943e+02,3.506694852950818131e+01,-7.228331821499978105e-02
1.106000000000000000e+03,3.999835740607625780e+02,4.044174494530400352e+02,3.659816489262746586e+01,1.642593923742197148e-02
1.107000000000000000e+03,4.003412299328556401e+02,4.050090201001008836e+02,3.691976481536164556e+01,-3.412299328556400724e-01
1.108000000000000000e+03,4.001601801756644363e+02,4.044322732559035671e+02,3.526886948209145345e+01,-1.601801756644363195e-01
1.109000000000000000e+03,3.996982455429063634e+02,4.045204481614210295e+02,3.616683352852547984e+01,3.017544570936365744e-01
1.110000000000000000e+03,4.000211368039146009e+02,4.050548966186302664e+02,3.815441013793153502e+01,-2.113680391460093233e-02
1.111000000000000000e+03,3.999088084755633190e+02,4.043108559937656423e+02,3.649881727648617868e+01,9.119152443668099295e-02
1.112000000000000000e+03,3.995436583917098687e+02,4.041967526031456259e+02,3.698395999486586305e+01,4.563416082901312620e-01
1.113000000000000000e+03,3.997644490122990533e+02,4.046682277729213979e+02,3.851782759262555800e+01,2.355509877009467345e-01
1.114000000000000000e+03,4.002345555155085890e+02,4.044657869222952513e+02,3.734306694295716511e+01,-2.345555155085889965e-01
1.115000000000000000e+03,3.999150107354769261e+02,4.048417146552031340e+02,3.527169966214814423e+01,8.498926452307387081e-02
1.116000000000000000e+03,4.004171552008060075e+02,4.048856997937988353e+02,3.688632498759021416e+01,-4.171552008060075423e-01
1.117000000000000000e+03,4.000181339567510008e+02,4.043453819129430826e+02,3.468778086382907588e+01,-1.813395675100082372e-02
1.118000000000000000e+03,3.998545215733134341e+02,4.044129793352723823e+02,3.666626839945458016e+01,1.454784266865658537e-01
1.119000000000000000e+03,4.003017068053691787e+02,4.044348417587144127e+02,3.733608416924625573e+01,-3.017068053691787100e-01
1.120000000000000000e+03,3.998519705657789700e+02,4.044331744273595746e+02,3.527643605877451449e+01,1.480294342210299874e-01
1.121000000000000000e+03,4.002064277850911935e+02,4.038371803101191517e+02,3.738184909000703726e+01,-2.064277850911935275e-01
1.122000000000000000e+03,3.997727830530635060e+02,4.041812821753936191e+02,3.570780870894164138e+01,2.272169469364939687e-01
1.123000000000000000e+03,4.000647854160014845e+02,4.044353237676666026e+02,3.768552731840962622e+01,-6.478541600148446378e-02
1.124000000000000000e+03,3.994206315303346173e+02,4.046845269550868807e+02,3.625555587602556784e+01,5.793684696653826904e-01
1.125000000000000000e+03,3.999736418972969432e+02,4.043830897701740810e+02,3.910488389907190765e+01,2.635810270305682934e-02
1.126000000000000000e+03,4.000533436700845300e+02,4.045351930646864957e+02,3.640980013562420226e+01,-5.334367008453000381e-02
1.127000000000000000e+03,3.999666099589076680e+02,4.047544674953476829e+02,3.615554064886599406e+01,3.339004109233201234e-02
1.128000000000000000e+03,4.005428927233963350e+02,4.043598117791245841e+02,3.663846622249658935e+01,-5.428927233963349863e-01
1.129000000000000000e+03,3.997590117968361483e+02,4.042019200252269684e+02,3.415512861979118497e+01,2.409882031638517219e-01
1.130000000000000000e+03,4.000292798336762417e+02,4.047058026072170946e+02,3.787180782758259312e+01,-2.927983367624165112e-02
1.131000000000000000e+03,4.000330115309035364e+02,4.042704341800299517e+02,3.650138962205311799e+01,-3.301153090353636799e-02
1.132000000000000000e+03,4.001124920194624792e+02,4.043209747605045550e+02,3.649148924084575896e+01,-1.124920194624792202e-01
1.133000000000000000e+03,3.997673463412562569e+02,4.042380118869707530e+02,3.614988573545677752e+01,2.326536587437431081e-01
1.134000000000000000e+03,3.999397650770824271e+02,4.048611277394097101e+02,3.769487135392424193e+01,6.023492291757293060e-02
1.135000000000000000e+03,4.002408670423889703e+02,4.042498595743305145e+02,3.680025196646644048e+01,-2.408670423889702761e-01
1.136000000000000000e+03,3.994212921572504911e+02,4.039761151441384186e+02,3.548084144646314542e+01,5.787078427495089272e-01
1.137000000000000000e+03,3.996688352189760280e+02,4.044135406924249878e+02,3.919698695660902388e+01,3.311647810239719547e-01
1.138000000000000000e+03,3.999139143555529472e+02,4.044228468362682065e+02,3.781283712268731989e+01,8.608564444705280039e-02
1.139000000000000000e+03,4.001217855091635442e+02,4.041419236435432367e+02,3.667604913758557217e+01,-1.217855091635442477e-01
1.140000000000000000e+03,4.001696920313858641e+02,4.047466251829048360e+02,3.585474266712443381e+01,-1.696920313858640839e-01
1.141000000000000000e+03,4.003559183237180719e+02,4.048503927703638396e+02,3.580918852049370571e+01,-3.559183237180718606e-01
1.142000000000000000e+03,3.999090979345577921e+02,4.044937493106287434e+02,3.512909138961065736e+01,9.090206544220791329e-02
1.143000000000000000e+03,3.998703065372902188e+02,4.048534805119954285e+02,3.725134629835832101e+01,1.296934627097812154e-01
1.144000000000000000e+03,3.999263529797198657e+02,4.044707132867065411e+02,3.731149480255100315e+01,7.364702028013425661e-02
1.145000000000000000e+03,3.998675958177280449e+02,4.042149237784405500e+02,3.697631160932788674e+01,1.324041822719550510e-01
1.146000000000000000e+03,3.999890451360957400e+02,4.043288429701802329e+02,3.720171999566021270e+01,1.095486390426003709e-02
1.147000000000000000e+03,3.995026276249060402e+02,4.043628948851365976e+02,3.662575196137822076e+01,4.973723750939598176e-01
1.148000000000000000e+03,3.991561338585059957e+02,4.043097408408338538e+02,3.877836387512254390e+01,8.438661414940042960e-01
1.149000000000000000e+03,4.003120850306116267e+02,4.043718167897332592e+02,4.007803926818991869e+01,-3.120850306116267348e-01
1.150000000000000000e+03,3.999340412600432728e+02,4.048322903546421685e+02,3.474634960550585561e+01,6.595873995672718593e-02
1.151000000000000000e+03,3.999698760552793146e+02,4.045516218622531142e+02,3.678416650073979355e+01,3.012394472068535833e-02
1.152000000000000000e+03,3.999422987597419592e+02,4.041862849246496694e+02,3.670478739972516991e+01,5.770124025804079793e-02
1.153000000000000000e+03,3.999121062854904949e+02,4.049580262998964599e+02,3.689903273459533750e+01,8.789371450950511644e-02
1.154000000000000000e+03,4.000536285136939227e+02,4.042197837831248535e+02,3.707058341796390266e+01,-5.362851369392274137e-02
1.155000000000000000e+03,3.997460002109434640e+02,4.045590253070598123e+02,3.646958619904899024e+01,2.539997890565359739e-01
1.156000000000000000e+03,4.000775505995931667e+02,4.044867374903711834e+02,3.789406123576819851e+01,-7.755059959316668028e-02
1.157000000000000000e+03,3.994716294541151456e+02,4.046252708100581685e+02,3.635647387395107444e+01,5.283705458848544367e-01
1.158000000000000000e+03,4.000835353900534983e+02,4.044417992127284833e+02,3.910469820996254953e+01,-8.353539005349830404e-02
1.159000000000000000e+03,3.998315520174835456e+02,4.047579653535290163e+02,3.621654542885789141e+01,1.684479825164544309e-01
1.160000000000000000e+03,3.994788559059053341e+02,4.045915426352432860e+02,3.747902539548208978e+01,5.211440940946658884e-01
1.161000000000000000e+03,3.999100828988804324e+02,4.045081366193844588e+02,3.900655459506572242e+01,8.991710111956763285e-02
1.162000000000000000e+03,3.998462654884473295e+02,4.044903875778630322e+02,3.695735085162353073e+01,1.537345115526704831e-01
1.163000000000000000e+03,3.995877732935296649e+02,4.048336474957376936e+02,3.734809369402219659e+01,4.122267064703351025e-01
1.164000000000000000e+03,3.999470941655443426e+02,4.047103833314602639e+02,3.852725092204975255e+01,5.290583445565744114e-02
1.165000000000000000e+03,4.001381488824964094e+02,4.040735600697118457e+02,3.687982030433796155e+01,-1.381488824964094420e-01
1.166000000000000000e+03,4.004437452359096596e+02,4.046606317992186632e+02,3.618162590388326549e+01,-4.437452359096596410e-01
1.167000000000000000e+03,3.999302554361646571e+02,4.043510378959619516e+02,3.503782454507197741e+01,6.974456383534288761e-02
1.168000000000000000e+03,3.998918753550585166e+02,4.046069354030938712e+02,3.754928318983208868e+01,1.081246449414834387e-01
1.169000000000000000e+03,4.000408133201647161e+02,4.040456194023236662e+02,3.764058922258266193e+01,-4.081332016471606039e-02
1.170000000000000000e+03,3.999072095229300885e+02,4.041477920686365337e+02,3.692270890307251108e+01,9.279047706991150335e-02
1.171000000000000000e+03,4.000671917783585627e+02,4.043639011921661677e+02,3.753373712493688430e+01,-6.719177835856271486e-02
1.172000000000000000e+03,4.002971174190947181e+02,4.043792094421855268e+02,3.679011731615558745e+01,-2.971174190947181160e-01
1.173000000000000000e+03,4.001405135646080566e+02,4.046364246554330748e+02,3.583647474196411764e+01,-1.405135646080566403e-01
1.174000000000000000e+03,4.005224166549289180e+02,4.046427155329486709e+02,3.666092373560449147e+01,-5.224166549289179784e-01
1.175000000000000000e+03,3.999826169051978582e+02,4.047392043324207975e+02,3.500629080070653742e+01,1.738309480214184077e-02
1.176000000000000000e+03,4.002302173713034108e+02,4.044809156812822835e+02,3.754433682311234577e+01,-2.302173713034108005e-01
1.177000000000000000e+03,3.997631598249606668e+02,4.042188478418113391e+02,3.631088747861761590e+01,2.368401750393331895e-01
1.178000000000000000e+03,3.996682660456996246e+02,4.044730928175298459e+02,3.835930227647361335e+01,3.317339543003754443e-01
1.179000000000000000e+03,3.994229568942558899e+02,4.043111855297760826e+02,3.854655983720537904e+01,5.770431057441101075e-01
1.180000000000000000e+03,4.002955308300033721e+02,4.044748879813369058e+02,3.942266080350536583e+01,-2.955308300033721025e-01
1.181000000000000000e+03,3.999941293805197233e+02,4.048992051129318952e+02,3.537994529848868552e+01,5.870619480276673130e-03
1.182000000000000000e+03,3.996923020231852774e+02,4.049043056668909912e+02,3.697274531137216513e+01,3.076979768147225514e-01
1.183000000000000000e+03,3.998780362983165446e+02,4.046923683028351775e+02,3.832554946341771540e+01,1.219637016834553833e-01
1.184000000000000000e+03,3.999797703251952044e+02,4.046056482047493432e+02,3.739672873275140574e+01,2.022967480479564983e-02
1.185000000000000000e+03,4.004860618948515594e+02,4.046777243868200458e+02,3.697304701794784165e+01,-4.860618948515593729e-01
1.186000000000000000e+03,4.003339996060998374e+02,4.042939505342707776e+02,3.483396317522257135e+01,-3.339996060998373650e-01
1.187000000000000000e+03,4.000248521387622418e+02,4.039499323176453913e+02,3.578906267190286172e+01,-2.485213876224179330e-02
1.188000000000000000e+03,4.001786220635494828e+02,4.039810537893728792e+02,3.724634156921623429e+01,-1.786220635494828457e-01
1.189000000000000000e+03,4.002229952393151962e+02,4.044285095990227887e+02,3.648878934341727387e+01,-2.229952393151961587e-01
1.190000000000000000e+03,4.001235659193480387e+02,4.038479761296341621e+02,3.630713082067861563e+01,-1.235659193480387330e-01
1.191000000000000000e+03,3.998065211740077984e+02,4.041316868536893594e+02,3.676215695736388511e+01,1.934788259922015641e-01
1.192000000000000000e+03,3.996644062832140776e+02,4.042762125200596302e+02,3.810164585513364699e+01,3.355937167859224246e-01
1.193000000000000000e+03,4.002024028386022678e+02,4.043949011456181211e+02,3.853330468403900966e+01,-2.024028386022678205e-01
1.194000000000000000e+03,4.001227641544109019e+02,4.039124933960374051e+02,3.599652434337031082e+01,-1.227641544109019378e-01
1.195000000000000000e+03,4.000406415790907317e+02,4.043581020170261127e+02,3.648373463469366840e+01,-4.064157909073173869e-02
1.196000000000000000e+03,3.999785076082863498e+02,4.043938560814433458e+02,3.689234480981397724e+01,2.149239171365024959e-02
1.197000000000000000e+03,4.003751784427449820e+02,4.042919409128786583e+02,3.715361153442133002e+01,-3.751784427449820214e-01
1.198000000000000000e+03,4.002805935547220884e+02,4.035884263745443263e+02,3.538569135183426084e+01,-2.805935547220883564e-01
1.199000000000000000e+03,4.001832148598892331e+02,4.045449623500718985e+02,3.596281000239496706e+01,-1.832148598892331393e-01
1.200000000000000000e+03,3.999594003320150932e+02,4.042381052810828805e+02,3.644025995123899264e+01,4.059966798490677320e-02
1.201000000000000000e+03,3.998549887125058717e+02,4.041591689828363769e+02,3.739360481908440903e+01,1.450112874941282826e-01
1.202000000000000000e+03,3.999784904640735590e+02,4.044808114973992019e+02,3.771723166314480835e+01,2.150953592644100354e-02
1.203000000000000000e+03,3.994096694058110302e+02,4.040626729821521508e+02,3.703829193308310153e+01,5.903305941889698261e-01
1.204000000000000000e+03,3.999257697668412561e+02,4.040837750422901422e+02,3.948592082688939087e+01,7.423023315874388572e-02
1.205000000000000000e+03,4.000021997206953870e+02,4.046590118980689681e+02,3.694060141915446138e+01,-2.199720695386986336e-03
1.206000000000000000e+03,4.001029625942910002e+02,4.045573785257471400e+02,3.667554707269648873e+01,-1.029625942910001868e-01
1.207000000000000000e+03,4.001174690036125980e+02,4.043247867785859739e+02,3.632404412269258387e+01,-1.174690036125980441e-01
1.208000000000000000e+03,3.999889850605880497e+02,4.042827408499039734e+02,3.637060638588101114e+01,1.101493941195030857e-02
1.209000000000000000e+03,3.998051178992535597e+02,4.041236673213204540e+02,3.700997606467527135e+01,1.948821007464403010e-01
1.210000000000000000e+03,3.999303212359655504e+02,4.040025059279412858e+02,3.779998722795919264e+01,6.967876403444961397e-02
1.211000000000000000e+03,4.002743286418863704e+02,4.036623478826762721e+02,3.715807033516782099e+01,-2.743286418863704057e-01
1.212000000000000000e+03,3.999361913921010796e+02,4.047983078145638274e+02,3.565998137946417046e+01,6.380860789892039975e-02
1.213000000000000000e+03,4.009278964047805971e+02,4.044573428980861536e+02,3.730399831233782493e+01,-9.278964047805970949e-01
1.214000000000000000e+03,4.001416465564934697e+02,4.043268271079959391e+02,3.292408224446335652e+01,-1.416465564934696886e-01
1.215000000000000000e+03,4.004090640973165023e+02,4.046295828218692918e+02,3.679240696779172026e+01,-4.090640973165022842e-01
1.216000000000000000e+03,3.994126679430978015e+02,4.047073538857808330e+02,3.551479152215992485e+01,5.873320569021984738e-01
1.217000000000000000e+03,4.002270339432835726e+02,4.038189771126768619e+02,3.990300398920527414e+01,-2.270339432835726257e-01
1.218000000000000000e+03,4.001526326354059506e+02,4.038605935121449306e+02,3.588571780988124260e+01,-1.526326354059506230e-01
1.219000000000000000e+03,4.003024536909703102e+02,4.045271309072670647e+02,3.630144196894298858e+01,-3.024536909703101628e-01
1.220000000000000000e+03,3.997081450809662329e+02,4.043204305203732360e+02,3.566613393850929725e+01,2.918549190337671462e-01
1.221000000000000000e+03,4.003988455581556991e+02,4.040319884155640580e+02,3.833494861846562429e+01,-3.988455581556991092e-01
1.222000000000000000e+03,4.005184610947979991e+02,4.048813916548766088e+02,3.507852146646542479e+01,-5.184610947979990669e-01
1.223000000000000000e+03,4.001377716485973792e+02,4.043467237441505517e+02,3.473071130460333222e+01,-1.377716485973792260e-01
1.224000000000000000e+03,4.001301749333781004e+02,4.045457119178988705e+02,3.655156364423920223e+01,-1.301749333781003770e-01
1.225000000000000000e+03,3.997300313386038511e+02,4.044436698343868102e+02,3.649099130446295902e+01,2.699686613961489456e-01
1.226000000000000000e+03,4.000932632529895727e+02,4.045757895375682551e+02,3.816013644712185737e+01,-9.326325298957272025e-02
1.227000000000000000e+03,4.002649465921243745e+02,4.046276763243873802e+02,3.632540134981323376e+01,-2.649465921243745470e-01
1.228000000000000000e+03,3.999484581947863262e+02,4.045099888709466427e+02,3.558793630446358236e+01,5.154180521367379697e-02
1.229000000000000000e+03,3.993838401580083541e+02,4.039415421367028785e+02,3.705387128440992939e+01,6.161598419916458624e-01
1.230000000000000000e+03,3.999336696242972380e+02,4.044002059482443769e+02,3.941171383995964561e+01,6.633037570276201222e-02
1.231000000000000000e+03,4.003733993890461420e+02,4.046110093742378240e+02,3.667269209847315636e+01,-3.733993890461420051e-01
1.232000000000000000e+03,3.997598590112517059e+02,4.042765176082273229e+02,3.480839319623311212e+01,2.401409887482941485e-01
1.233000000000000000e+03,3.998515531718776401e+02,4.045313010576770125e+02,3.773481448947065786e+01,1.484468281223598751e-01
1.234000000000000000e+03,3.998602007659071091e+02,4.042321761353360898e+02,3.719921113874394791e+01,1.397992340928908561e-01
1.235000000000000000e+03,4.002229535453280391e+02,4.042268308009702196e+02,3.712136847335592194e+01,-2.229535453280391266e-01
1.236000000000000000e+03,3.993806943959945670e+02,4.044990962944297621e+02,3.552255056061779470e+01,6.193056040054329969e-01
1.237000000000000000e+03,3.998068827172085662e+02,4.047801747554762528e+02,3.936340263697346842e+01,1.931172827914338086e-01
1.238000000000000000e+03,4.003354233510963240e+02,4.042011212367963253e+02,3.720833449853247998e+01,-3.354233510963240406e-01
1.239000000000000000e+03,4.004600359429714445e+02,4.048954144273983502e+02,3.492895066020871297e+01,-4.600359429714444559e-01
1.240000000000000000e+03,4.001864947377782755e+02,4.041807791220404624e+02,3.466596325289679470e+01,-1.864947377782755211e-01
1.241000000000000000e+03,3.998058592797184474e+02,4.035797611916365781e+02,3.609954961108351057e+01,1.941407202815526034e-01
1.242000000000000000e+03,3.996489097667062538e+02,4.045832717124346800e+02,3.777548722465708408e+01,3.510902332937462234e-01
1.243000000000000000e+03,3.999304247853997936e+02,4.040577991803851887e+02,3.827984863027436546e+01,6.957521460020643644e-02
1.244000000000000000e+03,4.002741856722823286e+02,4.044255917055779719e+02,3.685983477401019570e+01,-2.741856722823285963e-01
1.245000000000000000e+03,3.997991777895700238e+02,4.044393871153830560e+02,3.537741237933897054e+01,2.008222104299761668e-01
1.246000000000000000e+03,3.998011555963490196e+02,4.044125168660663121e+02,3.762827149272319360e+01,1.988444036509804391e-01
1.247000000000000000e+03,4.000158826882400831e+02,4.045344655142037027e+02,3.750480941849571082e+01,-1.588268824008309821e-02
1.248000000000000000e+03,4.002056458028594648e+02,4.041352502281798706e+02,3.649825083322886599e+01,-2.056458028594647658e-01
1.249000000000000000e+03,4.001729573156168271e+02,4.043616141546656308e+02,3.573384874529473620e+01,-1.729573156168271453e-01
1.250000000000000000e+03,3.996464174050830707e+02,4.043795825518886318e+02,3.601093881584473166e+01,3.535825949169293381e-01
1.251000000000000000e+03,4.001049576687311173e+02,4.050792647434882383e+02,3.837582132870857521e+01,-1.049576687311173373e-01
1.252000000000000000e+03,3.997794383176476458e+02,4.040736759060071108e+02,3.616411134457398902e+01,2.205616823523541825e-01
1.253000000000000000e+03,3.999274830814794655e+02,4.043557180231961183e+02,3.767102306560332892e+01,7.251691852053454568e-02
1.254000000000000000e+03,4.000842735097425589e+02,4.044945630899452453e+02,3.692569547711908484e+01,-8.427350974255887195e-02
1.255000000000000000e+03,4.000445892658599405e+02,4.044182442737860015e+02,3.625333065950329825e+01,-4.458926585994049674e-02
1.256000000000000000e+03,3.999850128915956589e+02,4.044839921553281670e+02,3.651286382967731470e+01,1.498710840434114289e-02
1.257000000000000000e+03,4.000453018345119744e+02,4.043038208836022136e+02,3.681028633894298707e+01,-4.530183451197444811e-02
1.258000000000000000e+03,4.000401573260010650e+02,4.044390284737397110e+02,3.654314502859854485e+01,-4.015732600106503014e-02
1.259000000000000000e+03,4.006598621070614286e+02,4.041370099600258072e+02,3.659223414183863810e+01,-6.598621070614285600e-01
1.260000000000000000e+03,4.000006844668333201e+02,4.047167786936908556e+02,3.390448329598734034e+01,-6.844668333201298083e-04
1.261000000000000000e+03,3.997414671787611269e+02,4.045727794535054613e+02,3.708444106483644020e+01,2.585328212388731117e-01
1.262000000000000000e+03,3.999291347819141151e+02,4.038633336162664591e+02,3.808210088337725097e+01,7.086521808588486238e-02
1.263000000000000000e+03,4.000047551530624901e+02,4.051227484257522633e+02,3.704648047254556076e+01,-4.755153062490080629e-03
1.264000000000000000e+03,4.005334857356014595e+02,4.043124885556044887e+02,3.666650031443222701e+01,-5.334857356014595098e-01
1.265000000000000000e+03,3.996614314946500599e+02,4.046600682567863032e+02,3.436561302271900331e+01,3.385685053499400965e-01
1.266000000000000000e+03,3.990380463839363188e+02,4.047711400247145548e+02,3.842472938635895474e+01,9.619536160636812383e-01
1.267000000000000000e+03,3.996065778193001279e+02,4.049488707976115620e+02,4.087925222584970442e+01,3.934221806998721149e-01
1.268000000000000000e+03,3.996285438139549342e+02,4.048135197443266406e+02,3.793174089293608375e+01,3.714561860450658060e-01
1.269000000000000000e+03,3.994773413560775452e+02,4.047696179294774197e+02,3.782463796726850092e+01,5.226586439224547576e-01
1.270000000000000000e+03,3.996532978142897718e+02,4.044293053418193722e+02,3.850429097380999366e+01,3.467021857102281501e-01
1.271000000000000000e+03,3.999683158489909260e+02,4.043623738724023724e+02,3.769553285465346448e+01,3.168415100907395754e-02
1.272000000000000000e+03,4.000533021127563984e+02,4.041289360825618360e+02,3.640116227232298485e+01,-5.330211275639840096e-02
1.273000000000000000e+03,4.001087635253944086e+02,4.045236701139574507e+02,3.625309484718238906e+01,-1.087635253944085889e-01
1.274000000000000000e+03,4.002643699658490846e+02,4.046216278819737227e+02,3.620929828172979370e+01,-2.643699658490845650e-01
1.275000000000000000e+03,4.004389148285869169e+02,4.040332496221790279e+02,3.569371839863908491e+01,-4.389148285869168831e-01
1.276000000000000000e+03,4.003503323952264736e+02,4.043064774507183188e+02,3.511659014709103133e+01,-3.503323952264736363e-01
1.277000000000000000e+03,3.993155102620382308e+02,4.043459882287944538e+02,3.570347083862197479e+01,6.844897379617691513e-01
1.278000000000000000e+03,3.996308656166863784e+02,4.043819133447626086e+02,4.029329729047682207e+01,3.691343833136215835e-01
1.279000000000000000e+03,4.002135092127555822e+02,4.045866640838634680e+02,3.845971937154673270e+01,-2.135092127555822117e-01
1.280000000000000000e+03,3.998701010419421209e+02,4.043591644150702678e+02,3.578090361750530235e+01,1.298989580578790992e-01
1.281000000000000000e+03,4.003964311587654947e+02,4.042206192031595720e+02,3.747795431231162411e+01,-3.964311587654947289e-01
1.282000000000000000e+03,3.997476741330102641e+02,4.044923517706109806e+02,3.514830969506941472e+01,2.523258669897359141e-01
1.283000000000000000e+03,4.003714032104655871e+02,4.041016006557435389e+02,3.821133650539693605e+01,-3.714032104655871080e-01
1.284000000000000000e+03,4.001491217794987278e+02,4.039314540897617576e+02,3.532625356883367118e+01,-1.491217794987278467e-01
1.285000000000000000e+03,3.997132694825480144e+02,4.043929352523393845e+02,3.649066837096612659e+01,2.867305174519856337e-01
1.286000000000000000e+03,4.003060535752977103e+02,4.042447705672553298e+02,3.840402052244768072e+01,-3.060535752977102675e-01
1.287000000000000000e+03,3.998184293395720488e+02,4.047003843560962082e+02,3.561238741366798166e+01,1.815706604279512248e-01
1.288000000000000000e+03,4.005093757735136251e+02,4.043856503543118492e+02,3.789133985216357559e+01,-5.093757735136250631e-01
1.289000000000000000e+03,4.001207548313755069e+02,4.040977967741250154e+02,3.473765388303183954e+01,-1.207548313755069103e-01
1.290000000000000000e+03,3.999235938129112924e+02,4.041599597813105902e+02,3.667353789644128881e+01,7.640618708870761111e-02
1.291000000000000000e+03,4.001668393078442705e+02,4.039320516955667699e+02,3.749237292246431252e+01,-1.668393078442704791e-01
1.292000000000000000e+03,3.998544929411389717e+02,4.046730122125463254e+02,3.630305218827127334e+01,1.455070588610283266e-01
1.293000000000000000e+03,4.000347708973993690e+02,4.045287608972175235e+02,3.769510590048074761e+01,-3.477089739936900514e-02
1.294000000000000000e+03,4.004148924633726097e+02,4.048887710522692487e+02,3.677257975214283903e+01,-4.148924633726096545e-01
1.295000000000000000e+03,4.002693389732592664e+02,4.046846573647282526e+02,3.511293532330220302e+01,-2.693389732592663677e-01
1.296000000000000000e+03,4.000922049821473934e+02,4.043831291246606838e+02,3.592706129565409867e+01,-9.220498214739336618e-02
1.297000000000000000e+03,3.997998113963179776e+02,4.041225098761324261e+02,3.673629604908579438e+01,2.001886036820224035e-01
1.298000000000000000e+03,3.995140193792351511e+02,4.043372063937939060e+02,3.793965290627685505e+01,4.859806207648489362e-01
1.299000000000000000e+03,3.999625759549612098e+02,4.047631741002344370e+02,3.899094877892810018e+01,3.742404503879015465e-02
1.300000000000000000e+03,3.997690213607210694e+02,4.042885284021959365e+02,3.677061012589113886e+01,2.309786392789305864e-01
1.301000000000000000e+03,3.998197353051212417e+02,4.048036390946451775e+02,3.766683767730687293e+01,1.802646948787582915e-01
1.302000000000000000e+03,3.998486669923219097e+02,4.044109575486754125e+02,3.739101508217957814e+01,1.513330076780903255e-01
1.303000000000000000e+03,3.996999171699028466e+02,4.046583982100829644e+02,3.726139745011040816e+01,3.000828300971534190e-01
1.304000000000000000e+03,3.998111630303715174e+02,4.045827866124531624e+02,3.792956593944523291e+01,1.888369696284826205e-01
1.305000000000000000e+03,4.001620000068724607e+02,4.043306979102919740e+02,3.739361569396701412e+01,-1.620000068724607445e-01
1.306000000000000000e+03,4.004531108912243553e+02,4.042856706990222051e+02,3.589537647178263313e+01,-4.531108912243553277e-01
1.307000000000000000e+03,4.001011518991834919e+02,4.046566725302864143e+02,3.482530301590296062e+01,-1.011518991834918779e-01
1.308000000000000000e+03,4.003635181402954117e+02,4.041288920360548786e+02,3.663185182028104236e+01,-3.635181402954117402e-01
1.309000000000000000e+03,4.001321314683894457e+02,4.043194053053437074e+02,3.548868793832982504e+01,-1.321314683894456721e-01
1.310000000000000000e+03,4.001371827887430754e+02,4.047586627094125333e+02,3.661958859745343631e+01,-1.371827887430754345e-01
1.311000000000000000e+03,3.999690861398126458e+02,4.040911600425518486e+02,3.655534740039249186e+01,3.091386018735420294e-02
1.312000000000000000e+03,3.997304856118852285e+02,4.041723124100995506e+02,3.725514410348093719e+01,2.695143881147714637e-01
1.313000000000000000e+03,4.006203631018414058e+02,4.039036133539364073e+02,3.818526002262849062e+01,-6.203631018414057507e-01
1.314000000000000000e+03,4.001975988804938993e+02,4.047293033131018660e+02,3.411500933492357035e+01,-1.975988804938992871e-01
1.315000000000000000e+03,4.006030165535367473e+02,4.039323965489423927e+02,3.626489434082071739e+01,-6.030165535367473240e-01
1.316000000000000000e+03,3.999291649043254893e+02,4.040958443692990727e+02,3.448067303812833018e+01,7.083509567451073963e-02
1.317000000000000000e+03,3.996861656576322730e+02,4.043650237568133434e+02,3.759295664322091568e+01,3.138343423677270039e-01
1.318000000000000000e+03,4.001366283449864341e+02,4.042509972649131669e+02,3.842326649995406740e+01,-1.366283449864340582e-01
1.319000000000000000e+03,3.996538245990853397e+02,4.046390685972093024e+02,3.618525054436425137e+01,3.461754009146602584e-01
1.320000000000000000e+03,3.997325759311450497e+02,4.043572116469756565e+02,3.832916987442024492e+01,2.674240688549502920e-01
1.321000000000000000e+03,3.997615519347431814e+02,4.044845800621873764e+02,3.777479980861250652e+01,2.384480652568186088e-01
1.322000000000000000e+03,4.001332066988944121e+02,4.039137264288722236e+02,3.755426116467422304e+01,-1.332066988944120567e-01
1.323000000000000000e+03,4.006967930104206630e+02,4.043343134340780125e+02,3.589393688520318193e+01,-6.967930104206629949e-01
1.324000000000000000e+03,3.997454478923446004e+02,4.042458410419499160e+02,3.359820608788722041e+01,2.545521076553995954e-01
1.325000000000000000e+03,4.004985188550762132e+02,4.042457654466337544e+02,3.812396281220429017e+01,-4.985188550762131854e-01
1.326000000000000000e+03,4.004132654667501470e+02,4.045925683294386772e+02,3.461634179684855894e+01,-4.132654667501469703e-01
1.327000000000000000e+03,4.001750895450618373e+02,4.041368696083375198e+02,3.520456439644941327e+01,-1.750895450618372706e-01
1.328000000000000000e+03,3.995106638837197011e+02,4.041951895849067569e+02,3.633104606285466787e+01,4.893361162802989384e-01
1.329000000000000000e+03,4.000409384132640298e+02,4.044698288488593789e+02,3.915637409605435693e+01,-4.093841326402980485e-02
1.330000000000000000e+03,4.000700745706386101e+02,4.048455458171747523e+02,3.646701686906491346e+01,-7.007457063861011193e-02
1.331000000000000000e+03,3.999275903234132556e+02,4.040586525515888638e+02,3.635284126146282802e+01,7.240967658674435370e-02
1.332000000000000000e+03,3.998584397946243598e+02,4.046059013645071900e+02,3.699522174968745958e+01,1.415602053756401801e-01
1.333000000000000000e+03,4.001109818632988890e+02,4.046029038251983820e+02,3.723986466833922293e+01,-1.109818632988890386e-01
1.334000000000000000e+03,4.002209128200753980e+02,4.043756873831194980e+02,3.606902882717140102e+01,-2.209128200753980309e-01
1.335000000000000000e+03,3.996200704680453555e+02,4.046491384411064587e+02,3.566869540968461649e+01,3.799295319546445171e-01
1.336000000000000000e+03,3.999757802454821558e+02,4.040885867225975971e+02,3.839144425417251938e+01,2.421975451784419420e-02
1.337000000000000000e+03,3.999087999458703280e+02,4.046180238011592110e+02,3.661392416520032356e+01,9.120005412967202574e-02
1.338000000000000000e+03,4.000779382441955363e+02,4.041442658195181252e+02,3.693547357094835348e+01,-7.793824419553629923e-02
1.339000000000000000e+03,3.997835913137143962e+02,4.040079685328284427e+02,3.618759747392291359e+01,2.164086862856038351e-01
1.340000000000000000e+03,3.995820342222172030e+02,4.035530559099991592e+02,3.754905873771073743e+01,4.179657777827969767e-01
1.341000000000000000e+03,4.000125457726185232e+02,4.048563504909971584e+02,3.833751097261386320e+01,-1.254577261852318770e-02
1.342000000000000000e+03,3.999528643008471818e+02,4.044771161098857419e+02,3.631016442866029337e+01,4.713569915281823342e-02
1.343000000000000000e+03,4.005308677230530066e+02,4.039440100453896889e+02,3.669098197272246153e+01,-5.308677230530065572e-01
1.344000000000000000e+03,4.003545907987032706e+02,4.042768630309290074e+02,3.422607791691180523e+01,-3.545907987032705933e-01
1.345000000000000000e+03,4.001987909058400419e+02,4.048293922548684236e+02,3.531322859489776533e+01,-1.987909058400418871e-01
1.346000000000000000e+03,3.997406000294533897e+02,4.040817792398134429e+02,3.610678519274838294e+01,2.593999705466103478e-01
1.347000000000000000e+03,4.002134041307421626e+02,4.046683999703887480e+02,3.809354905819471782e+01,-2.134041307421625788e-01
1.348000000000000000e+03,4.001716873765980154e+02,4.045089414670808878e+02,3.579525215415348782e+01,-1.716873765980153621e-01
1.349000000000000000e+03,4.005353644126448103e+02,4.043123334429793658e+02,3.605031441033435158e+01,-5.353644126448102725e-01
1.350000000000000000e+03,4.002779519828272328e+02,4.039045200409457834e+02,3.448621829725250620e+01,-2.779519828272327686e-01
1.351000000000000000e+03,4.002362662147726269e+02,4.040166298866222974e+02,3.579064525397740226e+01,-2.362662147726268813e-01
1.352000000000000000e+03,4.001097203021022892e+02,4.048763243826398366e+02,3.595193399893881292e+01,-1.097203021022892244e-01
1.353000000000000000e+03,3.999338092378296778e+02,4.044443197235170828e+02,3.645674204525629847e+01,6.619076217032215936e-02
1.354000000000000000e+03,3.994490916043714037e+02,4.043298218830942687e+02,3.711934656257759002e+01,5.509083956285962813e-01
1.355000000000000000e+03,4.004393817265204802e+02,4.039036723782403442e+02,3.907012593122070143e+01,-4.393817265204802425e-01
1.356000000000000000e+03,3.994925127470204984e+02,4.049463440258689388e+02,3.440869054930978876e+01,5.074872529795015907e-01
1.357000000000000000e+03,3.993694949128656049e+02,4.046837584274532560e+02,3.879727217891895208e+01,6.305050871343951258e-01
1.358000000000000000e+03,4.005977210662219363e+02,4.049418168735206791e+02,3.904079684601229872e+01,-5.977210662219363257e-01
1.359000000000000000e+03,4.000229159033304427e+02,4.040746770489658388e+02,3.344460771054309589e+01,-2.291590333044268846e-02
1.360000000000000000e+03,4.002997460806741401e+02,4.042511721090348260e+02,3.640082336720028877e+01,-2.997460806741401029e-01
1.361000000000000000e+03,3.997525771392183174e+02,4.038309137182811241e+02,3.520558493421452084e+01,2.474228607816826297e-01
1.362000000000000000e+03,3.997670677711717531e+02,4.042559223000047837e+02,3.773146675186254839e+01,2.329322288282469344e-01
1.363000000000000000e+03,3.998551106438345641e+02,4.041121116882084152e+02,3.748988867173792272e+01,1.448893561654358564e-01
1.364000000000000000e+03,3.998529620415454815e+02,4.039994523115330480e+02,3.699929832783618622e+01,1.470379584545185025e-01
1.365000000000000000e+03,4.009320386944786492e+02,4.045462645614176722e+02,3.698681107909747112e+01,-9.320386944786491767e-01
1.366000000000000000e+03,4.003144184255629625e+02,4.037826183759115111e+02,3.227229492609659189e+01,-3.144184255629625113e-01
1.367000000000000000e+03,4.001947189468592114e+02,4.040598867699119410e+02,3.548359843059483865e+01,-1.947189468592114281e-01
1.368000000000000000e+03,4.002298592883645370e+02,4.044499628005272029e+02,3.602940879386197537e+01,-2.298592883645369511e-01
1.369000000000000000e+03,3.994777150870717719e+02,4.041151928395933624e+02,3.582119060017895862e+01,5.222849129282280956e-01
1.370000000000000000e+03,4.001914080248618575e+02,4.043395991929161823e+02,3.907009452494525448e+01,-1.914080248618574842e-01
1.371000000000000000e+03,3.998981113623907504e+02,4.039992776114311823e+02,3.556518612310266292e+01,1.018886376092495993e-01
1.372000000000000000e+03,3.998101355155409351e+02,4.048262452727248615e+02,3.693536559755617787e+01,1.898644844590648972e-01
1.373000000000000000e+03,4.004616208088273197e+02,4.047754342051206891e+02,3.723328987731530049e+01,-4.616208088273197063e-01
1.374000000000000000e+03,3.997536170546454741e+02,4.041859164824238633e+02,3.429520202520254912e+01,2.463829453545258730e-01
1.375000000000000000e+03,4.003383781929461520e+02,4.044167080203441174e+02,3.763547465777016754e+01,-3.383781929461520122e-01
1.376000000000000000e+03,4.001913237564960468e+02,4.049652540007028279e+02,3.490211628750845563e+01,-1.913237564960468262e-01
1.377000000000000000e+03,3.996890598359392470e+02,4.044059352787411967e+02,3.570682194324901104e+01,3.109401640607529771e-01
1.378000000000000000e+03,4.002259559180536712e+02,4.046711575726711203e+02,3.792517489449556223e+01,-2.259559180536712120e-01
1.379000000000000000e+03,4.001528812531224730e+02,4.046314003132245034e+02,3.535419402008354695e+01,-1.528812531224730265e-01
1.380000000000000000e+03,3.999693272686416776e+02,4.047941379509927060e+02,3.578384269420578079e+01,3.067273135832238040e-02
1.381000000000000000e+03,3.994610960443857266e+02,4.050514736949297685e+02,3.661652058274191290e+01,5.389039556142734000e-01
1.382000000000000000e+03,3.996432288194678790e+02,4.047797227717013584e+02,3.875991828921620908e+01,3.567711805321209795e-01
1.383000000000000000e+03,3.996490017976717013e+02,4.047447898535310742e+02,3.767218172523279662e+01,3.509982023282987029e-01
1.384000000000000000e+03,4.002987887229365924e+02,4.047303557953478617e+02,3.755337718618421405e+01,-2.987887229365924213e-01
1.385000000000000000e+03,3.998596600389508353e+02,4.042402242161283539e+02,3.467369187028096889e+01,1.403399610491646854e-01
1.386000000000000000e+03,3.999249133972127197e+02,4.043324610892477722e+02,3.688384660267882964e+01,7.508660278728029880e-02
1.387000000000000000e+03,4.000187068099361909e+02,4.045134490834231542e+02,3.658164891964403154e+01,-1.870680993619089350e-02
1.388000000000000000e+03,3.999249024420086585e+02,4.044515093008350277e+02,3.619803835567331873e+01,7.509755799134154586e-02
1.389000000000000000e+03,3.994524546678680963e+02,4.040182280707027189e+02,3.667323033541971711e+01,5.475453321319037059e-01
1.390000000000000000e+03,3.997974313107754369e+02,4.042874332175245513e+02,3.873349534298488805e+01,2.025686892245630588e-01
1.391000000000000000e+03,4.001161903435507270e+02,4.045205473201548898e+02,3.700599195477888514e+01,-1.161903435507269933e-01
1.392000000000000000e+03,4.001471586605737798e+02,4.043584980771449864e+02,3.565040562564469440e+01,-1.471586605737797981e-01
1.393000000000000000e+03,3.999402593266835879e+02,4.044976088099298295e+02,3.570170197803449952e+01,5.974067331641208511e-02
1.394000000000000000e+03,4.001300905848614775e+02,4.039992197443600617e+02,3.674383011152539069e+01,-1.300905848614775095e-01
1.395000000000000000e+03,4.002451663139841571e+02,4.045625794215195015e+02,3.590810266986766663e+01,-2.451663139841571137e-01
1.396000000000000000e+03,3.999886428048420157e+02,4.042245498088768159e+02,3.549467837464613496e+01,1.135719515798427892e-02
1.397000000000000000e+03,3.993997980416996256e+02,4.046484459434158225e+02,3.672435629054886874e+01,6.002019583003743719e-01
1.398000000000000000e+03,3.997134983806423065e+02,4.046178209929840364e+02,3.923517668438585559e+01,2.865016193576934711e-01
1.399000000000000000e+03,4.001840076114884255e+02,4.043076546892017973e+02,3.754535224778304325e+01,-1.840076114884254821e-01
1.400000000000000000e+03,4.006070930431235979e+02,4.047149520446471911e+02,3.544640799418731802e+01,-6.070930431235979086e-01
1.401000000000000000e+03,3.994079689494527088e+02,4.042553121739247786e+02,3.380761438959187615e+01,5.920310505472912155e-01
1.402000000000000000e+03,4.001883382633520228e+02,4.044500111213164928e+02,3.937489551882020322e+01,-1.883382633520227500e-01
1.403000000000000000e+03,3.992590814118516960e+02,4.039130381952140851e+02,3.560605816856433137e+01,7.409185881483040248e-01
1.404000000000000000e+03,3.997245360025061132e+02,4.045867082640087915e+02,3.980295022073381261e+01,2.754639974938868363e-01
1.405000000000000000e+03,3.996382525624931077e+02,4.050490902244686708e+02,3.742014217872594628e+01,3.617474375068923109e-01
1.406000000000000000e+03,3.997794225113323705e+02,4.044714988569453453e+02,3.780616511895460263e+01,2.205774886676294955e-01
1.407000000000000000e+03,4.000385895081860781e+02,4.046697348225475253e+02,3.716853044784923554e+01,-3.858950818607809197e-02
1.408000000000000000e+03,3.999810507942556228e+02,4.041129953735956519e+02,3.610728997979175148e+01,1.894920574437719551e-02
1.409000000000000000e+03,4.000452819412951726e+02,4.039753263156407002e+02,3.654081171817752960e+01,-4.528194129517260080e-02
1.410000000000000000e+03,3.996536382420362088e+02,4.046516465848004032e+02,3.635922165208125989e+01,3.463617579637912058e-01
1.411000000000000000e+03,3.999950552587623065e+02,4.044663956878366093e+02,3.816742512345003036e+01,4.944741237693506264e-03
1.412000000000000000e+03,3.999757031488312009e+02,4.040669694483710259e+02,3.655900887736977012e+01,2.429685116879909401e-02
1.413000000000000000e+03,3.998694981127406436e+02,4.047069563558113714e+02,3.673926442283339355e+01,1.305018872593564083e-01
1.414000000000000000e+03,3.996014918524263067e+02,4.042980415305399902e+02,3.726035263234234662e+01,3.985081475736933498e-01
1.415000000000000000e+03,4.000654598785227449e+02,4.040111110067294931e+02,3.841952430597160628e+01,-6.545987852274492980e-02
1.416000000000000000e+03,3.997429009545219856e+02,4.033613963856892042e+02,3.626718541172088095e+01,2.570990454780144319e-01
1.417000000000000000e+03,3.998425583264937586e+02,4.041146605823012692e+02,3.782395537207232650e+01,1.574416735062413863e-01
1.418000000000000000e+03,4.002448422741693435e+02,4.041893639609837123e+02,3.733674002128754665e+01,-2.448422741693434546e-01
1.419000000000000000e+03,4.002029205272683612e+02,4.046390764717156685e+02,3.560542644323600570e+01,-2.029205272683611838e-01
1.420000000000000000e+03,3.997194162392016210e+02,4.037691954745634462e+02,3.600453667725645346e+01,2.805837607983789894e-01
1.421000000000000000e+03,4.001142832384403505e+02,4.037535643917801735e+02,3.823280918458017652e+01,-1.142832384403504875e-01
1.422000000000000000e+03,4.001419602895189200e+02,4.044245759423155278e+02,3.635376088168568032e+01,-1.419602895189200353e-01
1.423000000000000000e+03,3.998774962924237570e+02,4.044047312426656049e+02,3.632537499299796480e+01,1.225037075762429595e-01
1.424000000000000000e+03,4.004952836919375159e+02,4.044172698731642299e+02,3.755116476270805492e+01,-4.952836919375158686e-01
1.425000000000000000e+03,4.002628138801540558e+02,4.046305363309235759e+02,3.477500528948738179e+01,-2.628138801540558234e-01
1.426000000000000000e+03,3.991624124735337205e+02,4.047809063215192396e+02,3.603322743628459079e+01,8.375875264662795416e-01
1.427000000000000000e+03,3.992821307605542529e+02,4.043745889088603462e+02,4.086806187283459479e+01,7.178692394457470982e-01
1.428000000000000000e+03,4.002951408635641428e+02,4.041168941361021325e+02,3.983124811723205738e+01,-2.951408635641428191e-01
1.429000000000000000e+03,4.003159497475344324e+02,4.046063005784079110e+02,3.514958729555981165e+01,-3.159497475344323902e-01
1.430000000000000000e+03,4.005561099313190425e+02,4.046492043127262832e+02,3.539278114589357216e+01,-5.561099313190425164e-01
1.431000000000000000e+03,4.002237975556872698e+02,4.044921699304939011e+02,3.457609239330315631e+01,-2.237975556872697780e-01
1.432000000000000000e+03,4.000707759914992607e+02,4.043276294378899252e+02,3.628739921903850529e+01,-7.077599149926072641e-02
1.433000000000000000e+03,4.005131582966416204e+02,4.043469885944825251e+02,3.695338974928554165e+01,-5.131582966416203817e-01
1.434000000000000000e+03,3.996218108624641445e+02,4.043588660858002868e+02,3.494011894215467606e+01,3.781891375358554797e-01
1.435000000000000000e+03,4.003480358124569989e+02,4.038283726275963090e+02,3.897665992701217874e+01,-3.480358124569988831e-01
1.436000000000000000e+03,4.001477522775302873e+02,4.044643041992617896e+02,3.546389047214190526e+01,-1.477522775302873015e-01
1.437000000000000000e+03,3.999365763819508857e+02,4.043956544137150786e+02,3.646078909646212907e+01,6.342361804911433865e-02
1.438000000000000000e+03,3.998013568644040561e+02,4.043605908249666641e+02,3.735606646455555335e+01,1.986431355959439315e-01
1.439000000000000000e+03,4.002237978255683970e+02,4.043631541304950474e+02,3.781961892937945890e+01,-2.237978255683970019e-01
1.440000000000000000e+03,3.993837793528080624e+02,4.044255449246983858e+02,3.582746082502439577e+01,6.162206471919375872e-01
1.441000000000000000e+03,4.001330587503392167e+02,4.048381226659500385e+02,3.959672442003780901e+01,-1.330587503392166582e-01
1.442000000000000000e+03,4.001261636705885394e+02,4.044514227241508024e+02,3.599075601092589238e+01,-1.261636705885393894e-01
1.443000000000000000e+03,3.999557545738197177e+02,4.044697144001883089e+02,3.617145507550034722e+01,4.424542618028226570e-02
1.444000000000000000e+03,3.999973631550074060e+02,4.044234512879797308e+02,3.701054762454973712e+01,2.636844992593978532e-03
1.445000000000000000e+03,4.003347541757258341e+02,4.046367879027564527e+02,3.680879793947155321e+01,-3.347541757258341022e-01
1.446000000000000000e+03,3.997398823757171158e+02,4.044244091755209638e+02,3.534554989673269176e+01,2.601176242828842078e-01
1.447000000000000000e+03,3.996370494690684723e+02,4.049006256474882548e+02,3.810690420016666735e+01,3.629505309315277373e-01
1.448000000000000000e+03,3.999682309553854225e+02,4.049604114300893229e+02,3.837158230844154616e+01,3.176904461457752404e-02
1.449000000000000000e+03,4.000788828801926229e+02,4.042917865594093882e+02,3.676140505310019790e+01,-7.888288019262290618e-02
1.450000000000000000e+03,4.002660081774748164e+02,4.043084670049159968e+02,3.633820629340003450e+01,-2.660081774748164207e-01
1.451000000000000000e+03,3.997599482939150448e+02,4.044985932367951023e+02,3.561843985147825009e+01,2.400517060849551854e-01
1.452000000000000000e+03,4.003865134515315845e+02,4.040664236520833583e+02,3.797849031473614190e+01,-3.865134515315844510e-01
1.453000000000000000e+03,4.000875217647564455e+02,4.039328830679761495e+02,3.509895685529622966e+01,-8.752176475644546372e-02
1.454000000000000000e+03,3.996036751165504484e+02,4.043068702045414966e+02,3.661117422281961353e+01,3.963248834495516348e-01
1.455000000000000000e+03,3.999341611531621652e+02,4.043584464648636754e+02,3.870556717240722833e+01,6.583884683783480796e-02
1.456000000000000000e+03,3.998511941215265324e+02,4.044019706893654416e+02,3.701751040672096593e+01,1.488058784734676010e-01
1.457000000000000000e+03,3.999450771327224174e+02,4.039833400900384390e+02,3.738302010600575898e+01,5.492286727758255438e-02
1.458000000000000000e+03,4.004922131749624441e+02,4.039583515724836502e+02,3.693943276110415752e+01,-4.922131749624440999e-01
1.459000000000000000e+03,4.001358570455275299e+02,4.043158251212536811e+02,3.458181323907758298e+01,-1.358570455275298627e-01
1.460000000000000000e+03,4.008656730331673543e+02,4.044554226836880275e+02,3.642051015530034164e+01,-8.656730331673543333e-01
1.461000000000000000e+03,3.996762574382637467e+02,4.045090518282920016e+02,3.324448384674463597e+01,3.237425617362532648e-01
1.462000000000000000e+03,4.000330140876244513e+02,4.042419752468048841e+02,3.877912611138637544e+01,-3.301408762445134926e-02
1.463000000000000000e+03,4.000758970424116114e+02,4.044565805420318156e+02,3.685698259063144633e+01,-7.589704241161143727e-02
1.464000000000000000e+03,3.997238662088917067e+02,4.039693829453854619e+02,3.659945333545589818e+01,2.761337911082932806e-01
1.465000000000000000e+03,4.000730571899822507e+02,4.042330563435825752e+02,3.810402311266131647e+01,-7.305718998225074756e-02
1.466000000000000000e+03,4.001875452357961080e+02,4.044015318064236340e+02,3.638772364434740325e+01,-1.875452357961080452e-01
1.467000000000000000e+03,3.994063994492443612e+02,4.043690589724548659e+02,3.593320989120455522e+01,5.936005507556387784e-01
1.468000000000000000e+03,4.004482293455636750e+02,4.045087844773412371e+02,3.942196260718354495e+01,-4.482293455636749968e-01
1.469000000000000000e+03,3.998703752249103900e+02,4.043130412506944822e+02,3.455374326330350954e+01,1.296247750896100115e-01
1.470000000000000000e+03,3.998079771491064776e+02,4.041860399611709340e+02,3.737268735546896181e+01,1.920228508935224454e-01
1.471000000000000000e+03,3.999726249774540179e+02,4.045472083861662895e+02,3.755637063269215048e+01,2.737502254598211948e-02
1.472000000000000000e+03,4.000730757935905899e+02,4.040055595500202799e+02,3.675252004484471513e+01,-7.307579359058991031e-02
1.473000000000000000e+03,3.999112122852251900e+02,4.039809565648649254e+02,3.634219044632893514e+01,8.878771477480995600e-02
1.474000000000000000e+03,4.001770211424085346e+02,4.040008425001252022e+02,3.711677556033468761e+01,-1.770211424085346152e-01
1.475000000000000000e+03,3.999826672287074985e+02,4.048182337286831967e+02,3.592495449821348785e+01,1.733277129250154758e-02
1.476000000000000000e+03,4.006384522530348136e+02,4.042667627969264572e+02,3.688108363649811139e+01,-6.384522530348135660e-01
1.477000000000000000e+03,3.996354943840667033e+02,4.042323841492856218e+02,3.399658334556816186e+01,3.645056159332966672e-01
1.478000000000000000e+03,4.000298040874978938e+02,4.049670156998026869e+02,3.866774502117330314e+01,-2.980408749789376088e-02
1.479000000000000000e+03,4.000124876793301496e+02,4.046773559747674653e+02,3.664640146684670441e+01,-1.248767933014960363e-02
1.480000000000000000e+03,3.996859890829859978e+02,4.043409395968956801e+02,3.671640472363699814e+01,3.140109170140021888e-01
1.481000000000000000e+03,3.998263500391457796e+02,4.045473486192525456e+02,3.812640871725922409e+01,1.736499608542203532e-01
1.482000000000000000e+03,3.999474788184036242e+02,4.047084587352542258e+02,3.734746868704148426e+01,5.252118159637575445e-02
1.483000000000000000e+03,4.004659793226163060e+02,4.047568978447872041e+02,3.678413985228845462e+01,-4.659793226163060353e-01
1.484000000000000000e+03,4.001921813348352543e+02,4.046055515355113812e+02,3.456492469311048410e+01,-1.921813348352543471e-01
1.485000000000000000e+03,3.998843079475701074e+02,4.040375961471788173e+02,3.603928578601207278e+01,1.156920524298925557e-01
1.486000000000000000e+03,4.004560327419308123e+02,4.044753000257146027e+02,3.742534978243718058e+01,-4.560327419308123353e-01
1.487000000000000000e+03,4.000966557237232450e+02,4.042861280550325773e+02,3.480659205319551575e+01,-9.665572372324504613e-02
1.488000000000000000e+03,3.998159061981361901e+02,4.044132377768952438e+02,3.656527473244604209e+01,1.840938018638098583e-01
1.489000000000000000e+03,4.004093387418698740e+02,4.045085007290678618e+02,3.773023267618898302e+01,-4.093387418698739566e-01
1.490000000000000000e+03,3.998824415329887643e+02,4.042623831524792308e+02,3.496219448119048678e+01,1.175584670112357344e-01
1.491000000000000000e+03,3.998837357173935629e+02,4.046960453990739097e+02,3.742654201285295557e+01,1.162642826064370638e-01
1.492000000000000000e+03,3.998940679146530783e+02,4.045513334244717498e+02,3.726608375978787535e+01,1.059320853469216672e-01
1.493000000000000000e+03,3.997907220007745082e+02,4.047571047189800311e+02,3.711860247889072184e+01,2.092779992254918398e-01
1.494000000000000000e+03,4.005407085528626112e+02,4.042905684209551396e+02,3.750770736946583384e+01,-5.407085528626112136e-01
1.495000000000000000e+03,3.996156177810011627e+02,4.040256997938939207e+02,3.414986949756811896e+01,3.843822189988372884e-01
1.496000000000000000e+03,3.992576950384669772e+02,4.046021776026119028e+02,3.849165838418455365e+01,7.423049615330228335e-01
1.497000000000000000e+03,3.999888389515386962e+02,4.043214405713982273e+02,3.979895865934697952e+01,1.116104846130383521e-02
1.498000000000000000e+03,3.998381677535288077e+02,4.041600637502953077e+02,3.627926735274992609e+01,1.618322464711923203e-01
1.499000000000000000e+03,4.002049363854902140e+02,4.041567243968892171e+02,3.708885375995682665e+01,-2.049363854902139792e-01
1.500000000000000000e+03,3.997219100864550683e+02,4.049936234899610668e+02,3.552470010100778097e+01,2.780899135449317328e-01
1.501000000000000000e+03,3.994898943851735567e+02,4.049030955247473003e+02,3.783875749102325159e+01,5.101056148264433432e-01
1.502000000000000000e+03,3.999198003571250410e+02,4.043563325658879535e+02,3.875454252296470514e+01,8.019964287495895405e-02
1.503000000000000000e+03,4.002976985096677822e+02,4.040360758661324780e+02,3.671415826495297097e+01,-2.976985096677822185e-01
1.504000000000000000e+03,3.998332113134536598e+02,4.043341349360092067e+02,3.518004460724027638e+01,1.667886865463401591e-01
1.505000000000000000e+03,4.007028176464307876e+02,4.043138426516555910e+02,3.746992585312930402e+01,-7.028176464307875904e-01
1.506000000000000000e+03,4.000086121151305179e+02,4.044058152034953082e+02,3.362705232219609286e+01,-8.612115130517850048e-03
1.507000000000000000e+03,3.999120053631961582e+02,4.042058418232342092e+02,3.704331982363608233e+01,8.799463680384178588e-02
1.508000000000000000e+03,3.999927727198796674e+02,4.040402837081390430e+02,3.737173622362062986e+01,7.227280120332579827e-03
1.509000000000000000e+03,3.999262695131146756e+02,4.054364943791700853e+02,3.690781641208947406e+01,7.373048688532435335e-02
1.510000000000000000e+03,3.996869719028146051e+02,4.048833067270720676e+02,3.716232681528278192e+01,3.130280971853949268e-01
1.511000000000000000e+03,4.002485657664780092e+02,4.040640766255708627e+02,3.814920665743998995e+01,-2.485657664780092091e-01
1.512000000000000000e+03,3.998875409883340240e+02,4.043398316693605921e+02,3.554946922924933261e+01,1.124590116659760497e-01
1.513000000000000000e+03,3.997711006662776185e+02,4.047217859524033088e+02,3.730178400292000873e+01,2.288993337223814706e-01
1.514000000000000000e+03,4.002254572676988005e+02,4.043911459786368141e+02,3.774946204696666285e+01,-2.254572676988004787e-01
1.515000000000000000e+03,3.999227513191218577e+02,4.043595736114388615e+02,3.567559855496029542e+01,7.724868087814229511e-02
1.516000000000000000e+03,4.001826019626481639e+02,4.041838540659787213e+02,3.715911996772537407e+01,-1.826019626481638625e-01
1.517000000000000000e+03,4.005220235505483402e+02,4.045839178352565568e+02,3.598509293423698807e+01,-5.220235505483401539e-01
1.518000000000000000e+03,3.996931981381397918e+02,4.043213076705762887e+02,3.460486539296869779e+01,3.068018618602081915e-01
1.519000000000000000e+03,3.996684133804206454e+02,4.044797769752534577e+02,3.844316099402821152e+01,3.315866195793546467e-01
1.520000000000000000e+03,4.001428329601320115e+02,4.048569536107643785e+02,3.828646398847504173e+01,-1.428329601320115216e-01
1.521000000000000000e+03,3.996389098837655069e+02,4.043041031745484588e+02,3.603463978423972236e+01,3.610901162344930526e-01
1.522000000000000000e+03,3.997878427660972989e+02,4.042521813091585159e+02,3.834640719046269908e+01,2.121572339027011367e-01
1.523000000000000000e+03,3.996610224498153912e+02,4.045829667866362911e+02,3.752865367220650938e+01,3.389775501846088446e-01
1.524000000000000000e+03,3.998269835495225948e+02,4.049102306378040339e+02,3.805161520287479959e+01,1.730164504774052148e-01
1.525000000000000000e+03,3.996682144322833210e+02,4.038694941674301049e+02,3.725568338012918446e+01,3.317855677166789974e-01
1.526000000000000000e+03,3.998816107046537240e+02,4.046235580250461794e+02,3.799237083425997952e+01,1.183892953462759579e-01
1.527000000000000000e+03,3.998617882914589359e+02,4.045210906749872493e+02,3.702459733099399131e+01,1.382117085410641266e-01
1.528000000000000000e+03,4.000355264122852645e+02,4.040217328789646558e+02,3.720244013226916024e+01,-3.552641228526454142e-02
1.529000000000000000e+03,3.999894074766344829e+02,4.045597818631571272e+02,3.650476527297697515e+01,1.059252336551708140e-02
1.530000000000000000e+03,3.999824642849078487e+02,4.042610341113175991e+02,3.683747741741387927e+01,1.753571509215134938e-02
1.531000000000000000e+03,4.000190987290365570e+02,4.039039753748390922e+02,3.693611897097108709e+01,-1.909872903655696064e-02
1.532000000000000000e+03,3.995791989217773903e+02,4.040458791684657740e+02,3.682139417737371900e+01,4.208010782226097035e-01
1.533000000000000000e+03,4.002873989566582509e+02,4.044305835848679180e+02,3.878924451963985831e+01,-2.873989566582508814e-01
1.534000000000000000e+03,4.003671379843605678e+02,4.041217943478728216e+02,3.552413141602300328e+01,-3.671379843605677706e-01
1.535000000000000000e+03,4.004475255084721539e+02,4.043701358631320772e+02,3.541175180229087260e+01,-4.475255084721538879e-01
1.536000000000000000e+03,3.994611040553504608e+02,4.045042757922367969e+02,3.525129516546353869e+01,5.388959446495391603e-01
1.537000000000000000e+03,4.005115776787266668e+02,4.047776019064939987e+02,3.970711956676206711e+01,-5.115776787266668180e-01
1.538000000000000000e+03,3.998618049481519847e+02,4.043764709865328655e+02,3.474123897870515520e+01,1.381950518480152823e-01
1.539000000000000000e+03,4.000220549947453037e+02,4.040242405348588477e+02,3.783344461951785576e+01,-2.205499474530370208e-02
1.540000000000000000e+03,4.002836616613885781e+02,4.043787904517406560e+02,3.698074443562578750e+01,-2.836616613885780680e-01
1.541000000000000000e+03,3.999538885481923103e+02,4.050162516797990975e+02,3.581561649868417163e+01,4.611145180768971841e-02
1.542000000000000000e+03,4.003075680721962044e+02,4.050002612484366296e+02,3.736099691165414782e+01,-3.075680721962044117e-01
1.543000000000000000e+03,3.998701977850793128e+02,4.043207148241259574e+02,3.572292960123485273e+01,1.298022149206872200e-01
1.544000000000000000e+03,4.000712963509725455e+02,4.043675261350994674e+02,3.773471692814990774e+01,-7.129635097254549692e-02
1.545000000000000000e+03,3.997475634739328143e+02,4.047030605828649072e+02,3.670719659120135248e+01,2.524365260671856959e-01
1.546000000000000000e+03,3.999093258774988158e+02,4.047902697232432843e+02,3.811567887690161882e+01,9.067412250118422889e-02
1.547000000000000000e+03,4.000104320966548244e+02,4.043566970584738556e+02,3.724947531826334313e+01,-1.043209665482436321e-02
1.548000000000000000e+03,4.002311935509276282e+02,4.044081138052851543e+02,3.678517957590304377e+01,-2.311935509276281664e-01
1.549000000000000000e+03,4.002782168289930951e+02,4.045943176027807908e+02,3.585893451802749610e+01,-2.782168289930950777e-01
1.550000000000000000e+03,3.995886221823594155e+02,4.043303502326023136e+02,3.578494715020023875e+01,4.113778176405844533e-01
1.551000000000000000e+03,4.002332609417896947e+02,4.044664094091515381e+02,3.889542794440290407e+01,-2.332609417896946979e-01
1.552000000000000000e+03,3.996680416209381406e+02,4.047335180884571741e+02,3.581347703897542090e+01,3.319583790618594321e-01
1.553000000000000000e+03,4.002035739527592000e+02,4.051259462435151022e+02,3.841634002332704512e+01,-2.035739527591999831e-01
1.554000000000000000e+03,4.000927338714191137e+02,4.048611509829071338e+02,3.589616563555859585e+01,-9.273387141911371145e-02
1.555000000000000000e+03,3.997239580379286394e+02,4.046154382508543108e+02,3.652216743859519710e+01,2.760419620713605582e-01
1.556000000000000000e+03,4.000817003049237428e+02,4.046537811545391037e+02,3.816745282089158309e+01,-8.170030492374280584e-02
1.557000000000000000e+03,4.001336498992109227e+02,4.041457460333473932e+02,3.645245523283323763e+01,-1.336498992109227402e-01
1.558000000000000000e+03,4.002562585210405928e+02,4.040915516118926121e+02,3.630172289662124996e+01,-2.562585210405927683e-01
1.559000000000000000e+03,4.003657345077346577e+02,4.046625695370826179e+02,3.584146716183458636e+01,-3.657345077346576545e-01
1.560000000000000000e+03,3.999547606675867542e+02,4.046555696688322996e+02,3.546906838746686930e+01,4.523933241324584742e-02
1.561000000000000000e+03,3.995531708666725308e+02,4.041907684378129488e+02,3.737537528407670351e+01,4.468291333274692079e-01
1.562000000000000000e+03,4.004884667070135151e+02,4.045314151172320862e+02,3.899233834582491909e+01,-4.884667070135151334e-01
1.563000000000000000e+03,4.008272389910293896e+02,4.044965056652777662e+02,3.462971990543353229e+01,-8.272389910293895809e-01
1.564000000000000000e+03,4.004146432161612097e+02,4.049500162941289432e+02,3.342314042070968583e+01,-4.146432161612096934e-01
1.565000000000000000e+03,3.998207352025153227e+02,4.045034287171288270e+02,3.555211916363080604e+01,1.792647974846772740e-01
1.566000000000000000e+03,4.005986032306951756e+02,4.046030288440570644e+02,3.813685573387230221e+01,-5.986032306951756254e-01
1.567000000000000000e+03,4.001066303699069522e+02,4.047124101964369061e+02,3.443786879455336702e+01,-1.066303699069521826e-01
1.568000000000000000e+03,3.997840383842063261e+02,4.048007232149693664e+02,3.674961324755703629e+01,2.159616157936739000e-01
1.569000000000000000e+03,4.001097594854258546e+02,4.049408373420695852e+02,3.800928316880600732e+01,-1.097594854258545638e-01
1.570000000000000000e+03,4.003091107726051519e+02,4.044900625760569142e+02,3.632648950789318576e+01,-3.091107726051518512e-01
1.571000000000000000e+03,3.995193449450817980e+02,4.050172700054433790e+02,3.543979713012823396e+01,4.806550549182020404e-01
1.572000000000000000e+03,3.996752495548422530e+02,4.047030289236902263e+02,3.896174152152224224e+01,3.247504451577469808e-01
1.573000000000000000e+03,4.002785629952394970e+02,4.045208456512953035e+02,3.794341091716779601e+01,-2.785629952394970132e-01
1.574000000000000000e+03,3.997538898673886365e+02,4.044199431635560131e+02,3.517264610786825330e+01,2.461101326113634968e-01
1.575000000000000000e+03,3.999539019670833682e+02,4.042804508192344315e+02,3.766665398468319381e+01,4.609803291663183700e-02
1.576000000000000000e+03,3.999459272072843419e+02,4.043894148121957528e+02,3.667432502600955502e+01,5.407279271565812451e-02
1.577000000000000000e+03,3.998034786133112561e+02,4.046416642291175663e+02,3.673216793904988009e+01,1.965213866887438598e-01
1.578000000000000000e+03,3.997114305914620900e+02,4.041934433822368646e+02,3.736764109230277597e+01,2.885694085379100216e-01
1.579000000000000000e+03,4.001511423505789935e+02,4.042523350723450903e+02,3.771302061380687576e+01,-1.511423505789935007e-01
1.580000000000000000e+03,4.001757252304642520e+02,4.045439264799755392e+02,3.572136993289013418e+01,-1.757252304642520357e-01
1.581000000000000000e+03,4.004887262216682302e+02,4.043188088299972378e+02,3.578643534285900074e+01,-4.887262216682302096e-01
1.582000000000000000e+03,3.998017057494341771e+02,4.041167895629257600e+02,3.454731670619387529e+01,1.982942505658229493e-01
1.583000000000000000e+03,4.000180401526174023e+02,4.042666810668354174e+02,3.777309988730993240e+01,-1.804015261740232745e-02
1.584000000000000000e+03,4.004124259818677274e+02,4.049463473871148835e+02,3.663882772737819948e+01,-4.124259818677273870e-01
1.585000000000000000e+03,3.996686626614276179e+02,4.048834645928161535e+02,3.489853152118681834e+01,3.313373385723821229e-01
1.586000000000000000e+03,3.997213408286098684e+02,4.041917067961936709e+02,3.831552237429765739e+01,2.786591713901316325e-01
1.587000000000000000e+03,4.000092683636499373e+02,4.040347569068320013e+02,3.783162771508513345e+01,-9.268363649937327864e-03
1.588000000000000000e+03,4.000420805226272023e+02,4.045416139560365991e+02,3.643862368089078529e+01,-4.208052262720229919e-02
1.589000000000000000e+03,3.996048344096171263e+02,4.045712599119504489e+02,3.635021183147912183e+01,3.951655903828736882e-01
1.590000000000000000e+03,3.998851390999273008e+02,4.044092239934386157e+02,3.831019638813118178e+01,1.148609000726992235e-01
1.591000000000000000e+03,3.999602550850150919e+02,4.045642845860557486e+02,3.691352131229384526e+01,3.974491498490806407e-02
1.592000000000000000e+03,3.997072679811511193e+02,4.041562688308420661e+02,3.661643562978341038e+01,2.927320188488806707e-01
1.593000000000000000e+03,4.000433539490142039e+02,4.043753453293378470e+02,3.778204355889378974e+01,-4.335394901420386304e-02
1.594000000000000000e+03,3.999311113201913486e+02,4.044389501211855418e+02,3.624072520099106498e+01,6.888867980865143181e-02
1.595000000000000000e+03,3.996476537752351987e+02,4.045822733855218871e+02,3.685169090704706463e+01,3.523462247648012635e-01
1.596000000000000000e+03,4.000849391674210551e+02,4.040349306481787153e+02,3.811675616755275087e+01,-8.493916742105511730e-02
1.597000000000000000e+03,3.996363002063848171e+02,4.049372820287642298e+02,3.609750801363053085e+01,3.636997936151828981e-01
1.598000000000000000e+03,4.006307691389394563e+02,4.047998806373007596e+02,3.820079798650141356e+01,-6.307691389394562975e-01
1.599000000000000000e+03,3.998572825101098260e+02,4.044739721979946125e+02,3.374852075134031537e+01,1.427174898901739653e-01
1.600000000000000000e+03,4.001642075162367291e+02,4.039347249660859234e+02,3.753386952992708814e+01,-1.642075162367291341e-01
1.601000000000000000e+03,4.001676808567606258e+02,4.038974093983503622e+02,3.608444300112030589e+01,-1.676808567606258293e-01
1.602000000000000000e+03,3.998642299232135997e+02,4.042192836461973684e+02,3.614541645206147535e+01,1.357700767864002955e-01
1.603000000000000000e+03,4.001763774092713675e+02,4.047894131710658030e+02,3.751597848162898430e+01,-1.763774092713674690e-01
1.604000000000000000e+03,3.999397219470167215e+02,4.043353615098472460e+02,3.603484816164687743e+01,6.027805298327848504e-02
1.605000000000000000e+03,3.997313166588008357e+02,4.045373300423276532e+02,3.713871720128307885e+01,2.686833411991642606e-01
1.606000000000000000e+03,3.998836883417274635e+02,4.040893325111204604e+02,3.797606617703903709e+01,1.163116582725365333e-01
1.607000000000000000e+03,4.000589321733127690e+02,4.039288059728306166e+02,3.716437531069830413e+01,-5.893217331276900950e-02
1.608000000000000000e+03,3.997863234506667141e+02,4.044727380138247668e+02,3.638256145335018488e+01,2.136765493332859478e-01
1.609000000000000000e+03,4.001412141158478448e+02,4.042499628576541113e+02,3.764819271455877470e+01,-1.412141158478448233e-01
1.610000000000000000e+03,4.001684799195508049e+02,4.045203672511538002e+02,3.602112447050406985e+01,-1.684799195508048797e-01
1.611000000000000000e+03,3.998156643664787566e+02,4.043617479703432878e+02,3.602666943308102532e+01,1.843356335212433805e-01
1.612000000000000000e+03,4.003507084669988103e+02,4.051714957598348406e+02,3.765874994945835397e+01,-3.507084669988103087e-01
1.613000000000000000e+03,4.003913572907903244e+02,4.046021246659526582e+02,3.521443651082613968e+01,-3.913572907903244413e-01
1.614000000000000000e+03,3.999896480795382558e+02,4.042202577207379477e+02,3.522465493096461131e+01,1.035192046174415736e-02
1.615000000000000000e+03,3.997926842174690591e+02,4.042053360901830956e+02,3.711098656353382097e+01,2.073157825309408508e-01
1.616000000000000000e+03,3.998092479655809370e+02,4.044529055713824164e+02,3.785337528642349270e+01,1.907520344190629658e-01
1.617000000000000000e+03,3.996600877085198249e+02,4.047417081858726533e+02,3.760549126185255631e+01,3.399122914801750994e-01
1.618000000000000000e+03,3.999848337233163420e+02,4.039332060079618145e+02,3.815019416083960380e+01,1.516627668365799764e-02
1.619000000000000000e+03,3.998806667049908015e+02,4.041612390115796529e+02,3.659729731724104340e+01,1.193332950091985367e-01
1.620000000000000000e+03,3.998164843876013492e+02,4.043504045263900366e+02,3.712702181104873489e+01,1.835156123986507737e-01
1.621000000000000000e+03,4.001229407349862868e+02,4.046052822318293920e+02,3.741036044721820275e+01,-1.229407349862867704e-01
1.622000000000000000e+03,4.001289232638824274e+02,4.043355585209910714e+02,3.605121999339356620e+01,-1.289232638824273636e-01
1.623000000000000000e+03,3.997834432943017759e+02,4.042652360131023670e+02,3.616464286362715086e+01,2.165567056982240501e-01
1.624000000000000000e+03,4.003853066319817913e+02,4.043696012525881542e+02,3.776589466314086962e+01,-3.853066319817912699e-01
1.625000000000000000e+03,3.999010928469384112e+02,4.046437258844988492e+02,3.503637436103503688e+01,9.890715306158881504e-02
1.626000000000000000e+03,4.001203626787211078e+02,4.041602626373003204e+02,3.737283720547743826e+01,-1.203626787211078408e-01
1.627000000000000000e+03,3.995902863160662264e+02,4.041540479326213244e+02,3.632436630836195945e+01,4.097136839337736092e-01
1.628000000000000000e+03,4.004782438224946759e+02,4.042050676631425290e+02,3.868062951079875234e+01,-4.782438224946758965e-01
1.629000000000000000e+03,3.999033757079440079e+02,4.049578424252070477e+02,3.458052701588759703e+01,9.662429205599210036e-02
1.630000000000000000e+03,3.997245981830635060e+02,4.048100016495701539e+02,3.737224005687752992e+01,2.754018169364940150e-01
1.631000000000000000e+03,4.000426004086126568e+02,4.041163152300511001e+02,3.805346329580503806e+01,-4.260040861265679268e-02
1.632000000000000000e+03,3.996116358404368611e+02,4.048450974272067810e+02,3.651664942447462892e+01,3.883641595631388554e-01
1.633000000000000000e+03,4.003325551187793963e+02,4.046545768565860612e+02,3.845571732871940185e+01,-3.325551187793962526e-01
1.634000000000000000e+03,4.003599372182891329e+02,4.041215048315275453e+02,3.514550358278687270e+01,-3.599372182891329430e-01
1.635000000000000000e+03,3.999324133395009540e+02,4.045354548667040717e+02,3.527329398909497371e+01,6.758666049904604733e-02
1.636000000000000000e+03,4.004901939561089534e+02,4.049461855059037134e+02,3.730843102659029142e+01,-4.901939561089534436e-01
1.637000000000000000e+03,4.001292314192084518e+02,4.046835070670628625e+02,3.477455039166553519e+01,-1.292314192084518254e-01
1.638000000000000000e+03,4.000555708189108373e+02,4.051527515825797536e+02,3.654812460577293365e+01,-5.557081891083726077e-02
1.639000000000000000e+03,4.003201535504747994e+02,4.045407761211935167e+02,3.681346044721513522e+01,-3.201535504747994310e-01
1.640000000000000000e+03,3.999978672065874434e+02,4.045979564210657600e+02,3.557956269811256078e+01,2.132793412556566182e-03
1.641000000000000000e+03,4.001522642132497367e+02,4.043128406771327263e+02,3.705316015302962285e+01,-1.522642132497367129e-01
1.642000000000000000e+03,4.002860741937667513e+02,4.049306011780127506e+02,3.625850771780732629e+01,-2.860741937667512502e-01
1.643000000000000000e+03,3.999298536235486949e+02,4.043762886566832435e+02,3.566437316587776252e+01,7.014637645130505916e-02
1.644000000000000000e+03,3.994230782709137770e+02,4.050219594214022436e+02,3.726740874786433011e+01,5.769217290862229675e-01
1.645000000000000000e+03,4.001468856380101897e+02,4.040890150938331544e+02,3.932771398331355783e+01,-1.468856380101897230e-01
1.646000000000000000e+03,4.000132622928269370e+02,4.047513332138263991e+02,3.582705851567857991e+01,-1.326229282693702771e-02
1.647000000000000000e+03,3.995107851904394920e+02,4.050728454465364052e+02,3.654224636189012188e+01,4.892148095605080016e-01
1.648000000000000000e+03,4.003089742215079809e+02,4.047722816940959092e+02,3.875497246894002501e+01,-3.089742215079809284e-01
1.649000000000000000e+03,4.010116446761143152e+02,4.042916886191384833e+02,3.504812298651592783e+01,-1.011644676114315189e+00
1.650000000000000000e+03,4.005742832704525540e+02,4.050463003966088422e+02,3.223156301827814474e+01,-5.742832704525540066e-01
1.651000000000000000e+03,3.996746500387692436e+02,4.052003300373266370e+02,3.463517816692195339e+01,3.253499612307564348e-01
1.652000000000000000e+03,3.999964920782217632e+02,4.041865239429013741e+02,3.864928458732791938e+01,3.507921778236777755e-03
1.653000000000000000e+03,3.999853439297114051e+02,4.036181334939299177e+02,3.685187139308825266e+01,1.465607028859494676e-02
1.654000000000000000e+03,3.997448881883399281e+02,4.044980855396237303e+02,3.679395822143231243e+01,2.551118116600719077e-01
1.655000000000000000e+03,4.004296782220021669e+02,4.047412312096982419e+02,3.776257353403261163e+01,-4.296782220021668763e-01
1.656000000000000000e+03,3.996218447792147686e+02,4.042710067626530304e+02,3.460615754213620932e+01,3.781552207852314496e-01
1.657000000000000000e+03,4.005877004442191378e+02,4.040450232854846604e+02,3.834945907361134942e+01,-5.877004442191378075e-01
1.658000000000000000e+03,3.999123522135033113e+02,4.039791565636666064e+02,3.388544195702861117e+01,8.764778649668869548e-02
1.659000000000000000e+03,3.998105508439559230e+02,4.040520391413414814e+02,3.713426546754759272e+01,1.894491560440769717e-01
1.660000000000000000e+03,3.997232438745542140e+02,4.043170939934844341e+02,3.743994111240576217e+01,2.767561254457859832e-01
1.661000000000000000e+03,3.995758182156068301e+02,4.043938646630340372e+02,3.767890262963687320e+01,4.241817843931698917e-01
1.662000000000000000e+03,3.998586463955098225e+02,4.046698513765159078e+02,3.818908656340647667e+01,1.413536044901775313e-01
1.663000000000000000e+03,3.999638536720186721e+02,4.046785911844793304e+02,3.680480329117417426e+01,3.614632798132788594e-02
1.664000000000000000e+03,3.997362962124696537e+02,4.042987842301744763e+02,3.639542155158338232e+01,2.637037875303462897e-01
1.665000000000000000e+03,3.997134839190553066e+02,4.041826132289965585e+02,3.747905017462263544e+01,2.865160809446933854e-01
1.666000000000000000e+03,3.998104249866782993e+02,4.045386396263459119e+02,3.753480171516533659e+01,1.895750133217006805e-01
1.667000000000000000e+03,3.999479202390166961e+02,4.046170879891542427e+02,3.708250381158502762e+01,5.207976098330391324e-02
1.668000000000000000e+03,3.996250921795372051e+02,4.046292508005967647e+02,3.652183618363364559e+01,3.749078204627949162e-01
1.669000000000000000e+03,4.001923598375848314e+02,4.050438104961897352e+02,3.803118407519558275e+01,-1.923598375848314390e-01
1.670000000000000000e+03,4.004124987008693779e+02,4.048231410596141018e+02,3.547637287931953409e+01,-4.124987008693778989e-01
1.671000000000000000e+03,4.004212273379920362e+02,4.048005915756037894e+02,3.474912460173214157e+01,-4.212273379920361549e-01
1.672000000000000000e+03,4.002724391776022230e+02,4.045461252690420224e+02,3.497097270575722661e+01,-2.724391776022230260e-01
1.673000000000000000e+03,4.000403325634636076e+02,4.043444244760084985e+02,3.578716105227756827e+01,-4.033256346360758471e-02
1.674000000000000000e+03,3.999190221524757476e+02,4.042293206528254927e+02,3.682580472771572033e+01,8.097784752425241095e-02
1.675000000000000000e+03,3.992360212484459225e+02,4.047807075690191709e+02,3.724949130904992245e+01,7.639787515540774621e-01
1.676000000000000000e+03,4.000861757643849046e+02,4.049049801263952872e+02,4.009355935724937581e+01,-8.617576438490459623e-02
1.677000000000000000e+03,4.002788388872203882e+02,4.042110282580885610e+02,3.596861310396942457e+01,-2.788388872203881874e-01
1.678000000000000000e+03,3.997925705433838175e+02,4.050814360899320263e+02,3.527899981323908918e+01,2.074294566161825060e-01
1.679000000000000000e+03,3.996310799569494066e+02,4.041623558184917329e+02,3.759310057545609851e+01,3.689200430505934492e-01
1.680000000000000000e+03,3.999606322145815511e+02,4.045740400675522892e+02,3.818663428044532537e+01,3.936778541844887513e-02
1.681000000000000000e+03,3.999863025954753084e+02,4.043131535003422528e+02,3.660415915582012758e+01,1.369740452469159209e-02
1.682000000000000000e+03,4.002028432314287443e+02,4.044450406148283719e+02,3.656538283176463011e+01,-2.028432314287442750e-01
1.683000000000000000e+03,3.999555446713940796e+02,4.043158224145638542e+02,3.568659472952929690e+01,4.445532860592038560e-02
1.684000000000000000e+03,3.996862808689283497e+02,4.042821266698754812e+02,3.691524040540897289e+01,3.137191310716502812e-01
1.685000000000000000e+03,4.000268795802182353e+02,4.045389555942243760e+02,3.806647883769525720e+01,-2.687958021823533272e-02
1.686000000000000000e+03,4.004656544754424772e+02,4.041745767252353971e+02,3.643813933566590180e+01,-4.656544754424771781e-01
1.687000000000000000e+03,4.001562353310188200e+02,4.050348367084779397e+02,3.460266421035576911e+01,-1.562353310188200339e-01
1.688000000000000000e+03,3.993395634530132270e+02,4.045265178192021835e+02,3.621571641192505808e+01,6.604365469867730098e-01
1.689000000000000000e+03,3.999853826403148105e+02,4.042800916158302016e+02,3.979138484632358086e+01,1.461735968518951267e-02
1.690000000000000000e+03,4.001693055576947131e+02,4.045514523942952110e+02,3.658651328427475846e+01,-1.693055576947131158e-01
1.691000000000000000e+03,3.998272950979898610e+02,4.049026421426905245e+02,3.585252968298969733e+01,1.727049020101389942e-01
1.692000000000000000e+03,4.000731586428106539e+02,4.043717385793663652e+02,3.748029326176023801e+01,-7.315864281065387331e-02
1.693000000000000000e+03,3.996343227757946011e+02,4.046381376622328503e+02,3.633190841939448745e+01,3.656772242053989430e-01
1.694000000000000000e+03,3.999675260129526464e+02,4.042308552406562399e+02,3.831771001019413347e+01,3.247398704735360297e-02
1.695000000000000000e+03,4.004172385334059641e+02,4.046922034549986051e+02,3.670144974558317585e+01,-4.172385334059640627e-01
1.696000000000000000e+03,3.999756428298404671e+02,4.041724631542456336e+02,3.480296608048979579e+01,2.435717015953287046e-02
1.697000000000000000e+03,4.002866584699388000e+02,4.046275942158644625e+02,3.698952015217908240e+01,-2.866584699387999535e-01
1.698000000000000000e+03,4.001878396076164108e+02,4.043325767973133793e+02,3.558521606768846368e+01,-1.878396076164108308e-01
1.699000000000000000e+03,3.998753468836085290e+02,4.049028259027844570e+02,3.613286460754112284e+01,1.246531163914710305e-01
1.700000000000000000e+03,3.998089618312063749e+02,4.046129682001975993e+02,3.751662044006748431e+01,1.910381687936251183e-01
1.701000000000000000e+03,4.002488407538831439e+02,4.046511531089345794e+02,3.766226121202834776e+01,-2.488407538831438615e-01
1.702000000000000000e+03,3.994355682683912505e+02,4.046225608389106014e+02,3.561747354949429933e+01,5.644317316087494873e-01
1.703000000000000000e+03,4.000435334020397136e+02,4.047875592470472839e+02,3.929454345339865284e+01,-4.353340203971356459e-02
1.704000000000000000e+03,3.996286685541122665e+02,4.043598882798289651e+02,3.633351686355282339e+01,3.713314458877334800e-01
1.705000000000000000e+03,3.996793401294907540e+02,4.047423258375943647e+02,3.824285169952592156e+01,3.206598705092460477e-01
1.706000000000000000e+03,4.003942686317968764e+02,4.041815726473270729e+02,3.789091387360799246e+01,-3.942686317968764342e-01
1.707000000000000000e+03,4.000948994041694959e+02,4.042102165252500754e+02,3.472329023229920608e+01,-9.489940416949593782e-02
1.708000000000000000e+03,3.999840787625009284e+02,4.043939590899842074e+02,3.635129324035795406e+01,1.592123749907159436e-02
1.709000000000000000e+03,3.998756454360333237e+02,4.043352480634466701e+02,3.689867150168360865e+01,1.243545639666763236e-01
1.710000000000000000e+03,4.000900669055560570e+02,4.045897407520023989e+02,3.735881881306379881e+01,-9.006690555605700865e-02
1.711000000000000000e+03,4.004285732571969447e+02,4.043585004333810389e+02,3.636371343392990241e+01,-4.285732571969447235e-01
1.712000000000000000e+03,3.996628658827064555e+02,4.044559795626606160e+02,3.495436547723226539e+01,3.371341172935444774e-01
1.713000000000000000e+03,3.999765033552133104e+02,4.043994532209905515e+02,3.849803526639477269e+01,2.349664478668955780e-02
1.714000000000000000e+03,4.005169060332141839e+02,4.042417614307736358e+02,3.688679142097348773e+01,-5.169060332141839353e-01
1.715000000000000000e+03,3.999310892730723026e+02,4.045270876799844473e+02,3.452600349099235189e+01,6.891072692769739660e-02
1.716000000000000000e+03,4.000947733310104582e+02,4.040277721127736186e+02,3.733771509841079705e+01,-9.477333101045815056e-02
1.717000000000000000e+03,3.997961655311754612e+02,4.042817975166899487e+02,3.649939085143098794e+01,2.038344688245388170e-01
1.718000000000000000e+03,4.001385597739893569e+02,4.040693589858936434e+02,3.779583981215514399e+01,-1.385597739893569269e-01
1.719000000000000000e+03,3.999329142372253614e+02,4.043078377250519111e+02,3.615136133814213792e+01,6.708576277463862425e-02
1.720000000000000000e+03,3.992818157770415155e+02,4.043467459733556666e+02,3.711561371191950798e+01,7.181842229584844972e-01
1.721000000000000000e+03,4.005230039827891346e+02,4.049414853555842910e+02,3.989661524470095344e+01,-5.230039827891346249e-01
1.722000000000000000e+03,3.998782056809110372e+02,4.045712725889241028e+02,3.413470173090417603e+01,1.217943190889627658e-01
1.723000000000000000e+03,3.999548604840256303e+02,4.043238772864619364e+02,3.732983305332946600e+01,4.513951597436971497e-02
1.724000000000000000e+03,4.000321503368693925e+02,4.039571019433771539e+02,3.693070948261587461e+01,-3.215033686939250401e-02
1.725000000000000000e+03,4.004731789103389588e+02,4.043728081616840200e+02,3.659064462270116280e+01,-4.731789103389587581e-01
1.726000000000000000e+03,4.000503995180127390e+02,4.040776458366470933e+02,3.470481019639500886e+01,-5.039951801273900855e-02
1.727000000000000000e+03,4.004138483377203102e+02,4.046232917451673075e+02,3.678458073406640949e+01,-4.138483377203101554e-01
1.728000000000000000e+03,4.000319980118327408e+02,4.043096264476700412e+02,3.514086360246282936e+01,-3.199801183274075811e-02
1.729000000000000000e+03,4.006607414919442363e+02,4.041415065451184319e+02,3.693677870474290614e+01,-6.607414919442362589e-01
1.730000000000000000e+03,3.999918895986212419e+02,4.045356026469818289e+02,3.408495869961225111e+01,8.110401378758069768e-03
1.731000000000000000e+03,3.993511944750498515e+02,4.046774986782602355e+02,3.722454706950755821e+01,6.488055249501485378e-01
1.732000000000000000e+03,3.992836632866676041e+02,4.045988803894393300e+02,3.982296260058378579e+01,7.163367133323959024e-01
1.733000000000000000e+03,4.003336420476991862e+02,4.045584268904367491e+02,3.967329415754928590e+01,-3.336420476991861506e-01
1.734000000000000000e+03,3.999561212811986479e+02,4.041305266646994028e+02,3.478142772380540748e+01,4.387871880135207903e-02
1.735000000000000000e+03,3.998834761856770683e+02,4.049743298357253707e+02,3.674470938773782080e+01,1.165238143229316847e-01
1.736000000000000000e+03,3.996188848495037860e+02,4.041361422154854495e+02,3.708699698905564190e+01,3.811151504962140280e-01
1.737000000000000000e+03,3.996414887429640430e+02,4.038991853518932089e+02,3.822556065753133225e+01,3.585112570359569872e-01
1.738000000000000000e+03,4.002414662008621917e+02,4.042320447601458113e+02,3.799455996497763266e+01,-2.414662008621917266e-01
1.739000000000000000e+03,3.996986712658556939e+02,4.042093242692425292e+02,3.531406356004099223e+01,3.013287341443060541e-01
1.740000000000000000e+03,4.002718229758196458e+02,4.035252259173914240e+02,3.794001141003840161e+01,-2.718229758196457624e-01
1.741000000000000000e+03,4.004621879135510767e+02,4.050528109407854345e+02,3.535082403773165538e+01,-4.621879135510766901e-01
1.742000000000000000e+03,4.004327718848095401e+02,4.041240664091549206e+02,3.474678507588849641e+01,-4.327718848095400972e-01
1.743000000000000000e+03,4.001715890954177439e+02,4.039715280788865925e+02,3.511241481606517567e+01,-1.715890954177439198e-01
1.744000000000000000e+03,3.997639277910703868e+02,4.047056517445872146e+02,3.638228792255111443e+01,2.360722089296132253e-01
1.745000000000000000e+03,3.996492735367997398e+02,4.046039340857593061e+02,3.810634889831928973e+01,3.507264632002602411e-01
1.746000000000000000e+03,4.003663061256813762e+02,4.043672877438518185e+02,3.836519160786107818e+01,-3.663061256813762157e-01
1.747000000000000000e+03,3.998093010305250914e+02,4.045161821780535547e+02,3.502578427346053758e+01,1.906989694749086084e-01
1.748000000000000000e+03,3.995853451589956080e+02,4.039466379833400538e+02,3.766561454118634344e+01,4.146548410043919830e-01
1.749000000000000000e+03,3.990475784377440505e+02,4.046246762116749096e+02,3.850566130123323916e+01,9.524215622559495387e-01
1.750000000000000000e+03,4.004369598986495475e+02,4.043094706032899808e+02,4.065580024643767842e+01,-4.369598986495475401e-01
1.751000000000000000e+03,3.990048392136855568e+02,4.046142596735647885e+02,3.422224423015538264e+01,9.951607863144431576e-01
1.752000000000000000e+03,3.996108334398711008e+02,4.044759238741032163e+02,4.091403183436040791e+01,3.891665601288991638e-01
1.753000000000000000e+03,3.994365646613723584e+02,4.045092240078989789e+02,3.787721277874455694e+01,5.634353386276416131e-01
1.754000000000000000e+03,3.999857314342779659e+02,4.045903273170243892e+02,3.869701605841122216e+01,1.426856572203405449e-02
1.755000000000000000e+03,3.998136363744334290e+02,4.043913430161642850e+02,3.627849458118771508e+01,1.863636255665710451e-01
1.756000000000000000e+03,4.000114224500171645e+02,4.042251080681645021e+02,3.730135545307861378e+01,-1.142245001716446495e-02
1.757000000000000000e+03,4.000680883998510922e+02,4.047769231307595419e+02,3.654770915098333717e+01,-6.808839985109216286e-02
1.758000000000000000e+03,4.000568717022033525e+02,4.045550099778454296e+02,3.648023337992567150e+01,-5.687170220335246995e-02
1.759000000000000000e+03,3.999087637630096879e+02,4.036920651009024823e+02,3.668156993882237060e+01,9.123623699031213619e-02
1.760000000000000000e+03,4.004623099205684866e+02,4.041567191236699728e+02,3.742554739402909547e+01,-4.623099205684866320e-01
1.761000000000000000e+03,4.005285181357544388e+02,4.045474158004392393e+02,3.500710295382426551e+01,-5.285181357544388447e-01
1.762000000000000000e+03,3.998869989411101642e+02,4.041463312065575906e+02,3.498514351057153249e+01,1.130010588898358037e-01
1.763000000000000000e+03,4.001655251041264023e+02,4.039234607450306953e+02,3.797976018346824389e+01,-1.655251041264023115e-01
1.764000000000000000e+03,3.998806282295716983e+02,4.046379987889483800e+02,3.657145898738650658e+01,1.193717704283017156e-01
1.765000000000000000e+03,4.001366207416419343e+02,4.047451783021558640e+02,3.781683694690504183e+01,-1.366207416419342735e-01
1.766000000000000000e+03,4.001699084809491751e+02,4.047657261671589595e+02,3.655855419091407299e+01,-1.699084809491751002e-01
1.767000000000000000e+03,4.000522510636848210e+02,4.045311218271234566e+02,3.644235562773716453e+01,-5.225106368482101971e-02
1.768000000000000000e+03,4.000471335475707519e+02,4.043152625929578790e+02,3.698541565000289211e+01,-4.713354757075194357e-02
1.769000000000000000e+03,4.001824642072065217e+02,4.045042464820942882e+02,3.696454322286101046e+01,-1.824642072065216780e-01
1.770000000000000000e+03,3.995788387343362160e+02,4.047787495585136526e+02,3.633945454125487373e+01,4.211612656637839791e-01
1.771000000000000000e+03,4.001507832152602759e+02,4.041141046757863933e+02,3.900962459225146972e+01,-1.507832152602759379e-01
1.772000000000000000e+03,3.997701613941442247e+02,4.044802457118373127e+02,3.624443034653919682e+01,2.298386058557753131e-01
1.773000000000000000e+03,4.007855151390276660e+02,4.046056244609645205e+02,3.800782241813063678e+01,-7.855151390276660095e-01
1.774000000000000000e+03,3.999217694365647162e+02,4.046484483145842432e+02,3.346386396128644947e+01,7.823056343528378420e-02
1.775000000000000000e+03,3.998872278187918710e+02,4.042721374548569884e+02,3.764628851056504288e+01,1.127721812081290409e-01
1.776000000000000000e+03,3.995768320705532233e+02,4.047638127442957625e+02,3.763774553844287851e+01,4.231679294467767249e-01
1.777000000000000000e+03,4.003446486377638394e+02,4.045216821175094992e+02,3.886659343005189982e+01,-3.446486377638393606e-01
1.778000000000000000e+03,3.998589149886574887e+02,4.044786227080286949e+02,3.528770951973594805e+01,1.410850113425112795e-01
1.779000000000000000e+03,4.004640728265966345e+02,4.042908260844193933e+02,3.763184340393897287e+01,-4.640728265966345134e-01
1.780000000000000000e+03,4.002880524339908561e+02,4.041309908911815114e+02,3.490275337009148870e+01,-2.880524339908561160e-01
1.781000000000000000e+03,4.005202963787572799e+02,4.044796925286815963e+02,3.590403085011707418e+01,-5.202963787572798537e-01
1.782000000000000000e+03,4.000994195331040260e+02,4.039514877263284802e+02,3.494954522458893820e+01,-9.941953310402595889e-02
1.783000000000000000e+03,4.003650498362438839e+02,4.043288158082888231e+02,3.692382823024291838e+01,-3.650498362438838740e-01
1.784000000000000000e+03,4.000322108108093175e+02,4.044331872873382849e+02,3.563734567595199820e+01,-3.221081080931753604e-02
1.785000000000000000e+03,4.002286074556902804e+02,4.045042140797727370e+02,3.712186111359780227e+01,-2.286074556902804034e-01
1.786000000000000000e+03,4.001142948506929997e+02,4.043069339398213060e+02,3.611242520260732647e+01,-1.142948506929997166e-01
1.787000000000000000e+03,4.002452317335640828e+02,4.042263169344847142e+02,3.659656559660906794e+01,-2.452317335640827878e-01
1.788000000000000000e+03,4.001391949403162585e+02,4.049331752953070236e+02,3.595041896651525093e+01,-1.391949403162584531e-01
1.789000000000000000e+03,3.998457430411993982e+02,4.040526080636467441e+02,3.641782080014461087e+01,1.542569588006017511e-01
1.790000000000000000e+03,4.005005037427561092e+02,4.041533069087478793e+02,3.763876127518716430e+01,-5.005037427561092045e-01
1.791000000000000000e+03,3.996122059507370636e+02,4.043039421945003369e+02,3.459572556617406036e+01,3.877940492629363689e-01
1.792000000000000000e+03,3.998847910378827351e+02,4.040763531427277258e+02,3.865857121361409554e+01,1.152089621172649458e-01
1.793000000000000000e+03,3.998797252812215106e+02,4.039357936683566663e+02,3.715341439838211102e+01,1.202747187784893868e-01
1.794000000000000000e+03,4.002455334025852380e+02,4.048219726845859441e+02,3.710237699924766019e+01,-2.455334025852380364e-01
1.795000000000000000e+03,3.995812675102758931e+02,4.044525072380249640e+02,3.545905404608256362e+01,4.187324897241069266e-01
1.796000000000000000e+03,3.996907656254512062e+02,4.042156860169229731e+02,3.850261892253979568e+01,3.092343745487937667e-01
1.797000000000000000e+03,4.001969702602205530e+02,4.047369957508184370e+02,3.779797700875461430e+01,-1.969702602205529729e-01
1.798000000000000000e+03,4.005343622979471547e+02,4.040749968471009765e+02,3.550344684268933548e+01,-5.343622979471547296e-01
1.799000000000000000e+03,3.998987244335625064e+02,4.037620780356241994e+02,3.422849099173092924e+01,1.012755664374935805e-01
1.800000000000000000e+03,4.000905324433556984e+02,4.048203001400639209e+02,3.729036646980465264e+01,-9.053244335569843315e-02
1.801000000000000000e+03,4.001268553384767301e+02,4.042800611307532108e+02,3.632774703257797455e+01,-1.268553384767301395e-01
1.802000000000000000e+03,3.997784785442419206e+02,4.041623926105141891e+02,3.617771918624281824e+01,2.215214557580793553e-01
1.803000000000000000e+03,4.001546443839264384e+02,4.039723607208852059e+02,3.771583320502854519e+01,-1.546443839264384223e-01
1.804000000000000000e+03,4.001862101848927864e+02,4.049015734615582005e+02,3.591600959856275210e+01,-1.862101848927864012e-01
1.805000000000000000e+03,3.993149910326342251e+02,4.046166345236886173e+02,3.585739070226441072e+01,6.850089673657748790e-01
1.806000000000000000e+03,4.000693856512650655e+02,4.045899063241365639e+02,3.971936111781398182e+01,-6.938565126506546221e-02
1.807000000000000000e+03,3.997745330217950368e+02,4.041375199582367941e+02,3.604746341433965995e+01,2.254669782049631976e-01
1.808000000000000000e+03,4.002852293841882556e+02,4.042837141556103120e+02,3.745867747139263315e+01,-2.852293841882556080e-01
1.809000000000000000e+03,4.001098942694716811e+02,4.043402296882703126e+02,3.517515694606021981e+01,-1.098942694716811275e-01
1.810000000000000000e+03,4.002647328291187705e+02,4.045559567706995949e+02,3.615546024813207993e+01,-2.647328291187704963e-01
1.811000000000000000e+03,3.995116076213441829e+02,4.040487118085762290e+02,3.553428500079711938e+01,4.883923786558170832e-01
1.812000000000000000e+03,3.999622788691683013e+02,4.044101216056056955e+02,3.892508503382054386e+01,3.772113083169870151e-02
1.813000000000000000e+03,3.998593367235084202e+02,4.037963246812755074e+02,3.666122678328517281e+01,1.406632764915798361e-01
1.814000000000000000e+03,3.997895705866756657e+02,4.044546517984809952e+02,3.713950300668471272e+01,2.104294133243342912e-01
1.815000000000000000e+03,3.996922213661341630e+02,4.045491197960203067e+02,3.741652002550142697e+01,3.077786338658370369e-01
1.816000000000000000e+03,3.996275482120349807e+02,4.040569906728788396e+02,3.779477121217080082e+01,3.724517879650193208e-01
1.817000000000000000e+03,3.994398537183866438e+02,4.041313424843856978e+02,3.800713268029794989e+01,5.601462816133562228e-01
1.818000000000000000e+03,3.995155568205557870e+02,4.032899862707591296e+02,3.875957536945979598e+01,4.844431794442130013e-01
1.819000000000000000e+03,4.005347790538548907e+02,4.046734336360833595e+02,3.831000210034124365e+01,-5.347790538548906625e-01
1.820000000000000000e+03,3.997354931966548293e+02,4.044745660196548442e+02,3.384428920340088354e+01,2.645068033451707379e-01
1.821000000000000000e+03,3.999345759195354049e+02,4.037011254640412972e+02,3.782562141007600331e+01,6.542408046459513571e-02
1.822000000000000000e+03,4.001890414378128185e+02,4.045064712422515640e+02,3.689677221697220943e+01,-1.890414378128184580e-01
1.823000000000000000e+03,4.006585295652298555e+02,4.042733291543688665e+02,3.585236925805143215e+01,-6.585295652298555069e-01
1.824000000000000000e+03,3.995668106888095394e+02,4.042862825723213405e+02,3.397623453963507956e+01,4.331893111904605576e-01
1.825000000000000000e+03,4.004460796734084056e+02,4.043618402372204059e+02,3.907279137625948096e+01,-4.460796734084055970e-01
1.826000000000000000e+03,3.997872544582580190e+02,4.047149871584628613e+02,3.492034853941723327e+01,2.127455417419810146e-01
1.827000000000000000e+03,4.000581050598354977e+02,4.045681014228580352e+02,3.801184121543025896e+01,-5.810505983549774101e-02
1.828000000000000000e+03,4.002465599031494889e+02,4.043705174593569609e+02,3.664740965723211730e+01,-2.465599031494889459e-01
1.829000000000000000e+03,4.001281050538074737e+02,4.040459711396165403e+02,3.583709448593562286e+01,-1.281050538074737233e-01
1.830000000000000000e+03,4.008037322148806538e+02,4.043639556841729927e+02,3.644945288229570224e+01,-8.037322148806538280e-01
1.831000000000000000e+03,4.001058036648498160e+02,4.041013667993638592e+02,3.350278352660360781e+01,-1.058036648498159593e-01
1.832000000000000000e+03,4.002379452473158494e+02,4.046847894616940380e+02,3.686402913729228459e+01,-2.379452473158494286e-01
1.833000000000000000e+03,4.000710819184320144e+02,4.045115630654389633e+02,3.613888034945374983e+01,-7.108191843201439042e-02
1.834000000000000000e+03,4.000700291928454817e+02,4.039513877458042543e+02,3.682082196526681628e+01,-7.002919284548170253e-02
1.835000000000000000e+03,4.002362399275648954e+02,4.040564749577893622e+02,3.670254003882161697e+01,-2.362399275648954244e-01
1.836000000000000000e+03,4.000852611582563441e+02,4.046159088848332885e+02,3.588813673368154866e+01,-8.526115825634406065e-02
1.837000000000000000e+03,3.996724049601622255e+02,4.046430903200813987e+02,3.656031648443615012e+01,3.275950398377744932e-01
1.838000000000000000e+03,3.997182127944708441e+02,4.042534939521265187e+02,3.828684178430199836e+01,2.817872055291559263e-01
1.839000000000000000e+03,4.001900704395118851e+02,4.048527692778363303e+02,3.783335211703487033e+01,-1.900704395118850698e-01
1.840000000000000000e+03,4.000956929431169442e+02,4.042408436006087413e+02,3.563526299481602422e+01,-9.569294311694420685e-02
1.841000000000000000e+03,4.000615914937716866e+02,4.045740033714945412e+02,3.618773844401831496e+01,-6.159149377168660067e-02
1.842000000000000000e+03,4.002411870484099268e+02,4.051920056046233753e+02,3.638115419189319510e+01,-2.411870484099267742e-01
1.843000000000000000e+03,3.998473974990947113e+02,4.042847533465828747e+02,3.560871910085476344e+01,1.526025009052887071e-01
1.844000000000000000e+03,4.001825776568318247e+02,4.045118164369433771e+02,3.741658862535459207e+01,-1.825776568318246973e-01
1.845000000000000000e+03,4.000971141616479940e+02,4.041964808912461535e+02,3.581869237263420302e+01,-9.711416164799402395e-02
1.846000000000000000e+03,4.000442010292641726e+02,4.051385711294621501e+02,3.626376136933298966e+01,-4.420102926417257549e-02
1.847000000000000000e+03,4.000779356389879808e+02,4.040896859479468048e+02,3.649583983201957693e+01,-7.793563898798083756e-02
1.848000000000000000e+03,3.998985281749754677e+02,4.039293945028517783e+02,3.631989763337443122e+01,1.014718250245323361e-01
1.849000000000000000e+03,4.001901827138886460e+02,4.042507366778046958e+02,3.709612268826553105e+01,-1.901827138886460489e-01
1.850000000000000000e+03,4.000963243919666184e+02,4.045391094218464332e+02,3.573056670268734081e+01,-9.632439196661835012e-02
1.851000000000000000e+03,3.998545015444975093e+02,4.043252889582435614e+02,3.621880175754340314e+01,1.454984555024907422e-01
1.852000000000000000e+03,3.994375039410940644e+02,4.046620825018038090e+02,3.727473620006158228e+01,5.624960589059355698e-01
1.853000000000000000e+03,3.997729889979297582e+02,4.046092809194780671e+02,3.897335120295533528e+01,2.270110020702418296e-01
1.854000000000000000e+03,3.999760562498268541e+02,4.049804720973305621e+02,3.723314582176669774e+01,2.394375017314587240e-02
1.855000000000000000e+03,4.000139401321271748e+02,4.045050004319931531e+02,3.634022563806821182e+01,-1.394013212717482020e-02
1.856000000000000000e+03,3.997796842386416643e+02,4.039225568521961236e+02,3.627764185299687938e+01,2.203157613583357488e-01
1.857000000000000000e+03,3.997695122934869119e+02,4.048025425681224760e+02,3.739009427368900873e+01,2.304877065130881419e-01
1.858000000000000000e+03,3.996631814005397700e+02,4.044911549406156155e+02,3.738498295292753681e+01,3.368185994602299616e-01
1.859000000000000000e+03,4.002034013012553260e+02,4.043528782034591131e+02,3.781903185940801393e+01,-2.034013012553259614e-01
1.860000000000000000e+03,4.001420598004626754e+02,4.042414956299817277e+02,3.540231706952658186e+01,-1.420598004626754118e-01
1.861000000000000000e+03,3.999997678880117746e+02,4.046411817025428945e+02,3.590170788499869303e+01,2.321119882253697142e-04
1.862000000000000000e+03,3.993788099176732089e+02,4.043106639836556155e+02,3.664577324424423921e+01,6.211900823267910710e-01
1.863000000000000000e+03,4.005723250785271148e+02,4.045384320987337219e+02,3.936488110681889907e+01,-5.723250785271147834e-01
1.864000000000000000e+03,4.000470834606093149e+02,4.047785707225481246e+02,3.387094810324918370e+01,-4.708346060931489774e-02
1.865000000000000000e+03,3.999254885711486622e+02,4.046986653667258906e+02,3.655960432714623920e+01,7.451142885133776872e-02
1.866000000000000000e+03,3.998799219084397123e+02,4.042090909833517571e+02,3.709043314623448140e+01,1.200780915602877030e-01
1.867000000000000000e+03,4.002251224484177214e+02,4.042393193493356307e+02,3.722899970219738464e+01,-2.251224484177214435e-01
1.868000000000000000e+03,4.004420337646442931e+02,4.048645800206464855e+02,3.566333160963500859e+01,-4.420337646442931145e-01
1.869000000000000000e+03,4.006195596864426989e+02,4.044696629050250749e+02,3.484654477642799009e+01,-6.195596864426988759e-01
1.870000000000000000e+03,4.003330205197119085e+02,4.045458126641551644e+02,3.425688242719355259e+01,-3.330205197119084914e-01
1.871000000000000000e+03,4.006720547220390358e+02,4.046250396818436457e+02,3.570057135556950811e+01,-6.720547220390358234e-01
1.872000000000000000e+03,3.994764312687490815e+02,4.041258391862695021e+02,3.419271586354465597e+01,5.235687312509185176e-01
1.873000000000000000e+03,4.002003154584357958e+02,4.048101133914549905e+02,3.953272851734261195e+01,-2.003154584357957901e-01
1.874000000000000000e+03,4.002064621666599464e+02,4.043787446958233431e+02,3.586050562022361987e+01,-2.064621666599464334e-01
1.875000000000000000e+03,3.999300686546240513e+02,4.047229590137678770e+02,3.584406270258321570e+01,6.993134537594869471e-02
1.876000000000000000e+03,3.995470214310066126e+02,4.046941251146064928e+02,3.705027529642902095e+01,4.529785689933873982e-01
1.877000000000000000e+03,3.995303033282394267e+02,4.047776579814630509e+02,3.857895599756009375e+01,4.696966717605732811e-01
1.878000000000000000e+03,3.995173937102679247e+02,4.041645097443159784e+02,3.837190832028262122e+01,4.826062897320753109e-01
1.879000000000000000e+03,3.997362978597986967e+02,4.043614996466448019e+02,3.824468316735143247e+01,2.637021402013033367e-01
1.880000000000000000e+03,4.000806296784414826e+02,4.048526422604167578e+02,3.717684394785653268e+01,-8.062967844148261065e-02
1.881000000000000000e+03,3.999133625025965557e+02,4.046458154696322254e+02,3.572321819700211165e+01,8.663749740344428574e-02
1.882000000000000000e+03,3.996375494482143722e+02,4.044763982949414185e+02,3.666329098998188840e+01,3.624505517856277947e-01
1.883000000000000000e+03,3.997329328830290365e+02,4.041798301586924254e+02,3.792933286518282188e+01,2.670671169709635251e-01
1.884000000000000000e+03,3.993676805275152901e+02,4.046238381895819884e+02,3.742925677937318341e+01,6.323194724847098769e-01
1.885000000000000000e+03,4.000025000933621868e+02,4.046131296108860624e+02,3.902503719410712790e+01,-2.500093362186817103e-03
1.886000000000000000e+03,3.999801985129812465e+02,4.045926107539241343e+02,3.609605510576293597e+01,1.980148701875350525e-02
1.887000000000000000e+03,3.997592958218188528e+02,4.046192353806400774e+02,3.641419637319222602e+01,2.407041781811471992e-01
1.888000000000000000e+03,4.002184779771230865e+02,4.046822109661263198e+02,3.752112621026564909e+01,-2.184779771230864753e-01
1.889000000000000000e+03,3.994344979030523746e+02,4.044531456171044397e+02,3.551447977416644619e+01,5.655020969476254322e-01
1.890000000000000000e+03,4.003723068865896835e+02,4.048195627235165261e+02,3.916097218944816660e+01,-3.723068865896834723e-01
1.891000000000000000e+03,4.002845796373007374e+02,4.047041072774728718e+02,3.484528689580317717e+01,-2.845796373007374314e-01
1.892000000000000000e+03,3.998209610624788866e+02,4.047756704324469297e+02,3.554532763237578052e+01,1.790389375211134393e-01
1.893000000000000000e+03,3.997435510409022186e+02,4.050314373995632877e+02,3.772997158324307776e+01,2.564489590977814260e-01
1.894000000000000000e+03,3.996988438377425155e+02,4.040060560542952430e+02,3.794605163166480111e+01,3.011561622574845387e-01
1.895000000000000000e+03,4.000046216990428434e+02,4.049973453972141328e+02,3.802686154984399280e+01,-4.621699042843374627e-03
1.896000000000000000e+03,4.001201748669939207e+02,4.038210757946694116e+02,3.660390808058056678e+01,-1.201748669939206593e-01
1.897000000000000000e+03,4.001703751972796113e+02,4.044009333658914898e+02,3.619786015797613743e+01,-1.703751972796112568e-01
1.898000000000000000e+03,4.000121827025337211e+02,4.050312553291988138e+02,3.610275630690452431e+01,-1.218270253372111256e-02
1.899000000000000000e+03,4.001363749979967110e+02,4.047676079116687902e+02,3.689780424048691998e+01,-1.363749979967110448e-01
1.900000000000000000e+03,3.997607312753831366e+02,4.046243025870764427e+02,3.634631927570382715e+01,2.392687246168634374e-01
1.901000000000000000e+03,4.001279394528264675e+02,4.044555788556095877e+02,3.803625180495561153e+01,-1.279394528264674591e-01
1.902000000000000000e+03,4.000070112103471729e+02,4.049134818595067031e+02,3.628500094531133158e+01,-7.011210347172891488e-03
1.903000000000000000e+03,4.004241468657031078e+02,4.045113542364667296e+02,3.689440970366096195e+01,-4.241468657031077782e-01
1.904000000000000000e+03,4.003838968560402236e+02,4.045705442125653803e+02,3.506931541304943067e+01,-3.838968560402236108e-01
1.905000000000000000e+03,3.999598878211285751e+02,4.041986093993348277e+02,3.544052050140238919e+01,4.011217887142493055e-02
1.906000000000000000e+03,4.002530523596282137e+02,4.048760080598113404e+02,3.738766033587622672e+01,-2.530523596282137078e-01
1.907000000000000000e+03,3.996674659465878108e+02,4.047116753238183264e+02,3.595723182223080983e+01,3.325340534121892233e-01
1.908000000000000000e+03,4.000909092335047035e+02,4.040855166918399846e+02,3.854653310794773091e+01,-9.090923350470347941e-02
1.909000000000000000e+03,4.000978620210672148e+02,4.045273055042133592e+02,3.643272485490560086e+01,-9.786202106721475502e-02
1.910000000000000000e+03,3.993145495362446127e+02,4.046596377876957149e+02,3.643366345641912574e+01,6.854504637553873181e-01
1.911000000000000000e+03,3.996493136036137912e+02,4.040244669044582793e+02,3.986998656471598679e+01,3.506863963862087985e-01
1.912000000000000000e+03,3.997994498340170821e+02,4.044321484992862565e+02,3.804424956179899908e+01,2.005501659829178607e-01
1.913000000000000000e+03,3.998210139595117880e+02,4.045668909441084793e+02,3.732524720140188634e+01,1.789860404882119838e-01
1.914000000000000000e+03,4.003639094464143682e+02,4.042540872783074519e+02,3.727416420468529878e+01,-3.639094464143681762e-01
1.915000000000000000e+03,3.997196998964155341e+02,4.047773311433678600e+02,3.495664788352252828e+01,2.803001035844658873e-01
1.916000000000000000e+03,3.997358913505065061e+02,4.047023827047765394e+02,3.806907708038210103e+01,2.641086494934938855e-01
1.917000000000000000e+03,4.002905363247048740e+02,4.044496552766592572e+02,3.788495367146677495e+01,-2.905363247048740050e-01
1.918000000000000000e+03,3.998535797036140025e+02,4.040516491680883178e+02,3.540770789819335818e+01,1.464202963859975171e-01
1.919000000000000000e+03,4.001308806339780517e+02,4.046379494210569305e+02,3.755006693797992767e+01,-1.308806339780517192e-01
1.920000000000000000e+03,4.003057842954282819e+02,4.046987403328249115e+02,3.628393863544453524e+01,-3.057842954282818937e-01
1.921000000000000000e+03,3.993953141561973439e+02,4.048076281250366719e+02,3.562130625047718979e+01,6.046858438026561089e-01
1.922000000000000000e+03,3.999855092778362291e+02,4.046527350114521369e+02,3.973903894663371972e+01,1.449072216377089717e-02
1.923000000000000000e+03,3.998592816228799052e+02,4.046678104485064864e+02,3.681801163649335251e+01,1.407183771200948286e-01
1.924000000000000000e+03,3.997762859609664474e+02,4.050257129907411127e+02,3.743594267309204326e+01,2.237140390335525808e-01
1.925000000000000000e+03,4.001482063683215529e+02,4.044888943198411653e+02,3.778508807844609407e+01,-1.482063683215528727e-01
1.926000000000000000e+03,3.997531520575614650e+02,4.040957478909562610e+02,3.612109713156281998e+01,2.468479424385350285e-01
1.927000000000000000e+03,3.998729693620778107e+02,4.047556730301479320e+02,3.800271121863597301e+01,1.270306379221892712e-01
1.928000000000000000e+03,3.998322464930897127e+02,4.050486503828623199e+02,3.739514690997297919e+01,1.677535069102873422e-01
1.929000000000000000e+03,4.001240710045577202e+02,4.046833226569737008e+02,3.758183789555269527e+01,-1.240710045577202436e-01
1.930000000000000000e+03,3.999208822194634649e+02,4.050501225329603585e+02,3.630206073713473103e+01,7.911778053653506504e-02
1.931000000000000000e+03,3.997773930410995149e+02,4.044010950869080716e+02,3.733061542823011081e+01,2.226069589004850968e-01
1.932000000000000000e+03,3.998029096357643652e+02,4.044394403196804433e+02,3.795280400173447788e+01,1.970903642356347518e-01
1.933000000000000000e+03,3.995943288942003164e+02,4.041905076983933327e+02,3.777376314648700628e+01,4.056711057996835734e-01
1.934000000000000000e+03,3.998637893518055080e+02,4.045081152411789276e+02,3.865804628399515508e+01,1.362106481944920233e-01
1.935000000000000000e+03,4.003488857624860202e+02,4.049506005265034219e+02,3.737427276933841114e+01,-3.488857624860202122e-01
1.936000000000000000e+03,4.004985824520834967e+02,4.042910652517639960e+02,3.533088397450282514e+01,-4.985824520834967188e-01
1.937000000000000000e+03,4.003936114348254023e+02,4.050225896103585228e+02,3.496768041134224347e+01,-3.936114348254022843e-01
1.938000000000000000e+03,4.002916005496235243e+02,4.045247635063777807e+02,3.568416030560245389e+01,-2.916005496235243299e-01
1.939000000000000000e+03,3.997793808836539711e+02,4.042186069476943544e+02,3.623708871126687825e+01,2.206191163460289317e-01
1.940000000000000000e+03,3.999988484570698688e+02,4.047292306281883043e+02,3.847923049143176399e+01,1.151542930131199682e-03
1.941000000000000000e+03,4.004019452674875197e+02,4.044763612995672588e+02,3.726917444881156882e+01,-4.019452674875196863e-01
1.942000000000000000e+03,4.005053762882596970e+02,4.042952542518330574e+02,3.544992784149587806e+01,-5.053762882596970485e-01
1.943000000000000000e+03,4.002108770901526782e+02,4.045109064155808483e+02,3.514955666727686889e+01,-2.108770901526781927e-01
1.944000000000000000e+03,4.004223140574047193e+02,4.042746887440417254e+02,3.657051526170643285e+01,-4.223140574047192786e-01
1.945000000000000000e+03,3.997408829281935709e+02,4.043368361869822252e+02,3.558011086848370752e+01,2.591170718064290668e-01
1.946000000000000000e+03,4.006230284027831203e+02,4.040686855927075385e+02,3.859524381367732104e+01,-6.230284027831203275e-01
1.947000000000000000e+03,4.002653503814422038e+02,4.049625728393228314e+02,3.443335186506187995e+01,-2.653503814422037976e-01
1.948000000000000000e+03,3.995725221437350001e+02,4.042168351743151220e+02,3.620752971663170428e+01,4.274778562649999003e-01
1.949000000000000000e+03,4.005227983858845846e+02,4.042408631089177788e+02,3.917843395547181018e+01,-5.227983858845846044e-01
1.950000000000000000e+03,3.995835688534112364e+02,4.046802105606889768e+02,3.465536939345847145e+01,4.164311465887635677e-01
1.951000000000000000e+03,3.998435882726959676e+02,4.041385899340116907e+02,3.896056623250110817e+01,1.564117273040324108e-01
1.952000000000000000e+03,3.999257416712226814e+02,4.048351148855114161e+02,3.749890838243295121e+01,7.425832877731863846e-02
1.953000000000000000e+03,3.996591894639423117e+02,4.046810784974645685e+02,3.705495242323836891e+01,3.408105360576882958e-01
1.954000000000000000e+03,4.003758473079061559e+02,4.049543986879511408e+02,3.820363412601749076e+01,-3.758473079061559474e-01
1.955000000000000000e+03,4.003394934082887175e+02,4.045557770017495045e+02,3.494482708232923329e+01,-3.394934082887175464e-01
1.956000000000000000e+03,3.997478831258135870e+02,4.043762012250370503e+02,3.536928446817712057e+01,2.521168741864130425e-01
1.957000000000000000e+03,4.000968683983950314e+02,4.046942591175508142e+02,3.810038403105152582e+01,-9.686839839503136318e-02
1.958000000000000000e+03,3.999467146903340335e+02,4.043344648699285244e+02,3.638528002275337059e+01,5.328530966596645158e-02
1.959000000000000000e+03,4.002420118175661514e+02,4.045530345905267495e+02,3.708361915456028157e+01,-2.420118175661514215e-01
1.960000000000000000e+03,4.001602801677524894e+02,4.045534908117780901e+02,3.575014903769169194e+01,-1.602801677524894330e-01
1.961000000000000000e+03,4.000482962097110544e+02,4.047102358242692048e+02,3.621866154159442885e+01,-4.829620971105441640e-02
1.962000000000000000e+03,4.004480089727991867e+02,4.044082151684708037e+02,3.673519311732926695e+01,-4.480089727991867221e-01
1.963000000000000000e+03,4.001723864599775879e+02,4.043388492880519607e+02,3.495118279620651691e+01,-1.723864599775879469e-01
1.964000000000000000e+03,4.003970790224061602e+02,4.049848569071972406e+02,3.631394652022702729e+01,-3.970790224061602203e-01
1.965000000000000000e+03,4.000714752970287691e+02,4.047038032306879245e+02,3.529429070371417509e+01,-7.147529702876909141e-02
1.966000000000000000e+03,3.999919153288672646e+02,4.050940761128513827e+02,3.678612066536854996e+01,8.084671132735365973e-03
1.967000000000000000e+03,4.007262509465587641e+02,4.051029775687365486e+02,3.700907765585893827e+01,-7.262509465587640989e-01
1.968000000000000000e+03,3.999316118780255351e+02,4.039069224188759222e+02,3.367917973440395230e+01,6.838812197446486607e-02
1.969000000000000000e+03,3.998314124268704859e+02,4.047492107574427678e+02,3.740737500487770006e+01,1.685875731295141122e-01
1.970000000000000000e+03,4.003467594826497020e+02,4.052855562969646144e+02,3.761394751922669144e+01,-3.467594826497020222e-01
1.971000000000000000e+03,3.999745495726008926e+02,4.047491083529171760e+02,3.516077470312329467e+01,2.545042739910741147e-02
1.972000000000000000e+03,3.994426977628152713e+02,4.043757743399455080e+02,3.689454601084467811e+01,5.573022371847287104e-01
1.973000000000000000e+03,3.998406404564462946e+02,4.045728312118799295e+02,3.909646979966612435e+01,1.593595435537054072e-01
1.974000000000000000e+03,4.005470073325539602e+02,4.049294026516931240e+02,3.702509815820113914e+01,-5.470073325539601683e-01
1.975000000000000000e+03,4.003763325843938787e+02,4.046662137895726801e+02,3.392639986354132731e+01,-3.763325843938787330e-01
1.976000000000000000e+03,4.001386867087562109e+02,4.049175707983941379e+02,3.500400842659206546e+01,-1.386867087562109191e-01
1.977000000000000000e+03,3.998599890886097228e+02,4.047650444954805948e+02,3.616679196531028140e+01,1.400109113902772151e-01
1.978000000000000000e+03,3.998716224444321483e+02,4.049778200215299648e+02,3.733931308982379704e+01,1.283775555678516866e-01
1.979000000000000000e+03,3.999768065949409674e+02,4.046708132380391021e+02,3.711854127834749306e+01,2.319340505903255689e-02
1.980000000000000000e+03,3.998910695383659117e+02,4.042786249576797672e+02,3.655282935811774081e+01,1.089304616340882603e-01
1.981000000000000000e+03,4.002003675396378526e+02,4.044536687972336608e+02,3.690802646381829533e+01,-2.003675396378525875e-01
1.982000000000000000e+03,3.994392858205695234e+02,4.041857169915259078e+02,3.550630468867129252e+01,5.607141794304766336e-01
1.983000000000000000e+03,3.997355009234253203e+02,4.050611693457385059e+02,3.894095985275396288e+01,2.644990765746797479e-01
1.984000000000000000e+03,3.997009393305029903e+02,4.046012615270582273e+02,3.735602625674700761e+01,2.990606694970097124e-01
1.985000000000000000e+03,4.000313332082317856e+02,4.042641207609245839e+02,3.746904165129862463e+01,-3.133320823178564751e-02
1.986000000000000000e+03,3.995507904033514706e+02,4.050154204121902808e+02,3.599751206688048200e+01,4.492095966485294412e-01
1.987000000000000000e+03,4.002294449059202748e+02,4.053653807239422235e+02,3.824328363591727253e+01,-2.294449059202747776e-01
1.988000000000000000e+03,4.002640173373443986e+02,4.047223810091803671e+02,3.515740167559763307e+01,-2.640173373443985838e-01
1.989000000000000000e+03,3.998343804308743188e+02,4.043318358177312462e+02,3.526431877370193746e+01,1.656195691256812097e-01
1.990000000000000000e+03,4.001061157487978903e+02,4.042943516455044914e+02,3.732412053222675041e+01,-1.061157487978903191e-01
1.991000000000000000e+03,3.998818120546473551e+02,4.044481916763348863e+02,3.605152518719435051e+01,1.181879453526448742e-01
1.992000000000000000e+03,3.995255520502104218e+02,4.047197504594591351e+02,3.710610257710987270e+01,4.744479497895781606e-01
1.993000000000000000e+03,3.997154627077507598e+02,4.047455790715727630e+02,3.860040037519510037e+01,2.845372922492401813e-01
1.994000000000000000e+03,3.997804667282738365e+02,4.047931452911107044e+02,3.756520275390100494e+01,2.195332717261635480e-01
1.995000000000000000e+03,3.995158826355949486e+02,4.043786995111825604e+02,3.724949236806579478e+01,4.841173644050513758e-01
1.996000000000000000e+03,4.005061719221170051e+02,4.048342231672563116e+02,3.842457550115281606e+01,-5.061719221170051242e-01
1.997000000000000000e+03,4.001848984023419575e+02,4.043809069920042703e+02,3.400474753282148299e+01,-1.848984023419575351e-01
1.998000000000000000e+03,3.996295286073468560e+02,4.044132985377101477e+02,3.583185716700289447e+01,3.704713926531439938e-01
1.999000000000000000e+03,3.995657311320952090e+02,4.045215038129455252e+02,3.837438835721748376e+01,4.342688679047910227e-01
2.000000000000000000e+03,4.003123128888518067e+02,4.045875776145791178e+02,3.846202040284963175e+01,-3.123128888518067470e-01
2.001000000000000000e+03,3.993299774858522824e+02,4.039832279106014425e+02,3.505966918493619744e+01,6.700225141477176294e-01
2.002000000000000000e+03,3.998754595559140625e+02,4.047734285207962444e+02,3.961802863683958265e+01,1.245404440859374517e-01
2.003000000000000000e+03,4.002331479302025627e+02,4.043788729973002205e+02,3.694621646180348051e+01,-2.331479302025627476e-01
2.004000000000000000e+03,3.999439331473740822e+02,4.047816637906054780e+02,3.547373943261558082e+01,5.606685262591781793e-02
2.005000000000000000e+03,4.001800030618005621e+02,4.045264512824164171e+02,3.697319538469007938e+01,-1.800030618005621363e-01
2.006000000000000000e+03,3.998716790137461317e+02,4.045617519565151383e+02,3.596131765968235783e+01,1.283209862538683410e-01
2.007000000000000000e+03,4.002882656086070483e+02,4.049102422964814423e+02,3.743377573064955044e+01,-2.882656086070483070e-01
2.008000000000000000e+03,3.998686311551574022e+02,4.045034628670267693e+02,3.555084956668204654e+01,1.313688448425978095e-01
2.009000000000000000e+03,4.001872644413987814e+02,4.043849266021707081e+02,3.753985477342421717e+01,-1.872644413987814005e-01
2.010000000000000000e+03,3.996955562116015699e+02,4.047704421432297863e+02,3.604746721827987699e+01,3.044437883984301152e-01
2.011000000000000000e+03,4.001434935110465858e+02,4.045764046095367235e+02,3.827819041029752611e+01,-1.434935110465858088e-01
2.012000000000000000e+03,3.998359025361705790e+02,4.041624929254481913e+02,3.614119910490279608e+01,1.640974638294210308e-01
2.013000000000000000e+03,4.001499025525664592e+02,4.044670576187866118e+02,3.758256822779841855e+01,-1.499025525664592351e-01
2.014000000000000000e+03,3.997294160457682892e+02,4.044383569821703190e+02,3.612939420717479067e+01,2.705839542317107771e-01
2.015000000000000000e+03,4.001260887081621718e+02,4.045548147796748708e+02,3.806215476836072753e+01,-1.260887081621717698e-01
2.016000000000000000e+03,3.997196322972957887e+02,4.046245087776766809e+02,3.619339332187538361e+01,2.803677027042112968e-01
2.017000000000000000e+03,3.994468050072714504e+02,4.045740901463923365e+02,3.807094147623141112e+01,5.531949927285495505e-01
2.018000000000000000e+03,3.999980193282534060e+02,4.040299679768441479e+02,3.913316793067358645e+01,1.980671746593998250e-03
2.019000000000000000e+03,4.004398394890362738e+02,4.038873588712919513e+02,3.652232196398860253e+01,-4.398394890362737897e-01
2.020000000000000000e+03,4.006131991799821890e+02,4.049936238894470080e+02,3.474067721810153131e+01,-6.131991799821889799e-01
